ISO-10303-21;
HEADER;
FILE_DESCRIPTION(('KiCad electronic assembly'),'2;1');
FILE_NAME('mounted_cap_sense_v1.step','2025-12-02T09:36:47',('Pcbnew'),(
    'Kicad'),'Open CASCADE STEP processor 7.8','KiCad to STEP converter'
  ,'Unknown');
FILE_SCHEMA(('AUTOMOTIVE_DESIGN { 1 0 10303 214 1 1 1 1 }'));
ENDSEC;
DATA;
#1 = APPLICATION_PROTOCOL_DEFINITION('international standard',
  'automotive_design',2000,#2);
#2 = APPLICATION_CONTEXT(
  'core data for automotive mechanical design processes');
#3 = SHAPE_DEFINITION_REPRESENTATION(#4,#10);
#4 = PRODUCT_DEFINITION_SHAPE('','',#5);
#5 = PRODUCT_DEFINITION('design','',#6,#9);
#6 = PRODUCT_DEFINITION_FORMATION('','',#7);
#7 = PRODUCT('mounted_cap_sense_v1 1','mounted_cap_sense_v1 1','',(#8));
#8 = PRODUCT_CONTEXT('',#2,'mechanical');
#9 = PRODUCT_DEFINITION_CONTEXT('part definition',#2,'design');
#10 = SHAPE_REPRESENTATION('',(#11,#15,#19,#23,#27),#31);
#11 = AXIS2_PLACEMENT_3D('',#12,#13,#14);
#12 = CARTESIAN_POINT('',(0.,0.,0.));
#13 = DIRECTION('',(0.,0.,1.));
#14 = DIRECTION('',(1.,0.,-0.));
#15 = AXIS2_PLACEMENT_3D('',#16,#17,#18);
#16 = CARTESIAN_POINT('',(0.,0.,0.));
#17 = DIRECTION('',(0.,0.,1.));
#18 = DIRECTION('',(1.,0.,-0.));
#19 = AXIS2_PLACEMENT_3D('',#20,#21,#22);
#20 = CARTESIAN_POINT('',(0.,0.,0.));
#21 = DIRECTION('',(0.,0.,1.));
#22 = DIRECTION('',(1.,0.,-0.));
#23 = AXIS2_PLACEMENT_3D('',#24,#25,#26);
#24 = CARTESIAN_POINT('',(0.,0.,0.));
#25 = DIRECTION('',(0.,0.,1.));
#26 = DIRECTION('',(1.,0.,-0.));
#27 = AXIS2_PLACEMENT_3D('',#28,#29,#30);
#28 = CARTESIAN_POINT('',(0.,0.,0.));
#29 = DIRECTION('',(0.,0.,1.));
#30 = DIRECTION('',(1.,0.,-0.));
#31 = ( GEOMETRIC_REPRESENTATION_CONTEXT(3) 
GLOBAL_UNCERTAINTY_ASSIGNED_CONTEXT((#35)) GLOBAL_UNIT_ASSIGNED_CONTEXT(
(#32,#33,#34)) REPRESENTATION_CONTEXT('Context #1',
  '3D Context with UNIT and UNCERTAINTY') );
#32 = ( LENGTH_UNIT() NAMED_UNIT(*) SI_UNIT(.MILLI.,.METRE.) );
#33 = ( NAMED_UNIT(*) PLANE_ANGLE_UNIT() SI_UNIT($,.RADIAN.) );
#34 = ( NAMED_UNIT(*) SI_UNIT($,.STERADIAN.) SOLID_ANGLE_UNIT() );
#35 = UNCERTAINTY_MEASURE_WITH_UNIT(LENGTH_MEASURE(1.E-07),#32,
  'distance_accuracy_value','confusion accuracy');
#36 = PRODUCT_RELATED_PRODUCT_CATEGORY('part',$,(#7));
#37 = SHAPE_DEFINITION_REPRESENTATION(#38,#44);
#38 = PRODUCT_DEFINITION_SHAPE('','',#39);
#39 = PRODUCT_DEFINITION('design','',#40,#43);
#40 = PRODUCT_DEFINITION_FORMATION('','',#41);
#41 = PRODUCT('mounted_cap_sense_v1_copper',
  'mounted_cap_sense_v1_copper','',(#42));
#42 = PRODUCT_CONTEXT('',#2,'mechanical');
#43 = PRODUCT_DEFINITION_CONTEXT('part definition',#2,'design');
#44 = SHAPE_REPRESENTATION('',(#11,#45,#636,#1196,#1787,#2347,#2938,
    #3529,#4186,#4810,#5401,#5961,#6552,#7143,#7734,#8325,#8916),#9606);
#45 = MANIFOLD_SOLID_BREP('',#46);
#46 = CLOSED_SHELL('',(#47,#89,#120,#153,#184,#215,#248,#279,#310,#343,
    #374,#407,#438,#469,#500,#531,#564,#586,#611));
#47 = ADVANCED_FACE('',(#48),#84,.T.);
#48 = FACE_BOUND('',#49,.T.);
#49 = EDGE_LOOP('',(#50,#60,#69,#77));
#50 = ORIENTED_EDGE('',*,*,#51,.T.);
#51 = EDGE_CURVE('',#52,#54,#56,.T.);
#52 = VERTEX_POINT('',#53);
#53 = CARTESIAN_POINT('',(139.247845,-86.534687,1.51));
#54 = VERTEX_POINT('',#55);
#55 = CARTESIAN_POINT('',(139.247845,-86.534687,1.545));
#56 = LINE('',#57,#58);
#57 = CARTESIAN_POINT('',(139.247845,-86.534687,1.51));
#58 = VECTOR('',#59,1.);
#59 = DIRECTION('',(0.,0.,1.));
#60 = ORIENTED_EDGE('',*,*,#61,.T.);
#61 = EDGE_CURVE('',#54,#62,#64,.T.);
#62 = VERTEX_POINT('',#63);
#63 = CARTESIAN_POINT('',(142.850294,-84.029552,1.545));
#64 = CIRCLE('',#65,20.002646147452);
#65 = AXIS2_PLACEMENT_3D('',#66,#67,#68);
#66 = CARTESIAN_POINT('',(152.40015486343,-101.6052741868,1.545));
#67 = DIRECTION('',(0.,0.,-1.));
#68 = DIRECTION('',(-0.657528497304,0.753429675042,0.));
#69 = ORIENTED_EDGE('',*,*,#70,.F.);
#70 = EDGE_CURVE('',#71,#62,#73,.T.);
#71 = VERTEX_POINT('',#72);
#72 = CARTESIAN_POINT('',(142.850294,-84.029552,1.51));
#73 = LINE('',#74,#75);
#74 = CARTESIAN_POINT('',(142.850294,-84.029552,1.51));
#75 = VECTOR('',#76,1.);
#76 = DIRECTION('',(0.,0.,1.));
#77 = ORIENTED_EDGE('',*,*,#78,.F.);
#78 = EDGE_CURVE('',#52,#71,#79,.T.);
#79 = CIRCLE('',#80,20.002646147452);
#80 = AXIS2_PLACEMENT_3D('',#81,#82,#83);
#81 = CARTESIAN_POINT('',(152.40015486343,-101.6052741868,1.51));
#82 = DIRECTION('',(0.,0.,-1.));
#83 = DIRECTION('',(-0.657528497304,0.753429675042,0.));
#84 = CYLINDRICAL_SURFACE('',#85,20.002646147452);
#85 = AXIS2_PLACEMENT_3D('',#86,#87,#88);
#86 = CARTESIAN_POINT('',(152.40015486343,-101.6052741868,1.51));
#87 = DIRECTION('',(0.,0.,-1.));
#88 = DIRECTION('',(-0.657528497304,0.753429675042,0.));
#89 = ADVANCED_FACE('',(#90),#115,.T.);
#90 = FACE_BOUND('',#91,.T.);
#91 = EDGE_LOOP('',(#92,#93,#101,#109));
#92 = ORIENTED_EDGE('',*,*,#70,.T.);
#93 = ORIENTED_EDGE('',*,*,#94,.T.);
#94 = EDGE_CURVE('',#62,#95,#97,.T.);
#95 = VERTEX_POINT('',#96);
#96 = CARTESIAN_POINT('',(143.397049,-83.744929,1.545));
#97 = LINE('',#98,#99);
#98 = CARTESIAN_POINT('',(142.850294,-84.029552,1.545));
#99 = VECTOR('',#100,1.);
#100 = DIRECTION('',(0.88701059246,0.461749075651,0.));
#101 = ORIENTED_EDGE('',*,*,#102,.F.);
#102 = EDGE_CURVE('',#103,#95,#105,.T.);
#103 = VERTEX_POINT('',#104);
#104 = CARTESIAN_POINT('',(143.397049,-83.744929,1.51));
#105 = LINE('',#106,#107);
#106 = CARTESIAN_POINT('',(143.397049,-83.744929,1.51));
#107 = VECTOR('',#108,1.);
#108 = DIRECTION('',(0.,0.,1.));
#109 = ORIENTED_EDGE('',*,*,#110,.F.);
#110 = EDGE_CURVE('',#71,#103,#111,.T.);
#111 = LINE('',#112,#113);
#112 = CARTESIAN_POINT('',(142.850294,-84.029552,1.51));
#113 = VECTOR('',#114,1.);
#114 = DIRECTION('',(0.88701059246,0.461749075651,0.));
#115 = PLANE('',#116);
#116 = AXIS2_PLACEMENT_3D('',#117,#118,#119);
#117 = CARTESIAN_POINT('',(142.850294,-84.029552,1.51));
#118 = DIRECTION('',(-0.461749075651,0.88701059246,0.));
#119 = DIRECTION('',(0.88701059246,0.461749075651,0.));
#120 = ADVANCED_FACE('',(#121),#148,.T.);
#121 = FACE_BOUND('',#122,.T.);
#122 = EDGE_LOOP('',(#123,#124,#133,#141));
#123 = ORIENTED_EDGE('',*,*,#102,.T.);
#124 = ORIENTED_EDGE('',*,*,#125,.T.);
#125 = EDGE_CURVE('',#95,#126,#128,.T.);
#126 = VERTEX_POINT('',#127);
#127 = CARTESIAN_POINT('',(143.568862,-83.807467,1.545));
#128 = CIRCLE('',#129,0.123998127591);
#129 = AXIS2_PLACEMENT_3D('',#130,#131,#132);
#130 = CARTESIAN_POINT('',(143.45430227544,-83.85491808171,1.545));
#131 = DIRECTION('',(0.,0.,-1.));
#132 = DIRECTION('',(-0.461726935382,0.887022117617,0.));
#133 = ORIENTED_EDGE('',*,*,#134,.F.);
#134 = EDGE_CURVE('',#135,#126,#137,.T.);
#135 = VERTEX_POINT('',#136);
#136 = CARTESIAN_POINT('',(143.568862,-83.807467,1.51));
#137 = LINE('',#138,#139);
#138 = CARTESIAN_POINT('',(143.568862,-83.807467,1.51));
#139 = VECTOR('',#140,1.);
#140 = DIRECTION('',(0.,0.,1.));
#141 = ORIENTED_EDGE('',*,*,#142,.F.);
#142 = EDGE_CURVE('',#103,#135,#143,.T.);
#143 = CIRCLE('',#144,0.123998127591);
#144 = AXIS2_PLACEMENT_3D('',#145,#146,#147);
#145 = CARTESIAN_POINT('',(143.45430227544,-83.85491808171,1.51));
#146 = DIRECTION('',(0.,0.,-1.));
#147 = DIRECTION('',(-0.461726935382,0.887022117617,0.));
#148 = CYLINDRICAL_SURFACE('',#149,0.123998127591);
#149 = AXIS2_PLACEMENT_3D('',#150,#151,#152);
#150 = CARTESIAN_POINT('',(143.45430227544,-83.85491808171,1.51));
#151 = DIRECTION('',(0.,0.,-1.));
#152 = DIRECTION('',(-0.461726935382,0.887022117617,0.));
#153 = ADVANCED_FACE('',(#154),#179,.T.);
#154 = FACE_BOUND('',#155,.T.);
#155 = EDGE_LOOP('',(#156,#157,#165,#173));
#156 = ORIENTED_EDGE('',*,*,#134,.T.);
#157 = ORIENTED_EDGE('',*,*,#158,.T.);
#158 = EDGE_CURVE('',#126,#159,#161,.T.);
#159 = VERTEX_POINT('',#160);
#160 = CARTESIAN_POINT('',(143.786107,-84.331941,1.545));
#161 = LINE('',#162,#163);
#162 = CARTESIAN_POINT('',(143.568862,-83.807467,1.545));
#163 = VECTOR('',#164,1.);
#164 = DIRECTION('',(0.382684569191,-0.923879061622,0.));
#165 = ORIENTED_EDGE('',*,*,#166,.F.);
#166 = EDGE_CURVE('',#167,#159,#169,.T.);
#167 = VERTEX_POINT('',#168);
#168 = CARTESIAN_POINT('',(143.786107,-84.331941,1.51));
#169 = LINE('',#170,#171);
#170 = CARTESIAN_POINT('',(143.786107,-84.331941,1.51));
#171 = VECTOR('',#172,1.);
#172 = DIRECTION('',(0.,0.,1.));
#173 = ORIENTED_EDGE('',*,*,#174,.F.);
#174 = EDGE_CURVE('',#135,#167,#175,.T.);
#175 = LINE('',#176,#177);
#176 = CARTESIAN_POINT('',(143.568862,-83.807467,1.51));
#177 = VECTOR('',#178,1.);
#178 = DIRECTION('',(0.382684569191,-0.923879061622,0.));
#179 = PLANE('',#180);
#180 = AXIS2_PLACEMENT_3D('',#181,#182,#183);
#181 = CARTESIAN_POINT('',(143.568862,-83.807467,1.51));
#182 = DIRECTION('',(0.923879061622,0.382684569191,-0.));
#183 = DIRECTION('',(0.382684569191,-0.923879061622,0.));
#184 = ADVANCED_FACE('',(#185),#210,.T.);
#185 = FACE_BOUND('',#186,.T.);
#186 = EDGE_LOOP('',(#187,#188,#196,#204));
#187 = ORIENTED_EDGE('',*,*,#166,.T.);
#188 = ORIENTED_EDGE('',*,*,#189,.T.);
#189 = EDGE_CURVE('',#159,#190,#192,.T.);
#190 = VERTEX_POINT('',#191);
#191 = CARTESIAN_POINT('',(144.629015,-83.982797,1.545));
#192 = LINE('',#193,#194);
#193 = CARTESIAN_POINT('',(143.786107,-84.331941,1.545));
#194 = VECTOR('',#195,1.);
#195 = DIRECTION('',(0.923879503615,0.382683502126,0.));
#196 = ORIENTED_EDGE('',*,*,#197,.F.);
#197 = EDGE_CURVE('',#198,#190,#200,.T.);
#198 = VERTEX_POINT('',#199);
#199 = CARTESIAN_POINT('',(144.629015,-83.982797,1.51));
#200 = LINE('',#201,#202);
#201 = CARTESIAN_POINT('',(144.629015,-83.982797,1.51));
#202 = VECTOR('',#203,1.);
#203 = DIRECTION('',(0.,0.,1.));
#204 = ORIENTED_EDGE('',*,*,#205,.F.);
#205 = EDGE_CURVE('',#167,#198,#206,.T.);
#206 = LINE('',#207,#208);
#207 = CARTESIAN_POINT('',(143.786107,-84.331941,1.51));
#208 = VECTOR('',#209,1.);
#209 = DIRECTION('',(0.923879503615,0.382683502126,0.));
#210 = PLANE('',#211);
#211 = AXIS2_PLACEMENT_3D('',#212,#213,#214);
#212 = CARTESIAN_POINT('',(143.786107,-84.331941,1.51));
#213 = DIRECTION('',(-0.382683502126,0.923879503615,0.));
#214 = DIRECTION('',(0.923879503615,0.382683502126,0.));
#215 = ADVANCED_FACE('',(#216),#243,.F.);
#216 = FACE_BOUND('',#217,.T.);
#217 = EDGE_LOOP('',(#218,#219,#228,#236));
#218 = ORIENTED_EDGE('',*,*,#197,.T.);
#219 = ORIENTED_EDGE('',*,*,#220,.T.);
#220 = EDGE_CURVE('',#190,#221,#223,.T.);
#221 = VERTEX_POINT('',#222);
#222 = CARTESIAN_POINT('',(144.820356,-84.444736,1.545));
#223 = CIRCLE('',#224,0.502052011003);
#224 = AXIS2_PLACEMENT_3D('',#225,#226,#227);
#225 = CARTESIAN_POINT('',(145.12692506058,-84.04715376593,1.545));
#226 = DIRECTION('',(0.,0.,1.));
#227 = DIRECTION('',(-0.991749957518,0.128187447762,0.));
#228 = ORIENTED_EDGE('',*,*,#229,.F.);
#229 = EDGE_CURVE('',#230,#221,#232,.T.);
#230 = VERTEX_POINT('',#231);
#231 = CARTESIAN_POINT('',(144.820356,-84.444736,1.51));
#232 = LINE('',#233,#234);
#233 = CARTESIAN_POINT('',(144.820356,-84.444736,1.51));
#234 = VECTOR('',#235,1.);
#235 = DIRECTION('',(0.,0.,1.));
#236 = ORIENTED_EDGE('',*,*,#237,.F.);
#237 = EDGE_CURVE('',#198,#230,#238,.T.);
#238 = CIRCLE('',#239,0.502052011003);
#239 = AXIS2_PLACEMENT_3D('',#240,#241,#242);
#240 = CARTESIAN_POINT('',(145.12692506058,-84.04715376593,1.51));
#241 = DIRECTION('',(0.,0.,1.));
#242 = DIRECTION('',(-0.991749957518,0.128187447762,0.));
#243 = CYLINDRICAL_SURFACE('',#244,0.502052011003);
#244 = AXIS2_PLACEMENT_3D('',#245,#246,#247);
#245 = CARTESIAN_POINT('',(145.12692506058,-84.04715376593,1.51));
#246 = DIRECTION('',(-0.,-0.,-1.));
#247 = DIRECTION('',(-0.991749957518,0.128187447762,0.));
#248 = ADVANCED_FACE('',(#249),#274,.T.);
#249 = FACE_BOUND('',#250,.T.);
#250 = EDGE_LOOP('',(#251,#252,#260,#268));
#251 = ORIENTED_EDGE('',*,*,#229,.T.);
#252 = ORIENTED_EDGE('',*,*,#253,.T.);
#253 = EDGE_CURVE('',#221,#254,#256,.T.);
#254 = VERTEX_POINT('',#255);
#255 = CARTESIAN_POINT('',(143.977447,-84.793881,1.545));
#256 = LINE('',#257,#258);
#257 = CARTESIAN_POINT('',(144.820356,-84.444736,1.545));
#258 = VECTOR('',#259,1.);
#259 = DIRECTION('',(-0.923879276614,-0.382684050156,0.));
#260 = ORIENTED_EDGE('',*,*,#261,.F.);
#261 = EDGE_CURVE('',#262,#254,#264,.T.);
#262 = VERTEX_POINT('',#263);
#263 = CARTESIAN_POINT('',(143.977447,-84.793881,1.51));
#264 = LINE('',#265,#266);
#265 = CARTESIAN_POINT('',(143.977447,-84.793881,1.51));
#266 = VECTOR('',#267,1.);
#267 = DIRECTION('',(0.,0.,1.));
#268 = ORIENTED_EDGE('',*,*,#269,.F.);
#269 = EDGE_CURVE('',#230,#262,#270,.T.);
#270 = LINE('',#271,#272);
#271 = CARTESIAN_POINT('',(144.820356,-84.444736,1.51));
#272 = VECTOR('',#273,1.);
#273 = DIRECTION('',(-0.923879276614,-0.382684050156,0.));
#274 = PLANE('',#275);
#275 = AXIS2_PLACEMENT_3D('',#276,#277,#278);
#276 = CARTESIAN_POINT('',(144.820356,-84.444736,1.51));
#277 = DIRECTION('',(0.382684050156,-0.923879276614,0.));
#278 = DIRECTION('',(-0.923879276614,-0.382684050156,0.));
#279 = ADVANCED_FACE('',(#280),#305,.T.);
#280 = FACE_BOUND('',#281,.T.);
#281 = EDGE_LOOP('',(#282,#283,#291,#299));
#282 = ORIENTED_EDGE('',*,*,#261,.T.);
#283 = ORIENTED_EDGE('',*,*,#284,.T.);
#284 = EDGE_CURVE('',#254,#285,#287,.T.);
#285 = VERTEX_POINT('',#286);
#286 = CARTESIAN_POINT('',(144.2364,-85.412612,1.545));
#287 = LINE('',#288,#289);
#288 = CARTESIAN_POINT('',(143.977447,-84.793881,1.545));
#289 = VECTOR('',#290,1.);
#290 = DIRECTION('',(0.386073801345,-0.922467896414,0.));
#291 = ORIENTED_EDGE('',*,*,#292,.F.);
#292 = EDGE_CURVE('',#293,#285,#295,.T.);
#293 = VERTEX_POINT('',#294);
#294 = CARTESIAN_POINT('',(144.2364,-85.412612,1.51));
#295 = LINE('',#296,#297);
#296 = CARTESIAN_POINT('',(144.2364,-85.412612,1.51));
#297 = VECTOR('',#298,1.);
#298 = DIRECTION('',(0.,0.,1.));
#299 = ORIENTED_EDGE('',*,*,#300,.F.);
#300 = EDGE_CURVE('',#262,#293,#301,.T.);
#301 = LINE('',#302,#303);
#302 = CARTESIAN_POINT('',(143.977447,-84.793881,1.51));
#303 = VECTOR('',#304,1.);
#304 = DIRECTION('',(0.386073801345,-0.922467896414,0.));
#305 = PLANE('',#306);
#306 = AXIS2_PLACEMENT_3D('',#307,#308,#309);
#307 = CARTESIAN_POINT('',(143.977447,-84.793881,1.51));
#308 = DIRECTION('',(0.922467896414,0.386073801345,-0.));
#309 = DIRECTION('',(0.386073801345,-0.922467896414,0.));
#310 = ADVANCED_FACE('',(#311),#338,.T.);
#311 = FACE_BOUND('',#312,.T.);
#312 = EDGE_LOOP('',(#313,#314,#323,#331));
#313 = ORIENTED_EDGE('',*,*,#292,.T.);
#314 = ORIENTED_EDGE('',*,*,#315,.T.);
#315 = EDGE_CURVE('',#285,#316,#318,.T.);
#316 = VERTEX_POINT('',#317);
#317 = CARTESIAN_POINT('',(144.182839,-85.583037,1.545));
#318 = CIRCLE('',#319,0.123999367873);
#319 = AXIS2_PLACEMENT_3D('',#320,#321,#322);
#320 = CARTESIAN_POINT('',(144.12756768625,-85.47203733734,1.545));
#321 = DIRECTION('',(0.,0.,-1.));
#322 = DIRECTION('',(0.877684423797,0.479239034537,0.));
#323 = ORIENTED_EDGE('',*,*,#324,.F.);
#324 = EDGE_CURVE('',#325,#316,#327,.T.);
#325 = VERTEX_POINT('',#326);
#326 = CARTESIAN_POINT('',(144.182839,-85.583037,1.51));
#327 = LINE('',#328,#329);
#328 = CARTESIAN_POINT('',(144.182839,-85.583037,1.51));
#329 = VECTOR('',#330,1.);
#330 = DIRECTION('',(0.,0.,1.));
#331 = ORIENTED_EDGE('',*,*,#332,.F.);
#332 = EDGE_CURVE('',#293,#325,#333,.T.);
#333 = CIRCLE('',#334,0.123999367873);
#334 = AXIS2_PLACEMENT_3D('',#335,#336,#337);
#335 = CARTESIAN_POINT('',(144.12756768625,-85.47203733734,1.51));
#336 = DIRECTION('',(0.,0.,-1.));
#337 = DIRECTION('',(0.877684423797,0.479239034537,0.));
#338 = CYLINDRICAL_SURFACE('',#339,0.123999367873);
#339 = AXIS2_PLACEMENT_3D('',#340,#341,#342);
#340 = CARTESIAN_POINT('',(144.12756768625,-85.47203733734,1.51));
#341 = DIRECTION('',(0.,0.,-1.));
#342 = DIRECTION('',(0.877684423797,0.479239034537,0.));
#343 = ADVANCED_FACE('',(#344),#369,.T.);
#344 = FACE_BOUND('',#345,.T.);
#345 = EDGE_LOOP('',(#346,#347,#355,#363));
#346 = ORIENTED_EDGE('',*,*,#324,.T.);
#347 = ORIENTED_EDGE('',*,*,#348,.T.);
#348 = EDGE_CURVE('',#316,#349,#351,.T.);
#349 = VERTEX_POINT('',#350);
#350 = CARTESIAN_POINT('',(144.004223,-85.671977,1.545));
#351 = LINE('',#352,#353);
#352 = CARTESIAN_POINT('',(144.182839,-85.583037,1.545));
#353 = VECTOR('',#354,1.);
#354 = DIRECTION('',(-0.895163691271,-0.445737552636,0.));
#355 = ORIENTED_EDGE('',*,*,#356,.F.);
#356 = EDGE_CURVE('',#357,#349,#359,.T.);
#357 = VERTEX_POINT('',#358);
#358 = CARTESIAN_POINT('',(144.004223,-85.671977,1.51));
#359 = LINE('',#360,#361);
#360 = CARTESIAN_POINT('',(144.004223,-85.671977,1.51));
#361 = VECTOR('',#362,1.);
#362 = DIRECTION('',(0.,0.,1.));
#363 = ORIENTED_EDGE('',*,*,#364,.F.);
#364 = EDGE_CURVE('',#325,#357,#365,.T.);
#365 = LINE('',#366,#367);
#366 = CARTESIAN_POINT('',(144.182839,-85.583037,1.51));
#367 = VECTOR('',#368,1.);
#368 = DIRECTION('',(-0.895163691271,-0.445737552636,0.));
#369 = PLANE('',#370);
#370 = AXIS2_PLACEMENT_3D('',#371,#372,#373);
#371 = CARTESIAN_POINT('',(144.182839,-85.583037,1.51));
#372 = DIRECTION('',(0.445737552636,-0.895163691271,0.));
#373 = DIRECTION('',(-0.895163691271,-0.445737552636,0.));
#374 = ADVANCED_FACE('',(#375),#402,.F.);
#375 = FACE_BOUND('',#376,.T.);
#376 = EDGE_LOOP('',(#377,#378,#387,#395));
#377 = ORIENTED_EDGE('',*,*,#356,.T.);
#378 = ORIENTED_EDGE('',*,*,#379,.T.);
#379 = EDGE_CURVE('',#349,#380,#382,.T.);
#380 = VERTEX_POINT('',#381);
#381 = CARTESIAN_POINT('',(139.93618,-88.607268,1.545));
#382 = CIRCLE('',#383,17.958631514883);
#383 = AXIS2_PLACEMENT_3D('',#384,#385,#386);
#384 = CARTESIAN_POINT('',(152.37536722088,-101.560223924,1.545));
#385 = DIRECTION('',(0.,0.,1.));
#386 = DIRECTION('',(-0.466134861888,0.884713677148,0.));
#387 = ORIENTED_EDGE('',*,*,#388,.F.);
#388 = EDGE_CURVE('',#389,#380,#391,.T.);
#389 = VERTEX_POINT('',#390);
#390 = CARTESIAN_POINT('',(139.93618,-88.607268,1.51));
#391 = LINE('',#392,#393);
#392 = CARTESIAN_POINT('',(139.93618,-88.607268,1.51));
#393 = VECTOR('',#394,1.);
#394 = DIRECTION('',(0.,0.,1.));
#395 = ORIENTED_EDGE('',*,*,#396,.F.);
#396 = EDGE_CURVE('',#357,#389,#397,.T.);
#397 = CIRCLE('',#398,17.958631514883);
#398 = AXIS2_PLACEMENT_3D('',#399,#400,#401);
#399 = CARTESIAN_POINT('',(152.37536722088,-101.560223924,1.51));
#400 = DIRECTION('',(0.,0.,1.));
#401 = DIRECTION('',(-0.466134861888,0.884713677148,0.));
#402 = CYLINDRICAL_SURFACE('',#403,17.958631514883);
#403 = AXIS2_PLACEMENT_3D('',#404,#405,#406);
#404 = CARTESIAN_POINT('',(152.37536722088,-101.560223924,1.51));
#405 = DIRECTION('',(-0.,-0.,-1.));
#406 = DIRECTION('',(-0.466134861888,0.884713677148,0.));
#407 = ADVANCED_FACE('',(#408),#433,.T.);
#408 = FACE_BOUND('',#409,.T.);
#409 = EDGE_LOOP('',(#410,#411,#419,#427));
#410 = ORIENTED_EDGE('',*,*,#388,.T.);
#411 = ORIENTED_EDGE('',*,*,#412,.T.);
#412 = EDGE_CURVE('',#380,#413,#415,.T.);
#413 = VERTEX_POINT('',#414);
#414 = CARTESIAN_POINT('',(139.874856,-88.640752,1.545));
#415 = LINE('',#416,#417);
#416 = CARTESIAN_POINT('',(139.93618,-88.607268,1.545));
#417 = VECTOR('',#418,1.);
#418 = DIRECTION('',(-0.877687642764,-0.479233139233,0.));
#419 = ORIENTED_EDGE('',*,*,#420,.F.);
#420 = EDGE_CURVE('',#421,#413,#423,.T.);
#421 = VERTEX_POINT('',#422);
#422 = CARTESIAN_POINT('',(139.874856,-88.640752,1.51));
#423 = LINE('',#424,#425);
#424 = CARTESIAN_POINT('',(139.874856,-88.640752,1.51));
#425 = VECTOR('',#426,1.);
#426 = DIRECTION('',(0.,0.,1.));
#427 = ORIENTED_EDGE('',*,*,#428,.F.);
#428 = EDGE_CURVE('',#389,#421,#429,.T.);
#429 = LINE('',#430,#431);
#430 = CARTESIAN_POINT('',(139.93618,-88.607268,1.51));
#431 = VECTOR('',#432,1.);
#432 = DIRECTION('',(-0.877687642764,-0.479233139233,0.));
#433 = PLANE('',#434);
#434 = AXIS2_PLACEMENT_3D('',#435,#436,#437);
#435 = CARTESIAN_POINT('',(139.93618,-88.607268,1.51));
#436 = DIRECTION('',(0.479233139233,-0.877687642764,0.));
#437 = DIRECTION('',(-0.877687642764,-0.479233139233,0.));
#438 = ADVANCED_FACE('',(#439),#464,.T.);
#439 = FACE_BOUND('',#440,.T.);
#440 = EDGE_LOOP('',(#441,#442,#450,#458));
#441 = ORIENTED_EDGE('',*,*,#420,.T.);
#442 = ORIENTED_EDGE('',*,*,#443,.T.);
#443 = EDGE_CURVE('',#413,#444,#446,.T.);
#444 = VERTEX_POINT('',#445);
#445 = CARTESIAN_POINT('',(139.805165,-88.635766,1.545));
#446 = LINE('',#447,#448);
#447 = CARTESIAN_POINT('',(139.874856,-88.640752,1.545));
#448 = VECTOR('',#449,1.);
#449 = DIRECTION('',(-0.997450483517,7.136198520349E-02,0.));
#450 = ORIENTED_EDGE('',*,*,#451,.F.);
#451 = EDGE_CURVE('',#452,#444,#454,.T.);
#452 = VERTEX_POINT('',#453);
#453 = CARTESIAN_POINT('',(139.805165,-88.635766,1.51));
#454 = LINE('',#455,#456);
#455 = CARTESIAN_POINT('',(139.805165,-88.635766,1.51));
#456 = VECTOR('',#457,1.);
#457 = DIRECTION('',(0.,0.,1.));
#458 = ORIENTED_EDGE('',*,*,#459,.F.);
#459 = EDGE_CURVE('',#421,#452,#460,.T.);
#460 = LINE('',#461,#462);
#461 = CARTESIAN_POINT('',(139.874856,-88.640752,1.51));
#462 = VECTOR('',#463,1.);
#463 = DIRECTION('',(-0.997450483517,7.136198520349E-02,0.));
#464 = PLANE('',#465);
#465 = AXIS2_PLACEMENT_3D('',#466,#467,#468);
#466 = CARTESIAN_POINT('',(139.874856,-88.640752,1.51));
#467 = DIRECTION('',(-7.136198520349E-02,-0.997450483517,0.));
#468 = DIRECTION('',(-0.997450483517,7.136198520349E-02,0.));
#469 = ADVANCED_FACE('',(#470),#495,.T.);
#470 = FACE_BOUND('',#471,.T.);
#471 = EDGE_LOOP('',(#472,#473,#481,#489));
#472 = ORIENTED_EDGE('',*,*,#451,.T.);
#473 = ORIENTED_EDGE('',*,*,#474,.T.);
#474 = EDGE_CURVE('',#444,#475,#477,.T.);
#475 = VERTEX_POINT('',#476);
#476 = CARTESIAN_POINT('',(139.760819,-88.607266,1.545));
#477 = LINE('',#478,#479);
#478 = CARTESIAN_POINT('',(139.805165,-88.635766,1.545));
#479 = VECTOR('',#480,1.);
#480 = DIRECTION('',(-0.841248733034,0.540648286012,0.));
#481 = ORIENTED_EDGE('',*,*,#482,.F.);
#482 = EDGE_CURVE('',#483,#475,#485,.T.);
#483 = VERTEX_POINT('',#484);
#484 = CARTESIAN_POINT('',(139.760819,-88.607266,1.51));
#485 = LINE('',#486,#487);
#486 = CARTESIAN_POINT('',(139.760819,-88.607266,1.51));
#487 = VECTOR('',#488,1.);
#488 = DIRECTION('',(0.,0.,1.));
#489 = ORIENTED_EDGE('',*,*,#490,.F.);
#490 = EDGE_CURVE('',#452,#483,#491,.T.);
#491 = LINE('',#492,#493);
#492 = CARTESIAN_POINT('',(139.805165,-88.635766,1.51));
#493 = VECTOR('',#494,1.);
#494 = DIRECTION('',(-0.841248733034,0.540648286012,0.));
#495 = PLANE('',#496);
#496 = AXIS2_PLACEMENT_3D('',#497,#498,#499);
#497 = CARTESIAN_POINT('',(139.805165,-88.635766,1.51));
#498 = DIRECTION('',(-0.540648286012,-0.841248733034,0.));
#499 = DIRECTION('',(-0.841248733034,0.540648286012,0.));
#500 = ADVANCED_FACE('',(#501),#526,.T.);
#501 = FACE_BOUND('',#502,.T.);
#502 = EDGE_LOOP('',(#503,#504,#512,#520));
#503 = ORIENTED_EDGE('',*,*,#482,.T.);
#504 = ORIENTED_EDGE('',*,*,#505,.T.);
#505 = EDGE_CURVE('',#475,#506,#508,.T.);
#506 = VERTEX_POINT('',#507);
#507 = CARTESIAN_POINT('',(138.514456,-87.359119,1.545));
#508 = LINE('',#509,#510);
#509 = CARTESIAN_POINT('',(139.760819,-88.607266,1.545));
#510 = VECTOR('',#511,1.);
#511 = DIRECTION('',(-0.706600898564,0.707612302146,0.));
#512 = ORIENTED_EDGE('',*,*,#513,.F.);
#513 = EDGE_CURVE('',#514,#506,#516,.T.);
#514 = VERTEX_POINT('',#515);
#515 = CARTESIAN_POINT('',(138.514456,-87.359119,1.51));
#516 = LINE('',#517,#518);
#517 = CARTESIAN_POINT('',(138.514456,-87.359119,1.51));
#518 = VECTOR('',#519,1.);
#519 = DIRECTION('',(0.,0.,1.));
#520 = ORIENTED_EDGE('',*,*,#521,.F.);
#521 = EDGE_CURVE('',#483,#514,#522,.T.);
#522 = LINE('',#523,#524);
#523 = CARTESIAN_POINT('',(139.760819,-88.607266,1.51));
#524 = VECTOR('',#525,1.);
#525 = DIRECTION('',(-0.706600898564,0.707612302146,0.));
#526 = PLANE('',#527);
#527 = AXIS2_PLACEMENT_3D('',#528,#529,#530);
#528 = CARTESIAN_POINT('',(139.760819,-88.607266,1.51));
#529 = DIRECTION('',(-0.707612302146,-0.706600898564,0.));
#530 = DIRECTION('',(-0.706600898564,0.707612302146,0.));
#531 = ADVANCED_FACE('',(#532),#559,.T.);
#532 = FACE_BOUND('',#533,.T.);
#533 = EDGE_LOOP('',(#534,#535,#544,#552));
#534 = ORIENTED_EDGE('',*,*,#513,.T.);
#535 = ORIENTED_EDGE('',*,*,#536,.T.);
#536 = EDGE_CURVE('',#506,#537,#539,.T.);
#537 = VERTEX_POINT('',#538);
#538 = CARTESIAN_POINT('',(138.52604,-87.197127,1.545));
#539 = CIRCLE('',#540,0.12399927274);
#540 = AXIS2_PLACEMENT_3D('',#541,#542,#543);
#541 = CARTESIAN_POINT('',(138.61372121152,-87.2848072417,1.545));
#542 = DIRECTION('',(0.,0.,-1.));
#543 = DIRECTION('',(-0.800530594509,-0.599291888194,-0.));
#544 = ORIENTED_EDGE('',*,*,#545,.F.);
#545 = EDGE_CURVE('',#546,#537,#548,.T.);
#546 = VERTEX_POINT('',#547);
#547 = CARTESIAN_POINT('',(138.52604,-87.197127,1.51));
#548 = LINE('',#549,#550);
#549 = CARTESIAN_POINT('',(138.52604,-87.197127,1.51));
#550 = VECTOR('',#551,1.);
#551 = DIRECTION('',(0.,0.,1.));
#552 = ORIENTED_EDGE('',*,*,#553,.F.);
#553 = EDGE_CURVE('',#514,#546,#554,.T.);
#554 = CIRCLE('',#555,0.12399927274);
#555 = AXIS2_PLACEMENT_3D('',#556,#557,#558);
#556 = CARTESIAN_POINT('',(138.61372121152,-87.2848072417,1.51));
#557 = DIRECTION('',(0.,0.,-1.));
#558 = DIRECTION('',(-0.800530594509,-0.599291888194,-0.));
#559 = CYLINDRICAL_SURFACE('',#560,0.12399927274);
#560 = AXIS2_PLACEMENT_3D('',#561,#562,#563);
#561 = CARTESIAN_POINT('',(138.61372121152,-87.2848072417,1.51));
#562 = DIRECTION('',(0.,0.,-1.));
#563 = DIRECTION('',(-0.800530594509,-0.599291888194,-0.));
#564 = ADVANCED_FACE('',(#565),#581,.T.);
#565 = FACE_BOUND('',#566,.T.);
#566 = EDGE_LOOP('',(#567,#568,#574,#575));
#567 = ORIENTED_EDGE('',*,*,#545,.T.);
#568 = ORIENTED_EDGE('',*,*,#569,.T.);
#569 = EDGE_CURVE('',#537,#54,#570,.T.);
#570 = LINE('',#571,#572);
#571 = CARTESIAN_POINT('',(138.52604,-87.197127,1.545));
#572 = VECTOR('',#573,1.);
#573 = DIRECTION('',(0.736754682169,0.676160142498,0.));
#574 = ORIENTED_EDGE('',*,*,#51,.F.);
#575 = ORIENTED_EDGE('',*,*,#576,.F.);
#576 = EDGE_CURVE('',#546,#52,#577,.T.);
#577 = LINE('',#578,#579);
#578 = CARTESIAN_POINT('',(138.52604,-87.197127,1.51));
#579 = VECTOR('',#580,1.);
#580 = DIRECTION('',(0.736754682169,0.676160142498,0.));
#581 = PLANE('',#582);
#582 = AXIS2_PLACEMENT_3D('',#583,#584,#585);
#583 = CARTESIAN_POINT('',(138.52604,-87.197127,1.51));
#584 = DIRECTION('',(-0.676160142498,0.736754682169,0.));
#585 = DIRECTION('',(0.736754682169,0.676160142498,0.));
#586 = ADVANCED_FACE('',(#587),#606,.F.);
#587 = FACE_BOUND('',#588,.T.);
#588 = EDGE_LOOP('',(#589,#590,#591,#592,#593,#594,#595,#596,#597,#598,
    #599,#600,#601,#602,#603,#604,#605));
#589 = ORIENTED_EDGE('',*,*,#78,.T.);
#590 = ORIENTED_EDGE('',*,*,#110,.T.);
#591 = ORIENTED_EDGE('',*,*,#142,.T.);
#592 = ORIENTED_EDGE('',*,*,#174,.T.);
#593 = ORIENTED_EDGE('',*,*,#205,.T.);
#594 = ORIENTED_EDGE('',*,*,#237,.T.);
#595 = ORIENTED_EDGE('',*,*,#269,.T.);
#596 = ORIENTED_EDGE('',*,*,#300,.T.);
#597 = ORIENTED_EDGE('',*,*,#332,.T.);
#598 = ORIENTED_EDGE('',*,*,#364,.T.);
#599 = ORIENTED_EDGE('',*,*,#396,.T.);
#600 = ORIENTED_EDGE('',*,*,#428,.T.);
#601 = ORIENTED_EDGE('',*,*,#459,.T.);
#602 = ORIENTED_EDGE('',*,*,#490,.T.);
#603 = ORIENTED_EDGE('',*,*,#521,.T.);
#604 = ORIENTED_EDGE('',*,*,#553,.T.);
#605 = ORIENTED_EDGE('',*,*,#576,.T.);
#606 = PLANE('',#607);
#607 = AXIS2_PLACEMENT_3D('',#608,#609,#610);
#608 = CARTESIAN_POINT('',(0.,0.,1.51));
#609 = DIRECTION('',(0.,0.,1.));
#610 = DIRECTION('',(1.,0.,-0.));
#611 = ADVANCED_FACE('',(#612),#631,.T.);
#612 = FACE_BOUND('',#613,.F.);
#613 = EDGE_LOOP('',(#614,#615,#616,#617,#618,#619,#620,#621,#622,#623,
    #624,#625,#626,#627,#628,#629,#630));
#614 = ORIENTED_EDGE('',*,*,#61,.T.);
#615 = ORIENTED_EDGE('',*,*,#94,.T.);
#616 = ORIENTED_EDGE('',*,*,#125,.T.);
#617 = ORIENTED_EDGE('',*,*,#158,.T.);
#618 = ORIENTED_EDGE('',*,*,#189,.T.);
#619 = ORIENTED_EDGE('',*,*,#220,.T.);
#620 = ORIENTED_EDGE('',*,*,#253,.T.);
#621 = ORIENTED_EDGE('',*,*,#284,.T.);
#622 = ORIENTED_EDGE('',*,*,#315,.T.);
#623 = ORIENTED_EDGE('',*,*,#348,.T.);
#624 = ORIENTED_EDGE('',*,*,#379,.T.);
#625 = ORIENTED_EDGE('',*,*,#412,.T.);
#626 = ORIENTED_EDGE('',*,*,#443,.T.);
#627 = ORIENTED_EDGE('',*,*,#474,.T.);
#628 = ORIENTED_EDGE('',*,*,#505,.T.);
#629 = ORIENTED_EDGE('',*,*,#536,.T.);
#630 = ORIENTED_EDGE('',*,*,#569,.T.);
#631 = PLANE('',#632);
#632 = AXIS2_PLACEMENT_3D('',#633,#634,#635);
#633 = CARTESIAN_POINT('',(0.,0.,1.545));
#634 = DIRECTION('',(0.,0.,1.));
#635 = DIRECTION('',(1.,0.,-0.));
#636 = MANIFOLD_SOLID_BREP('',#637);
#637 = CLOSED_SHELL('',(#638,#680,#711,#744,#775,#808,#839,#872,#903,
    #936,#967,#998,#1031,#1062,#1093,#1126,#1148,#1172));
#638 = ADVANCED_FACE('',(#639),#675,.T.);
#639 = FACE_BOUND('',#640,.T.);
#640 = EDGE_LOOP('',(#641,#651,#660,#668));
#641 = ORIENTED_EDGE('',*,*,#642,.T.);
#642 = EDGE_CURVE('',#643,#645,#647,.T.);
#643 = VERTEX_POINT('',#644);
#644 = CARTESIAN_POINT('',(146.731194,-82.422336,1.51));
#645 = VERTEX_POINT('',#646);
#646 = CARTESIAN_POINT('',(146.731194,-82.422336,1.545));
#647 = LINE('',#648,#649);
#648 = CARTESIAN_POINT('',(146.731194,-82.422336,1.51));
#649 = VECTOR('',#650,1.);
#650 = DIRECTION('',(0.,0.,1.));
#651 = ORIENTED_EDGE('',*,*,#652,.T.);
#652 = EDGE_CURVE('',#645,#653,#655,.T.);
#653 = VERTEX_POINT('',#654);
#654 = CARTESIAN_POINT('',(151.050661,-81.646986,1.545));
#655 = CIRCLE('',#656,20.002633582655);
#656 = AXIS2_PLACEMENT_3D('',#657,#658,#659);
#657 = CARTESIAN_POINT('',(152.40361562824,-101.6038109983,1.545));
#658 = DIRECTION('',(0.,0.,-1.));
#659 = DIRECTION('',(-0.283583739351,0.958947476547,0.));
#660 = ORIENTED_EDGE('',*,*,#661,.F.);
#661 = EDGE_CURVE('',#662,#653,#664,.T.);
#662 = VERTEX_POINT('',#663);
#663 = CARTESIAN_POINT('',(151.050661,-81.646986,1.51));
#664 = LINE('',#665,#666);
#665 = CARTESIAN_POINT('',(151.050661,-81.646986,1.51));
#666 = VECTOR('',#667,1.);
#667 = DIRECTION('',(0.,0.,1.));
#668 = ORIENTED_EDGE('',*,*,#669,.F.);
#669 = EDGE_CURVE('',#643,#662,#670,.T.);
#670 = CIRCLE('',#671,20.002633582655);
#671 = AXIS2_PLACEMENT_3D('',#672,#673,#674);
#672 = CARTESIAN_POINT('',(152.40361562824,-101.6038109983,1.51));
#673 = DIRECTION('',(0.,0.,-1.));
#674 = DIRECTION('',(-0.283583739351,0.958947476547,0.));
#675 = CYLINDRICAL_SURFACE('',#676,20.002633582655);
#676 = AXIS2_PLACEMENT_3D('',#677,#678,#679);
#677 = CARTESIAN_POINT('',(152.40361562824,-101.6038109983,1.51));
#678 = DIRECTION('',(0.,0.,-1.));
#679 = DIRECTION('',(-0.283583739351,0.958947476547,0.));
#680 = ADVANCED_FACE('',(#681),#706,.T.);
#681 = FACE_BOUND('',#682,.T.);
#682 = EDGE_LOOP('',(#683,#684,#692,#700));
#683 = ORIENTED_EDGE('',*,*,#661,.T.);
#684 = ORIENTED_EDGE('',*,*,#685,.T.);
#685 = EDGE_CURVE('',#653,#686,#688,.T.);
#686 = VERTEX_POINT('',#687);
#687 = CARTESIAN_POINT('',(152.026,-81.605259,1.545));
#688 = LINE('',#689,#690);
#689 = CARTESIAN_POINT('',(151.050661,-81.646986,1.545));
#690 = VECTOR('',#691,1.);
#691 = DIRECTION('',(0.999086102522,4.274294968204E-02,0.));
#692 = ORIENTED_EDGE('',*,*,#693,.F.);
#693 = EDGE_CURVE('',#694,#686,#696,.T.);
#694 = VERTEX_POINT('',#695);
#695 = CARTESIAN_POINT('',(152.026,-81.605259,1.51));
#696 = LINE('',#697,#698);
#697 = CARTESIAN_POINT('',(152.026,-81.605259,1.51));
#698 = VECTOR('',#699,1.);
#699 = DIRECTION('',(0.,0.,1.));
#700 = ORIENTED_EDGE('',*,*,#701,.F.);
#701 = EDGE_CURVE('',#662,#694,#702,.T.);
#702 = LINE('',#703,#704);
#703 = CARTESIAN_POINT('',(151.050661,-81.646986,1.51));
#704 = VECTOR('',#705,1.);
#705 = DIRECTION('',(0.999086102522,4.274294968204E-02,0.));
#706 = PLANE('',#707);
#707 = AXIS2_PLACEMENT_3D('',#708,#709,#710);
#708 = CARTESIAN_POINT('',(151.050661,-81.646986,1.51));
#709 = DIRECTION('',(-4.274294968204E-02,0.999086102522,0.));
#710 = DIRECTION('',(0.999086102522,4.274294968204E-02,0.));
#711 = ADVANCED_FACE('',(#712),#739,.T.);
#712 = FACE_BOUND('',#713,.T.);
#713 = EDGE_LOOP('',(#714,#715,#724,#732));
#714 = ORIENTED_EDGE('',*,*,#693,.T.);
#715 = ORIENTED_EDGE('',*,*,#716,.T.);
#716 = EDGE_CURVE('',#686,#717,#719,.T.);
#717 = VERTEX_POINT('',#718);
#718 = CARTESIAN_POINT('',(152.15,-81.729259,1.545));
#719 = CIRCLE('',#720,0.124001618184);
#720 = AXIS2_PLACEMENT_3D('',#721,#722,#723);
#721 = CARTESIAN_POINT('',(152.02599838182,-81.72926061817,1.545));
#722 = DIRECTION('',(0.,0.,-1.));
#723 = DIRECTION('',(1.304961793624E-05,0.999999999915,0.));
#724 = ORIENTED_EDGE('',*,*,#725,.F.);
#725 = EDGE_CURVE('',#726,#717,#728,.T.);
#726 = VERTEX_POINT('',#727);
#727 = CARTESIAN_POINT('',(152.15,-81.729259,1.51));
#728 = LINE('',#729,#730);
#729 = CARTESIAN_POINT('',(152.15,-81.729259,1.51));
#730 = VECTOR('',#731,1.);
#731 = DIRECTION('',(0.,0.,1.));
#732 = ORIENTED_EDGE('',*,*,#733,.F.);
#733 = EDGE_CURVE('',#694,#726,#734,.T.);
#734 = CIRCLE('',#735,0.124001618184);
#735 = AXIS2_PLACEMENT_3D('',#736,#737,#738);
#736 = CARTESIAN_POINT('',(152.02599838182,-81.72926061817,1.51));
#737 = DIRECTION('',(0.,0.,-1.));
#738 = DIRECTION('',(1.304961793624E-05,0.999999999915,0.));
#739 = CYLINDRICAL_SURFACE('',#740,0.124001618184);
#740 = AXIS2_PLACEMENT_3D('',#741,#742,#743);
#741 = CARTESIAN_POINT('',(152.02599838182,-81.72926061817,1.51));
#742 = DIRECTION('',(0.,0.,-1.));
#743 = DIRECTION('',(1.304961793624E-05,0.999999999915,0.));
#744 = ADVANCED_FACE('',(#745),#770,.T.);
#745 = FACE_BOUND('',#746,.T.);
#746 = EDGE_LOOP('',(#747,#748,#756,#764));
#747 = ORIENTED_EDGE('',*,*,#725,.T.);
#748 = ORIENTED_EDGE('',*,*,#749,.T.);
#749 = EDGE_CURVE('',#717,#750,#752,.T.);
#750 = VERTEX_POINT('',#751);
#751 = CARTESIAN_POINT('',(152.15,-83.4755,1.545));
#752 = LINE('',#753,#754);
#753 = CARTESIAN_POINT('',(152.15,-81.729259,1.545));
#754 = VECTOR('',#755,1.);
#755 = DIRECTION('',(0.,-1.,0.));
#756 = ORIENTED_EDGE('',*,*,#757,.F.);
#757 = EDGE_CURVE('',#758,#750,#760,.T.);
#758 = VERTEX_POINT('',#759);
#759 = CARTESIAN_POINT('',(152.15,-83.4755,1.51));
#760 = LINE('',#761,#762);
#761 = CARTESIAN_POINT('',(152.15,-83.4755,1.51));
#762 = VECTOR('',#763,1.);
#763 = DIRECTION('',(0.,0.,1.));
#764 = ORIENTED_EDGE('',*,*,#765,.F.);
#765 = EDGE_CURVE('',#726,#758,#766,.T.);
#766 = LINE('',#767,#768);
#767 = CARTESIAN_POINT('',(152.15,-81.729259,1.51));
#768 = VECTOR('',#769,1.);
#769 = DIRECTION('',(0.,-1.,0.));
#770 = PLANE('',#771);
#771 = AXIS2_PLACEMENT_3D('',#772,#773,#774);
#772 = CARTESIAN_POINT('',(152.15,-81.729259,1.51));
#773 = DIRECTION('',(1.,0.,-0.));
#774 = DIRECTION('',(0.,-1.,0.));
#775 = ADVANCED_FACE('',(#776),#803,.T.);
#776 = FACE_BOUND('',#777,.T.);
#777 = EDGE_LOOP('',(#778,#779,#788,#796));
#778 = ORIENTED_EDGE('',*,*,#757,.T.);
#779 = ORIENTED_EDGE('',*,*,#780,.T.);
#780 = EDGE_CURVE('',#750,#781,#783,.T.);
#781 = VERTEX_POINT('',#782);
#782 = CARTESIAN_POINT('',(152.026,-83.5995,1.545));
#783 = CIRCLE('',#784,0.124001618184);
#784 = AXIS2_PLACEMENT_3D('',#785,#786,#787);
#785 = CARTESIAN_POINT('',(152.02599838182,-83.47549838182,1.545));
#786 = DIRECTION('',(0.,0.,-1.));
#787 = DIRECTION('',(0.999999999915,-1.304961816544E-05,0.));
#788 = ORIENTED_EDGE('',*,*,#789,.F.);
#789 = EDGE_CURVE('',#790,#781,#792,.T.);
#790 = VERTEX_POINT('',#791);
#791 = CARTESIAN_POINT('',(152.026,-83.5995,1.51));
#792 = LINE('',#793,#794);
#793 = CARTESIAN_POINT('',(152.026,-83.5995,1.51));
#794 = VECTOR('',#795,1.);
#795 = DIRECTION('',(0.,0.,1.));
#796 = ORIENTED_EDGE('',*,*,#797,.F.);
#797 = EDGE_CURVE('',#758,#790,#798,.T.);
#798 = CIRCLE('',#799,0.124001618184);
#799 = AXIS2_PLACEMENT_3D('',#800,#801,#802);
#800 = CARTESIAN_POINT('',(152.02599838182,-83.47549838182,1.51));
#801 = DIRECTION('',(0.,0.,-1.));
#802 = DIRECTION('',(0.999999999915,-1.304961816544E-05,0.));
#803 = CYLINDRICAL_SURFACE('',#804,0.124001618184);
#804 = AXIS2_PLACEMENT_3D('',#805,#806,#807);
#805 = CARTESIAN_POINT('',(152.02599838182,-83.47549838182,1.51));
#806 = DIRECTION('',(0.,0.,-1.));
#807 = DIRECTION('',(0.999999999915,-1.304961816544E-05,0.));
#808 = ADVANCED_FACE('',(#809),#834,.T.);
#809 = FACE_BOUND('',#810,.T.);
#810 = EDGE_LOOP('',(#811,#812,#820,#828));
#811 = ORIENTED_EDGE('',*,*,#789,.T.);
#812 = ORIENTED_EDGE('',*,*,#813,.T.);
#813 = EDGE_CURVE('',#781,#814,#816,.T.);
#814 = VERTEX_POINT('',#815);
#815 = CARTESIAN_POINT('',(151.153238,-83.637913,1.545));
#816 = LINE('',#817,#818);
#817 = CARTESIAN_POINT('',(152.026,-83.5995,1.545));
#818 = VECTOR('',#819,1.);
#819 = DIRECTION('',(-0.999032826505,-4.397057613018E-02,0.));
#820 = ORIENTED_EDGE('',*,*,#821,.F.);
#821 = EDGE_CURVE('',#822,#814,#824,.T.);
#822 = VERTEX_POINT('',#823);
#823 = CARTESIAN_POINT('',(151.153238,-83.637913,1.51));
#824 = LINE('',#825,#826);
#825 = CARTESIAN_POINT('',(151.153238,-83.637913,1.51));
#826 = VECTOR('',#827,1.);
#827 = DIRECTION('',(0.,0.,1.));
#828 = ORIENTED_EDGE('',*,*,#829,.F.);
#829 = EDGE_CURVE('',#790,#822,#830,.T.);
#830 = LINE('',#831,#832);
#831 = CARTESIAN_POINT('',(152.026,-83.5995,1.51));
#832 = VECTOR('',#833,1.);
#833 = DIRECTION('',(-0.999032826505,-4.397057613018E-02,0.));
#834 = PLANE('',#835);
#835 = AXIS2_PLACEMENT_3D('',#836,#837,#838);
#836 = CARTESIAN_POINT('',(152.026,-83.5995,1.51));
#837 = DIRECTION('',(4.397057613018E-02,-0.999032826505,0.));
#838 = DIRECTION('',(-0.999032826505,-4.397057613018E-02,0.));
#839 = ADVANCED_FACE('',(#840),#867,.F.);
#840 = FACE_BOUND('',#841,.T.);
#841 = EDGE_LOOP('',(#842,#843,#852,#860));
#842 = ORIENTED_EDGE('',*,*,#821,.T.);
#843 = ORIENTED_EDGE('',*,*,#844,.T.);
#844 = EDGE_CURVE('',#814,#845,#847,.T.);
#845 = VERTEX_POINT('',#846);
#846 = CARTESIAN_POINT('',(147.073928,-84.400466,1.545));
#847 = CIRCLE('',#848,18.005335486044);
#848 = AXIS2_PLACEMENT_3D('',#849,#850,#851);
#849 = CARTESIAN_POINT('',(152.40000238463,-101.6000310414,1.545));
#850 = DIRECTION('',(0.,0.,1.));
#851 = DIRECTION('',(-6.924416296507E-02,0.997599742329,0.));
#852 = ORIENTED_EDGE('',*,*,#853,.F.);
#853 = EDGE_CURVE('',#854,#845,#856,.T.);
#854 = VERTEX_POINT('',#855);
#855 = CARTESIAN_POINT('',(147.073928,-84.400466,1.51));
#856 = LINE('',#857,#858);
#857 = CARTESIAN_POINT('',(147.073928,-84.400466,1.51));
#858 = VECTOR('',#859,1.);
#859 = DIRECTION('',(0.,0.,1.));
#860 = ORIENTED_EDGE('',*,*,#861,.F.);
#861 = EDGE_CURVE('',#822,#854,#862,.T.);
#862 = CIRCLE('',#863,18.005335486044);
#863 = AXIS2_PLACEMENT_3D('',#864,#865,#866);
#864 = CARTESIAN_POINT('',(152.40000238463,-101.6000310414,1.51));
#865 = DIRECTION('',(0.,0.,1.));
#866 = DIRECTION('',(-6.924416296507E-02,0.997599742329,0.));
#867 = CYLINDRICAL_SURFACE('',#868,18.005335486044);
#868 = AXIS2_PLACEMENT_3D('',#869,#870,#871);
#869 = CARTESIAN_POINT('',(152.40000238463,-101.6000310414,1.51));
#870 = DIRECTION('',(-0.,-0.,-1.));
#871 = DIRECTION('',(-6.924416296507E-02,0.997599742329,0.));
#872 = ADVANCED_FACE('',(#873),#898,.T.);
#873 = FACE_BOUND('',#874,.T.);
#874 = EDGE_LOOP('',(#875,#876,#884,#892));
#875 = ORIENTED_EDGE('',*,*,#853,.T.);
#876 = ORIENTED_EDGE('',*,*,#877,.T.);
#877 = EDGE_CURVE('',#845,#878,#880,.T.);
#878 = VERTEX_POINT('',#879);
#879 = CARTESIAN_POINT('',(146.884706,-84.463886,1.545));
#880 = LINE('',#881,#882);
#881 = CARTESIAN_POINT('',(147.073928,-84.400466,1.545));
#882 = VECTOR('',#883,1.);
#883 = DIRECTION('',(-0.948161889222,-0.317787715036,0.));
#884 = ORIENTED_EDGE('',*,*,#885,.F.);
#885 = EDGE_CURVE('',#886,#878,#888,.T.);
#886 = VERTEX_POINT('',#887);
#887 = CARTESIAN_POINT('',(146.884706,-84.463886,1.51));
#888 = LINE('',#889,#890);
#889 = CARTESIAN_POINT('',(146.884706,-84.463886,1.51));
#890 = VECTOR('',#891,1.);
#891 = DIRECTION('',(0.,0.,1.));
#892 = ORIENTED_EDGE('',*,*,#893,.F.);
#893 = EDGE_CURVE('',#854,#886,#894,.T.);
#894 = LINE('',#895,#896);
#895 = CARTESIAN_POINT('',(147.073928,-84.400466,1.51));
#896 = VECTOR('',#897,1.);
#897 = DIRECTION('',(-0.948161889222,-0.317787715036,0.));
#898 = PLANE('',#899);
#899 = AXIS2_PLACEMENT_3D('',#900,#901,#902);
#900 = CARTESIAN_POINT('',(147.073928,-84.400466,1.51));
#901 = DIRECTION('',(0.317787715036,-0.948161889222,0.));
#902 = DIRECTION('',(-0.948161889222,-0.317787715036,0.));
#903 = ADVANCED_FACE('',(#904),#931,.T.);
#904 = FACE_BOUND('',#905,.T.);
#905 = EDGE_LOOP('',(#906,#907,#916,#924));
#906 = ORIENTED_EDGE('',*,*,#885,.T.);
#907 = ORIENTED_EDGE('',*,*,#908,.T.);
#908 = EDGE_CURVE('',#878,#909,#911,.T.);
#909 = VERTEX_POINT('',#910);
#910 = CARTESIAN_POINT('',(146.726323,-84.381247,1.545));
#911 = CIRCLE('',#912,0.124000454413);
#912 = AXIS2_PLACEMENT_3D('',#913,#914,#915);
#913 = CARTESIAN_POINT('',(146.84530092043,-84.34631324635,1.545));
#914 = DIRECTION('',(-0.,0.,-1.));
#915 = DIRECTION('',(0.317781735163,-0.948163893426,-0.));
#916 = ORIENTED_EDGE('',*,*,#917,.F.);
#917 = EDGE_CURVE('',#918,#909,#920,.T.);
#918 = VERTEX_POINT('',#919);
#919 = CARTESIAN_POINT('',(146.726323,-84.381247,1.51));
#920 = LINE('',#921,#922);
#921 = CARTESIAN_POINT('',(146.726323,-84.381247,1.51));
#922 = VECTOR('',#923,1.);
#923 = DIRECTION('',(0.,0.,1.));
#924 = ORIENTED_EDGE('',*,*,#925,.F.);
#925 = EDGE_CURVE('',#886,#918,#926,.T.);
#926 = CIRCLE('',#927,0.124000454413);
#927 = AXIS2_PLACEMENT_3D('',#928,#929,#930);
#928 = CARTESIAN_POINT('',(146.84530092043,-84.34631324635,1.51));
#929 = DIRECTION('',(-0.,0.,-1.));
#930 = DIRECTION('',(0.317781735163,-0.948163893426,-0.));
#931 = CYLINDRICAL_SURFACE('',#932,0.124000454413);
#932 = AXIS2_PLACEMENT_3D('',#933,#934,#935);
#933 = CARTESIAN_POINT('',(146.84530092043,-84.34631324635,1.51));
#934 = DIRECTION('',(-0.,0.,-1.));
#935 = DIRECTION('',(0.317781735163,-0.948163893426,-0.));
#936 = ADVANCED_FACE('',(#937),#962,.T.);
#937 = FACE_BOUND('',#938,.T.);
#938 = EDGE_LOOP('',(#939,#940,#948,#956));
#939 = ORIENTED_EDGE('',*,*,#917,.T.);
#940 = ORIENTED_EDGE('',*,*,#941,.T.);
#941 = EDGE_CURVE('',#909,#942,#944,.T.);
#942 = VERTEX_POINT('',#943);
#943 = CARTESIAN_POINT('',(146.471921,-83.760635,1.545));
#944 = LINE('',#945,#946);
#945 = CARTESIAN_POINT('',(146.726323,-84.381247,1.545));
#946 = VECTOR('',#947,1.);
#947 = DIRECTION('',(-0.379290840938,0.925277503228,0.));
#948 = ORIENTED_EDGE('',*,*,#949,.F.);
#949 = EDGE_CURVE('',#950,#942,#952,.T.);
#950 = VERTEX_POINT('',#951);
#951 = CARTESIAN_POINT('',(146.471921,-83.760635,1.51));
#952 = LINE('',#953,#954);
#953 = CARTESIAN_POINT('',(146.471921,-83.760635,1.51));
#954 = VECTOR('',#955,1.);
#955 = DIRECTION('',(0.,0.,1.));
#956 = ORIENTED_EDGE('',*,*,#957,.F.);
#957 = EDGE_CURVE('',#918,#950,#958,.T.);
#958 = LINE('',#959,#960);
#959 = CARTESIAN_POINT('',(146.726323,-84.381247,1.51));
#960 = VECTOR('',#961,1.);
#961 = DIRECTION('',(-0.379290840938,0.925277503228,0.));
#962 = PLANE('',#963);
#963 = AXIS2_PLACEMENT_3D('',#964,#965,#966);
#964 = CARTESIAN_POINT('',(146.726323,-84.381247,1.51));
#965 = DIRECTION('',(-0.925277503228,-0.379290840938,0.));
#966 = DIRECTION('',(-0.379290840938,0.925277503228,0.));
#967 = ADVANCED_FACE('',(#968),#993,.T.);
#968 = FACE_BOUND('',#969,.T.);
#969 = EDGE_LOOP('',(#970,#971,#979,#987));
#970 = ORIENTED_EDGE('',*,*,#949,.T.);
#971 = ORIENTED_EDGE('',*,*,#972,.T.);
#972 = EDGE_CURVE('',#942,#973,#975,.T.);
#973 = VERTEX_POINT('',#974);
#974 = CARTESIAN_POINT('',(145.629015,-84.109779,1.545));
#975 = LINE('',#976,#977);
#976 = CARTESIAN_POINT('',(146.471921,-83.760635,1.545));
#977 = VECTOR('',#978,1.);
#978 = DIRECTION('',(-0.923879182585,-0.382684277161,0.));
#979 = ORIENTED_EDGE('',*,*,#980,.F.);
#980 = EDGE_CURVE('',#981,#973,#983,.T.);
#981 = VERTEX_POINT('',#982);
#982 = CARTESIAN_POINT('',(145.629015,-84.109779,1.51));
#983 = LINE('',#984,#985);
#984 = CARTESIAN_POINT('',(145.629015,-84.109779,1.51));
#985 = VECTOR('',#986,1.);
#986 = DIRECTION('',(0.,0.,1.));
#987 = ORIENTED_EDGE('',*,*,#988,.F.);
#988 = EDGE_CURVE('',#950,#981,#989,.T.);
#989 = LINE('',#990,#991);
#990 = CARTESIAN_POINT('',(146.471921,-83.760635,1.51));
#991 = VECTOR('',#992,1.);
#992 = DIRECTION('',(-0.923879182585,-0.382684277161,0.));
#993 = PLANE('',#994);
#994 = AXIS2_PLACEMENT_3D('',#995,#996,#997);
#995 = CARTESIAN_POINT('',(146.471921,-83.760635,1.51));
#996 = DIRECTION('',(0.382684277161,-0.923879182585,0.));
#997 = DIRECTION('',(-0.923879182585,-0.382684277161,0.));
#998 = ADVANCED_FACE('',(#999),#1026,.F.);
#999 = FACE_BOUND('',#1000,.T.);
#1000 = EDGE_LOOP('',(#1001,#1002,#1011,#1019));
#1001 = ORIENTED_EDGE('',*,*,#980,.T.);
#1002 = ORIENTED_EDGE('',*,*,#1003,.T.);
#1003 = EDGE_CURVE('',#973,#1004,#1006,.T.);
#1004 = VERTEX_POINT('',#1005);
#1005 = CARTESIAN_POINT('',(145.437672,-83.64784,1.545));
#1006 = CIRCLE('',#1007,0.502052410859);
#1007 = AXIS2_PLACEMENT_3D('',#1008,#1009,#1010);
#1008 = CARTESIAN_POINT('',(145.13110433216,-84.04542381291,1.545));
#1009 = DIRECTION('',(0.,0.,1.));
#1010 = DIRECTION('',(0.991750377183,-0.128184200889,0.));
#1011 = ORIENTED_EDGE('',*,*,#1012,.F.);
#1012 = EDGE_CURVE('',#1013,#1004,#1015,.T.);
#1013 = VERTEX_POINT('',#1014);
#1014 = CARTESIAN_POINT('',(145.437672,-83.64784,1.51));
#1015 = LINE('',#1016,#1017);
#1016 = CARTESIAN_POINT('',(145.437672,-83.64784,1.51));
#1017 = VECTOR('',#1018,1.);
#1018 = DIRECTION('',(0.,0.,1.));
#1019 = ORIENTED_EDGE('',*,*,#1020,.F.);
#1020 = EDGE_CURVE('',#981,#1013,#1021,.T.);
#1021 = CIRCLE('',#1022,0.502052410859);
#1022 = AXIS2_PLACEMENT_3D('',#1023,#1024,#1025);
#1023 = CARTESIAN_POINT('',(145.13110433216,-84.04542381291,1.51));
#1024 = DIRECTION('',(0.,0.,1.));
#1025 = DIRECTION('',(0.991750377183,-0.128184200889,0.));
#1026 = CYLINDRICAL_SURFACE('',#1027,0.502052410859);
#1027 = AXIS2_PLACEMENT_3D('',#1028,#1029,#1030);
#1028 = CARTESIAN_POINT('',(145.13110433216,-84.04542381291,1.51));
#1029 = DIRECTION('',(-0.,-0.,-1.));
#1030 = DIRECTION('',(0.991750377183,-0.128184200889,0.));
#1031 = ADVANCED_FACE('',(#1032),#1057,.T.);
#1032 = FACE_BOUND('',#1033,.T.);
#1033 = EDGE_LOOP('',(#1034,#1035,#1043,#1051));
#1034 = ORIENTED_EDGE('',*,*,#1012,.T.);
#1035 = ORIENTED_EDGE('',*,*,#1036,.T.);
#1036 = EDGE_CURVE('',#1004,#1037,#1039,.T.);
#1037 = VERTEX_POINT('',#1038);
#1038 = CARTESIAN_POINT('',(146.280581,-83.298695,1.545));
#1039 = LINE('',#1040,#1041);
#1040 = CARTESIAN_POINT('',(145.437672,-83.64784,1.545));
#1041 = VECTOR('',#1042,1.);
#1042 = DIRECTION('',(0.923879276614,0.382684050156,0.));
#1043 = ORIENTED_EDGE('',*,*,#1044,.F.);
#1044 = EDGE_CURVE('',#1045,#1037,#1047,.T.);
#1045 = VERTEX_POINT('',#1046);
#1046 = CARTESIAN_POINT('',(146.280581,-83.298695,1.51));
#1047 = LINE('',#1048,#1049);
#1048 = CARTESIAN_POINT('',(146.280581,-83.298695,1.51));
#1049 = VECTOR('',#1050,1.);
#1050 = DIRECTION('',(0.,0.,1.));
#1051 = ORIENTED_EDGE('',*,*,#1052,.F.);
#1052 = EDGE_CURVE('',#1013,#1045,#1053,.T.);
#1053 = LINE('',#1054,#1055);
#1054 = CARTESIAN_POINT('',(145.437672,-83.64784,1.51));
#1055 = VECTOR('',#1056,1.);
#1056 = DIRECTION('',(0.923879276614,0.382684050156,0.));
#1057 = PLANE('',#1058);
#1058 = AXIS2_PLACEMENT_3D('',#1059,#1060,#1061);
#1059 = CARTESIAN_POINT('',(145.437672,-83.64784,1.51));
#1060 = DIRECTION('',(-0.382684050156,0.923879276614,0.));
#1061 = DIRECTION('',(0.923879276614,0.382684050156,0.));
#1062 = ADVANCED_FACE('',(#1063),#1088,.T.);
#1063 = FACE_BOUND('',#1064,.T.);
#1064 = EDGE_LOOP('',(#1065,#1066,#1074,#1082));
#1065 = ORIENTED_EDGE('',*,*,#1044,.T.);
#1066 = ORIENTED_EDGE('',*,*,#1067,.T.);
#1067 = EDGE_CURVE('',#1037,#1068,#1070,.T.);
#1068 = VERTEX_POINT('',#1069);
#1069 = CARTESIAN_POINT('',(146.063337,-82.774222,1.545));
#1070 = LINE('',#1071,#1072);
#1071 = CARTESIAN_POINT('',(146.280581,-83.298695,1.545));
#1072 = VECTOR('',#1073,1.);
#1073 = DIRECTION('',(-0.382683688425,0.923879426448,0.));
#1074 = ORIENTED_EDGE('',*,*,#1075,.F.);
#1075 = EDGE_CURVE('',#1076,#1068,#1078,.T.);
#1076 = VERTEX_POINT('',#1077);
#1077 = CARTESIAN_POINT('',(146.063337,-82.774222,1.51));
#1078 = LINE('',#1079,#1080);
#1079 = CARTESIAN_POINT('',(146.063337,-82.774222,1.51));
#1080 = VECTOR('',#1081,1.);
#1081 = DIRECTION('',(0.,0.,1.));
#1082 = ORIENTED_EDGE('',*,*,#1083,.F.);
#1083 = EDGE_CURVE('',#1045,#1076,#1084,.T.);
#1084 = LINE('',#1085,#1086);
#1085 = CARTESIAN_POINT('',(146.280581,-83.298695,1.51));
#1086 = VECTOR('',#1087,1.);
#1087 = DIRECTION('',(-0.382683688425,0.923879426448,0.));
#1088 = PLANE('',#1089);
#1089 = AXIS2_PLACEMENT_3D('',#1090,#1091,#1092);
#1090 = CARTESIAN_POINT('',(146.280581,-83.298695,1.51));
#1091 = DIRECTION('',(-0.923879426448,-0.382683688425,0.));
#1092 = DIRECTION('',(-0.382683688425,0.923879426448,0.));
#1093 = ADVANCED_FACE('',(#1094),#1121,.T.);
#1094 = FACE_BOUND('',#1095,.T.);
#1095 = EDGE_LOOP('',(#1096,#1097,#1106,#1114));
#1096 = ORIENTED_EDGE('',*,*,#1075,.T.);
#1097 = ORIENTED_EDGE('',*,*,#1098,.T.);
#1098 = EDGE_CURVE('',#1068,#1099,#1101,.T.);
#1099 = VERTEX_POINT('',#1100);
#1100 = CARTESIAN_POINT('',(146.140605,-82.608511,1.545));
#1101 = CIRCLE('',#1102,0.123998026928);
#1102 = AXIS2_PLACEMENT_3D('',#1103,#1104,#1105);
#1103 = CARTESIAN_POINT('',(146.17789574478,-82.72676881596,1.545));
#1104 = DIRECTION('',(0.,0.,-1.));
#1105 = DIRECTION('',(-0.92387554562,-0.38269305743,-0.));
#1106 = ORIENTED_EDGE('',*,*,#1107,.F.);
#1107 = EDGE_CURVE('',#1108,#1099,#1110,.T.);
#1108 = VERTEX_POINT('',#1109);
#1109 = CARTESIAN_POINT('',(146.140605,-82.608511,1.51));
#1110 = LINE('',#1111,#1112);
#1111 = CARTESIAN_POINT('',(146.140605,-82.608511,1.51));
#1112 = VECTOR('',#1113,1.);
#1113 = DIRECTION('',(0.,0.,1.));
#1114 = ORIENTED_EDGE('',*,*,#1115,.F.);
#1115 = EDGE_CURVE('',#1076,#1108,#1116,.T.);
#1116 = CIRCLE('',#1117,0.123998026928);
#1117 = AXIS2_PLACEMENT_3D('',#1118,#1119,#1120);
#1118 = CARTESIAN_POINT('',(146.17789574478,-82.72676881596,1.51));
#1119 = DIRECTION('',(0.,0.,-1.));
#1120 = DIRECTION('',(-0.92387554562,-0.38269305743,-0.));
#1121 = CYLINDRICAL_SURFACE('',#1122,0.123998026928);
#1122 = AXIS2_PLACEMENT_3D('',#1123,#1124,#1125);
#1123 = CARTESIAN_POINT('',(146.17789574478,-82.72676881596,1.51));
#1124 = DIRECTION('',(0.,0.,-1.));
#1125 = DIRECTION('',(-0.92387554562,-0.38269305743,-0.));
#1126 = ADVANCED_FACE('',(#1127),#1143,.T.);
#1127 = FACE_BOUND('',#1128,.T.);
#1128 = EDGE_LOOP('',(#1129,#1130,#1136,#1137));
#1129 = ORIENTED_EDGE('',*,*,#1107,.T.);
#1130 = ORIENTED_EDGE('',*,*,#1131,.T.);
#1131 = EDGE_CURVE('',#1099,#645,#1132,.T.);
#1132 = LINE('',#1133,#1134);
#1133 = CARTESIAN_POINT('',(146.140605,-82.608511,1.545));
#1134 = VECTOR('',#1135,1.);
#1135 = DIRECTION('',(0.953734083368,0.300651456378,0.));
#1136 = ORIENTED_EDGE('',*,*,#642,.F.);
#1137 = ORIENTED_EDGE('',*,*,#1138,.F.);
#1138 = EDGE_CURVE('',#1108,#643,#1139,.T.);
#1139 = LINE('',#1140,#1141);
#1140 = CARTESIAN_POINT('',(146.140605,-82.608511,1.51));
#1141 = VECTOR('',#1142,1.);
#1142 = DIRECTION('',(0.953734083368,0.300651456378,0.));
#1143 = PLANE('',#1144);
#1144 = AXIS2_PLACEMENT_3D('',#1145,#1146,#1147);
#1145 = CARTESIAN_POINT('',(146.140605,-82.608511,1.51));
#1146 = DIRECTION('',(-0.300651456378,0.953734083368,0.));
#1147 = DIRECTION('',(0.953734083368,0.300651456378,0.));
#1148 = ADVANCED_FACE('',(#1149),#1167,.F.);
#1149 = FACE_BOUND('',#1150,.T.);
#1150 = EDGE_LOOP('',(#1151,#1152,#1153,#1154,#1155,#1156,#1157,#1158,
    #1159,#1160,#1161,#1162,#1163,#1164,#1165,#1166));
#1151 = ORIENTED_EDGE('',*,*,#669,.T.);
#1152 = ORIENTED_EDGE('',*,*,#701,.T.);
#1153 = ORIENTED_EDGE('',*,*,#733,.T.);
#1154 = ORIENTED_EDGE('',*,*,#765,.T.);
#1155 = ORIENTED_EDGE('',*,*,#797,.T.);
#1156 = ORIENTED_EDGE('',*,*,#829,.T.);
#1157 = ORIENTED_EDGE('',*,*,#861,.T.);
#1158 = ORIENTED_EDGE('',*,*,#893,.T.);
#1159 = ORIENTED_EDGE('',*,*,#925,.T.);
#1160 = ORIENTED_EDGE('',*,*,#957,.T.);
#1161 = ORIENTED_EDGE('',*,*,#988,.T.);
#1162 = ORIENTED_EDGE('',*,*,#1020,.T.);
#1163 = ORIENTED_EDGE('',*,*,#1052,.T.);
#1164 = ORIENTED_EDGE('',*,*,#1083,.T.);
#1165 = ORIENTED_EDGE('',*,*,#1115,.T.);
#1166 = ORIENTED_EDGE('',*,*,#1138,.T.);
#1167 = PLANE('',#1168);
#1168 = AXIS2_PLACEMENT_3D('',#1169,#1170,#1171);
#1169 = CARTESIAN_POINT('',(0.,0.,1.51));
#1170 = DIRECTION('',(0.,0.,1.));
#1171 = DIRECTION('',(1.,0.,-0.));
#1172 = ADVANCED_FACE('',(#1173),#1191,.T.);
#1173 = FACE_BOUND('',#1174,.F.);
#1174 = EDGE_LOOP('',(#1175,#1176,#1177,#1178,#1179,#1180,#1181,#1182,
    #1183,#1184,#1185,#1186,#1187,#1188,#1189,#1190));
#1175 = ORIENTED_EDGE('',*,*,#652,.T.);
#1176 = ORIENTED_EDGE('',*,*,#685,.T.);
#1177 = ORIENTED_EDGE('',*,*,#716,.T.);
#1178 = ORIENTED_EDGE('',*,*,#749,.T.);
#1179 = ORIENTED_EDGE('',*,*,#780,.T.);
#1180 = ORIENTED_EDGE('',*,*,#813,.T.);
#1181 = ORIENTED_EDGE('',*,*,#844,.T.);
#1182 = ORIENTED_EDGE('',*,*,#877,.T.);
#1183 = ORIENTED_EDGE('',*,*,#908,.T.);
#1184 = ORIENTED_EDGE('',*,*,#941,.T.);
#1185 = ORIENTED_EDGE('',*,*,#972,.T.);
#1186 = ORIENTED_EDGE('',*,*,#1003,.T.);
#1187 = ORIENTED_EDGE('',*,*,#1036,.T.);
#1188 = ORIENTED_EDGE('',*,*,#1067,.T.);
#1189 = ORIENTED_EDGE('',*,*,#1098,.T.);
#1190 = ORIENTED_EDGE('',*,*,#1131,.T.);
#1191 = PLANE('',#1192);
#1192 = AXIS2_PLACEMENT_3D('',#1193,#1194,#1195);
#1193 = CARTESIAN_POINT('',(0.,0.,1.545));
#1194 = DIRECTION('',(0.,0.,1.));
#1195 = DIRECTION('',(1.,0.,-0.));
#1196 = MANIFOLD_SOLID_BREP('',#1197);
#1197 = CLOSED_SHELL('',(#1198,#1240,#1271,#1302,#1335,#1366,#1397,#1430
    ,#1461,#1494,#1525,#1556,#1587,#1618,#1651,#1682,#1715,#1737,#1762)
  );
#1198 = ADVANCED_FACE('',(#1199),#1235,.T.);
#1199 = FACE_BOUND('',#1200,.T.);
#1200 = EDGE_LOOP('',(#1201,#1211,#1220,#1228));
#1201 = ORIENTED_EDGE('',*,*,#1202,.T.);
#1202 = EDGE_CURVE('',#1203,#1205,#1207,.T.);
#1203 = VERTEX_POINT('',#1204);
#1204 = CARTESIAN_POINT('',(133.408511,-95.340605,1.51));
#1205 = VERTEX_POINT('',#1206);
#1206 = CARTESIAN_POINT('',(133.408511,-95.340605,1.545));
#1207 = LINE('',#1208,#1209);
#1208 = CARTESIAN_POINT('',(133.408511,-95.340605,1.51));
#1209 = VECTOR('',#1210,1.);
#1210 = DIRECTION('',(0.,0.,1.));
#1211 = ORIENTED_EDGE('',*,*,#1212,.T.);
#1212 = EDGE_CURVE('',#1205,#1213,#1215,.T.);
#1213 = VERTEX_POINT('',#1214);
#1214 = CARTESIAN_POINT('',(133.574222,-95.263337,1.545));
#1215 = CIRCLE('',#1216,0.123997981426);
#1216 = AXIS2_PLACEMENT_3D('',#1217,#1218,#1219);
#1217 = CARTESIAN_POINT('',(133.52676878749,-95.37789568374,1.545));
#1218 = DIRECTION('',(0.,0.,-1.));
#1219 = DIRECTION('',(-0.953707359888,0.300736216134,0.));
#1220 = ORIENTED_EDGE('',*,*,#1221,.F.);
#1221 = EDGE_CURVE('',#1222,#1213,#1224,.T.);
#1222 = VERTEX_POINT('',#1223);
#1223 = CARTESIAN_POINT('',(133.574222,-95.263337,1.51));
#1224 = LINE('',#1225,#1226);
#1225 = CARTESIAN_POINT('',(133.574222,-95.263337,1.51));
#1226 = VECTOR('',#1227,1.);
#1227 = DIRECTION('',(0.,0.,1.));
#1228 = ORIENTED_EDGE('',*,*,#1229,.F.);
#1229 = EDGE_CURVE('',#1203,#1222,#1230,.T.);
#1230 = CIRCLE('',#1231,0.123997981426);
#1231 = AXIS2_PLACEMENT_3D('',#1232,#1233,#1234);
#1232 = CARTESIAN_POINT('',(133.52676878749,-95.37789568374,1.51));
#1233 = DIRECTION('',(0.,0.,-1.));
#1234 = DIRECTION('',(-0.953707359888,0.300736216134,0.));
#1235 = CYLINDRICAL_SURFACE('',#1236,0.123997981426);
#1236 = AXIS2_PLACEMENT_3D('',#1237,#1238,#1239);
#1237 = CARTESIAN_POINT('',(133.52676878749,-95.37789568374,1.51));
#1238 = DIRECTION('',(0.,0.,-1.));
#1239 = DIRECTION('',(-0.953707359888,0.300736216134,0.));
#1240 = ADVANCED_FACE('',(#1241),#1266,.T.);
#1241 = FACE_BOUND('',#1242,.T.);
#1242 = EDGE_LOOP('',(#1243,#1244,#1252,#1260));
#1243 = ORIENTED_EDGE('',*,*,#1221,.T.);
#1244 = ORIENTED_EDGE('',*,*,#1245,.T.);
#1245 = EDGE_CURVE('',#1213,#1246,#1248,.T.);
#1246 = VERTEX_POINT('',#1247);
#1247 = CARTESIAN_POINT('',(134.098695,-95.480581,1.545));
#1248 = LINE('',#1249,#1250);
#1249 = CARTESIAN_POINT('',(133.574222,-95.263337,1.545));
#1250 = VECTOR('',#1251,1.);
#1251 = DIRECTION('',(0.923879426448,-0.382683688425,0.));
#1252 = ORIENTED_EDGE('',*,*,#1253,.F.);
#1253 = EDGE_CURVE('',#1254,#1246,#1256,.T.);
#1254 = VERTEX_POINT('',#1255);
#1255 = CARTESIAN_POINT('',(134.098695,-95.480581,1.51));
#1256 = LINE('',#1257,#1258);
#1257 = CARTESIAN_POINT('',(134.098695,-95.480581,1.51));
#1258 = VECTOR('',#1259,1.);
#1259 = DIRECTION('',(0.,0.,1.));
#1260 = ORIENTED_EDGE('',*,*,#1261,.F.);
#1261 = EDGE_CURVE('',#1222,#1254,#1262,.T.);
#1262 = LINE('',#1263,#1264);
#1263 = CARTESIAN_POINT('',(133.574222,-95.263337,1.51));
#1264 = VECTOR('',#1265,1.);
#1265 = DIRECTION('',(0.923879426448,-0.382683688425,0.));
#1266 = PLANE('',#1267);
#1267 = AXIS2_PLACEMENT_3D('',#1268,#1269,#1270);
#1268 = CARTESIAN_POINT('',(133.574222,-95.263337,1.51));
#1269 = DIRECTION('',(0.382683688425,0.923879426448,-0.));
#1270 = DIRECTION('',(0.923879426448,-0.382683688425,0.));
#1271 = ADVANCED_FACE('',(#1272),#1297,.T.);
#1272 = FACE_BOUND('',#1273,.T.);
#1273 = EDGE_LOOP('',(#1274,#1275,#1283,#1291));
#1274 = ORIENTED_EDGE('',*,*,#1253,.T.);
#1275 = ORIENTED_EDGE('',*,*,#1276,.T.);
#1276 = EDGE_CURVE('',#1246,#1277,#1279,.T.);
#1277 = VERTEX_POINT('',#1278);
#1278 = CARTESIAN_POINT('',(134.44784,-94.637672,1.545));
#1279 = LINE('',#1280,#1281);
#1280 = CARTESIAN_POINT('',(134.098695,-95.480581,1.545));
#1281 = VECTOR('',#1282,1.);
#1282 = DIRECTION('',(0.382684050156,0.923879276614,0.));
#1283 = ORIENTED_EDGE('',*,*,#1284,.F.);
#1284 = EDGE_CURVE('',#1285,#1277,#1287,.T.);
#1285 = VERTEX_POINT('',#1286);
#1286 = CARTESIAN_POINT('',(134.44784,-94.637672,1.51));
#1287 = LINE('',#1288,#1289);
#1288 = CARTESIAN_POINT('',(134.44784,-94.637672,1.51));
#1289 = VECTOR('',#1290,1.);
#1290 = DIRECTION('',(0.,0.,1.));
#1291 = ORIENTED_EDGE('',*,*,#1292,.F.);
#1292 = EDGE_CURVE('',#1254,#1285,#1293,.T.);
#1293 = LINE('',#1294,#1295);
#1294 = CARTESIAN_POINT('',(134.098695,-95.480581,1.51));
#1295 = VECTOR('',#1296,1.);
#1296 = DIRECTION('',(0.382684050156,0.923879276614,0.));
#1297 = PLANE('',#1298);
#1298 = AXIS2_PLACEMENT_3D('',#1299,#1300,#1301);
#1299 = CARTESIAN_POINT('',(134.098695,-95.480581,1.51));
#1300 = DIRECTION('',(-0.923879276614,0.382684050156,0.));
#1301 = DIRECTION('',(0.382684050156,0.923879276614,0.));
#1302 = ADVANCED_FACE('',(#1303),#1330,.F.);
#1303 = FACE_BOUND('',#1304,.T.);
#1304 = EDGE_LOOP('',(#1305,#1306,#1315,#1323));
#1305 = ORIENTED_EDGE('',*,*,#1284,.T.);
#1306 = ORIENTED_EDGE('',*,*,#1307,.T.);
#1307 = EDGE_CURVE('',#1277,#1308,#1310,.T.);
#1308 = VERTEX_POINT('',#1309);
#1309 = CARTESIAN_POINT('',(134.90978,-94.829015,1.545));
#1310 = CIRCLE('',#1311,0.502052893492);
#1311 = AXIS2_PLACEMENT_3D('',#1312,#1313,#1314);
#1312 = CARTESIAN_POINT('',(134.84542411652,-94.33110393552,1.545));
#1313 = DIRECTION('',(0.,0.,1.));
#1314 = DIRECTION('',(-0.791916791384,-0.61062901628,0.));
#1315 = ORIENTED_EDGE('',*,*,#1316,.F.);
#1316 = EDGE_CURVE('',#1317,#1308,#1319,.T.);
#1317 = VERTEX_POINT('',#1318);
#1318 = CARTESIAN_POINT('',(134.90978,-94.829015,1.51));
#1319 = LINE('',#1320,#1321);
#1320 = CARTESIAN_POINT('',(134.90978,-94.829015,1.51));
#1321 = VECTOR('',#1322,1.);
#1322 = DIRECTION('',(0.,0.,1.));
#1323 = ORIENTED_EDGE('',*,*,#1324,.F.);
#1324 = EDGE_CURVE('',#1285,#1317,#1325,.T.);
#1325 = CIRCLE('',#1326,0.502052893492);
#1326 = AXIS2_PLACEMENT_3D('',#1327,#1328,#1329);
#1327 = CARTESIAN_POINT('',(134.84542411652,-94.33110393552,1.51));
#1328 = DIRECTION('',(0.,0.,1.));
#1329 = DIRECTION('',(-0.791916791384,-0.61062901628,0.));
#1330 = CYLINDRICAL_SURFACE('',#1331,0.502052893492);
#1331 = AXIS2_PLACEMENT_3D('',#1332,#1333,#1334);
#1332 = CARTESIAN_POINT('',(134.84542411652,-94.33110393552,1.51));
#1333 = DIRECTION('',(-0.,-0.,-1.));
#1334 = DIRECTION('',(-0.791916791384,-0.61062901628,0.));
#1335 = ADVANCED_FACE('',(#1336),#1361,.T.);
#1336 = FACE_BOUND('',#1337,.T.);
#1337 = EDGE_LOOP('',(#1338,#1339,#1347,#1355));
#1338 = ORIENTED_EDGE('',*,*,#1316,.T.);
#1339 = ORIENTED_EDGE('',*,*,#1340,.T.);
#1340 = EDGE_CURVE('',#1308,#1341,#1343,.T.);
#1341 = VERTEX_POINT('',#1342);
#1342 = CARTESIAN_POINT('',(134.560635,-95.671921,1.545));
#1343 = LINE('',#1344,#1345);
#1344 = CARTESIAN_POINT('',(134.90978,-94.829015,1.545));
#1345 = VECTOR('',#1346,1.);
#1346 = DIRECTION('',(-0.382685212709,-0.923878795067,0.));
#1347 = ORIENTED_EDGE('',*,*,#1348,.F.);
#1348 = EDGE_CURVE('',#1349,#1341,#1351,.T.);
#1349 = VERTEX_POINT('',#1350);
#1350 = CARTESIAN_POINT('',(134.560635,-95.671921,1.51));
#1351 = LINE('',#1352,#1353);
#1352 = CARTESIAN_POINT('',(134.560635,-95.671921,1.51));
#1353 = VECTOR('',#1354,1.);
#1354 = DIRECTION('',(0.,0.,1.));
#1355 = ORIENTED_EDGE('',*,*,#1356,.F.);
#1356 = EDGE_CURVE('',#1317,#1349,#1357,.T.);
#1357 = LINE('',#1358,#1359);
#1358 = CARTESIAN_POINT('',(134.90978,-94.829015,1.51));
#1359 = VECTOR('',#1360,1.);
#1360 = DIRECTION('',(-0.382685212709,-0.923878795067,0.));
#1361 = PLANE('',#1362);
#1362 = AXIS2_PLACEMENT_3D('',#1363,#1364,#1365);
#1363 = CARTESIAN_POINT('',(134.90978,-94.829015,1.51));
#1364 = DIRECTION('',(0.923878795067,-0.382685212709,0.));
#1365 = DIRECTION('',(-0.382685212709,-0.923878795067,0.));
#1366 = ADVANCED_FACE('',(#1367),#1392,.T.);
#1367 = FACE_BOUND('',#1368,.T.);
#1368 = EDGE_LOOP('',(#1369,#1370,#1378,#1386));
#1369 = ORIENTED_EDGE('',*,*,#1348,.T.);
#1370 = ORIENTED_EDGE('',*,*,#1371,.T.);
#1371 = EDGE_CURVE('',#1341,#1372,#1374,.T.);
#1372 = VERTEX_POINT('',#1373);
#1373 = CARTESIAN_POINT('',(135.181247,-95.926323,1.545));
#1374 = LINE('',#1375,#1376);
#1375 = CARTESIAN_POINT('',(134.560635,-95.671921,1.545));
#1376 = VECTOR('',#1377,1.);
#1377 = DIRECTION('',(0.925277503228,-0.379290840938,0.));
#1378 = ORIENTED_EDGE('',*,*,#1379,.F.);
#1379 = EDGE_CURVE('',#1380,#1372,#1382,.T.);
#1380 = VERTEX_POINT('',#1381);
#1381 = CARTESIAN_POINT('',(135.181247,-95.926323,1.51));
#1382 = LINE('',#1383,#1384);
#1383 = CARTESIAN_POINT('',(135.181247,-95.926323,1.51));
#1384 = VECTOR('',#1385,1.);
#1385 = DIRECTION('',(0.,0.,1.));
#1386 = ORIENTED_EDGE('',*,*,#1387,.F.);
#1387 = EDGE_CURVE('',#1349,#1380,#1388,.T.);
#1388 = LINE('',#1389,#1390);
#1389 = CARTESIAN_POINT('',(134.560635,-95.671921,1.51));
#1390 = VECTOR('',#1391,1.);
#1391 = DIRECTION('',(0.925277503228,-0.379290840938,0.));
#1392 = PLANE('',#1393);
#1393 = AXIS2_PLACEMENT_3D('',#1394,#1395,#1396);
#1394 = CARTESIAN_POINT('',(134.560635,-95.671921,1.51));
#1395 = DIRECTION('',(0.379290840938,0.925277503228,-0.));
#1396 = DIRECTION('',(0.925277503228,-0.379290840938,0.));
#1397 = ADVANCED_FACE('',(#1398),#1425,.T.);
#1398 = FACE_BOUND('',#1399,.T.);
#1399 = EDGE_LOOP('',(#1400,#1401,#1410,#1418));
#1400 = ORIENTED_EDGE('',*,*,#1379,.T.);
#1401 = ORIENTED_EDGE('',*,*,#1402,.T.);
#1402 = EDGE_CURVE('',#1372,#1403,#1405,.T.);
#1403 = VERTEX_POINT('',#1404);
#1404 = CARTESIAN_POINT('',(135.263886,-96.084706,1.545));
#1405 = CIRCLE('',#1406,0.124000011924);
#1406 = AXIS2_PLACEMENT_3D('',#1407,#1408,#1409);
#1407 = CARTESIAN_POINT('',(135.14631381194,-96.04530062533,1.545));
#1408 = DIRECTION('',(0.,0.,-1.));
#1409 = DIRECTION('',(0.281719231426,0.959496886209,0.));
#1410 = ORIENTED_EDGE('',*,*,#1411,.F.);
#1411 = EDGE_CURVE('',#1412,#1403,#1414,.T.);
#1412 = VERTEX_POINT('',#1413);
#1413 = CARTESIAN_POINT('',(135.263886,-96.084706,1.51));
#1414 = LINE('',#1415,#1416);
#1415 = CARTESIAN_POINT('',(135.263886,-96.084706,1.51));
#1416 = VECTOR('',#1417,1.);
#1417 = DIRECTION('',(0.,0.,1.));
#1418 = ORIENTED_EDGE('',*,*,#1419,.F.);
#1419 = EDGE_CURVE('',#1380,#1412,#1420,.T.);
#1420 = CIRCLE('',#1421,0.124000011924);
#1421 = AXIS2_PLACEMENT_3D('',#1422,#1423,#1424);
#1422 = CARTESIAN_POINT('',(135.14631381194,-96.04530062533,1.51));
#1423 = DIRECTION('',(0.,0.,-1.));
#1424 = DIRECTION('',(0.281719231426,0.959496886209,0.));
#1425 = CYLINDRICAL_SURFACE('',#1426,0.124000011924);
#1426 = AXIS2_PLACEMENT_3D('',#1427,#1428,#1429);
#1427 = CARTESIAN_POINT('',(135.14631381194,-96.04530062533,1.51));
#1428 = DIRECTION('',(0.,0.,-1.));
#1429 = DIRECTION('',(0.281719231426,0.959496886209,0.));
#1430 = ADVANCED_FACE('',(#1431),#1456,.T.);
#1431 = FACE_BOUND('',#1432,.T.);
#1432 = EDGE_LOOP('',(#1433,#1434,#1442,#1450));
#1433 = ORIENTED_EDGE('',*,*,#1411,.T.);
#1434 = ORIENTED_EDGE('',*,*,#1435,.T.);
#1435 = EDGE_CURVE('',#1403,#1436,#1438,.T.);
#1436 = VERTEX_POINT('',#1437);
#1437 = CARTESIAN_POINT('',(135.200466,-96.273928,1.545));
#1438 = LINE('',#1439,#1440);
#1439 = CARTESIAN_POINT('',(135.263886,-96.084706,1.545));
#1440 = VECTOR('',#1441,1.);
#1441 = DIRECTION('',(-0.317787715036,-0.948161889222,0.));
#1442 = ORIENTED_EDGE('',*,*,#1443,.F.);
#1443 = EDGE_CURVE('',#1444,#1436,#1446,.T.);
#1444 = VERTEX_POINT('',#1445);
#1445 = CARTESIAN_POINT('',(135.200466,-96.273928,1.51));
#1446 = LINE('',#1447,#1448);
#1447 = CARTESIAN_POINT('',(135.200466,-96.273928,1.51));
#1448 = VECTOR('',#1449,1.);
#1449 = DIRECTION('',(0.,0.,1.));
#1450 = ORIENTED_EDGE('',*,*,#1451,.F.);
#1451 = EDGE_CURVE('',#1412,#1444,#1452,.T.);
#1452 = LINE('',#1453,#1454);
#1453 = CARTESIAN_POINT('',(135.263886,-96.084706,1.51));
#1454 = VECTOR('',#1455,1.);
#1455 = DIRECTION('',(-0.317787715036,-0.948161889222,0.));
#1456 = PLANE('',#1457);
#1457 = AXIS2_PLACEMENT_3D('',#1458,#1459,#1460);
#1458 = CARTESIAN_POINT('',(135.263886,-96.084706,1.51));
#1459 = DIRECTION('',(0.948161889222,-0.317787715036,0.));
#1460 = DIRECTION('',(-0.317787715036,-0.948161889222,0.));
#1461 = ADVANCED_FACE('',(#1462),#1489,.F.);
#1462 = FACE_BOUND('',#1463,.T.);
#1463 = EDGE_LOOP('',(#1464,#1465,#1474,#1482));
#1464 = ORIENTED_EDGE('',*,*,#1443,.T.);
#1465 = ORIENTED_EDGE('',*,*,#1466,.T.);
#1466 = EDGE_CURVE('',#1436,#1467,#1469,.T.);
#1467 = VERTEX_POINT('',#1468);
#1468 = CARTESIAN_POINT('',(134.3995,-101.226,1.545));
#1469 = CIRCLE('',#1470,17.958693373701);
#1470 = AXIS2_PLACEMENT_3D('',#1471,#1472,#1473);
#1471 = CARTESIAN_POINT('',(152.35451830473,-101.589297904,1.545));
#1472 = DIRECTION('',(0.,0.,1.));
#1473 = DIRECTION('',(-0.955194899082,0.295977540985,0.));
#1474 = ORIENTED_EDGE('',*,*,#1475,.F.);
#1475 = EDGE_CURVE('',#1476,#1467,#1478,.T.);
#1476 = VERTEX_POINT('',#1477);
#1477 = CARTESIAN_POINT('',(134.3995,-101.226,1.51));
#1478 = LINE('',#1479,#1480);
#1479 = CARTESIAN_POINT('',(134.3995,-101.226,1.51));
#1480 = VECTOR('',#1481,1.);
#1481 = DIRECTION('',(0.,0.,1.));
#1482 = ORIENTED_EDGE('',*,*,#1483,.F.);
#1483 = EDGE_CURVE('',#1444,#1476,#1484,.T.);
#1484 = CIRCLE('',#1485,17.958693373701);
#1485 = AXIS2_PLACEMENT_3D('',#1486,#1487,#1488);
#1486 = CARTESIAN_POINT('',(152.35451830473,-101.589297904,1.51));
#1487 = DIRECTION('',(0.,0.,1.));
#1488 = DIRECTION('',(-0.955194899082,0.295977540985,0.));
#1489 = CYLINDRICAL_SURFACE('',#1490,17.958693373701);
#1490 = AXIS2_PLACEMENT_3D('',#1491,#1492,#1493);
#1491 = CARTESIAN_POINT('',(152.35451830473,-101.589297904,1.51));
#1492 = DIRECTION('',(-0.,-0.,-1.));
#1493 = DIRECTION('',(-0.955194899082,0.295977540985,0.));
#1494 = ADVANCED_FACE('',(#1495),#1520,.T.);
#1495 = FACE_BOUND('',#1496,.T.);
#1496 = EDGE_LOOP('',(#1497,#1498,#1506,#1514));
#1497 = ORIENTED_EDGE('',*,*,#1475,.T.);
#1498 = ORIENTED_EDGE('',*,*,#1499,.T.);
#1499 = EDGE_CURVE('',#1467,#1500,#1502,.T.);
#1500 = VERTEX_POINT('',#1501);
#1501 = CARTESIAN_POINT('',(134.379815,-101.293039,1.545));
#1502 = LINE('',#1503,#1504);
#1503 = CARTESIAN_POINT('',(134.3995,-101.226,1.545));
#1504 = VECTOR('',#1505,1.);
#1505 = DIRECTION('',(-0.281740114025,-0.959490754593,0.));
#1506 = ORIENTED_EDGE('',*,*,#1507,.F.);
#1507 = EDGE_CURVE('',#1508,#1500,#1510,.T.);
#1508 = VERTEX_POINT('',#1509);
#1509 = CARTESIAN_POINT('',(134.379815,-101.293039,1.51));
#1510 = LINE('',#1511,#1512);
#1511 = CARTESIAN_POINT('',(134.379815,-101.293039,1.51));
#1512 = VECTOR('',#1513,1.);
#1513 = DIRECTION('',(0.,0.,1.));
#1514 = ORIENTED_EDGE('',*,*,#1515,.F.);
#1515 = EDGE_CURVE('',#1476,#1508,#1516,.T.);
#1516 = LINE('',#1517,#1518);
#1517 = CARTESIAN_POINT('',(134.3995,-101.226,1.51));
#1518 = VECTOR('',#1519,1.);
#1519 = DIRECTION('',(-0.281740114025,-0.959490754593,0.));
#1520 = PLANE('',#1521);
#1521 = AXIS2_PLACEMENT_3D('',#1522,#1523,#1524);
#1522 = CARTESIAN_POINT('',(134.3995,-101.226,1.51));
#1523 = DIRECTION('',(0.959490754593,-0.281740114025,0.));
#1524 = DIRECTION('',(-0.281740114025,-0.959490754593,0.));
#1525 = ADVANCED_FACE('',(#1526),#1551,.T.);
#1526 = FACE_BOUND('',#1527,.T.);
#1527 = EDGE_LOOP('',(#1528,#1529,#1537,#1545));
#1528 = ORIENTED_EDGE('',*,*,#1507,.T.);
#1529 = ORIENTED_EDGE('',*,*,#1530,.T.);
#1530 = EDGE_CURVE('',#1500,#1531,#1533,.T.);
#1531 = VERTEX_POINT('',#1532);
#1532 = CARTESIAN_POINT('',(134.327011,-101.338794,1.545));
#1533 = LINE('',#1534,#1535);
#1534 = CARTESIAN_POINT('',(134.379815,-101.293039,1.545));
#1535 = VECTOR('',#1536,1.);
#1536 = DIRECTION('',(-0.755749053432,-0.654861335122,0.));
#1537 = ORIENTED_EDGE('',*,*,#1538,.F.);
#1538 = EDGE_CURVE('',#1539,#1531,#1541,.T.);
#1539 = VERTEX_POINT('',#1540);
#1540 = CARTESIAN_POINT('',(134.327011,-101.338794,1.51));
#1541 = LINE('',#1542,#1543);
#1542 = CARTESIAN_POINT('',(134.327011,-101.338794,1.51));
#1543 = VECTOR('',#1544,1.);
#1544 = DIRECTION('',(0.,0.,1.));
#1545 = ORIENTED_EDGE('',*,*,#1546,.F.);
#1546 = EDGE_CURVE('',#1508,#1539,#1547,.T.);
#1547 = LINE('',#1548,#1549);
#1548 = CARTESIAN_POINT('',(134.379815,-101.293039,1.51));
#1549 = VECTOR('',#1550,1.);
#1550 = DIRECTION('',(-0.755749053432,-0.654861335122,0.));
#1551 = PLANE('',#1552);
#1552 = AXIS2_PLACEMENT_3D('',#1553,#1554,#1555);
#1553 = CARTESIAN_POINT('',(134.379815,-101.293039,1.51));
#1554 = DIRECTION('',(0.654861335122,-0.755749053432,0.));
#1555 = DIRECTION('',(-0.755749053432,-0.654861335122,0.));
#1556 = ADVANCED_FACE('',(#1557),#1582,.T.);
#1557 = FACE_BOUND('',#1558,.T.);
#1558 = EDGE_LOOP('',(#1559,#1560,#1568,#1576));
#1559 = ORIENTED_EDGE('',*,*,#1538,.T.);
#1560 = ORIENTED_EDGE('',*,*,#1561,.T.);
#1561 = EDGE_CURVE('',#1531,#1562,#1564,.T.);
#1562 = VERTEX_POINT('',#1563);
#1563 = CARTESIAN_POINT('',(134.2755,-101.35,1.545));
#1564 = LINE('',#1565,#1566);
#1565 = CARTESIAN_POINT('',(134.327011,-101.338794,1.545));
#1566 = VECTOR('',#1567,1.);
#1567 = DIRECTION('',(-0.977145022575,-0.212573763332,0.));
#1568 = ORIENTED_EDGE('',*,*,#1569,.F.);
#1569 = EDGE_CURVE('',#1570,#1562,#1572,.T.);
#1570 = VERTEX_POINT('',#1571);
#1571 = CARTESIAN_POINT('',(134.2755,-101.35,1.51));
#1572 = LINE('',#1573,#1574);
#1573 = CARTESIAN_POINT('',(134.2755,-101.35,1.51));
#1574 = VECTOR('',#1575,1.);
#1575 = DIRECTION('',(0.,0.,1.));
#1576 = ORIENTED_EDGE('',*,*,#1577,.F.);
#1577 = EDGE_CURVE('',#1539,#1570,#1578,.T.);
#1578 = LINE('',#1579,#1580);
#1579 = CARTESIAN_POINT('',(134.327011,-101.338794,1.51));
#1580 = VECTOR('',#1581,1.);
#1581 = DIRECTION('',(-0.977145022575,-0.212573763332,0.));
#1582 = PLANE('',#1583);
#1583 = AXIS2_PLACEMENT_3D('',#1584,#1585,#1586);
#1584 = CARTESIAN_POINT('',(134.327011,-101.338794,1.51));
#1585 = DIRECTION('',(0.212573763332,-0.977145022575,0.));
#1586 = DIRECTION('',(-0.977145022575,-0.212573763332,0.));
#1587 = ADVANCED_FACE('',(#1588),#1613,.T.);
#1588 = FACE_BOUND('',#1589,.T.);
#1589 = EDGE_LOOP('',(#1590,#1591,#1599,#1607));
#1590 = ORIENTED_EDGE('',*,*,#1569,.T.);
#1591 = ORIENTED_EDGE('',*,*,#1592,.T.);
#1592 = EDGE_CURVE('',#1562,#1593,#1595,.T.);
#1593 = VERTEX_POINT('',#1594);
#1594 = CARTESIAN_POINT('',(132.511612,-101.348738,1.545));
#1595 = LINE('',#1596,#1597);
#1596 = CARTESIAN_POINT('',(134.2755,-101.35,1.545));
#1597 = VECTOR('',#1598,1.);
#1598 = DIRECTION('',(-0.999999744055,7.154647443571E-04,0.));
#1599 = ORIENTED_EDGE('',*,*,#1600,.F.);
#1600 = EDGE_CURVE('',#1601,#1593,#1603,.T.);
#1601 = VERTEX_POINT('',#1602);
#1602 = CARTESIAN_POINT('',(132.511612,-101.348738,1.51));
#1603 = LINE('',#1604,#1605);
#1604 = CARTESIAN_POINT('',(132.511612,-101.348738,1.51));
#1605 = VECTOR('',#1606,1.);
#1606 = DIRECTION('',(0.,0.,1.));
#1607 = ORIENTED_EDGE('',*,*,#1608,.F.);
#1608 = EDGE_CURVE('',#1570,#1601,#1609,.T.);
#1609 = LINE('',#1610,#1611);
#1610 = CARTESIAN_POINT('',(134.2755,-101.35,1.51));
#1611 = VECTOR('',#1612,1.);
#1612 = DIRECTION('',(-0.999999744055,7.154647443571E-04,0.));
#1613 = PLANE('',#1614);
#1614 = AXIS2_PLACEMENT_3D('',#1615,#1616,#1617);
#1615 = CARTESIAN_POINT('',(134.2755,-101.35,1.51));
#1616 = DIRECTION('',(-7.154647443571E-04,-0.999999744055,0.));
#1617 = DIRECTION('',(-0.999999744055,7.154647443571E-04,0.));
#1618 = ADVANCED_FACE('',(#1619),#1646,.T.);
#1619 = FACE_BOUND('',#1620,.T.);
#1620 = EDGE_LOOP('',(#1621,#1622,#1631,#1639));
#1621 = ORIENTED_EDGE('',*,*,#1600,.T.);
#1622 = ORIENTED_EDGE('',*,*,#1623,.T.);
#1623 = EDGE_CURVE('',#1593,#1624,#1626,.T.);
#1624 = VERTEX_POINT('',#1625);
#1625 = CARTESIAN_POINT('',(132.405259,-101.226,1.545));
#1626 = CIRCLE('',#1627,0.123999633016);
#1627 = AXIS2_PLACEMENT_3D('',#1628,#1629,#1630);
#1628 = CARTESIAN_POINT('',(132.52925863301,-101.2260004534,1.545));
#1629 = DIRECTION('',(0.,0.,-1.));
#1630 = DIRECTION('',(-0.142311977752,-0.989821853158,-0.));
#1631 = ORIENTED_EDGE('',*,*,#1632,.F.);
#1632 = EDGE_CURVE('',#1633,#1624,#1635,.T.);
#1633 = VERTEX_POINT('',#1634);
#1634 = CARTESIAN_POINT('',(132.405259,-101.226,1.51));
#1635 = LINE('',#1636,#1637);
#1636 = CARTESIAN_POINT('',(132.405259,-101.226,1.51));
#1637 = VECTOR('',#1638,1.);
#1638 = DIRECTION('',(0.,0.,1.));
#1639 = ORIENTED_EDGE('',*,*,#1640,.F.);
#1640 = EDGE_CURVE('',#1601,#1633,#1641,.T.);
#1641 = CIRCLE('',#1642,0.123999633016);
#1642 = AXIS2_PLACEMENT_3D('',#1643,#1644,#1645);
#1643 = CARTESIAN_POINT('',(132.52925863301,-101.2260004534,1.51));
#1644 = DIRECTION('',(0.,0.,-1.));
#1645 = DIRECTION('',(-0.142311977752,-0.989821853158,-0.));
#1646 = CYLINDRICAL_SURFACE('',#1647,0.123999633016);
#1647 = AXIS2_PLACEMENT_3D('',#1648,#1649,#1650);
#1648 = CARTESIAN_POINT('',(132.52925863301,-101.2260004534,1.51));
#1649 = DIRECTION('',(0.,0.,-1.));
#1650 = DIRECTION('',(-0.142311977752,-0.989821853158,-0.));
#1651 = ADVANCED_FACE('',(#1652),#1677,.T.);
#1652 = FACE_BOUND('',#1653,.T.);
#1653 = EDGE_LOOP('',(#1654,#1655,#1663,#1671));
#1654 = ORIENTED_EDGE('',*,*,#1632,.T.);
#1655 = ORIENTED_EDGE('',*,*,#1656,.T.);
#1656 = EDGE_CURVE('',#1624,#1657,#1659,.T.);
#1657 = VERTEX_POINT('',#1658);
#1658 = CARTESIAN_POINT('',(132.447239,-100.247165,1.545));
#1659 = LINE('',#1660,#1661);
#1660 = CARTESIAN_POINT('',(132.405259,-101.226,1.545));
#1661 = VECTOR('',#1662,1.);
#1662 = DIRECTION('',(4.28483299924E-02,0.999081588569,0.));
#1663 = ORIENTED_EDGE('',*,*,#1664,.F.);
#1664 = EDGE_CURVE('',#1665,#1657,#1667,.T.);
#1665 = VERTEX_POINT('',#1666);
#1666 = CARTESIAN_POINT('',(132.447239,-100.247165,1.51));
#1667 = LINE('',#1668,#1669);
#1668 = CARTESIAN_POINT('',(132.447239,-100.247165,1.51));
#1669 = VECTOR('',#1670,1.);
#1670 = DIRECTION('',(0.,0.,1.));
#1671 = ORIENTED_EDGE('',*,*,#1672,.F.);
#1672 = EDGE_CURVE('',#1633,#1665,#1673,.T.);
#1673 = LINE('',#1674,#1675);
#1674 = CARTESIAN_POINT('',(132.405259,-101.226,1.51));
#1675 = VECTOR('',#1676,1.);
#1676 = DIRECTION('',(4.28483299924E-02,0.999081588569,0.));
#1677 = PLANE('',#1678);
#1678 = AXIS2_PLACEMENT_3D('',#1679,#1680,#1681);
#1679 = CARTESIAN_POINT('',(132.405259,-101.226,1.51));
#1680 = DIRECTION('',(-0.999081588569,4.28483299924E-02,0.));
#1681 = DIRECTION('',(4.28483299924E-02,0.999081588569,0.));
#1682 = ADVANCED_FACE('',(#1683),#1710,.T.);
#1683 = FACE_BOUND('',#1684,.T.);
#1684 = EDGE_LOOP('',(#1685,#1686,#1695,#1703));
#1685 = ORIENTED_EDGE('',*,*,#1664,.T.);
#1686 = ORIENTED_EDGE('',*,*,#1687,.T.);
#1687 = EDGE_CURVE('',#1657,#1688,#1690,.T.);
#1688 = VERTEX_POINT('',#1689);
#1689 = CARTESIAN_POINT('',(133.223152,-95.928489,1.545));
#1690 = CIRCLE('',#1691,20.002858906205);
#1691 = AXIS2_PLACEMENT_3D('',#1692,#1693,#1694);
#1692 = CARTESIAN_POINT('',(152.40404974918,-101.6036564827,1.545));
#1693 = DIRECTION('',(0.,0.,-1.));
#1694 = DIRECTION('',(-0.997697921221,6.781488031614E-02,0.));
#1695 = ORIENTED_EDGE('',*,*,#1696,.F.);
#1696 = EDGE_CURVE('',#1697,#1688,#1699,.T.);
#1697 = VERTEX_POINT('',#1698);
#1698 = CARTESIAN_POINT('',(133.223152,-95.928489,1.51));
#1699 = LINE('',#1700,#1701);
#1700 = CARTESIAN_POINT('',(133.223152,-95.928489,1.51));
#1701 = VECTOR('',#1702,1.);
#1702 = DIRECTION('',(0.,0.,1.));
#1703 = ORIENTED_EDGE('',*,*,#1704,.F.);
#1704 = EDGE_CURVE('',#1665,#1697,#1705,.T.);
#1705 = CIRCLE('',#1706,20.002858906205);
#1706 = AXIS2_PLACEMENT_3D('',#1707,#1708,#1709);
#1707 = CARTESIAN_POINT('',(152.40404974918,-101.6036564827,1.51));
#1708 = DIRECTION('',(0.,0.,-1.));
#1709 = DIRECTION('',(-0.997697921221,6.781488031614E-02,0.));
#1710 = CYLINDRICAL_SURFACE('',#1711,20.002858906205);
#1711 = AXIS2_PLACEMENT_3D('',#1712,#1713,#1714);
#1712 = CARTESIAN_POINT('',(152.40404974918,-101.6036564827,1.51));
#1713 = DIRECTION('',(0.,0.,-1.));
#1714 = DIRECTION('',(-0.997697921221,6.781488031614E-02,0.));
#1715 = ADVANCED_FACE('',(#1716),#1732,.T.);
#1716 = FACE_BOUND('',#1717,.T.);
#1717 = EDGE_LOOP('',(#1718,#1719,#1725,#1726));
#1718 = ORIENTED_EDGE('',*,*,#1696,.T.);
#1719 = ORIENTED_EDGE('',*,*,#1720,.T.);
#1720 = EDGE_CURVE('',#1688,#1205,#1721,.T.);
#1721 = LINE('',#1722,#1723);
#1722 = CARTESIAN_POINT('',(133.223152,-95.928489,1.545));
#1723 = VECTOR('',#1724,1.);
#1724 = DIRECTION('',(0.300705632465,0.953717003415,0.));
#1725 = ORIENTED_EDGE('',*,*,#1202,.F.);
#1726 = ORIENTED_EDGE('',*,*,#1727,.F.);
#1727 = EDGE_CURVE('',#1697,#1203,#1728,.T.);
#1728 = LINE('',#1729,#1730);
#1729 = CARTESIAN_POINT('',(133.223152,-95.928489,1.51));
#1730 = VECTOR('',#1731,1.);
#1731 = DIRECTION('',(0.300705632465,0.953717003415,0.));
#1732 = PLANE('',#1733);
#1733 = AXIS2_PLACEMENT_3D('',#1734,#1735,#1736);
#1734 = CARTESIAN_POINT('',(133.223152,-95.928489,1.51));
#1735 = DIRECTION('',(-0.953717003415,0.300705632465,0.));
#1736 = DIRECTION('',(0.300705632465,0.953717003415,0.));
#1737 = ADVANCED_FACE('',(#1738),#1757,.F.);
#1738 = FACE_BOUND('',#1739,.T.);
#1739 = EDGE_LOOP('',(#1740,#1741,#1742,#1743,#1744,#1745,#1746,#1747,
    #1748,#1749,#1750,#1751,#1752,#1753,#1754,#1755,#1756));
#1740 = ORIENTED_EDGE('',*,*,#1229,.T.);
#1741 = ORIENTED_EDGE('',*,*,#1261,.T.);
#1742 = ORIENTED_EDGE('',*,*,#1292,.T.);
#1743 = ORIENTED_EDGE('',*,*,#1324,.T.);
#1744 = ORIENTED_EDGE('',*,*,#1356,.T.);
#1745 = ORIENTED_EDGE('',*,*,#1387,.T.);
#1746 = ORIENTED_EDGE('',*,*,#1419,.T.);
#1747 = ORIENTED_EDGE('',*,*,#1451,.T.);
#1748 = ORIENTED_EDGE('',*,*,#1483,.T.);
#1749 = ORIENTED_EDGE('',*,*,#1515,.T.);
#1750 = ORIENTED_EDGE('',*,*,#1546,.T.);
#1751 = ORIENTED_EDGE('',*,*,#1577,.T.);
#1752 = ORIENTED_EDGE('',*,*,#1608,.T.);
#1753 = ORIENTED_EDGE('',*,*,#1640,.T.);
#1754 = ORIENTED_EDGE('',*,*,#1672,.T.);
#1755 = ORIENTED_EDGE('',*,*,#1704,.T.);
#1756 = ORIENTED_EDGE('',*,*,#1727,.T.);
#1757 = PLANE('',#1758);
#1758 = AXIS2_PLACEMENT_3D('',#1759,#1760,#1761);
#1759 = CARTESIAN_POINT('',(0.,0.,1.51));
#1760 = DIRECTION('',(0.,0.,1.));
#1761 = DIRECTION('',(1.,0.,-0.));
#1762 = ADVANCED_FACE('',(#1763),#1782,.T.);
#1763 = FACE_BOUND('',#1764,.F.);
#1764 = EDGE_LOOP('',(#1765,#1766,#1767,#1768,#1769,#1770,#1771,#1772,
    #1773,#1774,#1775,#1776,#1777,#1778,#1779,#1780,#1781));
#1765 = ORIENTED_EDGE('',*,*,#1212,.T.);
#1766 = ORIENTED_EDGE('',*,*,#1245,.T.);
#1767 = ORIENTED_EDGE('',*,*,#1276,.T.);
#1768 = ORIENTED_EDGE('',*,*,#1307,.T.);
#1769 = ORIENTED_EDGE('',*,*,#1340,.T.);
#1770 = ORIENTED_EDGE('',*,*,#1371,.T.);
#1771 = ORIENTED_EDGE('',*,*,#1402,.T.);
#1772 = ORIENTED_EDGE('',*,*,#1435,.T.);
#1773 = ORIENTED_EDGE('',*,*,#1466,.T.);
#1774 = ORIENTED_EDGE('',*,*,#1499,.T.);
#1775 = ORIENTED_EDGE('',*,*,#1530,.T.);
#1776 = ORIENTED_EDGE('',*,*,#1561,.T.);
#1777 = ORIENTED_EDGE('',*,*,#1592,.T.);
#1778 = ORIENTED_EDGE('',*,*,#1623,.T.);
#1779 = ORIENTED_EDGE('',*,*,#1656,.T.);
#1780 = ORIENTED_EDGE('',*,*,#1687,.T.);
#1781 = ORIENTED_EDGE('',*,*,#1720,.T.);
#1782 = PLANE('',#1783);
#1783 = AXIS2_PLACEMENT_3D('',#1784,#1785,#1786);
#1784 = CARTESIAN_POINT('',(0.,0.,1.545));
#1785 = DIRECTION('',(0.,0.,1.));
#1786 = DIRECTION('',(1.,0.,-0.));
#1787 = MANIFOLD_SOLID_BREP('',#1788);
#1788 = CLOSED_SHELL('',(#1789,#1831,#1862,#1895,#1926,#1959,#1990,#2023
    ,#2054,#2087,#2118,#2149,#2182,#2213,#2244,#2277,#2299,#2323));
#1789 = ADVANCED_FACE('',(#1790),#1826,.T.);
#1790 = FACE_BOUND('',#1791,.T.);
#1791 = EDGE_LOOP('',(#1792,#1802,#1811,#1819));
#1792 = ORIENTED_EDGE('',*,*,#1793,.T.);
#1793 = EDGE_CURVE('',#1794,#1796,#1798,.T.);
#1794 = VERTEX_POINT('',#1795);
#1795 = CARTESIAN_POINT('',(134.830907,-92.047766,1.51));
#1796 = VERTEX_POINT('',#1797);
#1797 = CARTESIAN_POINT('',(134.830907,-92.047766,1.545));
#1798 = LINE('',#1799,#1800);
#1799 = CARTESIAN_POINT('',(134.830907,-92.047766,1.51));
#1800 = VECTOR('',#1801,1.);
#1801 = DIRECTION('',(0.,0.,1.));
#1802 = ORIENTED_EDGE('',*,*,#1803,.T.);
#1803 = EDGE_CURVE('',#1796,#1804,#1806,.T.);
#1804 = VERTEX_POINT('',#1805);
#1805 = CARTESIAN_POINT('',(137.336993,-88.445181,1.545));
#1806 = CIRCLE('',#1807,20.002697155914);
#1807 = AXIS2_PLACEMENT_3D('',#1808,#1809,#1810);
#1808 = CARTESIAN_POINT('',(152.40529828023,-101.6001826911,1.545));
#1809 = DIRECTION('',(0.,0.,-1.));
#1810 = DIRECTION('',(-0.878601077807,0.477556432347,0.));
#1811 = ORIENTED_EDGE('',*,*,#1812,.F.);
#1812 = EDGE_CURVE('',#1813,#1804,#1815,.T.);
#1813 = VERTEX_POINT('',#1814);
#1814 = CARTESIAN_POINT('',(137.336993,-88.445181,1.51));
#1815 = LINE('',#1816,#1817);
#1816 = CARTESIAN_POINT('',(137.336993,-88.445181,1.51));
#1817 = VECTOR('',#1818,1.);
#1818 = DIRECTION('',(0.,0.,1.));
#1819 = ORIENTED_EDGE('',*,*,#1820,.F.);
#1820 = EDGE_CURVE('',#1794,#1813,#1821,.T.);
#1821 = CIRCLE('',#1822,20.002697155914);
#1822 = AXIS2_PLACEMENT_3D('',#1823,#1824,#1825);
#1823 = CARTESIAN_POINT('',(152.40529828023,-101.6001826911,1.51));
#1824 = DIRECTION('',(0.,0.,-1.));
#1825 = DIRECTION('',(-0.878601077807,0.477556432347,0.));
#1826 = CYLINDRICAL_SURFACE('',#1827,20.002697155914);
#1827 = AXIS2_PLACEMENT_3D('',#1828,#1829,#1830);
#1828 = CARTESIAN_POINT('',(152.40529828023,-101.6001826911,1.51));
#1829 = DIRECTION('',(0.,0.,-1.));
#1830 = DIRECTION('',(-0.878601077807,0.477556432347,0.));
#1831 = ADVANCED_FACE('',(#1832),#1857,.T.);
#1832 = FACE_BOUND('',#1833,.T.);
#1833 = EDGE_LOOP('',(#1834,#1835,#1843,#1851));
#1834 = ORIENTED_EDGE('',*,*,#1812,.T.);
#1835 = ORIENTED_EDGE('',*,*,#1836,.T.);
#1836 = EDGE_CURVE('',#1804,#1837,#1839,.T.);
#1837 = VERTEX_POINT('',#1838);
#1838 = CARTESIAN_POINT('',(137.997126,-87.726041,1.545));
#1839 = LINE('',#1840,#1841);
#1840 = CARTESIAN_POINT('',(137.336993,-88.445181,1.545));
#1841 = VECTOR('',#1842,1.);
#1842 = DIRECTION('',(0.676237327658,0.736683837669,0.));
#1843 = ORIENTED_EDGE('',*,*,#1844,.F.);
#1844 = EDGE_CURVE('',#1845,#1837,#1847,.T.);
#1845 = VERTEX_POINT('',#1846);
#1846 = CARTESIAN_POINT('',(137.997126,-87.726041,1.51));
#1847 = LINE('',#1848,#1849);
#1848 = CARTESIAN_POINT('',(137.997126,-87.726041,1.51));
#1849 = VECTOR('',#1850,1.);
#1850 = DIRECTION('',(0.,0.,1.));
#1851 = ORIENTED_EDGE('',*,*,#1852,.F.);
#1852 = EDGE_CURVE('',#1813,#1845,#1853,.T.);
#1853 = LINE('',#1854,#1855);
#1854 = CARTESIAN_POINT('',(137.336993,-88.445181,1.51));
#1855 = VECTOR('',#1856,1.);
#1856 = DIRECTION('',(0.676237327658,0.736683837669,0.));
#1857 = PLANE('',#1858);
#1858 = AXIS2_PLACEMENT_3D('',#1859,#1860,#1861);
#1859 = CARTESIAN_POINT('',(137.336993,-88.445181,1.51));
#1860 = DIRECTION('',(-0.736683837669,0.676237327658,0.));
#1861 = DIRECTION('',(0.676237327658,0.736683837669,0.));
#1862 = ADVANCED_FACE('',(#1863),#1890,.T.);
#1863 = FACE_BOUND('',#1864,.T.);
#1864 = EDGE_LOOP('',(#1865,#1866,#1875,#1883));
#1865 = ORIENTED_EDGE('',*,*,#1844,.T.);
#1866 = ORIENTED_EDGE('',*,*,#1867,.T.);
#1867 = EDGE_CURVE('',#1837,#1868,#1870,.T.);
#1868 = VERTEX_POINT('',#1869);
#1869 = CARTESIAN_POINT('',(138.172488,-87.726041,1.545));
#1870 = CIRCLE('',#1871,0.123997461746);
#1871 = AXIS2_PLACEMENT_3D('',#1872,#1873,#1874);
#1872 = CARTESIAN_POINT('',(138.084807,-87.81371889207,1.545));
#1873 = DIRECTION('',(0.,0.,-1.));
#1874 = DIRECTION('',(-0.707119313292,0.707094248859,0.));
#1875 = ORIENTED_EDGE('',*,*,#1876,.F.);
#1876 = EDGE_CURVE('',#1877,#1868,#1879,.T.);
#1877 = VERTEX_POINT('',#1878);
#1878 = CARTESIAN_POINT('',(138.172488,-87.726041,1.51));
#1879 = LINE('',#1880,#1881);
#1880 = CARTESIAN_POINT('',(138.172488,-87.726041,1.51));
#1881 = VECTOR('',#1882,1.);
#1882 = DIRECTION('',(0.,0.,1.));
#1883 = ORIENTED_EDGE('',*,*,#1884,.F.);
#1884 = EDGE_CURVE('',#1845,#1877,#1885,.T.);
#1885 = CIRCLE('',#1886,0.123997461746);
#1886 = AXIS2_PLACEMENT_3D('',#1887,#1888,#1889);
#1887 = CARTESIAN_POINT('',(138.084807,-87.81371889207,1.51));
#1888 = DIRECTION('',(0.,0.,-1.));
#1889 = DIRECTION('',(-0.707119313292,0.707094248859,0.));
#1890 = CYLINDRICAL_SURFACE('',#1891,0.123997461746);
#1891 = AXIS2_PLACEMENT_3D('',#1892,#1893,#1894);
#1892 = CARTESIAN_POINT('',(138.084807,-87.81371889207,1.51));
#1893 = DIRECTION('',(0.,0.,-1.));
#1894 = DIRECTION('',(-0.707119313292,0.707094248859,0.));
#1895 = ADVANCED_FACE('',(#1896),#1921,.T.);
#1896 = FACE_BOUND('',#1897,.T.);
#1897 = EDGE_LOOP('',(#1898,#1899,#1907,#1915));
#1898 = ORIENTED_EDGE('',*,*,#1876,.T.);
#1899 = ORIENTED_EDGE('',*,*,#1900,.T.);
#1900 = EDGE_CURVE('',#1868,#1901,#1903,.T.);
#1901 = VERTEX_POINT('',#1902);
#1902 = CARTESIAN_POINT('',(139.407266,-88.960819,1.545));
#1903 = LINE('',#1904,#1905);
#1904 = CARTESIAN_POINT('',(138.172488,-87.726041,1.545));
#1905 = VECTOR('',#1906,1.);
#1906 = DIRECTION('',(0.707106781187,-0.707106781187,0.));
#1907 = ORIENTED_EDGE('',*,*,#1908,.F.);
#1908 = EDGE_CURVE('',#1909,#1901,#1911,.T.);
#1909 = VERTEX_POINT('',#1910);
#1910 = CARTESIAN_POINT('',(139.407266,-88.960819,1.51));
#1911 = LINE('',#1912,#1913);
#1912 = CARTESIAN_POINT('',(139.407266,-88.960819,1.51));
#1913 = VECTOR('',#1914,1.);
#1914 = DIRECTION('',(0.,0.,1.));
#1915 = ORIENTED_EDGE('',*,*,#1916,.F.);
#1916 = EDGE_CURVE('',#1877,#1909,#1917,.T.);
#1917 = LINE('',#1918,#1919);
#1918 = CARTESIAN_POINT('',(138.172488,-87.726041,1.51));
#1919 = VECTOR('',#1920,1.);
#1920 = DIRECTION('',(0.707106781187,-0.707106781187,0.));
#1921 = PLANE('',#1922);
#1922 = AXIS2_PLACEMENT_3D('',#1923,#1924,#1925);
#1923 = CARTESIAN_POINT('',(138.172488,-87.726041,1.51));
#1924 = DIRECTION('',(0.707106781187,0.707106781187,-0.));
#1925 = DIRECTION('',(0.707106781187,-0.707106781187,0.));
#1926 = ADVANCED_FACE('',(#1927),#1954,.T.);
#1927 = FACE_BOUND('',#1928,.T.);
#1928 = EDGE_LOOP('',(#1929,#1930,#1939,#1947));
#1929 = ORIENTED_EDGE('',*,*,#1908,.T.);
#1930 = ORIENTED_EDGE('',*,*,#1931,.T.);
#1931 = EDGE_CURVE('',#1901,#1932,#1934,.T.);
#1932 = VERTEX_POINT('',#1933);
#1933 = CARTESIAN_POINT('',(139.407268,-89.13618,1.545));
#1934 = CIRCLE('',#1935,0.124000362714);
#1935 = AXIS2_PLACEMENT_3D('',#1936,#1937,#1938);
#1936 = CARTESIAN_POINT('',(139.31958450533,-89.04850050002,1.545));
#1937 = DIRECTION('',(0.,0.,-1.));
#1938 = DIRECTION('',(0.707106759587,0.707106802786,0.));
#1939 = ORIENTED_EDGE('',*,*,#1940,.F.);
#1940 = EDGE_CURVE('',#1941,#1932,#1943,.T.);
#1941 = VERTEX_POINT('',#1942);
#1942 = CARTESIAN_POINT('',(139.407268,-89.13618,1.51));
#1943 = LINE('',#1944,#1945);
#1944 = CARTESIAN_POINT('',(139.407268,-89.13618,1.51));
#1945 = VECTOR('',#1946,1.);
#1946 = DIRECTION('',(0.,0.,1.));
#1947 = ORIENTED_EDGE('',*,*,#1948,.F.);
#1948 = EDGE_CURVE('',#1909,#1941,#1949,.T.);
#1949 = CIRCLE('',#1950,0.124000362714);
#1950 = AXIS2_PLACEMENT_3D('',#1951,#1952,#1953);
#1951 = CARTESIAN_POINT('',(139.31958450533,-89.04850050002,1.51));
#1952 = DIRECTION('',(0.,0.,-1.));
#1953 = DIRECTION('',(0.707106759587,0.707106802786,0.));
#1954 = CYLINDRICAL_SURFACE('',#1955,0.124000362714);
#1955 = AXIS2_PLACEMENT_3D('',#1956,#1957,#1958);
#1956 = CARTESIAN_POINT('',(139.31958450533,-89.04850050002,1.51));
#1957 = DIRECTION('',(0.,0.,-1.));
#1958 = DIRECTION('',(0.707106759587,0.707106802786,0.));
#1959 = ADVANCED_FACE('',(#1960),#1985,.T.);
#1960 = FACE_BOUND('',#1961,.T.);
#1961 = EDGE_LOOP('',(#1962,#1963,#1971,#1979));
#1962 = ORIENTED_EDGE('',*,*,#1940,.T.);
#1963 = ORIENTED_EDGE('',*,*,#1964,.T.);
#1964 = EDGE_CURVE('',#1932,#1965,#1967,.T.);
#1965 = VERTEX_POINT('',#1966);
#1966 = CARTESIAN_POINT('',(138.817303,-89.780468,1.545));
#1967 = LINE('',#1968,#1969);
#1968 = CARTESIAN_POINT('',(139.407268,-89.13618,1.545));
#1969 = VECTOR('',#1970,1.);
#1970 = DIRECTION('',(-0.675331205776,-0.737514584605,0.));
#1971 = ORIENTED_EDGE('',*,*,#1972,.F.);
#1972 = EDGE_CURVE('',#1973,#1965,#1975,.T.);
#1973 = VERTEX_POINT('',#1974);
#1974 = CARTESIAN_POINT('',(138.817303,-89.780468,1.51));
#1975 = LINE('',#1976,#1977);
#1976 = CARTESIAN_POINT('',(138.817303,-89.780468,1.51));
#1977 = VECTOR('',#1978,1.);
#1978 = DIRECTION('',(0.,0.,1.));
#1979 = ORIENTED_EDGE('',*,*,#1980,.F.);
#1980 = EDGE_CURVE('',#1941,#1973,#1981,.T.);
#1981 = LINE('',#1982,#1983);
#1982 = CARTESIAN_POINT('',(139.407268,-89.13618,1.51));
#1983 = VECTOR('',#1984,1.);
#1984 = DIRECTION('',(-0.675331205776,-0.737514584605,0.));
#1985 = PLANE('',#1986);
#1986 = AXIS2_PLACEMENT_3D('',#1987,#1988,#1989);
#1987 = CARTESIAN_POINT('',(139.407268,-89.13618,1.51));
#1988 = DIRECTION('',(0.737514584605,-0.675331205776,0.));
#1989 = DIRECTION('',(-0.675331205776,-0.737514584605,0.));
#1990 = ADVANCED_FACE('',(#1991),#2018,.F.);
#1991 = FACE_BOUND('',#1992,.T.);
#1992 = EDGE_LOOP('',(#1993,#1994,#2003,#2011));
#1993 = ORIENTED_EDGE('',*,*,#1972,.T.);
#1994 = ORIENTED_EDGE('',*,*,#1995,.T.);
#1995 = EDGE_CURVE('',#1965,#1996,#1998,.T.);
#1996 = VERTEX_POINT('',#1997);
#1997 = CARTESIAN_POINT('',(136.471977,-93.204223,1.545));
#1998 = CIRCLE('',#1999,18.005232740032);
#1999 = AXIS2_PLACEMENT_3D('',#2000,#2001,#2002);
#2000 = CARTESIAN_POINT('',(152.39994080788,-101.5999585221,1.545));
#2001 = DIRECTION('',(0.,0.,1.));
#2002 = DIRECTION('',(-0.754371687609,0.656447527937,0.));
#2003 = ORIENTED_EDGE('',*,*,#2004,.F.);
#2004 = EDGE_CURVE('',#2005,#1996,#2007,.T.);
#2005 = VERTEX_POINT('',#2006);
#2006 = CARTESIAN_POINT('',(136.471977,-93.204223,1.51));
#2007 = LINE('',#2008,#2009);
#2008 = CARTESIAN_POINT('',(136.471977,-93.204223,1.51));
#2009 = VECTOR('',#2010,1.);
#2010 = DIRECTION('',(0.,0.,1.));
#2011 = ORIENTED_EDGE('',*,*,#2012,.F.);
#2012 = EDGE_CURVE('',#1973,#2005,#2013,.T.);
#2013 = CIRCLE('',#2014,18.005232740032);
#2014 = AXIS2_PLACEMENT_3D('',#2015,#2016,#2017);
#2015 = CARTESIAN_POINT('',(152.39994080788,-101.5999585221,1.51));
#2016 = DIRECTION('',(0.,0.,1.));
#2017 = DIRECTION('',(-0.754371687609,0.656447527937,0.));
#2018 = CYLINDRICAL_SURFACE('',#2019,18.005232740032);
#2019 = AXIS2_PLACEMENT_3D('',#2020,#2021,#2022);
#2020 = CARTESIAN_POINT('',(152.39994080788,-101.5999585221,1.51));
#2021 = DIRECTION('',(-0.,-0.,-1.));
#2022 = DIRECTION('',(-0.754371687609,0.656447527937,0.));
#2023 = ADVANCED_FACE('',(#2024),#2049,.T.);
#2024 = FACE_BOUND('',#2025,.T.);
#2025 = EDGE_LOOP('',(#2026,#2027,#2035,#2043));
#2026 = ORIENTED_EDGE('',*,*,#2004,.T.);
#2027 = ORIENTED_EDGE('',*,*,#2028,.T.);
#2028 = EDGE_CURVE('',#1996,#2029,#2031,.T.);
#2029 = VERTEX_POINT('',#2030);
#2030 = CARTESIAN_POINT('',(136.383037,-93.382839,1.545));
#2031 = LINE('',#2032,#2033);
#2032 = CARTESIAN_POINT('',(136.471977,-93.204223,1.545));
#2033 = VECTOR('',#2034,1.);
#2034 = DIRECTION('',(-0.445737552636,-0.895163691271,0.));
#2035 = ORIENTED_EDGE('',*,*,#2036,.F.);
#2036 = EDGE_CURVE('',#2037,#2029,#2039,.T.);
#2037 = VERTEX_POINT('',#2038);
#2038 = CARTESIAN_POINT('',(136.383037,-93.382839,1.51));
#2039 = LINE('',#2040,#2041);
#2040 = CARTESIAN_POINT('',(136.383037,-93.382839,1.51));
#2041 = VECTOR('',#2042,1.);
#2042 = DIRECTION('',(0.,0.,1.));
#2043 = ORIENTED_EDGE('',*,*,#2044,.F.);
#2044 = EDGE_CURVE('',#2005,#2037,#2045,.T.);
#2045 = LINE('',#2046,#2047);
#2046 = CARTESIAN_POINT('',(136.471977,-93.204223,1.51));
#2047 = VECTOR('',#2048,1.);
#2048 = DIRECTION('',(-0.445737552636,-0.895163691271,0.));
#2049 = PLANE('',#2050);
#2050 = AXIS2_PLACEMENT_3D('',#2051,#2052,#2053);
#2051 = CARTESIAN_POINT('',(136.471977,-93.204223,1.51));
#2052 = DIRECTION('',(0.895163691271,-0.445737552636,0.));
#2053 = DIRECTION('',(-0.445737552636,-0.895163691271,0.));
#2054 = ADVANCED_FACE('',(#2055),#2082,.T.);
#2055 = FACE_BOUND('',#2056,.T.);
#2056 = EDGE_LOOP('',(#2057,#2058,#2067,#2075));
#2057 = ORIENTED_EDGE('',*,*,#2036,.T.);
#2058 = ORIENTED_EDGE('',*,*,#2059,.T.);
#2059 = EDGE_CURVE('',#2029,#2060,#2062,.T.);
#2060 = VERTEX_POINT('',#2061);
#2061 = CARTESIAN_POINT('',(136.212612,-93.4364,1.545));
#2062 = CIRCLE('',#2063,0.123999329504);
#2063 = AXIS2_PLACEMENT_3D('',#2064,#2065,#2066);
#2064 = CARTESIAN_POINT('',(136.27203735392,-93.32756773902,1.545));
#2065 = DIRECTION('',(0.,0.,-1.));
#2066 = DIRECTION('',(0.895163276415,-0.44573838578,0.));
#2067 = ORIENTED_EDGE('',*,*,#2068,.F.);
#2068 = EDGE_CURVE('',#2069,#2060,#2071,.T.);
#2069 = VERTEX_POINT('',#2070);
#2070 = CARTESIAN_POINT('',(136.212612,-93.4364,1.51));
#2071 = LINE('',#2072,#2073);
#2072 = CARTESIAN_POINT('',(136.212612,-93.4364,1.51));
#2073 = VECTOR('',#2074,1.);
#2074 = DIRECTION('',(0.,0.,1.));
#2075 = ORIENTED_EDGE('',*,*,#2076,.F.);
#2076 = EDGE_CURVE('',#2037,#2069,#2077,.T.);
#2077 = CIRCLE('',#2078,0.123999329504);
#2078 = AXIS2_PLACEMENT_3D('',#2079,#2080,#2081);
#2079 = CARTESIAN_POINT('',(136.27203735392,-93.32756773902,1.51));
#2080 = DIRECTION('',(0.,0.,-1.));
#2081 = DIRECTION('',(0.895163276415,-0.44573838578,0.));
#2082 = CYLINDRICAL_SURFACE('',#2083,0.123999329504);
#2083 = AXIS2_PLACEMENT_3D('',#2084,#2085,#2086);
#2084 = CARTESIAN_POINT('',(136.27203735392,-93.32756773902,1.51));
#2085 = DIRECTION('',(0.,0.,-1.));
#2086 = DIRECTION('',(0.895163276415,-0.44573838578,0.));
#2087 = ADVANCED_FACE('',(#2088),#2113,.T.);
#2088 = FACE_BOUND('',#2089,.T.);
#2089 = EDGE_LOOP('',(#2090,#2091,#2099,#2107));
#2090 = ORIENTED_EDGE('',*,*,#2068,.T.);
#2091 = ORIENTED_EDGE('',*,*,#2092,.T.);
#2092 = EDGE_CURVE('',#2060,#2093,#2095,.T.);
#2093 = VERTEX_POINT('',#2094);
#2094 = CARTESIAN_POINT('',(135.593881,-93.177447,1.545));
#2095 = LINE('',#2096,#2097);
#2096 = CARTESIAN_POINT('',(136.212612,-93.4364,1.545));
#2097 = VECTOR('',#2098,1.);
#2098 = DIRECTION('',(-0.922467896414,0.386073801345,0.));
#2099 = ORIENTED_EDGE('',*,*,#2100,.F.);
#2100 = EDGE_CURVE('',#2101,#2093,#2103,.T.);
#2101 = VERTEX_POINT('',#2102);
#2102 = CARTESIAN_POINT('',(135.593881,-93.177447,1.51));
#2103 = LINE('',#2104,#2105);
#2104 = CARTESIAN_POINT('',(135.593881,-93.177447,1.51));
#2105 = VECTOR('',#2106,1.);
#2106 = DIRECTION('',(0.,0.,1.));
#2107 = ORIENTED_EDGE('',*,*,#2108,.F.);
#2108 = EDGE_CURVE('',#2069,#2101,#2109,.T.);
#2109 = LINE('',#2110,#2111);
#2110 = CARTESIAN_POINT('',(136.212612,-93.4364,1.51));
#2111 = VECTOR('',#2112,1.);
#2112 = DIRECTION('',(-0.922467896414,0.386073801345,0.));
#2113 = PLANE('',#2114);
#2114 = AXIS2_PLACEMENT_3D('',#2115,#2116,#2117);
#2115 = CARTESIAN_POINT('',(136.212612,-93.4364,1.51));
#2116 = DIRECTION('',(-0.386073801345,-0.922467896414,0.));
#2117 = DIRECTION('',(-0.922467896414,0.386073801345,0.));
#2118 = ADVANCED_FACE('',(#2119),#2144,.T.);
#2119 = FACE_BOUND('',#2120,.T.);
#2120 = EDGE_LOOP('',(#2121,#2122,#2130,#2138));
#2121 = ORIENTED_EDGE('',*,*,#2100,.T.);
#2122 = ORIENTED_EDGE('',*,*,#2123,.T.);
#2123 = EDGE_CURVE('',#2093,#2124,#2126,.T.);
#2124 = VERTEX_POINT('',#2125);
#2125 = CARTESIAN_POINT('',(135.244736,-94.020356,1.545));
#2126 = LINE('',#2127,#2128);
#2127 = CARTESIAN_POINT('',(135.593881,-93.177447,1.545));
#2128 = VECTOR('',#2129,1.);
#2129 = DIRECTION('',(-0.382684050156,-0.923879276614,0.));
#2130 = ORIENTED_EDGE('',*,*,#2131,.F.);
#2131 = EDGE_CURVE('',#2132,#2124,#2134,.T.);
#2132 = VERTEX_POINT('',#2133);
#2133 = CARTESIAN_POINT('',(135.244736,-94.020356,1.51));
#2134 = LINE('',#2135,#2136);
#2135 = CARTESIAN_POINT('',(135.244736,-94.020356,1.51));
#2136 = VECTOR('',#2137,1.);
#2137 = DIRECTION('',(0.,0.,1.));
#2138 = ORIENTED_EDGE('',*,*,#2139,.F.);
#2139 = EDGE_CURVE('',#2101,#2132,#2140,.T.);
#2140 = LINE('',#2141,#2142);
#2141 = CARTESIAN_POINT('',(135.593881,-93.177447,1.51));
#2142 = VECTOR('',#2143,1.);
#2143 = DIRECTION('',(-0.382684050156,-0.923879276614,0.));
#2144 = PLANE('',#2145);
#2145 = AXIS2_PLACEMENT_3D('',#2146,#2147,#2148);
#2146 = CARTESIAN_POINT('',(135.593881,-93.177447,1.51));
#2147 = DIRECTION('',(0.923879276614,-0.382684050156,0.));
#2148 = DIRECTION('',(-0.382684050156,-0.923879276614,0.));
#2149 = ADVANCED_FACE('',(#2150),#2177,.F.);
#2150 = FACE_BOUND('',#2151,.T.);
#2151 = EDGE_LOOP('',(#2152,#2153,#2162,#2170));
#2152 = ORIENTED_EDGE('',*,*,#2131,.T.);
#2153 = ORIENTED_EDGE('',*,*,#2154,.T.);
#2154 = EDGE_CURVE('',#2124,#2155,#2157,.T.);
#2155 = VERTEX_POINT('',#2156);
#2156 = CARTESIAN_POINT('',(134.782797,-93.829015,1.545));
#2157 = CIRCLE('',#2158,0.502052011003);
#2158 = AXIS2_PLACEMENT_3D('',#2159,#2160,#2161);
#2159 = CARTESIAN_POINT('',(134.84715376593,-94.32692506058,1.545));
#2160 = DIRECTION('',(0.,0.,1.));
#2161 = DIRECTION('',(0.791914433869,0.6106320737,-0.));
#2162 = ORIENTED_EDGE('',*,*,#2163,.F.);
#2163 = EDGE_CURVE('',#2164,#2155,#2166,.T.);
#2164 = VERTEX_POINT('',#2165);
#2165 = CARTESIAN_POINT('',(134.782797,-93.829015,1.51));
#2166 = LINE('',#2167,#2168);
#2167 = CARTESIAN_POINT('',(134.782797,-93.829015,1.51));
#2168 = VECTOR('',#2169,1.);
#2169 = DIRECTION('',(0.,0.,1.));
#2170 = ORIENTED_EDGE('',*,*,#2171,.F.);
#2171 = EDGE_CURVE('',#2132,#2164,#2172,.T.);
#2172 = CIRCLE('',#2173,0.502052011003);
#2173 = AXIS2_PLACEMENT_3D('',#2174,#2175,#2176);
#2174 = CARTESIAN_POINT('',(134.84715376593,-94.32692506058,1.51));
#2175 = DIRECTION('',(0.,0.,1.));
#2176 = DIRECTION('',(0.791914433869,0.6106320737,-0.));
#2177 = CYLINDRICAL_SURFACE('',#2178,0.502052011003);
#2178 = AXIS2_PLACEMENT_3D('',#2179,#2180,#2181);
#2179 = CARTESIAN_POINT('',(134.84715376593,-94.32692506058,1.51));
#2180 = DIRECTION('',(-0.,-0.,-1.));
#2181 = DIRECTION('',(0.791914433869,0.6106320737,-0.));
#2182 = ADVANCED_FACE('',(#2183),#2208,.T.);
#2183 = FACE_BOUND('',#2184,.T.);
#2184 = EDGE_LOOP('',(#2185,#2186,#2194,#2202));
#2185 = ORIENTED_EDGE('',*,*,#2163,.T.);
#2186 = ORIENTED_EDGE('',*,*,#2187,.T.);
#2187 = EDGE_CURVE('',#2155,#2188,#2190,.T.);
#2188 = VERTEX_POINT('',#2189);
#2189 = CARTESIAN_POINT('',(135.131941,-92.986107,1.545));
#2190 = LINE('',#2191,#2192);
#2191 = CARTESIAN_POINT('',(134.782797,-93.829015,1.545));
#2192 = VECTOR('',#2193,1.);
#2193 = DIRECTION('',(0.382683502126,0.923879503615,0.));
#2194 = ORIENTED_EDGE('',*,*,#2195,.F.);
#2195 = EDGE_CURVE('',#2196,#2188,#2198,.T.);
#2196 = VERTEX_POINT('',#2197);
#2197 = CARTESIAN_POINT('',(135.131941,-92.986107,1.51));
#2198 = LINE('',#2199,#2200);
#2199 = CARTESIAN_POINT('',(135.131941,-92.986107,1.51));
#2200 = VECTOR('',#2201,1.);
#2201 = DIRECTION('',(0.,0.,1.));
#2202 = ORIENTED_EDGE('',*,*,#2203,.F.);
#2203 = EDGE_CURVE('',#2164,#2196,#2204,.T.);
#2204 = LINE('',#2205,#2206);
#2205 = CARTESIAN_POINT('',(134.782797,-93.829015,1.51));
#2206 = VECTOR('',#2207,1.);
#2207 = DIRECTION('',(0.382683502126,0.923879503615,0.));
#2208 = PLANE('',#2209);
#2209 = AXIS2_PLACEMENT_3D('',#2210,#2211,#2212);
#2210 = CARTESIAN_POINT('',(134.782797,-93.829015,1.51));
#2211 = DIRECTION('',(-0.923879503615,0.382683502126,0.));
#2212 = DIRECTION('',(0.382683502126,0.923879503615,0.));
#2213 = ADVANCED_FACE('',(#2214),#2239,.T.);
#2214 = FACE_BOUND('',#2215,.T.);
#2215 = EDGE_LOOP('',(#2216,#2217,#2225,#2233));
#2216 = ORIENTED_EDGE('',*,*,#2195,.T.);
#2217 = ORIENTED_EDGE('',*,*,#2218,.T.);
#2218 = EDGE_CURVE('',#2188,#2219,#2221,.T.);
#2219 = VERTEX_POINT('',#2220);
#2220 = CARTESIAN_POINT('',(134.607467,-92.768862,1.545));
#2221 = LINE('',#2222,#2223);
#2222 = CARTESIAN_POINT('',(135.131941,-92.986107,1.545));
#2223 = VECTOR('',#2224,1.);
#2224 = DIRECTION('',(-0.923879061622,0.382684569191,0.));
#2225 = ORIENTED_EDGE('',*,*,#2226,.F.);
#2226 = EDGE_CURVE('',#2227,#2219,#2229,.T.);
#2227 = VERTEX_POINT('',#2228);
#2228 = CARTESIAN_POINT('',(134.607467,-92.768862,1.51));
#2229 = LINE('',#2230,#2231);
#2230 = CARTESIAN_POINT('',(134.607467,-92.768862,1.51));
#2231 = VECTOR('',#2232,1.);
#2232 = DIRECTION('',(0.,0.,1.));
#2233 = ORIENTED_EDGE('',*,*,#2234,.F.);
#2234 = EDGE_CURVE('',#2196,#2227,#2235,.T.);
#2235 = LINE('',#2236,#2237);
#2236 = CARTESIAN_POINT('',(135.131941,-92.986107,1.51));
#2237 = VECTOR('',#2238,1.);
#2238 = DIRECTION('',(-0.923879061622,0.382684569191,0.));
#2239 = PLANE('',#2240);
#2240 = AXIS2_PLACEMENT_3D('',#2241,#2242,#2243);
#2241 = CARTESIAN_POINT('',(135.131941,-92.986107,1.51));
#2242 = DIRECTION('',(-0.382684569191,-0.923879061622,0.));
#2243 = DIRECTION('',(-0.923879061622,0.382684569191,0.));
#2244 = ADVANCED_FACE('',(#2245),#2272,.T.);
#2245 = FACE_BOUND('',#2246,.T.);
#2246 = EDGE_LOOP('',(#2247,#2248,#2257,#2265));
#2247 = ORIENTED_EDGE('',*,*,#2226,.T.);
#2248 = ORIENTED_EDGE('',*,*,#2249,.T.);
#2249 = EDGE_CURVE('',#2219,#2250,#2252,.T.);
#2250 = VERTEX_POINT('',#2251);
#2251 = CARTESIAN_POINT('',(134.544929,-92.597049,1.545));
#2252 = CIRCLE('',#2253,0.123999471075);
#2253 = AXIS2_PLACEMENT_3D('',#2254,#2255,#2256);
#2254 = CARTESIAN_POINT('',(134.65491995035,-92.65430159528,1.545));
#2255 = DIRECTION('',(0.,0.,-1.));
#2256 = DIRECTION('',(-0.382686715883,-0.923878172427,-0.));
#2257 = ORIENTED_EDGE('',*,*,#2258,.F.);
#2258 = EDGE_CURVE('',#2259,#2250,#2261,.T.);
#2259 = VERTEX_POINT('',#2260);
#2260 = CARTESIAN_POINT('',(134.544929,-92.597049,1.51));
#2261 = LINE('',#2262,#2263);
#2262 = CARTESIAN_POINT('',(134.544929,-92.597049,1.51));
#2263 = VECTOR('',#2264,1.);
#2264 = DIRECTION('',(0.,0.,1.));
#2265 = ORIENTED_EDGE('',*,*,#2266,.F.);
#2266 = EDGE_CURVE('',#2227,#2259,#2267,.T.);
#2267 = CIRCLE('',#2268,0.123999471075);
#2268 = AXIS2_PLACEMENT_3D('',#2269,#2270,#2271);
#2269 = CARTESIAN_POINT('',(134.65491995035,-92.65430159528,1.51));
#2270 = DIRECTION('',(0.,0.,-1.));
#2271 = DIRECTION('',(-0.382686715883,-0.923878172427,-0.));
#2272 = CYLINDRICAL_SURFACE('',#2273,0.123999471075);
#2273 = AXIS2_PLACEMENT_3D('',#2274,#2275,#2276);
#2274 = CARTESIAN_POINT('',(134.65491995035,-92.65430159528,1.51));
#2275 = DIRECTION('',(0.,0.,-1.));
#2276 = DIRECTION('',(-0.382686715883,-0.923878172427,-0.));
#2277 = ADVANCED_FACE('',(#2278),#2294,.T.);
#2278 = FACE_BOUND('',#2279,.T.);
#2279 = EDGE_LOOP('',(#2280,#2281,#2287,#2288));
#2280 = ORIENTED_EDGE('',*,*,#2258,.T.);
#2281 = ORIENTED_EDGE('',*,*,#2282,.T.);
#2282 = EDGE_CURVE('',#2250,#1796,#2283,.T.);
#2283 = LINE('',#2284,#2285);
#2284 = CARTESIAN_POINT('',(134.544929,-92.597049,1.545));
#2285 = VECTOR('',#2286,1.);
#2286 = DIRECTION('',(0.461798630893,0.886984793841,0.));
#2287 = ORIENTED_EDGE('',*,*,#1793,.F.);
#2288 = ORIENTED_EDGE('',*,*,#2289,.F.);
#2289 = EDGE_CURVE('',#2259,#1794,#2290,.T.);
#2290 = LINE('',#2291,#2292);
#2291 = CARTESIAN_POINT('',(134.544929,-92.597049,1.51));
#2292 = VECTOR('',#2293,1.);
#2293 = DIRECTION('',(0.461798630893,0.886984793841,0.));
#2294 = PLANE('',#2295);
#2295 = AXIS2_PLACEMENT_3D('',#2296,#2297,#2298);
#2296 = CARTESIAN_POINT('',(134.544929,-92.597049,1.51));
#2297 = DIRECTION('',(-0.886984793841,0.461798630893,0.));
#2298 = DIRECTION('',(0.461798630893,0.886984793841,0.));
#2299 = ADVANCED_FACE('',(#2300),#2318,.F.);
#2300 = FACE_BOUND('',#2301,.T.);
#2301 = EDGE_LOOP('',(#2302,#2303,#2304,#2305,#2306,#2307,#2308,#2309,
    #2310,#2311,#2312,#2313,#2314,#2315,#2316,#2317));
#2302 = ORIENTED_EDGE('',*,*,#1820,.T.);
#2303 = ORIENTED_EDGE('',*,*,#1852,.T.);
#2304 = ORIENTED_EDGE('',*,*,#1884,.T.);
#2305 = ORIENTED_EDGE('',*,*,#1916,.T.);
#2306 = ORIENTED_EDGE('',*,*,#1948,.T.);
#2307 = ORIENTED_EDGE('',*,*,#1980,.T.);
#2308 = ORIENTED_EDGE('',*,*,#2012,.T.);
#2309 = ORIENTED_EDGE('',*,*,#2044,.T.);
#2310 = ORIENTED_EDGE('',*,*,#2076,.T.);
#2311 = ORIENTED_EDGE('',*,*,#2108,.T.);
#2312 = ORIENTED_EDGE('',*,*,#2139,.T.);
#2313 = ORIENTED_EDGE('',*,*,#2171,.T.);
#2314 = ORIENTED_EDGE('',*,*,#2203,.T.);
#2315 = ORIENTED_EDGE('',*,*,#2234,.T.);
#2316 = ORIENTED_EDGE('',*,*,#2266,.T.);
#2317 = ORIENTED_EDGE('',*,*,#2289,.T.);
#2318 = PLANE('',#2319);
#2319 = AXIS2_PLACEMENT_3D('',#2320,#2321,#2322);
#2320 = CARTESIAN_POINT('',(0.,0.,1.51));
#2321 = DIRECTION('',(0.,0.,1.));
#2322 = DIRECTION('',(1.,0.,-0.));
#2323 = ADVANCED_FACE('',(#2324),#2342,.T.);
#2324 = FACE_BOUND('',#2325,.F.);
#2325 = EDGE_LOOP('',(#2326,#2327,#2328,#2329,#2330,#2331,#2332,#2333,
    #2334,#2335,#2336,#2337,#2338,#2339,#2340,#2341));
#2326 = ORIENTED_EDGE('',*,*,#1803,.T.);
#2327 = ORIENTED_EDGE('',*,*,#1836,.T.);
#2328 = ORIENTED_EDGE('',*,*,#1867,.T.);
#2329 = ORIENTED_EDGE('',*,*,#1900,.T.);
#2330 = ORIENTED_EDGE('',*,*,#1931,.T.);
#2331 = ORIENTED_EDGE('',*,*,#1964,.T.);
#2332 = ORIENTED_EDGE('',*,*,#1995,.T.);
#2333 = ORIENTED_EDGE('',*,*,#2028,.T.);
#2334 = ORIENTED_EDGE('',*,*,#2059,.T.);
#2335 = ORIENTED_EDGE('',*,*,#2092,.T.);
#2336 = ORIENTED_EDGE('',*,*,#2123,.T.);
#2337 = ORIENTED_EDGE('',*,*,#2154,.T.);
#2338 = ORIENTED_EDGE('',*,*,#2187,.T.);
#2339 = ORIENTED_EDGE('',*,*,#2218,.T.);
#2340 = ORIENTED_EDGE('',*,*,#2249,.T.);
#2341 = ORIENTED_EDGE('',*,*,#2282,.T.);
#2342 = PLANE('',#2343);
#2343 = AXIS2_PLACEMENT_3D('',#2344,#2345,#2346);
#2344 = CARTESIAN_POINT('',(0.,0.,1.545));
#2345 = DIRECTION('',(0.,0.,1.));
#2346 = DIRECTION('',(1.,0.,-0.));
#2347 = MANIFOLD_SOLID_BREP('',#2348);
#2348 = CLOSED_SHELL('',(#2349,#2391,#2422,#2453,#2486,#2517,#2550,#2581
    ,#2612,#2643,#2674,#2707,#2738,#2771,#2802,#2835,#2866,#2888,#2913)
  );
#2349 = ADVANCED_FACE('',(#2350),#2386,.F.);
#2350 = FACE_BOUND('',#2351,.T.);
#2351 = EDGE_LOOP('',(#2352,#2362,#2371,#2379));
#2352 = ORIENTED_EDGE('',*,*,#2353,.T.);
#2353 = EDGE_CURVE('',#2354,#2356,#2358,.T.);
#2354 = VERTEX_POINT('',#2355);
#2355 = CARTESIAN_POINT('',(134.782798,-109.370985,1.51));
#2356 = VERTEX_POINT('',#2357);
#2357 = CARTESIAN_POINT('',(134.782798,-109.370985,1.545));
#2358 = LINE('',#2359,#2360);
#2359 = CARTESIAN_POINT('',(134.782798,-109.370985,1.51));
#2360 = VECTOR('',#2361,1.);
#2361 = DIRECTION('',(0.,0.,1.));
#2362 = ORIENTED_EDGE('',*,*,#2363,.T.);
#2363 = EDGE_CURVE('',#2356,#2364,#2366,.T.);
#2364 = VERTEX_POINT('',#2365);
#2365 = CARTESIAN_POINT('',(135.244737,-109.179642,1.545));
#2366 = CIRCLE('',#2367,0.502049911839);
#2367 = AXIS2_PLACEMENT_3D('',#2368,#2369,#2370);
#2368 = CARTESIAN_POINT('',(134.84715428987,-108.8730769945,1.545));
#2369 = DIRECTION('',(0.,0.,1.));
#2370 = DIRECTION('',(-0.128187035516,-0.991750010802,0.));
#2371 = ORIENTED_EDGE('',*,*,#2372,.F.);
#2372 = EDGE_CURVE('',#2373,#2364,#2375,.T.);
#2373 = VERTEX_POINT('',#2374);
#2374 = CARTESIAN_POINT('',(135.244737,-109.179642,1.51));
#2375 = LINE('',#2376,#2377);
#2376 = CARTESIAN_POINT('',(135.244737,-109.179642,1.51));
#2377 = VECTOR('',#2378,1.);
#2378 = DIRECTION('',(0.,0.,1.));
#2379 = ORIENTED_EDGE('',*,*,#2380,.F.);
#2380 = EDGE_CURVE('',#2354,#2373,#2381,.T.);
#2381 = CIRCLE('',#2382,0.502049911839);
#2382 = AXIS2_PLACEMENT_3D('',#2383,#2384,#2385);
#2383 = CARTESIAN_POINT('',(134.84715428987,-108.8730769945,1.51));
#2384 = DIRECTION('',(0.,0.,1.));
#2385 = DIRECTION('',(-0.128187035516,-0.991750010802,0.));
#2386 = CYLINDRICAL_SURFACE('',#2387,0.502049911839);
#2387 = AXIS2_PLACEMENT_3D('',#2388,#2389,#2390);
#2388 = CARTESIAN_POINT('',(134.84715428987,-108.8730769945,1.51));
#2389 = DIRECTION('',(-0.,-0.,-1.));
#2390 = DIRECTION('',(-0.128187035516,-0.991750010802,0.));
#2391 = ADVANCED_FACE('',(#2392),#2417,.T.);
#2392 = FACE_BOUND('',#2393,.T.);
#2393 = EDGE_LOOP('',(#2394,#2395,#2403,#2411));
#2394 = ORIENTED_EDGE('',*,*,#2372,.T.);
#2395 = ORIENTED_EDGE('',*,*,#2396,.T.);
#2396 = EDGE_CURVE('',#2364,#2397,#2399,.T.);
#2397 = VERTEX_POINT('',#2398);
#2398 = CARTESIAN_POINT('',(135.59388,-110.02255,1.545));
#2399 = LINE('',#2400,#2401);
#2400 = CARTESIAN_POINT('',(135.244737,-109.179642,1.545));
#2401 = VECTOR('',#2402,1.);
#2402 = DIRECTION('',(0.382682566578,-0.923879891131,0.));
#2403 = ORIENTED_EDGE('',*,*,#2404,.F.);
#2404 = EDGE_CURVE('',#2405,#2397,#2407,.T.);
#2405 = VERTEX_POINT('',#2406);
#2406 = CARTESIAN_POINT('',(135.59388,-110.02255,1.51));
#2407 = LINE('',#2408,#2409);
#2408 = CARTESIAN_POINT('',(135.59388,-110.02255,1.51));
#2409 = VECTOR('',#2410,1.);
#2410 = DIRECTION('',(0.,0.,1.));
#2411 = ORIENTED_EDGE('',*,*,#2412,.F.);
#2412 = EDGE_CURVE('',#2373,#2405,#2413,.T.);
#2413 = LINE('',#2414,#2415);
#2414 = CARTESIAN_POINT('',(135.244737,-109.179642,1.51));
#2415 = VECTOR('',#2416,1.);
#2416 = DIRECTION('',(0.382682566578,-0.923879891131,0.));
#2417 = PLANE('',#2418);
#2418 = AXIS2_PLACEMENT_3D('',#2419,#2420,#2421);
#2419 = CARTESIAN_POINT('',(135.244737,-109.179642,1.51));
#2420 = DIRECTION('',(0.923879891131,0.382682566578,-0.));
#2421 = DIRECTION('',(0.382682566578,-0.923879891131,0.));
#2422 = ADVANCED_FACE('',(#2423),#2448,.T.);
#2423 = FACE_BOUND('',#2424,.T.);
#2424 = EDGE_LOOP('',(#2425,#2426,#2434,#2442));
#2425 = ORIENTED_EDGE('',*,*,#2404,.T.);
#2426 = ORIENTED_EDGE('',*,*,#2427,.T.);
#2427 = EDGE_CURVE('',#2397,#2428,#2430,.T.);
#2428 = VERTEX_POINT('',#2429);
#2429 = CARTESIAN_POINT('',(136.212608,-109.763601,1.545));
#2430 = LINE('',#2431,#2432);
#2431 = CARTESIAN_POINT('',(135.59388,-110.02255,1.545));
#2432 = VECTOR('',#2433,1.);
#2433 = DIRECTION('',(0.922469353631,0.386070319516,0.));
#2434 = ORIENTED_EDGE('',*,*,#2435,.F.);
#2435 = EDGE_CURVE('',#2436,#2428,#2438,.T.);
#2436 = VERTEX_POINT('',#2437);
#2437 = CARTESIAN_POINT('',(136.212608,-109.763601,1.51));
#2438 = LINE('',#2439,#2440);
#2439 = CARTESIAN_POINT('',(136.212608,-109.763601,1.51));
#2440 = VECTOR('',#2441,1.);
#2441 = DIRECTION('',(0.,0.,1.));
#2442 = ORIENTED_EDGE('',*,*,#2443,.F.);
#2443 = EDGE_CURVE('',#2405,#2436,#2444,.T.);
#2444 = LINE('',#2445,#2446);
#2445 = CARTESIAN_POINT('',(135.59388,-110.02255,1.51));
#2446 = VECTOR('',#2447,1.);
#2447 = DIRECTION('',(0.922469353631,0.386070319516,0.));
#2448 = PLANE('',#2449);
#2449 = AXIS2_PLACEMENT_3D('',#2450,#2451,#2452);
#2450 = CARTESIAN_POINT('',(135.59388,-110.02255,1.51));
#2451 = DIRECTION('',(-0.386070319516,0.922469353631,0.));
#2452 = DIRECTION('',(0.922469353631,0.386070319516,0.));
#2453 = ADVANCED_FACE('',(#2454),#2481,.T.);
#2454 = FACE_BOUND('',#2455,.T.);
#2455 = EDGE_LOOP('',(#2456,#2457,#2466,#2474));
#2456 = ORIENTED_EDGE('',*,*,#2435,.T.);
#2457 = ORIENTED_EDGE('',*,*,#2458,.T.);
#2458 = EDGE_CURVE('',#2428,#2459,#2461,.T.);
#2459 = VERTEX_POINT('',#2460);
#2460 = CARTESIAN_POINT('',(136.383037,-109.81716,1.545));
#2461 = CIRCLE('',#2462,0.124000422298);
#2462 = AXIS2_PLACEMENT_3D('',#2463,#2464,#2465);
#2463 = CARTESIAN_POINT('',(136.27203680946,-109.8724326191,1.545));
#2464 = DIRECTION('',(0.,0.,-1.));
#2465 = DIRECTION('',(-0.479262960292,0.877671359275,0.));
#2466 = ORIENTED_EDGE('',*,*,#2467,.F.);
#2467 = EDGE_CURVE('',#2468,#2459,#2470,.T.);
#2468 = VERTEX_POINT('',#2469);
#2469 = CARTESIAN_POINT('',(136.383037,-109.81716,1.51));
#2470 = LINE('',#2471,#2472);
#2471 = CARTESIAN_POINT('',(136.383037,-109.81716,1.51));
#2472 = VECTOR('',#2473,1.);
#2473 = DIRECTION('',(0.,0.,1.));
#2474 = ORIENTED_EDGE('',*,*,#2475,.F.);
#2475 = EDGE_CURVE('',#2436,#2468,#2476,.T.);
#2476 = CIRCLE('',#2477,0.124000422298);
#2477 = AXIS2_PLACEMENT_3D('',#2478,#2479,#2480);
#2478 = CARTESIAN_POINT('',(136.27203680946,-109.8724326191,1.51));
#2479 = DIRECTION('',(0.,0.,-1.));
#2480 = DIRECTION('',(-0.479262960292,0.877671359275,0.));
#2481 = CYLINDRICAL_SURFACE('',#2482,0.124000422298);
#2482 = AXIS2_PLACEMENT_3D('',#2483,#2484,#2485);
#2483 = CARTESIAN_POINT('',(136.27203680946,-109.8724326191,1.51));
#2484 = DIRECTION('',(0.,0.,-1.));
#2485 = DIRECTION('',(-0.479262960292,0.877671359275,0.));
#2486 = ADVANCED_FACE('',(#2487),#2512,.T.);
#2487 = FACE_BOUND('',#2488,.T.);
#2488 = EDGE_LOOP('',(#2489,#2490,#2498,#2506));
#2489 = ORIENTED_EDGE('',*,*,#2467,.T.);
#2490 = ORIENTED_EDGE('',*,*,#2491,.T.);
#2491 = EDGE_CURVE('',#2459,#2492,#2494,.T.);
#2492 = VERTEX_POINT('',#2493);
#2493 = CARTESIAN_POINT('',(136.471977,-109.995776,1.545));
#2494 = LINE('',#2495,#2496);
#2495 = CARTESIAN_POINT('',(136.383037,-109.81716,1.545));
#2496 = VECTOR('',#2497,1.);
#2497 = DIRECTION('',(0.445737552636,-0.895163691271,0.));
#2498 = ORIENTED_EDGE('',*,*,#2499,.F.);
#2499 = EDGE_CURVE('',#2500,#2492,#2502,.T.);
#2500 = VERTEX_POINT('',#2501);
#2501 = CARTESIAN_POINT('',(136.471977,-109.995776,1.51));
#2502 = LINE('',#2503,#2504);
#2503 = CARTESIAN_POINT('',(136.471977,-109.995776,1.51));
#2504 = VECTOR('',#2505,1.);
#2505 = DIRECTION('',(0.,0.,1.));
#2506 = ORIENTED_EDGE('',*,*,#2507,.F.);
#2507 = EDGE_CURVE('',#2468,#2500,#2508,.T.);
#2508 = LINE('',#2509,#2510);
#2509 = CARTESIAN_POINT('',(136.383037,-109.81716,1.51));
#2510 = VECTOR('',#2511,1.);
#2511 = DIRECTION('',(0.445737552636,-0.895163691271,0.));
#2512 = PLANE('',#2513);
#2513 = AXIS2_PLACEMENT_3D('',#2514,#2515,#2516);
#2514 = CARTESIAN_POINT('',(136.383037,-109.81716,1.51));
#2515 = DIRECTION('',(0.895163691271,0.445737552636,-0.));
#2516 = DIRECTION('',(0.445737552636,-0.895163691271,0.));
#2517 = ADVANCED_FACE('',(#2518),#2545,.F.);
#2518 = FACE_BOUND('',#2519,.T.);
#2519 = EDGE_LOOP('',(#2520,#2521,#2530,#2538));
#2520 = ORIENTED_EDGE('',*,*,#2499,.T.);
#2521 = ORIENTED_EDGE('',*,*,#2522,.T.);
#2522 = EDGE_CURVE('',#2492,#2523,#2525,.T.);
#2523 = VERTEX_POINT('',#2524);
#2524 = CARTESIAN_POINT('',(139.407266,-114.063818,1.545));
#2525 = CIRCLE('',#2526,17.958678919004);
#2526 = AXIS2_PLACEMENT_3D('',#2527,#2528,#2529);
#2527 = CARTESIAN_POINT('',(152.36026401015,-101.6246061654,1.545));
#2528 = DIRECTION('',(0.,0.,1.));
#2529 = DIRECTION('',(-0.884713573967,-0.466135057724,0.));
#2530 = ORIENTED_EDGE('',*,*,#2531,.F.);
#2531 = EDGE_CURVE('',#2532,#2523,#2534,.T.);
#2532 = VERTEX_POINT('',#2533);
#2533 = CARTESIAN_POINT('',(139.407266,-114.063818,1.51));
#2534 = LINE('',#2535,#2536);
#2535 = CARTESIAN_POINT('',(139.407266,-114.063818,1.51));
#2536 = VECTOR('',#2537,1.);
#2537 = DIRECTION('',(0.,0.,1.));
#2538 = ORIENTED_EDGE('',*,*,#2539,.F.);
#2539 = EDGE_CURVE('',#2500,#2532,#2540,.T.);
#2540 = CIRCLE('',#2541,17.958678919004);
#2541 = AXIS2_PLACEMENT_3D('',#2542,#2543,#2544);
#2542 = CARTESIAN_POINT('',(152.36026401015,-101.6246061654,1.51));
#2543 = DIRECTION('',(0.,0.,1.));
#2544 = DIRECTION('',(-0.884713573967,-0.466135057724,0.));
#2545 = CYLINDRICAL_SURFACE('',#2546,17.958678919004);
#2546 = AXIS2_PLACEMENT_3D('',#2547,#2548,#2549);
#2547 = CARTESIAN_POINT('',(152.36026401015,-101.6246061654,1.51));
#2548 = DIRECTION('',(-0.,-0.,-1.));
#2549 = DIRECTION('',(-0.884713573967,-0.466135057724,0.));
#2550 = ADVANCED_FACE('',(#2551),#2576,.T.);
#2551 = FACE_BOUND('',#2552,.T.);
#2552 = EDGE_LOOP('',(#2553,#2554,#2562,#2570));
#2553 = ORIENTED_EDGE('',*,*,#2531,.T.);
#2554 = ORIENTED_EDGE('',*,*,#2555,.T.);
#2555 = EDGE_CURVE('',#2523,#2556,#2558,.T.);
#2556 = VERTEX_POINT('',#2557);
#2557 = CARTESIAN_POINT('',(139.440751,-114.125141,1.545));
#2558 = LINE('',#2559,#2560);
#2559 = CARTESIAN_POINT('',(139.407266,-114.063818,1.545));
#2560 = VECTOR('',#2561,1.);
#2561 = DIRECTION('',(0.479250184514,-0.877678335521,0.));
#2562 = ORIENTED_EDGE('',*,*,#2563,.F.);
#2563 = EDGE_CURVE('',#2564,#2556,#2566,.T.);
#2564 = VERTEX_POINT('',#2565);
#2565 = CARTESIAN_POINT('',(139.440751,-114.125141,1.51));
#2566 = LINE('',#2567,#2568);
#2567 = CARTESIAN_POINT('',(139.440751,-114.125141,1.51));
#2568 = VECTOR('',#2569,1.);
#2569 = DIRECTION('',(0.,0.,1.));
#2570 = ORIENTED_EDGE('',*,*,#2571,.F.);
#2571 = EDGE_CURVE('',#2532,#2564,#2572,.T.);
#2572 = LINE('',#2573,#2574);
#2573 = CARTESIAN_POINT('',(139.407266,-114.063818,1.51));
#2574 = VECTOR('',#2575,1.);
#2575 = DIRECTION('',(0.479250184514,-0.877678335521,0.));
#2576 = PLANE('',#2577);
#2577 = AXIS2_PLACEMENT_3D('',#2578,#2579,#2580);
#2578 = CARTESIAN_POINT('',(139.407266,-114.063818,1.51));
#2579 = DIRECTION('',(0.877678335521,0.479250184514,-0.));
#2580 = DIRECTION('',(0.479250184514,-0.877678335521,0.));
#2581 = ADVANCED_FACE('',(#2582),#2607,.T.);
#2582 = FACE_BOUND('',#2583,.T.);
#2583 = EDGE_LOOP('',(#2584,#2585,#2593,#2601));
#2584 = ORIENTED_EDGE('',*,*,#2563,.T.);
#2585 = ORIENTED_EDGE('',*,*,#2586,.T.);
#2586 = EDGE_CURVE('',#2556,#2587,#2589,.T.);
#2587 = VERTEX_POINT('',#2588);
#2588 = CARTESIAN_POINT('',(139.435767,-114.194833,1.545));
#2589 = LINE('',#2590,#2591);
#2590 = CARTESIAN_POINT('',(139.440751,-114.125141,1.545));
#2591 = VECTOR('',#2592,1.);
#2592 = DIRECTION('',(-7.133248760035E-02,-0.997452593466,0.));
#2593 = ORIENTED_EDGE('',*,*,#2594,.F.);
#2594 = EDGE_CURVE('',#2595,#2587,#2597,.T.);
#2595 = VERTEX_POINT('',#2596);
#2596 = CARTESIAN_POINT('',(139.435767,-114.194833,1.51));
#2597 = LINE('',#2598,#2599);
#2598 = CARTESIAN_POINT('',(139.435767,-114.194833,1.51));
#2599 = VECTOR('',#2600,1.);
#2600 = DIRECTION('',(0.,0.,1.));
#2601 = ORIENTED_EDGE('',*,*,#2602,.F.);
#2602 = EDGE_CURVE('',#2564,#2595,#2603,.T.);
#2603 = LINE('',#2604,#2605);
#2604 = CARTESIAN_POINT('',(139.440751,-114.125141,1.51));
#2605 = VECTOR('',#2606,1.);
#2606 = DIRECTION('',(-7.133248760035E-02,-0.997452593466,0.));
#2607 = PLANE('',#2608);
#2608 = AXIS2_PLACEMENT_3D('',#2609,#2610,#2611);
#2609 = CARTESIAN_POINT('',(139.440751,-114.125141,1.51));
#2610 = DIRECTION('',(0.997452593466,-7.133248760035E-02,0.));
#2611 = DIRECTION('',(-7.133248760035E-02,-0.997452593466,0.));
#2612 = ADVANCED_FACE('',(#2613),#2638,.T.);
#2613 = FACE_BOUND('',#2614,.T.);
#2614 = EDGE_LOOP('',(#2615,#2616,#2624,#2632));
#2615 = ORIENTED_EDGE('',*,*,#2594,.T.);
#2616 = ORIENTED_EDGE('',*,*,#2617,.T.);
#2617 = EDGE_CURVE('',#2587,#2618,#2620,.T.);
#2618 = VERTEX_POINT('',#2619);
#2619 = CARTESIAN_POINT('',(139.407266,-114.23918,1.545));
#2620 = LINE('',#2621,#2622);
#2621 = CARTESIAN_POINT('',(139.435767,-114.194833,1.545));
#2622 = VECTOR('',#2623,1.);
#2623 = DIRECTION('',(-0.540653083035,-0.841245650095,0.));
#2624 = ORIENTED_EDGE('',*,*,#2625,.F.);
#2625 = EDGE_CURVE('',#2626,#2618,#2628,.T.);
#2626 = VERTEX_POINT('',#2627);
#2627 = CARTESIAN_POINT('',(139.407266,-114.23918,1.51));
#2628 = LINE('',#2629,#2630);
#2629 = CARTESIAN_POINT('',(139.407266,-114.23918,1.51));
#2630 = VECTOR('',#2631,1.);
#2631 = DIRECTION('',(0.,0.,1.));
#2632 = ORIENTED_EDGE('',*,*,#2633,.F.);
#2633 = EDGE_CURVE('',#2595,#2626,#2634,.T.);
#2634 = LINE('',#2635,#2636);
#2635 = CARTESIAN_POINT('',(139.435767,-114.194833,1.51));
#2636 = VECTOR('',#2637,1.);
#2637 = DIRECTION('',(-0.540653083035,-0.841245650095,0.));
#2638 = PLANE('',#2639);
#2639 = AXIS2_PLACEMENT_3D('',#2640,#2641,#2642);
#2640 = CARTESIAN_POINT('',(139.435767,-114.194833,1.51));
#2641 = DIRECTION('',(0.841245650095,-0.540653083035,0.));
#2642 = DIRECTION('',(-0.540653083035,-0.841245650095,0.));
#2643 = ADVANCED_FACE('',(#2644),#2669,.T.);
#2644 = FACE_BOUND('',#2645,.T.);
#2645 = EDGE_LOOP('',(#2646,#2647,#2655,#2663));
#2646 = ORIENTED_EDGE('',*,*,#2625,.T.);
#2647 = ORIENTED_EDGE('',*,*,#2648,.T.);
#2648 = EDGE_CURVE('',#2618,#2649,#2651,.T.);
#2649 = VERTEX_POINT('',#2650);
#2650 = CARTESIAN_POINT('',(138.159116,-115.485544,1.545));
#2651 = LINE('',#2652,#2653);
#2652 = CARTESIAN_POINT('',(139.407266,-114.23918,1.545));
#2653 = VECTOR('',#2654,1.);
#2654 = DIRECTION('',(-0.707612867859,-0.706600332041,0.));
#2655 = ORIENTED_EDGE('',*,*,#2656,.F.);
#2656 = EDGE_CURVE('',#2657,#2649,#2659,.T.);
#2657 = VERTEX_POINT('',#2658);
#2658 = CARTESIAN_POINT('',(138.159116,-115.485544,1.51));
#2659 = LINE('',#2660,#2661);
#2660 = CARTESIAN_POINT('',(138.159116,-115.485544,1.51));
#2661 = VECTOR('',#2662,1.);
#2662 = DIRECTION('',(0.,0.,1.));
#2663 = ORIENTED_EDGE('',*,*,#2664,.F.);
#2664 = EDGE_CURVE('',#2626,#2657,#2665,.T.);
#2665 = LINE('',#2666,#2667);
#2666 = CARTESIAN_POINT('',(139.407266,-114.23918,1.51));
#2667 = VECTOR('',#2668,1.);
#2668 = DIRECTION('',(-0.707612867859,-0.706600332041,0.));
#2669 = PLANE('',#2670);
#2670 = AXIS2_PLACEMENT_3D('',#2671,#2672,#2673);
#2671 = CARTESIAN_POINT('',(139.407266,-114.23918,1.51));
#2672 = DIRECTION('',(0.706600332041,-0.707612867859,0.));
#2673 = DIRECTION('',(-0.707612867859,-0.706600332041,0.));
#2674 = ADVANCED_FACE('',(#2675),#2702,.T.);
#2675 = FACE_BOUND('',#2676,.T.);
#2676 = EDGE_LOOP('',(#2677,#2678,#2687,#2695));
#2677 = ORIENTED_EDGE('',*,*,#2656,.T.);
#2678 = ORIENTED_EDGE('',*,*,#2679,.T.);
#2679 = EDGE_CURVE('',#2649,#2680,#2682,.T.);
#2680 = VERTEX_POINT('',#2681);
#2681 = CARTESIAN_POINT('',(137.997125,-115.473958,1.545));
#2682 = CIRCLE('',#2683,0.123998752223);
#2683 = AXIS2_PLACEMENT_3D('',#2684,#2685,#2686);
#2684 = CARTESIAN_POINT('',(138.08480590822,-115.3862781911,1.545));
#2685 = DIRECTION('',(-0.,0.,-1.));
#2686 = DIRECTION('',(0.599280964069,-0.800538772393,-0.));
#2687 = ORIENTED_EDGE('',*,*,#2688,.F.);
#2688 = EDGE_CURVE('',#2689,#2680,#2691,.T.);
#2689 = VERTEX_POINT('',#2690);
#2690 = CARTESIAN_POINT('',(137.997125,-115.473958,1.51));
#2691 = LINE('',#2692,#2693);
#2692 = CARTESIAN_POINT('',(137.997125,-115.473958,1.51));
#2693 = VECTOR('',#2694,1.);
#2694 = DIRECTION('',(0.,0.,1.));
#2695 = ORIENTED_EDGE('',*,*,#2696,.F.);
#2696 = EDGE_CURVE('',#2657,#2689,#2697,.T.);
#2697 = CIRCLE('',#2698,0.123998752223);
#2698 = AXIS2_PLACEMENT_3D('',#2699,#2700,#2701);
#2699 = CARTESIAN_POINT('',(138.08480590822,-115.3862781911,1.51));
#2700 = DIRECTION('',(-0.,0.,-1.));
#2701 = DIRECTION('',(0.599280964069,-0.800538772393,-0.));
#2702 = CYLINDRICAL_SURFACE('',#2703,0.123998752223);
#2703 = AXIS2_PLACEMENT_3D('',#2704,#2705,#2706);
#2704 = CARTESIAN_POINT('',(138.08480590822,-115.3862781911,1.51));
#2705 = DIRECTION('',(-0.,0.,-1.));
#2706 = DIRECTION('',(0.599280964069,-0.800538772393,-0.));
#2707 = ADVANCED_FACE('',(#2708),#2733,.T.);
#2708 = FACE_BOUND('',#2709,.T.);
#2709 = EDGE_LOOP('',(#2710,#2711,#2719,#2727));
#2710 = ORIENTED_EDGE('',*,*,#2688,.T.);
#2711 = ORIENTED_EDGE('',*,*,#2712,.T.);
#2712 = EDGE_CURVE('',#2680,#2713,#2715,.T.);
#2713 = VERTEX_POINT('',#2714);
#2714 = CARTESIAN_POINT('',(137.334641,-114.752099,1.545));
#2715 = LINE('',#2716,#2717);
#2716 = CARTESIAN_POINT('',(137.997125,-115.473958,1.545));
#2717 = VECTOR('',#2718,1.);
#2718 = DIRECTION('',(-0.676157062881,0.73675750849,0.));
#2719 = ORIENTED_EDGE('',*,*,#2720,.F.);
#2720 = EDGE_CURVE('',#2721,#2713,#2723,.T.);
#2721 = VERTEX_POINT('',#2722);
#2722 = CARTESIAN_POINT('',(137.334641,-114.752099,1.51));
#2723 = LINE('',#2724,#2725);
#2724 = CARTESIAN_POINT('',(137.334641,-114.752099,1.51));
#2725 = VECTOR('',#2726,1.);
#2726 = DIRECTION('',(0.,0.,1.));
#2727 = ORIENTED_EDGE('',*,*,#2728,.F.);
#2728 = EDGE_CURVE('',#2689,#2721,#2729,.T.);
#2729 = LINE('',#2730,#2731);
#2730 = CARTESIAN_POINT('',(137.997125,-115.473958,1.51));
#2731 = VECTOR('',#2732,1.);
#2732 = DIRECTION('',(-0.676157062881,0.73675750849,0.));
#2733 = PLANE('',#2734);
#2734 = AXIS2_PLACEMENT_3D('',#2735,#2736,#2737);
#2735 = CARTESIAN_POINT('',(137.997125,-115.473958,1.51));
#2736 = DIRECTION('',(-0.73675750849,-0.676157062881,0.));
#2737 = DIRECTION('',(-0.676157062881,0.73675750849,0.));
#2738 = ADVANCED_FACE('',(#2739),#2766,.T.);
#2739 = FACE_BOUND('',#2740,.T.);
#2740 = EDGE_LOOP('',(#2741,#2742,#2751,#2759));
#2741 = ORIENTED_EDGE('',*,*,#2720,.T.);
#2742 = ORIENTED_EDGE('',*,*,#2743,.T.);
#2743 = EDGE_CURVE('',#2713,#2744,#2746,.T.);
#2744 = VERTEX_POINT('',#2745);
#2745 = CARTESIAN_POINT('',(134.829495,-111.149596,1.545));
#2746 = CIRCLE('',#2747,20.002512938594);
#2747 = AXIS2_PLACEMENT_3D('',#2748,#2749,#2750);
#2748 = CARTESIAN_POINT('',(152.40516675617,-101.5999213365,1.545));
#2749 = DIRECTION('',(0.,0.,-1.));
#2750 = DIRECTION('',(-0.753431621439,-0.657526267016,-0.));
#2751 = ORIENTED_EDGE('',*,*,#2752,.F.);
#2752 = EDGE_CURVE('',#2753,#2744,#2755,.T.);
#2753 = VERTEX_POINT('',#2754);
#2754 = CARTESIAN_POINT('',(134.829495,-111.149596,1.51));
#2755 = LINE('',#2756,#2757);
#2756 = CARTESIAN_POINT('',(134.829495,-111.149596,1.51));
#2757 = VECTOR('',#2758,1.);
#2758 = DIRECTION('',(0.,0.,1.));
#2759 = ORIENTED_EDGE('',*,*,#2760,.F.);
#2760 = EDGE_CURVE('',#2721,#2753,#2761,.T.);
#2761 = CIRCLE('',#2762,20.002512938594);
#2762 = AXIS2_PLACEMENT_3D('',#2763,#2764,#2765);
#2763 = CARTESIAN_POINT('',(152.40516675617,-101.5999213365,1.51));
#2764 = DIRECTION('',(0.,0.,-1.));
#2765 = DIRECTION('',(-0.753431621439,-0.657526267016,-0.));
#2766 = CYLINDRICAL_SURFACE('',#2767,20.002512938594);
#2767 = AXIS2_PLACEMENT_3D('',#2768,#2769,#2770);
#2768 = CARTESIAN_POINT('',(152.40516675617,-101.5999213365,1.51));
#2769 = DIRECTION('',(0.,0.,-1.));
#2770 = DIRECTION('',(-0.753431621439,-0.657526267016,-0.));
#2771 = ADVANCED_FACE('',(#2772),#2797,.T.);
#2772 = FACE_BOUND('',#2773,.T.);
#2773 = EDGE_LOOP('',(#2774,#2775,#2783,#2791));
#2774 = ORIENTED_EDGE('',*,*,#2752,.T.);
#2775 = ORIENTED_EDGE('',*,*,#2776,.T.);
#2776 = EDGE_CURVE('',#2744,#2777,#2779,.T.);
#2777 = VERTEX_POINT('',#2778);
#2778 = CARTESIAN_POINT('',(134.544931,-110.602954,1.545));
#2779 = LINE('',#2780,#2781);
#2780 = CARTESIAN_POINT('',(134.829495,-111.149596,1.545));
#2781 = VECTOR('',#2782,1.);
#2782 = DIRECTION('',(-0.461748851148,0.887010709328,0.));
#2783 = ORIENTED_EDGE('',*,*,#2784,.F.);
#2784 = EDGE_CURVE('',#2785,#2777,#2787,.T.);
#2785 = VERTEX_POINT('',#2786);
#2786 = CARTESIAN_POINT('',(134.544931,-110.602954,1.51));
#2787 = LINE('',#2788,#2789);
#2788 = CARTESIAN_POINT('',(134.544931,-110.602954,1.51));
#2789 = VECTOR('',#2790,1.);
#2790 = DIRECTION('',(0.,0.,1.));
#2791 = ORIENTED_EDGE('',*,*,#2792,.F.);
#2792 = EDGE_CURVE('',#2753,#2785,#2793,.T.);
#2793 = LINE('',#2794,#2795);
#2794 = CARTESIAN_POINT('',(134.829495,-111.149596,1.51));
#2795 = VECTOR('',#2796,1.);
#2796 = DIRECTION('',(-0.461748851148,0.887010709328,0.));
#2797 = PLANE('',#2798);
#2798 = AXIS2_PLACEMENT_3D('',#2799,#2800,#2801);
#2799 = CARTESIAN_POINT('',(134.829495,-111.149596,1.51));
#2800 = DIRECTION('',(-0.887010709328,-0.461748851148,0.));
#2801 = DIRECTION('',(-0.461748851148,0.887010709328,0.));
#2802 = ADVANCED_FACE('',(#2803),#2830,.T.);
#2803 = FACE_BOUND('',#2804,.T.);
#2804 = EDGE_LOOP('',(#2805,#2806,#2815,#2823));
#2805 = ORIENTED_EDGE('',*,*,#2784,.T.);
#2806 = ORIENTED_EDGE('',*,*,#2807,.T.);
#2807 = EDGE_CURVE('',#2777,#2808,#2810,.T.);
#2808 = VERTEX_POINT('',#2809);
#2809 = CARTESIAN_POINT('',(134.607468,-110.431137,1.545));
#2810 = CIRCLE('',#2811,0.124001206453);
#2811 = AXIS2_PLACEMENT_3D('',#2812,#2813,#2814);
#2812 = CARTESIAN_POINT('',(134.65492247388,-110.545698652,1.545));
#2813 = DIRECTION('',(0.,0.,-1.));
#2814 = DIRECTION('',(-0.887019384995,-0.461732184976,-0.));
#2815 = ORIENTED_EDGE('',*,*,#2816,.F.);
#2816 = EDGE_CURVE('',#2817,#2808,#2819,.T.);
#2817 = VERTEX_POINT('',#2818);
#2818 = CARTESIAN_POINT('',(134.607468,-110.431137,1.51));
#2819 = LINE('',#2820,#2821);
#2820 = CARTESIAN_POINT('',(134.607468,-110.431137,1.51));
#2821 = VECTOR('',#2822,1.);
#2822 = DIRECTION('',(0.,0.,1.));
#2823 = ORIENTED_EDGE('',*,*,#2824,.F.);
#2824 = EDGE_CURVE('',#2785,#2817,#2825,.T.);
#2825 = CIRCLE('',#2826,0.124001206453);
#2826 = AXIS2_PLACEMENT_3D('',#2827,#2828,#2829);
#2827 = CARTESIAN_POINT('',(134.65492247388,-110.545698652,1.51));
#2828 = DIRECTION('',(0.,0.,-1.));
#2829 = DIRECTION('',(-0.887019384995,-0.461732184976,-0.));
#2830 = CYLINDRICAL_SURFACE('',#2831,0.124001206453);
#2831 = AXIS2_PLACEMENT_3D('',#2832,#2833,#2834);
#2832 = CARTESIAN_POINT('',(134.65492247388,-110.545698652,1.51));
#2833 = DIRECTION('',(0.,0.,-1.));
#2834 = DIRECTION('',(-0.887019384995,-0.461732184976,-0.));
#2835 = ADVANCED_FACE('',(#2836),#2861,.T.);
#2836 = FACE_BOUND('',#2837,.T.);
#2837 = EDGE_LOOP('',(#2838,#2839,#2847,#2855));
#2838 = ORIENTED_EDGE('',*,*,#2816,.T.);
#2839 = ORIENTED_EDGE('',*,*,#2840,.T.);
#2840 = EDGE_CURVE('',#2808,#2841,#2843,.T.);
#2841 = VERTEX_POINT('',#2842);
#2842 = CARTESIAN_POINT('',(135.131941,-110.213891,1.545));
#2843 = LINE('',#2844,#2845);
#2844 = CARTESIAN_POINT('',(134.607468,-110.431137,1.545));
#2845 = VECTOR('',#2846,1.);
#2846 = DIRECTION('',(0.923878180848,0.382686695553,0.));
#2847 = ORIENTED_EDGE('',*,*,#2848,.F.);
#2848 = EDGE_CURVE('',#2849,#2841,#2851,.T.);
#2849 = VERTEX_POINT('',#2850);
#2850 = CARTESIAN_POINT('',(135.131941,-110.213891,1.51));
#2851 = LINE('',#2852,#2853);
#2852 = CARTESIAN_POINT('',(135.131941,-110.213891,1.51));
#2853 = VECTOR('',#2854,1.);
#2854 = DIRECTION('',(0.,0.,1.));
#2855 = ORIENTED_EDGE('',*,*,#2856,.F.);
#2856 = EDGE_CURVE('',#2817,#2849,#2857,.T.);
#2857 = LINE('',#2858,#2859);
#2858 = CARTESIAN_POINT('',(134.607468,-110.431137,1.51));
#2859 = VECTOR('',#2860,1.);
#2860 = DIRECTION('',(0.923878180848,0.382686695553,0.));
#2861 = PLANE('',#2862);
#2862 = AXIS2_PLACEMENT_3D('',#2863,#2864,#2865);
#2863 = CARTESIAN_POINT('',(134.607468,-110.431137,1.51));
#2864 = DIRECTION('',(-0.382686695553,0.923878180848,0.));
#2865 = DIRECTION('',(0.923878180848,0.382686695553,0.));
#2866 = ADVANCED_FACE('',(#2867),#2883,.T.);
#2867 = FACE_BOUND('',#2868,.T.);
#2868 = EDGE_LOOP('',(#2869,#2870,#2876,#2877));
#2869 = ORIENTED_EDGE('',*,*,#2848,.T.);
#2870 = ORIENTED_EDGE('',*,*,#2871,.T.);
#2871 = EDGE_CURVE('',#2841,#2356,#2872,.T.);
#2872 = LINE('',#2873,#2874);
#2873 = CARTESIAN_POINT('',(135.131941,-110.213891,1.545));
#2874 = VECTOR('',#2875,1.);
#2875 = DIRECTION('',(-0.382683341611,0.923879570103,0.));
#2876 = ORIENTED_EDGE('',*,*,#2353,.F.);
#2877 = ORIENTED_EDGE('',*,*,#2878,.F.);
#2878 = EDGE_CURVE('',#2849,#2354,#2879,.T.);
#2879 = LINE('',#2880,#2881);
#2880 = CARTESIAN_POINT('',(135.131941,-110.213891,1.51));
#2881 = VECTOR('',#2882,1.);
#2882 = DIRECTION('',(-0.382683341611,0.923879570103,0.));
#2883 = PLANE('',#2884);
#2884 = AXIS2_PLACEMENT_3D('',#2885,#2886,#2887);
#2885 = CARTESIAN_POINT('',(135.131941,-110.213891,1.51));
#2886 = DIRECTION('',(-0.923879570103,-0.382683341611,0.));
#2887 = DIRECTION('',(-0.382683341611,0.923879570103,0.));
#2888 = ADVANCED_FACE('',(#2889),#2908,.F.);
#2889 = FACE_BOUND('',#2890,.T.);
#2890 = EDGE_LOOP('',(#2891,#2892,#2893,#2894,#2895,#2896,#2897,#2898,
    #2899,#2900,#2901,#2902,#2903,#2904,#2905,#2906,#2907));
#2891 = ORIENTED_EDGE('',*,*,#2380,.T.);
#2892 = ORIENTED_EDGE('',*,*,#2412,.T.);
#2893 = ORIENTED_EDGE('',*,*,#2443,.T.);
#2894 = ORIENTED_EDGE('',*,*,#2475,.T.);
#2895 = ORIENTED_EDGE('',*,*,#2507,.T.);
#2896 = ORIENTED_EDGE('',*,*,#2539,.T.);
#2897 = ORIENTED_EDGE('',*,*,#2571,.T.);
#2898 = ORIENTED_EDGE('',*,*,#2602,.T.);
#2899 = ORIENTED_EDGE('',*,*,#2633,.T.);
#2900 = ORIENTED_EDGE('',*,*,#2664,.T.);
#2901 = ORIENTED_EDGE('',*,*,#2696,.T.);
#2902 = ORIENTED_EDGE('',*,*,#2728,.T.);
#2903 = ORIENTED_EDGE('',*,*,#2760,.T.);
#2904 = ORIENTED_EDGE('',*,*,#2792,.T.);
#2905 = ORIENTED_EDGE('',*,*,#2824,.T.);
#2906 = ORIENTED_EDGE('',*,*,#2856,.T.);
#2907 = ORIENTED_EDGE('',*,*,#2878,.T.);
#2908 = PLANE('',#2909);
#2909 = AXIS2_PLACEMENT_3D('',#2910,#2911,#2912);
#2910 = CARTESIAN_POINT('',(0.,0.,1.51));
#2911 = DIRECTION('',(0.,0.,1.));
#2912 = DIRECTION('',(1.,0.,-0.));
#2913 = ADVANCED_FACE('',(#2914),#2933,.T.);
#2914 = FACE_BOUND('',#2915,.F.);
#2915 = EDGE_LOOP('',(#2916,#2917,#2918,#2919,#2920,#2921,#2922,#2923,
    #2924,#2925,#2926,#2927,#2928,#2929,#2930,#2931,#2932));
#2916 = ORIENTED_EDGE('',*,*,#2363,.T.);
#2917 = ORIENTED_EDGE('',*,*,#2396,.T.);
#2918 = ORIENTED_EDGE('',*,*,#2427,.T.);
#2919 = ORIENTED_EDGE('',*,*,#2458,.T.);
#2920 = ORIENTED_EDGE('',*,*,#2491,.T.);
#2921 = ORIENTED_EDGE('',*,*,#2522,.T.);
#2922 = ORIENTED_EDGE('',*,*,#2555,.T.);
#2923 = ORIENTED_EDGE('',*,*,#2586,.T.);
#2924 = ORIENTED_EDGE('',*,*,#2617,.T.);
#2925 = ORIENTED_EDGE('',*,*,#2648,.T.);
#2926 = ORIENTED_EDGE('',*,*,#2679,.T.);
#2927 = ORIENTED_EDGE('',*,*,#2712,.T.);
#2928 = ORIENTED_EDGE('',*,*,#2743,.T.);
#2929 = ORIENTED_EDGE('',*,*,#2776,.T.);
#2930 = ORIENTED_EDGE('',*,*,#2807,.T.);
#2931 = ORIENTED_EDGE('',*,*,#2840,.T.);
#2932 = ORIENTED_EDGE('',*,*,#2871,.T.);
#2933 = PLANE('',#2934);
#2934 = AXIS2_PLACEMENT_3D('',#2935,#2936,#2937);
#2935 = CARTESIAN_POINT('',(0.,0.,1.545));
#2936 = DIRECTION('',(0.,0.,1.));
#2937 = DIRECTION('',(1.,0.,-0.));
#2938 = MANIFOLD_SOLID_BREP('',#2939);
#2939 = CLOSED_SHELL('',(#2940,#2980,#3011,#3044,#3075,#3108,#3139,#3172
    ,#3203,#3234,#3267,#3298,#3329,#3362,#3393,#3426,#3457,#3479,#3504)
  );
#2940 = ADVANCED_FACE('',(#2941),#2975,.T.);
#2941 = FACE_BOUND('',#2942,.T.);
#2942 = EDGE_LOOP('',(#2943,#2953,#2961,#2969));
#2943 = ORIENTED_EDGE('',*,*,#2944,.T.);
#2944 = EDGE_CURVE('',#2945,#2947,#2949,.T.);
#2945 = VERTEX_POINT('',#2946);
#2946 = CARTESIAN_POINT('',(132.477748,-101.861206,1.51));
#2947 = VERTEX_POINT('',#2948);
#2948 = CARTESIAN_POINT('',(132.477748,-101.861206,1.545));
#2949 = LINE('',#2950,#2951);
#2950 = CARTESIAN_POINT('',(132.477748,-101.861206,1.51));
#2951 = VECTOR('',#2952,1.);
#2952 = DIRECTION('',(0.,0.,1.));
#2953 = ORIENTED_EDGE('',*,*,#2954,.T.);
#2954 = EDGE_CURVE('',#2947,#2955,#2957,.T.);
#2955 = VERTEX_POINT('',#2956);
#2956 = CARTESIAN_POINT('',(132.529259,-101.85,1.545));
#2957 = LINE('',#2958,#2959);
#2958 = CARTESIAN_POINT('',(132.477748,-101.861206,1.545));
#2959 = VECTOR('',#2960,1.);
#2960 = DIRECTION('',(0.977145022575,0.212573763332,0.));
#2961 = ORIENTED_EDGE('',*,*,#2962,.F.);
#2962 = EDGE_CURVE('',#2963,#2955,#2965,.T.);
#2963 = VERTEX_POINT('',#2964);
#2964 = CARTESIAN_POINT('',(132.529259,-101.85,1.51));
#2965 = LINE('',#2966,#2967);
#2966 = CARTESIAN_POINT('',(132.529259,-101.85,1.51));
#2967 = VECTOR('',#2968,1.);
#2968 = DIRECTION('',(0.,0.,1.));
#2969 = ORIENTED_EDGE('',*,*,#2970,.F.);
#2970 = EDGE_CURVE('',#2945,#2963,#2971,.T.);
#2971 = LINE('',#2972,#2973);
#2972 = CARTESIAN_POINT('',(132.477748,-101.861206,1.51));
#2973 = VECTOR('',#2974,1.);
#2974 = DIRECTION('',(0.977145022575,0.212573763332,0.));
#2975 = PLANE('',#2976);
#2976 = AXIS2_PLACEMENT_3D('',#2977,#2978,#2979);
#2977 = CARTESIAN_POINT('',(132.477748,-101.861206,1.51));
#2978 = DIRECTION('',(-0.212573763332,0.977145022575,0.));
#2979 = DIRECTION('',(0.977145022575,0.212573763332,0.));
#2980 = ADVANCED_FACE('',(#2981),#3006,.T.);
#2981 = FACE_BOUND('',#2982,.T.);
#2982 = EDGE_LOOP('',(#2983,#2984,#2992,#3000));
#2983 = ORIENTED_EDGE('',*,*,#2962,.T.);
#2984 = ORIENTED_EDGE('',*,*,#2985,.T.);
#2985 = EDGE_CURVE('',#2955,#2986,#2988,.T.);
#2986 = VERTEX_POINT('',#2987);
#2987 = CARTESIAN_POINT('',(134.2755,-101.85,1.545));
#2988 = LINE('',#2989,#2990);
#2989 = CARTESIAN_POINT('',(132.529259,-101.85,1.545));
#2990 = VECTOR('',#2991,1.);
#2991 = DIRECTION('',(1.,0.,0.));
#2992 = ORIENTED_EDGE('',*,*,#2993,.F.);
#2993 = EDGE_CURVE('',#2994,#2986,#2996,.T.);
#2994 = VERTEX_POINT('',#2995);
#2995 = CARTESIAN_POINT('',(134.2755,-101.85,1.51));
#2996 = LINE('',#2997,#2998);
#2997 = CARTESIAN_POINT('',(134.2755,-101.85,1.51));
#2998 = VECTOR('',#2999,1.);
#2999 = DIRECTION('',(0.,0.,1.));
#3000 = ORIENTED_EDGE('',*,*,#3001,.F.);
#3001 = EDGE_CURVE('',#2963,#2994,#3002,.T.);
#3002 = LINE('',#3003,#3004);
#3003 = CARTESIAN_POINT('',(132.529259,-101.85,1.51));
#3004 = VECTOR('',#3005,1.);
#3005 = DIRECTION('',(1.,0.,0.));
#3006 = PLANE('',#3007);
#3007 = AXIS2_PLACEMENT_3D('',#3008,#3009,#3010);
#3008 = CARTESIAN_POINT('',(132.529259,-101.85,1.51));
#3009 = DIRECTION('',(0.,1.,0.));
#3010 = DIRECTION('',(1.,0.,0.));
#3011 = ADVANCED_FACE('',(#3012),#3039,.T.);
#3012 = FACE_BOUND('',#3013,.T.);
#3013 = EDGE_LOOP('',(#3014,#3015,#3024,#3032));
#3014 = ORIENTED_EDGE('',*,*,#2993,.T.);
#3015 = ORIENTED_EDGE('',*,*,#3016,.T.);
#3016 = EDGE_CURVE('',#2986,#3017,#3019,.T.);
#3017 = VERTEX_POINT('',#3018);
#3018 = CARTESIAN_POINT('',(134.3995,-101.974,1.545));
#3019 = CIRCLE('',#3020,0.124001618184);
#3020 = AXIS2_PLACEMENT_3D('',#3021,#3022,#3023);
#3021 = CARTESIAN_POINT('',(134.27549838182,-101.9740016181,1.545));
#3022 = DIRECTION('',(0.,0.,-1.));
#3023 = DIRECTION('',(1.304961839464E-05,0.999999999915,0.));
#3024 = ORIENTED_EDGE('',*,*,#3025,.F.);
#3025 = EDGE_CURVE('',#3026,#3017,#3028,.T.);
#3026 = VERTEX_POINT('',#3027);
#3027 = CARTESIAN_POINT('',(134.3995,-101.974,1.51));
#3028 = LINE('',#3029,#3030);
#3029 = CARTESIAN_POINT('',(134.3995,-101.974,1.51));
#3030 = VECTOR('',#3031,1.);
#3031 = DIRECTION('',(0.,0.,1.));
#3032 = ORIENTED_EDGE('',*,*,#3033,.F.);
#3033 = EDGE_CURVE('',#2994,#3026,#3034,.T.);
#3034 = CIRCLE('',#3035,0.124001618184);
#3035 = AXIS2_PLACEMENT_3D('',#3036,#3037,#3038);
#3036 = CARTESIAN_POINT('',(134.27549838182,-101.9740016181,1.51));
#3037 = DIRECTION('',(0.,0.,-1.));
#3038 = DIRECTION('',(1.304961839464E-05,0.999999999915,0.));
#3039 = CYLINDRICAL_SURFACE('',#3040,0.124001618184);
#3040 = AXIS2_PLACEMENT_3D('',#3041,#3042,#3043);
#3041 = CARTESIAN_POINT('',(134.27549838182,-101.9740016181,1.51));
#3042 = DIRECTION('',(0.,0.,-1.));
#3043 = DIRECTION('',(1.304961839464E-05,0.999999999915,0.));
#3044 = ADVANCED_FACE('',(#3045),#3070,.T.);
#3045 = FACE_BOUND('',#3046,.T.);
#3046 = EDGE_LOOP('',(#3047,#3048,#3056,#3064));
#3047 = ORIENTED_EDGE('',*,*,#3025,.T.);
#3048 = ORIENTED_EDGE('',*,*,#3049,.T.);
#3049 = EDGE_CURVE('',#3017,#3050,#3052,.T.);
#3050 = VERTEX_POINT('',#3051);
#3051 = CARTESIAN_POINT('',(134.437913,-102.846759,1.545));
#3052 = LINE('',#3053,#3054);
#3053 = CARTESIAN_POINT('',(134.3995,-101.974,1.545));
#3054 = VECTOR('',#3055,1.);
#3055 = DIRECTION('',(4.397072698135E-02,-0.999032819866,0.));
#3056 = ORIENTED_EDGE('',*,*,#3057,.F.);
#3057 = EDGE_CURVE('',#3058,#3050,#3060,.T.);
#3058 = VERTEX_POINT('',#3059);
#3059 = CARTESIAN_POINT('',(134.437913,-102.846759,1.51));
#3060 = LINE('',#3061,#3062);
#3061 = CARTESIAN_POINT('',(134.437913,-102.846759,1.51));
#3062 = VECTOR('',#3063,1.);
#3063 = DIRECTION('',(0.,0.,1.));
#3064 = ORIENTED_EDGE('',*,*,#3065,.F.);
#3065 = EDGE_CURVE('',#3026,#3058,#3066,.T.);
#3066 = LINE('',#3067,#3068);
#3067 = CARTESIAN_POINT('',(134.3995,-101.974,1.51));
#3068 = VECTOR('',#3069,1.);
#3069 = DIRECTION('',(4.397072698135E-02,-0.999032819866,0.));
#3070 = PLANE('',#3071);
#3071 = AXIS2_PLACEMENT_3D('',#3072,#3073,#3074);
#3072 = CARTESIAN_POINT('',(134.3995,-101.974,1.51));
#3073 = DIRECTION('',(0.999032819866,4.397072698135E-02,-0.));
#3074 = DIRECTION('',(4.397072698135E-02,-0.999032819866,0.));
#3075 = ADVANCED_FACE('',(#3076),#3103,.F.);
#3076 = FACE_BOUND('',#3077,.T.);
#3077 = EDGE_LOOP('',(#3078,#3079,#3088,#3096));
#3078 = ORIENTED_EDGE('',*,*,#3057,.T.);
#3079 = ORIENTED_EDGE('',*,*,#3080,.T.);
#3080 = EDGE_CURVE('',#3050,#3081,#3083,.T.);
#3081 = VERTEX_POINT('',#3082);
#3082 = CARTESIAN_POINT('',(135.200463,-106.926059,1.545));
#3083 = CIRCLE('',#3084,18.005276441797);
#3084 = AXIS2_PLACEMENT_3D('',#3085,#3086,#3087);
#3085 = CARTESIAN_POINT('',(152.39997258531,-101.6000051352,1.545));
#3086 = DIRECTION('',(0.,0.,1.));
#3087 = DIRECTION('',(-0.997599767122,-6.924380576957E-02,0.));
#3088 = ORIENTED_EDGE('',*,*,#3089,.F.);
#3089 = EDGE_CURVE('',#3090,#3081,#3092,.T.);
#3090 = VERTEX_POINT('',#3091);
#3091 = CARTESIAN_POINT('',(135.200463,-106.926059,1.51));
#3092 = LINE('',#3093,#3094);
#3093 = CARTESIAN_POINT('',(135.200463,-106.926059,1.51));
#3094 = VECTOR('',#3095,1.);
#3095 = DIRECTION('',(0.,0.,1.));
#3096 = ORIENTED_EDGE('',*,*,#3097,.F.);
#3097 = EDGE_CURVE('',#3058,#3090,#3098,.T.);
#3098 = CIRCLE('',#3099,18.005276441797);
#3099 = AXIS2_PLACEMENT_3D('',#3100,#3101,#3102);
#3100 = CARTESIAN_POINT('',(152.39997258531,-101.6000051352,1.51));
#3101 = DIRECTION('',(0.,0.,1.));
#3102 = DIRECTION('',(-0.997599767122,-6.924380576957E-02,0.));
#3103 = CYLINDRICAL_SURFACE('',#3104,18.005276441797);
#3104 = AXIS2_PLACEMENT_3D('',#3105,#3106,#3107);
#3105 = CARTESIAN_POINT('',(152.39997258531,-101.6000051352,1.51));
#3106 = DIRECTION('',(-0.,-0.,-1.));
#3107 = DIRECTION('',(-0.997599767122,-6.924380576957E-02,0.));
#3108 = ADVANCED_FACE('',(#3109),#3134,.T.);
#3109 = FACE_BOUND('',#3110,.T.);
#3110 = EDGE_LOOP('',(#3111,#3112,#3120,#3128));
#3111 = ORIENTED_EDGE('',*,*,#3089,.T.);
#3112 = ORIENTED_EDGE('',*,*,#3113,.T.);
#3113 = EDGE_CURVE('',#3081,#3114,#3116,.T.);
#3114 = VERTEX_POINT('',#3115);
#3115 = CARTESIAN_POINT('',(135.263886,-107.115292,1.545));
#3116 = LINE('',#3117,#3118);
#3117 = CARTESIAN_POINT('',(135.200463,-106.926059,1.545));
#3118 = VECTOR('',#3119,1.);
#3119 = DIRECTION('',(0.317784621399,-0.948162926085,0.));
#3120 = ORIENTED_EDGE('',*,*,#3121,.F.);
#3121 = EDGE_CURVE('',#3122,#3114,#3124,.T.);
#3122 = VERTEX_POINT('',#3123);
#3123 = CARTESIAN_POINT('',(135.263886,-107.115292,1.51));
#3124 = LINE('',#3125,#3126);
#3125 = CARTESIAN_POINT('',(135.263886,-107.115292,1.51));
#3126 = VECTOR('',#3127,1.);
#3127 = DIRECTION('',(0.,0.,1.));
#3128 = ORIENTED_EDGE('',*,*,#3129,.F.);
#3129 = EDGE_CURVE('',#3090,#3122,#3130,.T.);
#3130 = LINE('',#3131,#3132);
#3131 = CARTESIAN_POINT('',(135.200463,-106.926059,1.51));
#3132 = VECTOR('',#3133,1.);
#3133 = DIRECTION('',(0.317784621399,-0.948162926085,0.));
#3134 = PLANE('',#3135);
#3135 = AXIS2_PLACEMENT_3D('',#3136,#3137,#3138);
#3136 = CARTESIAN_POINT('',(135.200463,-106.926059,1.51));
#3137 = DIRECTION('',(0.948162926085,0.317784621399,-0.));
#3138 = DIRECTION('',(0.317784621399,-0.948162926085,0.));
#3139 = ADVANCED_FACE('',(#3140),#3167,.T.);
#3140 = FACE_BOUND('',#3141,.T.);
#3141 = EDGE_LOOP('',(#3142,#3143,#3152,#3160));
#3142 = ORIENTED_EDGE('',*,*,#3121,.T.);
#3143 = ORIENTED_EDGE('',*,*,#3144,.T.);
#3144 = EDGE_CURVE('',#3114,#3145,#3147,.T.);
#3145 = VERTEX_POINT('',#3146);
#3146 = CARTESIAN_POINT('',(135.181252,-107.273674,1.545));
#3147 = CIRCLE('',#3148,0.124000448862);
#3148 = AXIS2_PLACEMENT_3D('',#3149,#3150,#3151);
#3149 = CARTESIAN_POINT('',(135.14631339631,-107.1546975095,1.545));
#3150 = DIRECTION('',(0.,0.,-1.));
#3151 = DIRECTION('',(0.948162726581,0.317785216651,0.));
#3152 = ORIENTED_EDGE('',*,*,#3153,.F.);
#3153 = EDGE_CURVE('',#3154,#3145,#3156,.T.);
#3154 = VERTEX_POINT('',#3155);
#3155 = CARTESIAN_POINT('',(135.181252,-107.273674,1.51));
#3156 = LINE('',#3157,#3158);
#3157 = CARTESIAN_POINT('',(135.181252,-107.273674,1.51));
#3158 = VECTOR('',#3159,1.);
#3159 = DIRECTION('',(0.,0.,1.));
#3160 = ORIENTED_EDGE('',*,*,#3161,.F.);
#3161 = EDGE_CURVE('',#3122,#3154,#3162,.T.);
#3162 = CIRCLE('',#3163,0.124000448862);
#3163 = AXIS2_PLACEMENT_3D('',#3164,#3165,#3166);
#3164 = CARTESIAN_POINT('',(135.14631339631,-107.1546975095,1.51));
#3165 = DIRECTION('',(0.,0.,-1.));
#3166 = DIRECTION('',(0.948162726581,0.317785216651,0.));
#3167 = CYLINDRICAL_SURFACE('',#3168,0.124000448862);
#3168 = AXIS2_PLACEMENT_3D('',#3169,#3170,#3171);
#3169 = CARTESIAN_POINT('',(135.14631339631,-107.1546975095,1.51));
#3170 = DIRECTION('',(0.,0.,-1.));
#3171 = DIRECTION('',(0.948162726581,0.317785216651,0.));
#3172 = ADVANCED_FACE('',(#3173),#3198,.T.);
#3173 = FACE_BOUND('',#3174,.T.);
#3174 = EDGE_LOOP('',(#3175,#3176,#3184,#3192));
#3175 = ORIENTED_EDGE('',*,*,#3153,.T.);
#3176 = ORIENTED_EDGE('',*,*,#3177,.T.);
#3177 = EDGE_CURVE('',#3145,#3178,#3180,.T.);
#3178 = VERTEX_POINT('',#3179);
#3179 = CARTESIAN_POINT('',(134.560635,-107.528077,1.545));
#3180 = LINE('',#3181,#3182);
#3181 = CARTESIAN_POINT('',(135.181252,-107.273674,1.545));
#3182 = VECTOR('',#3183,1.);
#3183 = DIRECTION('',(-0.925278052413,-0.379289501203,0.));
#3184 = ORIENTED_EDGE('',*,*,#3185,.F.);
#3185 = EDGE_CURVE('',#3186,#3178,#3188,.T.);
#3186 = VERTEX_POINT('',#3187);
#3187 = CARTESIAN_POINT('',(134.560635,-107.528077,1.51));
#3188 = LINE('',#3189,#3190);
#3189 = CARTESIAN_POINT('',(134.560635,-107.528077,1.51));
#3190 = VECTOR('',#3191,1.);
#3191 = DIRECTION('',(0.,0.,1.));
#3192 = ORIENTED_EDGE('',*,*,#3193,.F.);
#3193 = EDGE_CURVE('',#3154,#3186,#3194,.T.);
#3194 = LINE('',#3195,#3196);
#3195 = CARTESIAN_POINT('',(135.181252,-107.273674,1.51));
#3196 = VECTOR('',#3197,1.);
#3197 = DIRECTION('',(-0.925278052413,-0.379289501203,0.));
#3198 = PLANE('',#3199);
#3199 = AXIS2_PLACEMENT_3D('',#3200,#3201,#3202);
#3200 = CARTESIAN_POINT('',(135.181252,-107.273674,1.51));
#3201 = DIRECTION('',(0.379289501203,-0.925278052413,0.));
#3202 = DIRECTION('',(-0.925278052413,-0.379289501203,0.));
#3203 = ADVANCED_FACE('',(#3204),#3229,.T.);
#3204 = FACE_BOUND('',#3205,.T.);
#3205 = EDGE_LOOP('',(#3206,#3207,#3215,#3223));
#3206 = ORIENTED_EDGE('',*,*,#3185,.T.);
#3207 = ORIENTED_EDGE('',*,*,#3208,.T.);
#3208 = EDGE_CURVE('',#3178,#3209,#3211,.T.);
#3209 = VERTEX_POINT('',#3210);
#3210 = CARTESIAN_POINT('',(134.90978,-108.370985,1.545));
#3211 = LINE('',#3212,#3213);
#3212 = CARTESIAN_POINT('',(134.560635,-107.528077,1.545));
#3213 = VECTOR('',#3214,1.);
#3214 = DIRECTION('',(0.382684437673,-0.923879116098,0.));
#3215 = ORIENTED_EDGE('',*,*,#3216,.F.);
#3216 = EDGE_CURVE('',#3217,#3209,#3219,.T.);
#3217 = VERTEX_POINT('',#3218);
#3218 = CARTESIAN_POINT('',(134.90978,-108.370985,1.51));
#3219 = LINE('',#3220,#3221);
#3220 = CARTESIAN_POINT('',(134.90978,-108.370985,1.51));
#3221 = VECTOR('',#3222,1.);
#3222 = DIRECTION('',(0.,0.,1.));
#3223 = ORIENTED_EDGE('',*,*,#3224,.F.);
#3224 = EDGE_CURVE('',#3186,#3217,#3225,.T.);
#3225 = LINE('',#3226,#3227);
#3226 = CARTESIAN_POINT('',(134.560635,-107.528077,1.51));
#3227 = VECTOR('',#3228,1.);
#3228 = DIRECTION('',(0.382684437673,-0.923879116098,0.));
#3229 = PLANE('',#3230);
#3230 = AXIS2_PLACEMENT_3D('',#3231,#3232,#3233);
#3231 = CARTESIAN_POINT('',(134.560635,-107.528077,1.51));
#3232 = DIRECTION('',(0.923879116098,0.382684437673,-0.));
#3233 = DIRECTION('',(0.382684437673,-0.923879116098,0.));
#3234 = ADVANCED_FACE('',(#3235),#3262,.F.);
#3235 = FACE_BOUND('',#3236,.T.);
#3236 = EDGE_LOOP('',(#3237,#3238,#3247,#3255));
#3237 = ORIENTED_EDGE('',*,*,#3216,.T.);
#3238 = ORIENTED_EDGE('',*,*,#3239,.T.);
#3239 = EDGE_CURVE('',#3209,#3240,#3242,.T.);
#3240 = VERTEX_POINT('',#3241);
#3241 = CARTESIAN_POINT('',(134.44784,-108.562327,1.545));
#3242 = CIRCLE('',#3243,0.502055192605);
#3243 = AXIS2_PLACEMENT_3D('',#3244,#3245,#3246);
#3244 = CARTESIAN_POINT('',(134.84542442988,-108.8688984232,1.545));
#3245 = DIRECTION('',(0.,0.,1.));
#3246 = DIRECTION('',(0.128184253563,0.991750370375,-0.));
#3247 = ORIENTED_EDGE('',*,*,#3248,.F.);
#3248 = EDGE_CURVE('',#3249,#3240,#3251,.T.);
#3249 = VERTEX_POINT('',#3250);
#3250 = CARTESIAN_POINT('',(134.44784,-108.562327,1.51));
#3251 = LINE('',#3252,#3253);
#3252 = CARTESIAN_POINT('',(134.44784,-108.562327,1.51));
#3253 = VECTOR('',#3254,1.);
#3254 = DIRECTION('',(0.,0.,1.));
#3255 = ORIENTED_EDGE('',*,*,#3256,.F.);
#3256 = EDGE_CURVE('',#3217,#3249,#3257,.T.);
#3257 = CIRCLE('',#3258,0.502055192605);
#3258 = AXIS2_PLACEMENT_3D('',#3259,#3260,#3261);
#3259 = CARTESIAN_POINT('',(134.84542442988,-108.8688984232,1.51));
#3260 = DIRECTION('',(0.,0.,1.));
#3261 = DIRECTION('',(0.128184253563,0.991750370375,-0.));
#3262 = CYLINDRICAL_SURFACE('',#3263,0.502055192605);
#3263 = AXIS2_PLACEMENT_3D('',#3264,#3265,#3266);
#3264 = CARTESIAN_POINT('',(134.84542442988,-108.8688984232,1.51));
#3265 = DIRECTION('',(-0.,-0.,-1.));
#3266 = DIRECTION('',(0.128184253563,0.991750370375,-0.));
#3267 = ADVANCED_FACE('',(#3268),#3293,.T.);
#3268 = FACE_BOUND('',#3269,.T.);
#3269 = EDGE_LOOP('',(#3270,#3271,#3279,#3287));
#3270 = ORIENTED_EDGE('',*,*,#3248,.T.);
#3271 = ORIENTED_EDGE('',*,*,#3272,.T.);
#3272 = EDGE_CURVE('',#3240,#3273,#3275,.T.);
#3273 = VERTEX_POINT('',#3274);
#3274 = CARTESIAN_POINT('',(134.098695,-107.719417,1.545));
#3275 = LINE('',#3276,#3277);
#3276 = CARTESIAN_POINT('',(134.44784,-108.562327,1.545));
#3277 = VECTOR('',#3278,1.);
#3278 = DIRECTION('',(-0.38268366264,0.923879437128,0.));
#3279 = ORIENTED_EDGE('',*,*,#3280,.F.);
#3280 = EDGE_CURVE('',#3281,#3273,#3283,.T.);
#3281 = VERTEX_POINT('',#3282);
#3282 = CARTESIAN_POINT('',(134.098695,-107.719417,1.51));
#3283 = LINE('',#3284,#3285);
#3284 = CARTESIAN_POINT('',(134.098695,-107.719417,1.51));
#3285 = VECTOR('',#3286,1.);
#3286 = DIRECTION('',(0.,0.,1.));
#3287 = ORIENTED_EDGE('',*,*,#3288,.F.);
#3288 = EDGE_CURVE('',#3249,#3281,#3289,.T.);
#3289 = LINE('',#3290,#3291);
#3290 = CARTESIAN_POINT('',(134.44784,-108.562327,1.51));
#3291 = VECTOR('',#3292,1.);
#3292 = DIRECTION('',(-0.38268366264,0.923879437128,0.));
#3293 = PLANE('',#3294);
#3294 = AXIS2_PLACEMENT_3D('',#3295,#3296,#3297);
#3295 = CARTESIAN_POINT('',(134.44784,-108.562327,1.51));
#3296 = DIRECTION('',(-0.923879437128,-0.38268366264,0.));
#3297 = DIRECTION('',(-0.38268366264,0.923879437128,0.));
#3298 = ADVANCED_FACE('',(#3299),#3324,.T.);
#3299 = FACE_BOUND('',#3300,.T.);
#3300 = EDGE_LOOP('',(#3301,#3302,#3310,#3318));
#3301 = ORIENTED_EDGE('',*,*,#3280,.T.);
#3302 = ORIENTED_EDGE('',*,*,#3303,.T.);
#3303 = EDGE_CURVE('',#3273,#3304,#3306,.T.);
#3304 = VERTEX_POINT('',#3305);
#3305 = CARTESIAN_POINT('',(133.574223,-107.936662,1.545));
#3306 = LINE('',#3307,#3308);
#3307 = CARTESIAN_POINT('',(134.098695,-107.719417,1.545));
#3308 = VECTOR('',#3309,1.);
#3309 = DIRECTION('',(-0.923878545675,-0.382685814791,0.));
#3310 = ORIENTED_EDGE('',*,*,#3311,.F.);
#3311 = EDGE_CURVE('',#3312,#3304,#3314,.T.);
#3312 = VERTEX_POINT('',#3313);
#3313 = CARTESIAN_POINT('',(133.574223,-107.936662,1.51));
#3314 = LINE('',#3315,#3316);
#3315 = CARTESIAN_POINT('',(133.574223,-107.936662,1.51));
#3316 = VECTOR('',#3317,1.);
#3317 = DIRECTION('',(0.,0.,1.));
#3318 = ORIENTED_EDGE('',*,*,#3319,.F.);
#3319 = EDGE_CURVE('',#3281,#3312,#3320,.T.);
#3320 = LINE('',#3321,#3322);
#3321 = CARTESIAN_POINT('',(134.098695,-107.719417,1.51));
#3322 = VECTOR('',#3323,1.);
#3323 = DIRECTION('',(-0.923878545675,-0.382685814791,0.));
#3324 = PLANE('',#3325);
#3325 = AXIS2_PLACEMENT_3D('',#3326,#3327,#3328);
#3326 = CARTESIAN_POINT('',(134.098695,-107.719417,1.51));
#3327 = DIRECTION('',(0.382685814791,-0.923878545675,0.));
#3328 = DIRECTION('',(-0.923878545675,-0.382685814791,0.));
#3329 = ADVANCED_FACE('',(#3330),#3357,.T.);
#3330 = FACE_BOUND('',#3331,.T.);
#3331 = EDGE_LOOP('',(#3332,#3333,#3342,#3350));
#3332 = ORIENTED_EDGE('',*,*,#3311,.T.);
#3333 = ORIENTED_EDGE('',*,*,#3334,.T.);
#3334 = EDGE_CURVE('',#3304,#3335,#3337,.T.);
#3335 = VERTEX_POINT('',#3336);
#3336 = CARTESIAN_POINT('',(133.40851,-107.859389,1.545));
#3337 = CIRCLE('',#3338,0.123998535131);
#3338 = AXIS2_PLACEMENT_3D('',#3339,#3340,#3341);
#3339 = CARTESIAN_POINT('',(133.52676975934,-107.8221027285,1.545));
#3340 = DIRECTION('',(-0.,0.,-1.));
#3341 = DIRECTION('',(0.382691945592,-0.923876006171,-0.));
#3342 = ORIENTED_EDGE('',*,*,#3343,.F.);
#3343 = EDGE_CURVE('',#3344,#3335,#3346,.T.);
#3344 = VERTEX_POINT('',#3345);
#3345 = CARTESIAN_POINT('',(133.40851,-107.859389,1.51));
#3346 = LINE('',#3347,#3348);
#3347 = CARTESIAN_POINT('',(133.40851,-107.859389,1.51));
#3348 = VECTOR('',#3349,1.);
#3349 = DIRECTION('',(0.,0.,1.));
#3350 = ORIENTED_EDGE('',*,*,#3351,.F.);
#3351 = EDGE_CURVE('',#3312,#3344,#3352,.T.);
#3352 = CIRCLE('',#3353,0.123998535131);
#3353 = AXIS2_PLACEMENT_3D('',#3354,#3355,#3356);
#3354 = CARTESIAN_POINT('',(133.52676975934,-107.8221027285,1.51));
#3355 = DIRECTION('',(-0.,0.,-1.));
#3356 = DIRECTION('',(0.382691945592,-0.923876006171,-0.));
#3357 = CYLINDRICAL_SURFACE('',#3358,0.123998535131);
#3358 = AXIS2_PLACEMENT_3D('',#3359,#3360,#3361);
#3359 = CARTESIAN_POINT('',(133.52676975934,-107.8221027285,1.51));
#3360 = DIRECTION('',(-0.,0.,-1.));
#3361 = DIRECTION('',(0.382691945592,-0.923876006171,-0.));
#3362 = ADVANCED_FACE('',(#3363),#3388,.T.);
#3363 = FACE_BOUND('',#3364,.T.);
#3364 = EDGE_LOOP('',(#3365,#3366,#3374,#3382));
#3365 = ORIENTED_EDGE('',*,*,#3343,.T.);
#3366 = ORIENTED_EDGE('',*,*,#3367,.T.);
#3367 = EDGE_CURVE('',#3335,#3368,#3370,.T.);
#3368 = VERTEX_POINT('',#3369);
#3369 = CARTESIAN_POINT('',(133.222298,-107.268677,1.545));
#3370 = LINE('',#3371,#3372);
#3371 = CARTESIAN_POINT('',(133.40851,-107.859389,1.545));
#3372 = VECTOR('',#3373,1.);
#3373 = DIRECTION('',(-0.300648850996,0.953734904675,0.));
#3374 = ORIENTED_EDGE('',*,*,#3375,.F.);
#3375 = EDGE_CURVE('',#3376,#3368,#3378,.T.);
#3376 = VERTEX_POINT('',#3377);
#3377 = CARTESIAN_POINT('',(133.222298,-107.268677,1.51));
#3378 = LINE('',#3379,#3380);
#3379 = CARTESIAN_POINT('',(133.222298,-107.268677,1.51));
#3380 = VECTOR('',#3381,1.);
#3381 = DIRECTION('',(0.,0.,1.));
#3382 = ORIENTED_EDGE('',*,*,#3383,.F.);
#3383 = EDGE_CURVE('',#3344,#3376,#3384,.T.);
#3384 = LINE('',#3385,#3386);
#3385 = CARTESIAN_POINT('',(133.40851,-107.859389,1.51));
#3386 = VECTOR('',#3387,1.);
#3387 = DIRECTION('',(-0.300648850996,0.953734904675,0.));
#3388 = PLANE('',#3389);
#3389 = AXIS2_PLACEMENT_3D('',#3390,#3391,#3392);
#3390 = CARTESIAN_POINT('',(133.40851,-107.859389,1.51));
#3391 = DIRECTION('',(-0.953734904675,-0.300648850996,0.));
#3392 = DIRECTION('',(-0.300648850996,0.953734904675,0.));
#3393 = ADVANCED_FACE('',(#3394),#3421,.T.);
#3394 = FACE_BOUND('',#3395,.T.);
#3395 = EDGE_LOOP('',(#3396,#3397,#3406,#3414));
#3396 = ORIENTED_EDGE('',*,*,#3375,.T.);
#3397 = ORIENTED_EDGE('',*,*,#3398,.T.);
#3398 = EDGE_CURVE('',#3368,#3399,#3401,.T.);
#3399 = VERTEX_POINT('',#3400);
#3400 = CARTESIAN_POINT('',(132.405259,-101.974,1.545));
#3401 = CIRCLE('',#3402,19.97458189305);
#3402 = AXIS2_PLACEMENT_3D('',#3403,#3404,#3405);
#3403 = CARTESIAN_POINT('',(152.37638716402,-101.6025680971,1.545));
#3404 = DIRECTION('',(0.,0.,-1.));
#3405 = DIRECTION('',(-0.958923158771,-0.283665957725,-0.));
#3406 = ORIENTED_EDGE('',*,*,#3407,.F.);
#3407 = EDGE_CURVE('',#3408,#3399,#3410,.T.);
#3408 = VERTEX_POINT('',#3409);
#3409 = CARTESIAN_POINT('',(132.405259,-101.974,1.51));
#3410 = LINE('',#3411,#3412);
#3411 = CARTESIAN_POINT('',(132.405259,-101.974,1.51));
#3412 = VECTOR('',#3413,1.);
#3413 = DIRECTION('',(0.,0.,1.));
#3414 = ORIENTED_EDGE('',*,*,#3415,.F.);
#3415 = EDGE_CURVE('',#3376,#3408,#3416,.T.);
#3416 = CIRCLE('',#3417,19.97458189305);
#3417 = AXIS2_PLACEMENT_3D('',#3418,#3419,#3420);
#3418 = CARTESIAN_POINT('',(152.37638716402,-101.6025680971,1.51));
#3419 = DIRECTION('',(0.,0.,-1.));
#3420 = DIRECTION('',(-0.958923158771,-0.283665957725,-0.));
#3421 = CYLINDRICAL_SURFACE('',#3422,19.97458189305);
#3422 = AXIS2_PLACEMENT_3D('',#3423,#3424,#3425);
#3423 = CARTESIAN_POINT('',(152.37638716402,-101.6025680971,1.51));
#3424 = DIRECTION('',(0.,0.,-1.));
#3425 = DIRECTION('',(-0.958923158771,-0.283665957725,-0.));
#3426 = ADVANCED_FACE('',(#3427),#3452,.T.);
#3427 = FACE_BOUND('',#3428,.T.);
#3428 = EDGE_LOOP('',(#3429,#3430,#3438,#3446));
#3429 = ORIENTED_EDGE('',*,*,#3407,.T.);
#3430 = ORIENTED_EDGE('',*,*,#3431,.T.);
#3431 = EDGE_CURVE('',#3399,#3432,#3434,.T.);
#3432 = VERTEX_POINT('',#3433);
#3433 = CARTESIAN_POINT('',(132.424944,-101.906961,1.545));
#3434 = LINE('',#3435,#3436);
#3435 = CARTESIAN_POINT('',(132.405259,-101.974,1.545));
#3436 = VECTOR('',#3437,1.);
#3437 = DIRECTION('',(0.281740114026,0.959490754593,0.));
#3438 = ORIENTED_EDGE('',*,*,#3439,.F.);
#3439 = EDGE_CURVE('',#3440,#3432,#3442,.T.);
#3440 = VERTEX_POINT('',#3441);
#3441 = CARTESIAN_POINT('',(132.424944,-101.906961,1.51));
#3442 = LINE('',#3443,#3444);
#3443 = CARTESIAN_POINT('',(132.424944,-101.906961,1.51));
#3444 = VECTOR('',#3445,1.);
#3445 = DIRECTION('',(0.,0.,1.));
#3446 = ORIENTED_EDGE('',*,*,#3447,.F.);
#3447 = EDGE_CURVE('',#3408,#3440,#3448,.T.);
#3448 = LINE('',#3449,#3450);
#3449 = CARTESIAN_POINT('',(132.405259,-101.974,1.51));
#3450 = VECTOR('',#3451,1.);
#3451 = DIRECTION('',(0.281740114026,0.959490754593,0.));
#3452 = PLANE('',#3453);
#3453 = AXIS2_PLACEMENT_3D('',#3454,#3455,#3456);
#3454 = CARTESIAN_POINT('',(132.405259,-101.974,1.51));
#3455 = DIRECTION('',(-0.959490754593,0.281740114026,0.));
#3456 = DIRECTION('',(0.281740114026,0.959490754593,0.));
#3457 = ADVANCED_FACE('',(#3458),#3474,.T.);
#3458 = FACE_BOUND('',#3459,.T.);
#3459 = EDGE_LOOP('',(#3460,#3461,#3467,#3468));
#3460 = ORIENTED_EDGE('',*,*,#3439,.T.);
#3461 = ORIENTED_EDGE('',*,*,#3462,.T.);
#3462 = EDGE_CURVE('',#3432,#2947,#3463,.T.);
#3463 = LINE('',#3464,#3465);
#3464 = CARTESIAN_POINT('',(132.424944,-101.906961,1.545));
#3465 = VECTOR('',#3466,1.);
#3466 = DIRECTION('',(0.755749053431,0.654861335122,0.));
#3467 = ORIENTED_EDGE('',*,*,#2944,.F.);
#3468 = ORIENTED_EDGE('',*,*,#3469,.F.);
#3469 = EDGE_CURVE('',#3440,#2945,#3470,.T.);
#3470 = LINE('',#3471,#3472);
#3471 = CARTESIAN_POINT('',(132.424944,-101.906961,1.51));
#3472 = VECTOR('',#3473,1.);
#3473 = DIRECTION('',(0.755749053431,0.654861335122,0.));
#3474 = PLANE('',#3475);
#3475 = AXIS2_PLACEMENT_3D('',#3476,#3477,#3478);
#3476 = CARTESIAN_POINT('',(132.424944,-101.906961,1.51));
#3477 = DIRECTION('',(-0.654861335122,0.755749053431,0.));
#3478 = DIRECTION('',(0.755749053431,0.654861335122,0.));
#3479 = ADVANCED_FACE('',(#3480),#3499,.F.);
#3480 = FACE_BOUND('',#3481,.T.);
#3481 = EDGE_LOOP('',(#3482,#3483,#3484,#3485,#3486,#3487,#3488,#3489,
    #3490,#3491,#3492,#3493,#3494,#3495,#3496,#3497,#3498));
#3482 = ORIENTED_EDGE('',*,*,#2970,.T.);
#3483 = ORIENTED_EDGE('',*,*,#3001,.T.);
#3484 = ORIENTED_EDGE('',*,*,#3033,.T.);
#3485 = ORIENTED_EDGE('',*,*,#3065,.T.);
#3486 = ORIENTED_EDGE('',*,*,#3097,.T.);
#3487 = ORIENTED_EDGE('',*,*,#3129,.T.);
#3488 = ORIENTED_EDGE('',*,*,#3161,.T.);
#3489 = ORIENTED_EDGE('',*,*,#3193,.T.);
#3490 = ORIENTED_EDGE('',*,*,#3224,.T.);
#3491 = ORIENTED_EDGE('',*,*,#3256,.T.);
#3492 = ORIENTED_EDGE('',*,*,#3288,.T.);
#3493 = ORIENTED_EDGE('',*,*,#3319,.T.);
#3494 = ORIENTED_EDGE('',*,*,#3351,.T.);
#3495 = ORIENTED_EDGE('',*,*,#3383,.T.);
#3496 = ORIENTED_EDGE('',*,*,#3415,.T.);
#3497 = ORIENTED_EDGE('',*,*,#3447,.T.);
#3498 = ORIENTED_EDGE('',*,*,#3469,.T.);
#3499 = PLANE('',#3500);
#3500 = AXIS2_PLACEMENT_3D('',#3501,#3502,#3503);
#3501 = CARTESIAN_POINT('',(0.,0.,1.51));
#3502 = DIRECTION('',(0.,0.,1.));
#3503 = DIRECTION('',(1.,0.,-0.));
#3504 = ADVANCED_FACE('',(#3505),#3524,.T.);
#3505 = FACE_BOUND('',#3506,.F.);
#3506 = EDGE_LOOP('',(#3507,#3508,#3509,#3510,#3511,#3512,#3513,#3514,
    #3515,#3516,#3517,#3518,#3519,#3520,#3521,#3522,#3523));
#3507 = ORIENTED_EDGE('',*,*,#2954,.T.);
#3508 = ORIENTED_EDGE('',*,*,#2985,.T.);
#3509 = ORIENTED_EDGE('',*,*,#3016,.T.);
#3510 = ORIENTED_EDGE('',*,*,#3049,.T.);
#3511 = ORIENTED_EDGE('',*,*,#3080,.T.);
#3512 = ORIENTED_EDGE('',*,*,#3113,.T.);
#3513 = ORIENTED_EDGE('',*,*,#3144,.T.);
#3514 = ORIENTED_EDGE('',*,*,#3177,.T.);
#3515 = ORIENTED_EDGE('',*,*,#3208,.T.);
#3516 = ORIENTED_EDGE('',*,*,#3239,.T.);
#3517 = ORIENTED_EDGE('',*,*,#3272,.T.);
#3518 = ORIENTED_EDGE('',*,*,#3303,.T.);
#3519 = ORIENTED_EDGE('',*,*,#3334,.T.);
#3520 = ORIENTED_EDGE('',*,*,#3367,.T.);
#3521 = ORIENTED_EDGE('',*,*,#3398,.T.);
#3522 = ORIENTED_EDGE('',*,*,#3431,.T.);
#3523 = ORIENTED_EDGE('',*,*,#3462,.T.);
#3524 = PLANE('',#3525);
#3525 = AXIS2_PLACEMENT_3D('',#3526,#3527,#3528);
#3526 = CARTESIAN_POINT('',(0.,0.,1.545));
#3527 = DIRECTION('',(0.,0.,1.));
#3528 = DIRECTION('',(1.,0.,-0.));
#3529 = MANIFOLD_SOLID_BREP('',#3530);
#3530 = CLOSED_SHELL('',(#3531,#3573,#3604,#3635,#3666,#3699,#3730,#3761
    ,#3792,#3823,#3856,#3887,#3920,#3951,#3984,#4015,#4046,#4079,#4110,
    #4132,#4159));
#3531 = ADVANCED_FACE('',(#3532),#3568,.T.);
#3532 = FACE_BOUND('',#3533,.T.);
#3533 = EDGE_LOOP('',(#3534,#3544,#3553,#3561));
#3534 = ORIENTED_EDGE('',*,*,#3535,.T.);
#3535 = EDGE_CURVE('',#3536,#3538,#3540,.T.);
#3536 = VERTEX_POINT('',#3537);
#3537 = CARTESIAN_POINT('',(146.726325,-118.818749,1.51));
#3538 = VERTEX_POINT('',#3539);
#3539 = CARTESIAN_POINT('',(146.726325,-118.818749,1.545));
#3540 = LINE('',#3541,#3542);
#3541 = CARTESIAN_POINT('',(146.726325,-118.818749,1.51));
#3542 = VECTOR('',#3543,1.);
#3543 = DIRECTION('',(0.,0.,1.));
#3544 = ORIENTED_EDGE('',*,*,#3545,.T.);
#3545 = EDGE_CURVE('',#3538,#3546,#3548,.T.);
#3546 = VERTEX_POINT('',#3547);
#3547 = CARTESIAN_POINT('',(146.884702,-118.736111,1.545));
#3548 = CIRCLE('',#3549,0.123997189358);
#3549 = AXIS2_PLACEMENT_3D('',#3550,#3551,#3552);
#3550 = CARTESIAN_POINT('',(146.84529993806,-118.8536813214,1.545));
#3551 = DIRECTION('',(0.,0.,-1.));
#3552 = DIRECTION('',(-0.959497055378,0.281718655258,0.));
#3553 = ORIENTED_EDGE('',*,*,#3554,.F.);
#3554 = EDGE_CURVE('',#3555,#3546,#3557,.T.);
#3555 = VERTEX_POINT('',#3556);
#3556 = CARTESIAN_POINT('',(146.884702,-118.736111,1.51));
#3557 = LINE('',#3558,#3559);
#3558 = CARTESIAN_POINT('',(146.884702,-118.736111,1.51));
#3559 = VECTOR('',#3560,1.);
#3560 = DIRECTION('',(0.,0.,1.));
#3561 = ORIENTED_EDGE('',*,*,#3562,.F.);
#3562 = EDGE_CURVE('',#3536,#3555,#3563,.T.);
#3563 = CIRCLE('',#3564,0.123997189358);
#3564 = AXIS2_PLACEMENT_3D('',#3565,#3566,#3567);
#3565 = CARTESIAN_POINT('',(146.84529993806,-118.8536813214,1.51));
#3566 = DIRECTION('',(0.,0.,-1.));
#3567 = DIRECTION('',(-0.959497055378,0.281718655258,0.));
#3568 = CYLINDRICAL_SURFACE('',#3569,0.123997189358);
#3569 = AXIS2_PLACEMENT_3D('',#3570,#3571,#3572);
#3570 = CARTESIAN_POINT('',(146.84529993806,-118.8536813214,1.51));
#3571 = DIRECTION('',(0.,0.,-1.));
#3572 = DIRECTION('',(-0.959497055378,0.281718655258,0.));
#3573 = ADVANCED_FACE('',(#3574),#3599,.T.);
#3574 = FACE_BOUND('',#3575,.T.);
#3575 = EDGE_LOOP('',(#3576,#3577,#3585,#3593));
#3576 = ORIENTED_EDGE('',*,*,#3554,.T.);
#3577 = ORIENTED_EDGE('',*,*,#3578,.T.);
#3578 = EDGE_CURVE('',#3546,#3579,#3581,.T.);
#3579 = VERTEX_POINT('',#3580);
#3580 = CARTESIAN_POINT('',(147.073921,-118.799531,1.545));
#3581 = LINE('',#3582,#3583);
#3582 = CARTESIAN_POINT('',(146.884702,-118.736111,1.545));
#3583 = VECTOR('',#3584,1.);
#3584 = DIRECTION('',(0.948160371068,-0.317792244612,0.));
#3585 = ORIENTED_EDGE('',*,*,#3586,.F.);
#3586 = EDGE_CURVE('',#3587,#3579,#3589,.T.);
#3587 = VERTEX_POINT('',#3588);
#3588 = CARTESIAN_POINT('',(147.073921,-118.799531,1.51));
#3589 = LINE('',#3590,#3591);
#3590 = CARTESIAN_POINT('',(147.073921,-118.799531,1.51));
#3591 = VECTOR('',#3592,1.);
#3592 = DIRECTION('',(0.,0.,1.));
#3593 = ORIENTED_EDGE('',*,*,#3594,.F.);
#3594 = EDGE_CURVE('',#3555,#3587,#3595,.T.);
#3595 = LINE('',#3596,#3597);
#3596 = CARTESIAN_POINT('',(146.884702,-118.736111,1.51));
#3597 = VECTOR('',#3598,1.);
#3598 = DIRECTION('',(0.948160371068,-0.317792244612,0.));
#3599 = PLANE('',#3600);
#3600 = AXIS2_PLACEMENT_3D('',#3601,#3602,#3603);
#3601 = CARTESIAN_POINT('',(146.884702,-118.736111,1.51));
#3602 = DIRECTION('',(0.317792244612,0.948160371068,-0.));
#3603 = DIRECTION('',(0.948160371068,-0.317792244612,0.));
#3604 = ADVANCED_FACE('',(#3605),#3630,.T.);
#3605 = FACE_BOUND('',#3606,.T.);
#3606 = EDGE_LOOP('',(#3607,#3608,#3616,#3624));
#3607 = ORIENTED_EDGE('',*,*,#3586,.T.);
#3608 = ORIENTED_EDGE('',*,*,#3609,.T.);
#3609 = EDGE_CURVE('',#3579,#3610,#3612,.T.);
#3610 = VERTEX_POINT('',#3611);
#3611 = CARTESIAN_POINT('',(147.522108,-118.930508,1.545));
#3612 = LINE('',#3613,#3614);
#3613 = CARTESIAN_POINT('',(147.073921,-118.799531,1.545));
#3614 = VECTOR('',#3615,1.);
#3615 = DIRECTION('',(0.959852615331,-0.280504824991,0.));
#3616 = ORIENTED_EDGE('',*,*,#3617,.F.);
#3617 = EDGE_CURVE('',#3618,#3610,#3620,.T.);
#3618 = VERTEX_POINT('',#3619);
#3619 = CARTESIAN_POINT('',(147.522108,-118.930508,1.51));
#3620 = LINE('',#3621,#3622);
#3621 = CARTESIAN_POINT('',(147.522108,-118.930508,1.51));
#3622 = VECTOR('',#3623,1.);
#3623 = DIRECTION('',(0.,0.,1.));
#3624 = ORIENTED_EDGE('',*,*,#3625,.F.);
#3625 = EDGE_CURVE('',#3587,#3618,#3626,.T.);
#3626 = LINE('',#3627,#3628);
#3627 = CARTESIAN_POINT('',(147.073921,-118.799531,1.51));
#3628 = VECTOR('',#3629,1.);
#3629 = DIRECTION('',(0.959852615331,-0.280504824991,0.));
#3630 = PLANE('',#3631);
#3631 = AXIS2_PLACEMENT_3D('',#3632,#3633,#3634);
#3632 = CARTESIAN_POINT('',(147.073921,-118.799531,1.51));
#3633 = DIRECTION('',(0.280504824991,0.959852615331,-0.));
#3634 = DIRECTION('',(0.959852615331,-0.280504824991,0.));
#3635 = ADVANCED_FACE('',(#3636),#3661,.T.);
#3636 = FACE_BOUND('',#3637,.T.);
#3637 = EDGE_LOOP('',(#3638,#3639,#3647,#3655));
#3638 = ORIENTED_EDGE('',*,*,#3617,.T.);
#3639 = ORIENTED_EDGE('',*,*,#3640,.T.);
#3640 = EDGE_CURVE('',#3610,#3641,#3643,.T.);
#3641 = VERTEX_POINT('',#3642);
#3642 = CARTESIAN_POINT('',(147.873938,-119.027155,1.545));
#3643 = LINE('',#3644,#3645);
#3644 = CARTESIAN_POINT('',(147.522108,-118.930508,1.545));
#3645 = VECTOR('',#3646,1.);
#3646 = DIRECTION('',(0.964279805866,-0.264885741402,0.));
#3647 = ORIENTED_EDGE('',*,*,#3648,.F.);
#3648 = EDGE_CURVE('',#3649,#3641,#3651,.T.);
#3649 = VERTEX_POINT('',#3650);
#3650 = CARTESIAN_POINT('',(147.873938,-119.027155,1.51));
#3651 = LINE('',#3652,#3653);
#3652 = CARTESIAN_POINT('',(147.873938,-119.027155,1.51));
#3653 = VECTOR('',#3654,1.);
#3654 = DIRECTION('',(0.,0.,1.));
#3655 = ORIENTED_EDGE('',*,*,#3656,.F.);
#3656 = EDGE_CURVE('',#3618,#3649,#3657,.T.);
#3657 = LINE('',#3658,#3659);
#3658 = CARTESIAN_POINT('',(147.522108,-118.930508,1.51));
#3659 = VECTOR('',#3660,1.);
#3660 = DIRECTION('',(0.964279805866,-0.264885741402,0.));
#3661 = PLANE('',#3662);
#3662 = AXIS2_PLACEMENT_3D('',#3663,#3664,#3665);
#3663 = CARTESIAN_POINT('',(147.522108,-118.930508,1.51));
#3664 = DIRECTION('',(0.264885741402,0.964279805866,-0.));
#3665 = DIRECTION('',(0.964279805866,-0.264885741402,0.));
#3666 = ADVANCED_FACE('',(#3667),#3694,.F.);
#3667 = FACE_BOUND('',#3668,.T.);
#3668 = EDGE_LOOP('',(#3669,#3670,#3679,#3687));
#3669 = ORIENTED_EDGE('',*,*,#3648,.T.);
#3670 = ORIENTED_EDGE('',*,*,#3671,.T.);
#3671 = EDGE_CURVE('',#3641,#3672,#3674,.T.);
#3672 = VERTEX_POINT('',#3673);
#3673 = CARTESIAN_POINT('',(152.026,-119.6005,1.545));
#3674 = CIRCLE('',#3675,17.94947820411);
#3675 = AXIS2_PLACEMENT_3D('',#3676,#3677,#3678);
#3676 = CARTESIAN_POINT('',(152.38846409925,-101.6546818916,1.545));
#3677 = DIRECTION('',(0.,0.,1.));
#3678 = DIRECTION('',(-0.251512943603,-0.967853934848,0.));
#3679 = ORIENTED_EDGE('',*,*,#3680,.F.);
#3680 = EDGE_CURVE('',#3681,#3672,#3683,.T.);
#3681 = VERTEX_POINT('',#3682);
#3682 = CARTESIAN_POINT('',(152.026,-119.6005,1.51));
#3683 = LINE('',#3684,#3685);
#3684 = CARTESIAN_POINT('',(152.026,-119.6005,1.51));
#3685 = VECTOR('',#3686,1.);
#3686 = DIRECTION('',(0.,0.,1.));
#3687 = ORIENTED_EDGE('',*,*,#3688,.F.);
#3688 = EDGE_CURVE('',#3649,#3681,#3689,.T.);
#3689 = CIRCLE('',#3690,17.94947820411);
#3690 = AXIS2_PLACEMENT_3D('',#3691,#3692,#3693);
#3691 = CARTESIAN_POINT('',(152.38846409925,-101.6546818916,1.51));
#3692 = DIRECTION('',(0.,0.,1.));
#3693 = DIRECTION('',(-0.251512943603,-0.967853934848,0.));
#3694 = CYLINDRICAL_SURFACE('',#3695,17.94947820411);
#3695 = AXIS2_PLACEMENT_3D('',#3696,#3697,#3698);
#3696 = CARTESIAN_POINT('',(152.38846409925,-101.6546818916,1.51));
#3697 = DIRECTION('',(-0.,-0.,-1.));
#3698 = DIRECTION('',(-0.251512943603,-0.967853934848,0.));
#3699 = ADVANCED_FACE('',(#3700),#3725,.T.);
#3700 = FACE_BOUND('',#3701,.T.);
#3701 = EDGE_LOOP('',(#3702,#3703,#3711,#3719));
#3702 = ORIENTED_EDGE('',*,*,#3680,.T.);
#3703 = ORIENTED_EDGE('',*,*,#3704,.T.);
#3704 = EDGE_CURVE('',#3672,#3705,#3707,.T.);
#3705 = VERTEX_POINT('',#3706);
#3706 = CARTESIAN_POINT('',(152.093039,-119.620185,1.545));
#3707 = LINE('',#3708,#3709);
#3708 = CARTESIAN_POINT('',(152.026,-119.6005,1.545));
#3709 = VECTOR('',#3710,1.);
#3710 = DIRECTION('',(0.959490754593,-0.281740114026,0.));
#3711 = ORIENTED_EDGE('',*,*,#3712,.F.);
#3712 = EDGE_CURVE('',#3713,#3705,#3715,.T.);
#3713 = VERTEX_POINT('',#3714);
#3714 = CARTESIAN_POINT('',(152.093039,-119.620185,1.51));
#3715 = LINE('',#3716,#3717);
#3716 = CARTESIAN_POINT('',(152.093039,-119.620185,1.51));
#3717 = VECTOR('',#3718,1.);
#3718 = DIRECTION('',(0.,0.,1.));
#3719 = ORIENTED_EDGE('',*,*,#3720,.F.);
#3720 = EDGE_CURVE('',#3681,#3713,#3721,.T.);
#3721 = LINE('',#3722,#3723);
#3722 = CARTESIAN_POINT('',(152.026,-119.6005,1.51));
#3723 = VECTOR('',#3724,1.);
#3724 = DIRECTION('',(0.959490754593,-0.281740114026,0.));
#3725 = PLANE('',#3726);
#3726 = AXIS2_PLACEMENT_3D('',#3727,#3728,#3729);
#3727 = CARTESIAN_POINT('',(152.026,-119.6005,1.51));
#3728 = DIRECTION('',(0.281740114026,0.959490754593,-0.));
#3729 = DIRECTION('',(0.959490754593,-0.281740114026,0.));
#3730 = ADVANCED_FACE('',(#3731),#3756,.T.);
#3731 = FACE_BOUND('',#3732,.T.);
#3732 = EDGE_LOOP('',(#3733,#3734,#3742,#3750));
#3733 = ORIENTED_EDGE('',*,*,#3712,.T.);
#3734 = ORIENTED_EDGE('',*,*,#3735,.T.);
#3735 = EDGE_CURVE('',#3705,#3736,#3738,.T.);
#3736 = VERTEX_POINT('',#3737);
#3737 = CARTESIAN_POINT('',(152.138794,-119.672989,1.545));
#3738 = LINE('',#3739,#3740);
#3739 = CARTESIAN_POINT('',(152.093039,-119.620185,1.545));
#3740 = VECTOR('',#3741,1.);
#3741 = DIRECTION('',(0.654861335122,-0.755749053432,0.));
#3742 = ORIENTED_EDGE('',*,*,#3743,.F.);
#3743 = EDGE_CURVE('',#3744,#3736,#3746,.T.);
#3744 = VERTEX_POINT('',#3745);
#3745 = CARTESIAN_POINT('',(152.138794,-119.672989,1.51));
#3746 = LINE('',#3747,#3748);
#3747 = CARTESIAN_POINT('',(152.138794,-119.672989,1.51));
#3748 = VECTOR('',#3749,1.);
#3749 = DIRECTION('',(0.,0.,1.));
#3750 = ORIENTED_EDGE('',*,*,#3751,.F.);
#3751 = EDGE_CURVE('',#3713,#3744,#3752,.T.);
#3752 = LINE('',#3753,#3754);
#3753 = CARTESIAN_POINT('',(152.093039,-119.620185,1.51));
#3754 = VECTOR('',#3755,1.);
#3755 = DIRECTION('',(0.654861335122,-0.755749053432,0.));
#3756 = PLANE('',#3757);
#3757 = AXIS2_PLACEMENT_3D('',#3758,#3759,#3760);
#3758 = CARTESIAN_POINT('',(152.093039,-119.620185,1.51));
#3759 = DIRECTION('',(0.755749053432,0.654861335122,-0.));
#3760 = DIRECTION('',(0.654861335122,-0.755749053432,0.));
#3761 = ADVANCED_FACE('',(#3762),#3787,.T.);
#3762 = FACE_BOUND('',#3763,.T.);
#3763 = EDGE_LOOP('',(#3764,#3765,#3773,#3781));
#3764 = ORIENTED_EDGE('',*,*,#3743,.T.);
#3765 = ORIENTED_EDGE('',*,*,#3766,.T.);
#3766 = EDGE_CURVE('',#3736,#3767,#3769,.T.);
#3767 = VERTEX_POINT('',#3768);
#3768 = CARTESIAN_POINT('',(152.15,-119.7245,1.545));
#3769 = LINE('',#3770,#3771);
#3770 = CARTESIAN_POINT('',(152.138794,-119.672989,1.545));
#3771 = VECTOR('',#3772,1.);
#3772 = DIRECTION('',(0.212573763332,-0.977145022575,0.));
#3773 = ORIENTED_EDGE('',*,*,#3774,.F.);
#3774 = EDGE_CURVE('',#3775,#3767,#3777,.T.);
#3775 = VERTEX_POINT('',#3776);
#3776 = CARTESIAN_POINT('',(152.15,-119.7245,1.51));
#3777 = LINE('',#3778,#3779);
#3778 = CARTESIAN_POINT('',(152.15,-119.7245,1.51));
#3779 = VECTOR('',#3780,1.);
#3780 = DIRECTION('',(0.,0.,1.));
#3781 = ORIENTED_EDGE('',*,*,#3782,.F.);
#3782 = EDGE_CURVE('',#3744,#3775,#3783,.T.);
#3783 = LINE('',#3784,#3785);
#3784 = CARTESIAN_POINT('',(152.138794,-119.672989,1.51));
#3785 = VECTOR('',#3786,1.);
#3786 = DIRECTION('',(0.212573763332,-0.977145022575,0.));
#3787 = PLANE('',#3788);
#3788 = AXIS2_PLACEMENT_3D('',#3789,#3790,#3791);
#3789 = CARTESIAN_POINT('',(152.138794,-119.672989,1.51));
#3790 = DIRECTION('',(0.977145022575,0.212573763332,-0.));
#3791 = DIRECTION('',(0.212573763332,-0.977145022575,0.));
#3792 = ADVANCED_FACE('',(#3793),#3818,.T.);
#3793 = FACE_BOUND('',#3794,.T.);
#3794 = EDGE_LOOP('',(#3795,#3796,#3804,#3812));
#3795 = ORIENTED_EDGE('',*,*,#3774,.T.);
#3796 = ORIENTED_EDGE('',*,*,#3797,.T.);
#3797 = EDGE_CURVE('',#3767,#3798,#3800,.T.);
#3798 = VERTEX_POINT('',#3799);
#3799 = CARTESIAN_POINT('',(152.148738,-121.488388,1.545));
#3800 = LINE('',#3801,#3802);
#3801 = CARTESIAN_POINT('',(152.15,-119.7245,1.545));
#3802 = VECTOR('',#3803,1.);
#3803 = DIRECTION('',(-7.154647443571E-04,-0.999999744055,0.));
#3804 = ORIENTED_EDGE('',*,*,#3805,.F.);
#3805 = EDGE_CURVE('',#3806,#3798,#3808,.T.);
#3806 = VERTEX_POINT('',#3807);
#3807 = CARTESIAN_POINT('',(152.148738,-121.488388,1.51));
#3808 = LINE('',#3809,#3810);
#3809 = CARTESIAN_POINT('',(152.148738,-121.488388,1.51));
#3810 = VECTOR('',#3811,1.);
#3811 = DIRECTION('',(0.,0.,1.));
#3812 = ORIENTED_EDGE('',*,*,#3813,.F.);
#3813 = EDGE_CURVE('',#3775,#3806,#3814,.T.);
#3814 = LINE('',#3815,#3816);
#3815 = CARTESIAN_POINT('',(152.15,-119.7245,1.51));
#3816 = VECTOR('',#3817,1.);
#3817 = DIRECTION('',(-7.154647443571E-04,-0.999999744055,0.));
#3818 = PLANE('',#3819);
#3819 = AXIS2_PLACEMENT_3D('',#3820,#3821,#3822);
#3820 = CARTESIAN_POINT('',(152.15,-119.7245,1.51));
#3821 = DIRECTION('',(0.999999744055,-7.154647443571E-04,0.));
#3822 = DIRECTION('',(-7.154647443571E-04,-0.999999744055,0.));
#3823 = ADVANCED_FACE('',(#3824),#3851,.T.);
#3824 = FACE_BOUND('',#3825,.T.);
#3825 = EDGE_LOOP('',(#3826,#3827,#3836,#3844));
#3826 = ORIENTED_EDGE('',*,*,#3805,.T.);
#3827 = ORIENTED_EDGE('',*,*,#3828,.T.);
#3828 = EDGE_CURVE('',#3798,#3829,#3831,.T.);
#3829 = VERTEX_POINT('',#3830);
#3830 = CARTESIAN_POINT('',(152.026,-121.594741,1.545));
#3831 = CIRCLE('',#3832,0.123999633016);
#3832 = AXIS2_PLACEMENT_3D('',#3833,#3834,#3835);
#3833 = CARTESIAN_POINT('',(152.02600045345,-121.4707413669,1.545));
#3834 = DIRECTION('',(0.,0.,-1.));
#3835 = DIRECTION('',(0.989821853158,-0.142311977752,0.));
#3836 = ORIENTED_EDGE('',*,*,#3837,.F.);
#3837 = EDGE_CURVE('',#3838,#3829,#3840,.T.);
#3838 = VERTEX_POINT('',#3839);
#3839 = CARTESIAN_POINT('',(152.026,-121.594741,1.51));
#3840 = LINE('',#3841,#3842);
#3841 = CARTESIAN_POINT('',(152.026,-121.594741,1.51));
#3842 = VECTOR('',#3843,1.);
#3843 = DIRECTION('',(0.,0.,1.));
#3844 = ORIENTED_EDGE('',*,*,#3845,.F.);
#3845 = EDGE_CURVE('',#3806,#3838,#3846,.T.);
#3846 = CIRCLE('',#3847,0.123999633016);
#3847 = AXIS2_PLACEMENT_3D('',#3848,#3849,#3850);
#3848 = CARTESIAN_POINT('',(152.02600045345,-121.4707413669,1.51));
#3849 = DIRECTION('',(0.,0.,-1.));
#3850 = DIRECTION('',(0.989821853158,-0.142311977752,0.));
#3851 = CYLINDRICAL_SURFACE('',#3852,0.123999633016);
#3852 = AXIS2_PLACEMENT_3D('',#3853,#3854,#3855);
#3853 = CARTESIAN_POINT('',(152.02600045345,-121.4707413669,1.51));
#3854 = DIRECTION('',(0.,0.,-1.));
#3855 = DIRECTION('',(0.989821853158,-0.142311977752,0.));
#3856 = ADVANCED_FACE('',(#3857),#3882,.T.);
#3857 = FACE_BOUND('',#3858,.T.);
#3858 = EDGE_LOOP('',(#3859,#3860,#3868,#3876));
#3859 = ORIENTED_EDGE('',*,*,#3837,.T.);
#3860 = ORIENTED_EDGE('',*,*,#3861,.T.);
#3861 = EDGE_CURVE('',#3829,#3862,#3864,.T.);
#3862 = VERTEX_POINT('',#3863);
#3863 = CARTESIAN_POINT('',(151.047021,-121.552747,1.545));
#3864 = LINE('',#3865,#3866);
#3865 = CARTESIAN_POINT('',(152.026,-121.594741,1.545));
#3866 = VECTOR('',#3867,1.);
#3867 = DIRECTION('',(-0.999081246714,4.28563001602E-02,0.));
#3868 = ORIENTED_EDGE('',*,*,#3869,.F.);
#3869 = EDGE_CURVE('',#3870,#3862,#3872,.T.);
#3870 = VERTEX_POINT('',#3871);
#3871 = CARTESIAN_POINT('',(151.047021,-121.552747,1.51));
#3872 = LINE('',#3873,#3874);
#3873 = CARTESIAN_POINT('',(151.047021,-121.552747,1.51));
#3874 = VECTOR('',#3875,1.);
#3875 = DIRECTION('',(0.,0.,1.));
#3876 = ORIENTED_EDGE('',*,*,#3877,.F.);
#3877 = EDGE_CURVE('',#3838,#3870,#3878,.T.);
#3878 = LINE('',#3879,#3880);
#3879 = CARTESIAN_POINT('',(152.026,-121.594741,1.51));
#3880 = VECTOR('',#3881,1.);
#3881 = DIRECTION('',(-0.999081246714,4.28563001602E-02,0.));
#3882 = PLANE('',#3883);
#3883 = AXIS2_PLACEMENT_3D('',#3884,#3885,#3886);
#3884 = CARTESIAN_POINT('',(152.026,-121.594741,1.51));
#3885 = DIRECTION('',(-4.28563001602E-02,-0.999081246714,0.));
#3886 = DIRECTION('',(-0.999081246714,4.28563001602E-02,0.));
#3887 = ADVANCED_FACE('',(#3888),#3915,.T.);
#3888 = FACE_BOUND('',#3889,.T.);
#3889 = EDGE_LOOP('',(#3890,#3891,#3900,#3908));
#3890 = ORIENTED_EDGE('',*,*,#3869,.T.);
#3891 = ORIENTED_EDGE('',*,*,#3892,.T.);
#3892 = EDGE_CURVE('',#3862,#3893,#3895,.T.);
#3893 = VERTEX_POINT('',#3894);
#3894 = CARTESIAN_POINT('',(146.728321,-120.776793,1.545));
#3895 = CIRCLE('',#3896,20.002657408559);
#3896 = AXIS2_PLACEMENT_3D('',#3897,#3898,#3899);
#3897 = CARTESIAN_POINT('',(152.40362537396,-101.5961458871,1.545));
#3898 = DIRECTION('',(0.,0.,-1.));
#3899 = DIRECTION('',(-6.782120726549E-02,-0.997697491149,-0.));
#3900 = ORIENTED_EDGE('',*,*,#3901,.F.);
#3901 = EDGE_CURVE('',#3902,#3893,#3904,.T.);
#3902 = VERTEX_POINT('',#3903);
#3903 = CARTESIAN_POINT('',(146.728321,-120.776793,1.51));
#3904 = LINE('',#3905,#3906);
#3905 = CARTESIAN_POINT('',(146.728321,-120.776793,1.51));
#3906 = VECTOR('',#3907,1.);
#3907 = DIRECTION('',(0.,0.,1.));
#3908 = ORIENTED_EDGE('',*,*,#3909,.F.);
#3909 = EDGE_CURVE('',#3870,#3902,#3910,.T.);
#3910 = CIRCLE('',#3911,20.002657408559);
#3911 = AXIS2_PLACEMENT_3D('',#3912,#3913,#3914);
#3912 = CARTESIAN_POINT('',(152.40362537396,-101.5961458871,1.51));
#3913 = DIRECTION('',(0.,0.,-1.));
#3914 = DIRECTION('',(-6.782120726549E-02,-0.997697491149,-0.));
#3915 = CYLINDRICAL_SURFACE('',#3916,20.002657408559);
#3916 = AXIS2_PLACEMENT_3D('',#3917,#3918,#3919);
#3917 = CARTESIAN_POINT('',(152.40362537396,-101.5961458871,1.51));
#3918 = DIRECTION('',(0.,0.,-1.));
#3919 = DIRECTION('',(-6.782120726549E-02,-0.997697491149,-0.));
#3920 = ADVANCED_FACE('',(#3921),#3946,.T.);
#3921 = FACE_BOUND('',#3922,.T.);
#3922 = EDGE_LOOP('',(#3923,#3924,#3932,#3940));
#3923 = ORIENTED_EDGE('',*,*,#3901,.T.);
#3924 = ORIENTED_EDGE('',*,*,#3925,.T.);
#3925 = EDGE_CURVE('',#3893,#3926,#3928,.T.);
#3926 = VERTEX_POINT('',#3927);
#3927 = CARTESIAN_POINT('',(146.140611,-120.591489,1.545));
#3928 = LINE('',#3929,#3930);
#3929 = CARTESIAN_POINT('',(146.728321,-120.776793,1.545));
#3930 = VECTOR('',#3931,1.);
#3931 = DIRECTION('',(-0.95371706766,0.300705428707,0.));
#3932 = ORIENTED_EDGE('',*,*,#3933,.F.);
#3933 = EDGE_CURVE('',#3934,#3926,#3936,.T.);
#3934 = VERTEX_POINT('',#3935);
#3935 = CARTESIAN_POINT('',(146.140611,-120.591489,1.51));
#3936 = LINE('',#3937,#3938);
#3937 = CARTESIAN_POINT('',(146.140611,-120.591489,1.51));
#3938 = VECTOR('',#3939,1.);
#3939 = DIRECTION('',(0.,0.,1.));
#3940 = ORIENTED_EDGE('',*,*,#3941,.F.);
#3941 = EDGE_CURVE('',#3902,#3934,#3942,.T.);
#3942 = LINE('',#3943,#3944);
#3943 = CARTESIAN_POINT('',(146.728321,-120.776793,1.51));
#3944 = VECTOR('',#3945,1.);
#3945 = DIRECTION('',(-0.95371706766,0.300705428707,0.));
#3946 = PLANE('',#3947);
#3947 = AXIS2_PLACEMENT_3D('',#3948,#3949,#3950);
#3948 = CARTESIAN_POINT('',(146.728321,-120.776793,1.51));
#3949 = DIRECTION('',(-0.300705428707,-0.95371706766,0.));
#3950 = DIRECTION('',(-0.95371706766,0.300705428707,0.));
#3951 = ADVANCED_FACE('',(#3952),#3979,.T.);
#3952 = FACE_BOUND('',#3953,.T.);
#3953 = EDGE_LOOP('',(#3954,#3955,#3964,#3972));
#3954 = ORIENTED_EDGE('',*,*,#3933,.T.);
#3955 = ORIENTED_EDGE('',*,*,#3956,.T.);
#3956 = EDGE_CURVE('',#3926,#3957,#3959,.T.);
#3957 = VERTEX_POINT('',#3958);
#3958 = CARTESIAN_POINT('',(146.063337,-120.425775,1.545));
#3959 = CIRCLE('',#3960,0.124000158935);
#3960 = AXIS2_PLACEMENT_3D('',#3961,#3962,#3963);
#3961 = CARTESIAN_POINT('',(146.1778981989,-120.4732278304,1.545));
#3962 = DIRECTION('',(0.,0.,-1.));
#3963 = DIRECTION('',(-0.300702831548,-0.953717886536,-0.));
#3964 = ORIENTED_EDGE('',*,*,#3965,.F.);
#3965 = EDGE_CURVE('',#3966,#3957,#3968,.T.);
#3966 = VERTEX_POINT('',#3967);
#3967 = CARTESIAN_POINT('',(146.063337,-120.425775,1.51));
#3968 = LINE('',#3969,#3970);
#3969 = CARTESIAN_POINT('',(146.063337,-120.425775,1.51));
#3970 = VECTOR('',#3971,1.);
#3971 = DIRECTION('',(0.,0.,1.));
#3972 = ORIENTED_EDGE('',*,*,#3973,.F.);
#3973 = EDGE_CURVE('',#3934,#3966,#3974,.T.);
#3974 = CIRCLE('',#3975,0.124000158935);
#3975 = AXIS2_PLACEMENT_3D('',#3976,#3977,#3978);
#3976 = CARTESIAN_POINT('',(146.1778981989,-120.4732278304,1.51));
#3977 = DIRECTION('',(0.,0.,-1.));
#3978 = DIRECTION('',(-0.300702831548,-0.953717886536,-0.));
#3979 = CYLINDRICAL_SURFACE('',#3980,0.124000158935);
#3980 = AXIS2_PLACEMENT_3D('',#3981,#3982,#3983);
#3981 = CARTESIAN_POINT('',(146.1778981989,-120.4732278304,1.51));
#3982 = DIRECTION('',(0.,0.,-1.));
#3983 = DIRECTION('',(-0.300702831548,-0.953717886536,-0.));
#3984 = ADVANCED_FACE('',(#3985),#4010,.T.);
#3985 = FACE_BOUND('',#3986,.T.);
#3986 = EDGE_LOOP('',(#3987,#3988,#3996,#4004));
#3987 = ORIENTED_EDGE('',*,*,#3965,.T.);
#3988 = ORIENTED_EDGE('',*,*,#3989,.T.);
#3989 = EDGE_CURVE('',#3957,#3990,#3992,.T.);
#3990 = VERTEX_POINT('',#3991);
#3991 = CARTESIAN_POINT('',(146.280581,-119.901303,1.545));
#3992 = LINE('',#3993,#3994);
#3993 = CARTESIAN_POINT('',(146.063337,-120.425775,1.545));
#3994 = VECTOR('',#3995,1.);
#3995 = DIRECTION('',(0.382684311224,0.923879168475,0.));
#3996 = ORIENTED_EDGE('',*,*,#3997,.F.);
#3997 = EDGE_CURVE('',#3998,#3990,#4000,.T.);
#3998 = VERTEX_POINT('',#3999);
#3999 = CARTESIAN_POINT('',(146.280581,-119.901303,1.51));
#4000 = LINE('',#4001,#4002);
#4001 = CARTESIAN_POINT('',(146.280581,-119.901303,1.51));
#4002 = VECTOR('',#4003,1.);
#4003 = DIRECTION('',(0.,0.,1.));
#4004 = ORIENTED_EDGE('',*,*,#4005,.F.);
#4005 = EDGE_CURVE('',#3966,#3998,#4006,.T.);
#4006 = LINE('',#4007,#4008);
#4007 = CARTESIAN_POINT('',(146.063337,-120.425775,1.51));
#4008 = VECTOR('',#4009,1.);
#4009 = DIRECTION('',(0.382684311224,0.923879168475,0.));
#4010 = PLANE('',#4011);
#4011 = AXIS2_PLACEMENT_3D('',#4012,#4013,#4014);
#4012 = CARTESIAN_POINT('',(146.063337,-120.425775,1.51));
#4013 = DIRECTION('',(-0.923879168475,0.382684311224,0.));
#4014 = DIRECTION('',(0.382684311224,0.923879168475,0.));
#4015 = ADVANCED_FACE('',(#4016),#4041,.T.);
#4016 = FACE_BOUND('',#4017,.T.);
#4017 = EDGE_LOOP('',(#4018,#4019,#4027,#4035));
#4018 = ORIENTED_EDGE('',*,*,#3997,.T.);
#4019 = ORIENTED_EDGE('',*,*,#4020,.T.);
#4020 = EDGE_CURVE('',#3990,#4021,#4023,.T.);
#4021 = VERTEX_POINT('',#4022);
#4022 = CARTESIAN_POINT('',(145.437672,-119.552159,1.545));
#4023 = LINE('',#4024,#4025);
#4024 = CARTESIAN_POINT('',(146.280581,-119.901303,1.545));
#4025 = VECTOR('',#4026,1.);
#4026 = DIRECTION('',(-0.92387966413,0.38268311461,0.));
#4027 = ORIENTED_EDGE('',*,*,#4028,.F.);
#4028 = EDGE_CURVE('',#4029,#4021,#4031,.T.);
#4029 = VERTEX_POINT('',#4030);
#4030 = CARTESIAN_POINT('',(145.437672,-119.552159,1.51));
#4031 = LINE('',#4032,#4033);
#4032 = CARTESIAN_POINT('',(145.437672,-119.552159,1.51));
#4033 = VECTOR('',#4034,1.);
#4034 = DIRECTION('',(0.,0.,1.));
#4035 = ORIENTED_EDGE('',*,*,#4036,.F.);
#4036 = EDGE_CURVE('',#3998,#4029,#4037,.T.);
#4037 = LINE('',#4038,#4039);
#4038 = CARTESIAN_POINT('',(146.280581,-119.901303,1.51));
#4039 = VECTOR('',#4040,1.);
#4040 = DIRECTION('',(-0.92387966413,0.38268311461,0.));
#4041 = PLANE('',#4042);
#4042 = AXIS2_PLACEMENT_3D('',#4043,#4044,#4045);
#4043 = CARTESIAN_POINT('',(146.280581,-119.901303,1.51));
#4044 = DIRECTION('',(-0.38268311461,-0.92387966413,0.));
#4045 = DIRECTION('',(-0.92387966413,0.38268311461,0.));
#4046 = ADVANCED_FACE('',(#4047),#4074,.F.);
#4047 = FACE_BOUND('',#4048,.T.);
#4048 = EDGE_LOOP('',(#4049,#4050,#4059,#4067));
#4049 = ORIENTED_EDGE('',*,*,#4028,.T.);
#4050 = ORIENTED_EDGE('',*,*,#4051,.T.);
#4051 = EDGE_CURVE('',#4021,#4052,#4054,.T.);
#4052 = VERTEX_POINT('',#4053);
#4053 = CARTESIAN_POINT('',(145.629015,-119.090219,1.545));
#4054 = CIRCLE('',#4055,0.502050394476);
#4055 = AXIS2_PLACEMENT_3D('',#4056,#4057,#4058);
#4056 = CARTESIAN_POINT('',(145.13110659787,-119.1545759862,1.545));
#4057 = DIRECTION('',(0.,0.,1.));
#4058 = DIRECTION('',(0.610626752819,-0.791918536683,0.));
#4059 = ORIENTED_EDGE('',*,*,#4060,.F.);
#4060 = EDGE_CURVE('',#4061,#4052,#4063,.T.);
#4061 = VERTEX_POINT('',#4062);
#4062 = CARTESIAN_POINT('',(145.629015,-119.090219,1.51));
#4063 = LINE('',#4064,#4065);
#4064 = CARTESIAN_POINT('',(145.629015,-119.090219,1.51));
#4065 = VECTOR('',#4066,1.);
#4066 = DIRECTION('',(0.,0.,1.));
#4067 = ORIENTED_EDGE('',*,*,#4068,.F.);
#4068 = EDGE_CURVE('',#4029,#4061,#4069,.T.);
#4069 = CIRCLE('',#4070,0.502050394476);
#4070 = AXIS2_PLACEMENT_3D('',#4071,#4072,#4073);
#4071 = CARTESIAN_POINT('',(145.13110659787,-119.1545759862,1.51));
#4072 = DIRECTION('',(0.,0.,1.));
#4073 = DIRECTION('',(0.610626752819,-0.791918536683,0.));
#4074 = CYLINDRICAL_SURFACE('',#4075,0.502050394476);
#4075 = AXIS2_PLACEMENT_3D('',#4076,#4077,#4078);
#4076 = CARTESIAN_POINT('',(145.13110659787,-119.1545759862,1.51));
#4077 = DIRECTION('',(-0.,-0.,-1.));
#4078 = DIRECTION('',(0.610626752819,-0.791918536683,0.));
#4079 = ADVANCED_FACE('',(#4080),#4105,.T.);
#4080 = FACE_BOUND('',#4081,.T.);
#4081 = EDGE_LOOP('',(#4082,#4083,#4091,#4099));
#4082 = ORIENTED_EDGE('',*,*,#4060,.T.);
#4083 = ORIENTED_EDGE('',*,*,#4084,.T.);
#4084 = EDGE_CURVE('',#4052,#4085,#4087,.T.);
#4085 = VERTEX_POINT('',#4086);
#4086 = CARTESIAN_POINT('',(146.471921,-119.439363,1.545));
#4087 = LINE('',#4088,#4089);
#4088 = CARTESIAN_POINT('',(145.629015,-119.090219,1.545));
#4089 = VECTOR('',#4090,1.);
#4090 = DIRECTION('',(0.923879182585,-0.382684277161,0.));
#4091 = ORIENTED_EDGE('',*,*,#4092,.F.);
#4092 = EDGE_CURVE('',#4093,#4085,#4095,.T.);
#4093 = VERTEX_POINT('',#4094);
#4094 = CARTESIAN_POINT('',(146.471921,-119.439363,1.51));
#4095 = LINE('',#4096,#4097);
#4096 = CARTESIAN_POINT('',(146.471921,-119.439363,1.51));
#4097 = VECTOR('',#4098,1.);
#4098 = DIRECTION('',(0.,0.,1.));
#4099 = ORIENTED_EDGE('',*,*,#4100,.F.);
#4100 = EDGE_CURVE('',#4061,#4093,#4101,.T.);
#4101 = LINE('',#4102,#4103);
#4102 = CARTESIAN_POINT('',(145.629015,-119.090219,1.51));
#4103 = VECTOR('',#4104,1.);
#4104 = DIRECTION('',(0.923879182585,-0.382684277161,0.));
#4105 = PLANE('',#4106);
#4106 = AXIS2_PLACEMENT_3D('',#4107,#4108,#4109);
#4107 = CARTESIAN_POINT('',(145.629015,-119.090219,1.51));
#4108 = DIRECTION('',(0.382684277161,0.923879182585,-0.));
#4109 = DIRECTION('',(0.923879182585,-0.382684277161,0.));
#4110 = ADVANCED_FACE('',(#4111),#4127,.T.);
#4111 = FACE_BOUND('',#4112,.T.);
#4112 = EDGE_LOOP('',(#4113,#4114,#4120,#4121));
#4113 = ORIENTED_EDGE('',*,*,#4092,.T.);
#4114 = ORIENTED_EDGE('',*,*,#4115,.T.);
#4115 = EDGE_CURVE('',#4085,#3538,#4116,.T.);
#4116 = LINE('',#4117,#4118);
#4117 = CARTESIAN_POINT('',(146.471921,-119.439363,1.545));
#4118 = VECTOR('',#4119,1.);
#4119 = DIRECTION('',(0.379292347316,0.925276885731,0.));
#4120 = ORIENTED_EDGE('',*,*,#3535,.F.);
#4121 = ORIENTED_EDGE('',*,*,#4122,.F.);
#4122 = EDGE_CURVE('',#4093,#3536,#4123,.T.);
#4123 = LINE('',#4124,#4125);
#4124 = CARTESIAN_POINT('',(146.471921,-119.439363,1.51));
#4125 = VECTOR('',#4126,1.);
#4126 = DIRECTION('',(0.379292347316,0.925276885731,0.));
#4127 = PLANE('',#4128);
#4128 = AXIS2_PLACEMENT_3D('',#4129,#4130,#4131);
#4129 = CARTESIAN_POINT('',(146.471921,-119.439363,1.51));
#4130 = DIRECTION('',(-0.925276885731,0.379292347316,0.));
#4131 = DIRECTION('',(0.379292347316,0.925276885731,0.));
#4132 = ADVANCED_FACE('',(#4133),#4154,.F.);
#4133 = FACE_BOUND('',#4134,.T.);
#4134 = EDGE_LOOP('',(#4135,#4136,#4137,#4138,#4139,#4140,#4141,#4142,
    #4143,#4144,#4145,#4146,#4147,#4148,#4149,#4150,#4151,#4152,#4153));
#4135 = ORIENTED_EDGE('',*,*,#3562,.T.);
#4136 = ORIENTED_EDGE('',*,*,#3594,.T.);
#4137 = ORIENTED_EDGE('',*,*,#3625,.T.);
#4138 = ORIENTED_EDGE('',*,*,#3656,.T.);
#4139 = ORIENTED_EDGE('',*,*,#3688,.T.);
#4140 = ORIENTED_EDGE('',*,*,#3720,.T.);
#4141 = ORIENTED_EDGE('',*,*,#3751,.T.);
#4142 = ORIENTED_EDGE('',*,*,#3782,.T.);
#4143 = ORIENTED_EDGE('',*,*,#3813,.T.);
#4144 = ORIENTED_EDGE('',*,*,#3845,.T.);
#4145 = ORIENTED_EDGE('',*,*,#3877,.T.);
#4146 = ORIENTED_EDGE('',*,*,#3909,.T.);
#4147 = ORIENTED_EDGE('',*,*,#3941,.T.);
#4148 = ORIENTED_EDGE('',*,*,#3973,.T.);
#4149 = ORIENTED_EDGE('',*,*,#4005,.T.);
#4150 = ORIENTED_EDGE('',*,*,#4036,.T.);
#4151 = ORIENTED_EDGE('',*,*,#4068,.T.);
#4152 = ORIENTED_EDGE('',*,*,#4100,.T.);
#4153 = ORIENTED_EDGE('',*,*,#4122,.T.);
#4154 = PLANE('',#4155);
#4155 = AXIS2_PLACEMENT_3D('',#4156,#4157,#4158);
#4156 = CARTESIAN_POINT('',(0.,0.,1.51));
#4157 = DIRECTION('',(0.,0.,1.));
#4158 = DIRECTION('',(1.,0.,-0.));
#4159 = ADVANCED_FACE('',(#4160),#4181,.T.);
#4160 = FACE_BOUND('',#4161,.F.);
#4161 = EDGE_LOOP('',(#4162,#4163,#4164,#4165,#4166,#4167,#4168,#4169,
    #4170,#4171,#4172,#4173,#4174,#4175,#4176,#4177,#4178,#4179,#4180));
#4162 = ORIENTED_EDGE('',*,*,#3545,.T.);
#4163 = ORIENTED_EDGE('',*,*,#3578,.T.);
#4164 = ORIENTED_EDGE('',*,*,#3609,.T.);
#4165 = ORIENTED_EDGE('',*,*,#3640,.T.);
#4166 = ORIENTED_EDGE('',*,*,#3671,.T.);
#4167 = ORIENTED_EDGE('',*,*,#3704,.T.);
#4168 = ORIENTED_EDGE('',*,*,#3735,.T.);
#4169 = ORIENTED_EDGE('',*,*,#3766,.T.);
#4170 = ORIENTED_EDGE('',*,*,#3797,.T.);
#4171 = ORIENTED_EDGE('',*,*,#3828,.T.);
#4172 = ORIENTED_EDGE('',*,*,#3861,.T.);
#4173 = ORIENTED_EDGE('',*,*,#3892,.T.);
#4174 = ORIENTED_EDGE('',*,*,#3925,.T.);
#4175 = ORIENTED_EDGE('',*,*,#3956,.T.);
#4176 = ORIENTED_EDGE('',*,*,#3989,.T.);
#4177 = ORIENTED_EDGE('',*,*,#4020,.T.);
#4178 = ORIENTED_EDGE('',*,*,#4051,.T.);
#4179 = ORIENTED_EDGE('',*,*,#4084,.T.);
#4180 = ORIENTED_EDGE('',*,*,#4115,.T.);
#4181 = PLANE('',#4182);
#4182 = AXIS2_PLACEMENT_3D('',#4183,#4184,#4185);
#4183 = CARTESIAN_POINT('',(0.,0.,1.545));
#4184 = DIRECTION('',(0.,0.,1.));
#4185 = DIRECTION('',(1.,0.,-0.));
#4186 = MANIFOLD_SOLID_BREP('',#4187);
#4187 = CLOSED_SHELL('',(#4188,#4228,#4261,#4292,#4325,#4356,#4387,#4420
    ,#4451,#4482,#4515,#4546,#4577,#4610,#4641,#4674,#4705,#4736,#4758,
    #4784));
#4188 = ADVANCED_FACE('',(#4189),#4223,.T.);
#4189 = FACE_BOUND('',#4190,.T.);
#4190 = EDGE_LOOP('',(#4191,#4201,#4209,#4217));
#4191 = ORIENTED_EDGE('',*,*,#4192,.T.);
#4192 = EDGE_CURVE('',#4193,#4195,#4197,.T.);
#4193 = VERTEX_POINT('',#4194);
#4194 = CARTESIAN_POINT('',(138.526051,-115.827515,1.51));
#4195 = VERTEX_POINT('',#4196);
#4196 = CARTESIAN_POINT('',(138.526051,-115.827515,1.545));
#4197 = LINE('',#4198,#4199);
#4198 = CARTESIAN_POINT('',(138.526051,-115.827515,1.51));
#4199 = VECTOR('',#4200,1.);
#4200 = DIRECTION('',(0.,0.,1.));
#4201 = ORIENTED_EDGE('',*,*,#4202,.T.);
#4202 = EDGE_CURVE('',#4195,#4203,#4205,.T.);
#4203 = VERTEX_POINT('',#4204);
#4204 = CARTESIAN_POINT('',(139.757205,-114.59655,1.545));
#4205 = LINE('',#4206,#4207);
#4206 = CARTESIAN_POINT('',(138.526051,-115.827515,1.545));
#4207 = VECTOR('',#4208,1.);
#4208 = DIRECTION('',(0.707161058844,0.707052499362,0.));
#4209 = ORIENTED_EDGE('',*,*,#4210,.F.);
#4210 = EDGE_CURVE('',#4211,#4203,#4213,.T.);
#4211 = VERTEX_POINT('',#4212);
#4212 = CARTESIAN_POINT('',(139.757205,-114.59655,1.51));
#4213 = LINE('',#4214,#4215);
#4214 = CARTESIAN_POINT('',(139.757205,-114.59655,1.51));
#4215 = VECTOR('',#4216,1.);
#4216 = DIRECTION('',(0.,0.,1.));
#4217 = ORIENTED_EDGE('',*,*,#4218,.F.);
#4218 = EDGE_CURVE('',#4193,#4211,#4219,.T.);
#4219 = LINE('',#4220,#4221);
#4220 = CARTESIAN_POINT('',(138.526051,-115.827515,1.51));
#4221 = VECTOR('',#4222,1.);
#4222 = DIRECTION('',(0.707161058844,0.707052499362,0.));
#4223 = PLANE('',#4224);
#4224 = AXIS2_PLACEMENT_3D('',#4225,#4226,#4227);
#4225 = CARTESIAN_POINT('',(138.526051,-115.827515,1.51));
#4226 = DIRECTION('',(-0.707052499362,0.707161058844,0.));
#4227 = DIRECTION('',(0.707161058844,0.707052499362,0.));
#4228 = ADVANCED_FACE('',(#4229),#4256,.T.);
#4229 = FACE_BOUND('',#4230,.T.);
#4230 = EDGE_LOOP('',(#4231,#4232,#4241,#4249));
#4231 = ORIENTED_EDGE('',*,*,#4210,.T.);
#4232 = ORIENTED_EDGE('',*,*,#4233,.T.);
#4233 = EDGE_CURVE('',#4203,#4234,#4236,.T.);
#4234 = VERTEX_POINT('',#4235);
#4235 = CARTESIAN_POINT('',(139.930693,-114.594731,1.545));
#4236 = CIRCLE('',#4237,0.123999062995);
#4237 = AXIS2_PLACEMENT_3D('',#4238,#4239,#4240);
#4238 = CARTESIAN_POINT('',(139.84487793602,-114.6842382199,1.545));
#4239 = DIRECTION('',(0.,0.,-1.));
#4240 = DIRECTION('',(-0.70704514941,0.707168407592,0.));
#4241 = ORIENTED_EDGE('',*,*,#4242,.F.);
#4242 = EDGE_CURVE('',#4243,#4234,#4245,.T.);
#4243 = VERTEX_POINT('',#4244);
#4244 = CARTESIAN_POINT('',(139.930693,-114.594731,1.51));
#4245 = LINE('',#4246,#4247);
#4246 = CARTESIAN_POINT('',(139.930693,-114.594731,1.51));
#4247 = VECTOR('',#4248,1.);
#4248 = DIRECTION('',(0.,0.,1.));
#4249 = ORIENTED_EDGE('',*,*,#4250,.F.);
#4250 = EDGE_CURVE('',#4211,#4243,#4251,.T.);
#4251 = CIRCLE('',#4252,0.123999062995);
#4252 = AXIS2_PLACEMENT_3D('',#4253,#4254,#4255);
#4253 = CARTESIAN_POINT('',(139.84487793602,-114.6842382199,1.51));
#4254 = DIRECTION('',(0.,0.,-1.));
#4255 = DIRECTION('',(-0.70704514941,0.707168407592,0.));
#4256 = CYLINDRICAL_SURFACE('',#4257,0.123999062995);
#4257 = AXIS2_PLACEMENT_3D('',#4258,#4259,#4260);
#4258 = CARTESIAN_POINT('',(139.84487793602,-114.6842382199,1.51));
#4259 = DIRECTION('',(0.,0.,-1.));
#4260 = DIRECTION('',(-0.70704514941,0.707168407592,0.));
#4261 = ADVANCED_FACE('',(#4262),#4287,.T.);
#4262 = FACE_BOUND('',#4263,.T.);
#4263 = EDGE_LOOP('',(#4264,#4265,#4273,#4281));
#4264 = ORIENTED_EDGE('',*,*,#4242,.T.);
#4265 = ORIENTED_EDGE('',*,*,#4266,.T.);
#4266 = EDGE_CURVE('',#4234,#4267,#4269,.T.);
#4267 = VERTEX_POINT('',#4268);
#4268 = CARTESIAN_POINT('',(140.150758,-114.805716,1.545));
#4269 = LINE('',#4270,#4271);
#4270 = CARTESIAN_POINT('',(139.930693,-114.594731,1.545));
#4271 = VECTOR('',#4272,1.);
#4272 = DIRECTION('',(0.7218417408,-0.692058163191,0.));
#4273 = ORIENTED_EDGE('',*,*,#4274,.F.);
#4274 = EDGE_CURVE('',#4275,#4267,#4277,.T.);
#4275 = VERTEX_POINT('',#4276);
#4276 = CARTESIAN_POINT('',(140.150758,-114.805716,1.51));
#4277 = LINE('',#4278,#4279);
#4278 = CARTESIAN_POINT('',(140.150758,-114.805716,1.51));
#4279 = VECTOR('',#4280,1.);
#4280 = DIRECTION('',(0.,0.,1.));
#4281 = ORIENTED_EDGE('',*,*,#4282,.F.);
#4282 = EDGE_CURVE('',#4243,#4275,#4283,.T.);
#4283 = LINE('',#4284,#4285);
#4284 = CARTESIAN_POINT('',(139.930693,-114.594731,1.51));
#4285 = VECTOR('',#4286,1.);
#4286 = DIRECTION('',(0.7218417408,-0.692058163191,0.));
#4287 = PLANE('',#4288);
#4288 = AXIS2_PLACEMENT_3D('',#4289,#4290,#4291);
#4289 = CARTESIAN_POINT('',(139.930693,-114.594731,1.51));
#4290 = DIRECTION('',(0.692058163191,0.7218417408,-0.));
#4291 = DIRECTION('',(0.7218417408,-0.692058163191,0.));
#4292 = ADVANCED_FACE('',(#4293),#4320,.F.);
#4293 = FACE_BOUND('',#4294,.T.);
#4294 = EDGE_LOOP('',(#4295,#4296,#4305,#4313));
#4295 = ORIENTED_EDGE('',*,*,#4274,.T.);
#4296 = ORIENTED_EDGE('',*,*,#4297,.T.);
#4297 = EDGE_CURVE('',#4267,#4298,#4300,.T.);
#4298 = VERTEX_POINT('',#4299);
#4299 = CARTESIAN_POINT('',(143.591586,-117.305674,1.545));
#4300 = CIRCLE('',#4301,18.038222410588);
#4301 = AXIS2_PLACEMENT_3D('',#4302,#4303,#4304);
#4302 = CARTESIAN_POINT('',(152.39997313856,-101.5643340395,1.545));
#4303 = DIRECTION('',(0.,0.,1.));
#4304 = DIRECTION('',(-0.679069969299,-0.734073549991,0.));
#4305 = ORIENTED_EDGE('',*,*,#4306,.F.);
#4306 = EDGE_CURVE('',#4307,#4298,#4309,.T.);
#4307 = VERTEX_POINT('',#4308);
#4308 = CARTESIAN_POINT('',(143.591586,-117.305674,1.51));
#4309 = LINE('',#4310,#4311);
#4310 = CARTESIAN_POINT('',(143.591586,-117.305674,1.51));
#4311 = VECTOR('',#4312,1.);
#4312 = DIRECTION('',(0.,0.,1.));
#4313 = ORIENTED_EDGE('',*,*,#4314,.F.);
#4314 = EDGE_CURVE('',#4275,#4307,#4315,.T.);
#4315 = CIRCLE('',#4316,18.038222410588);
#4316 = AXIS2_PLACEMENT_3D('',#4317,#4318,#4319);
#4317 = CARTESIAN_POINT('',(152.39997313856,-101.5643340395,1.51));
#4318 = DIRECTION('',(0.,0.,1.));
#4319 = DIRECTION('',(-0.679069969299,-0.734073549991,0.));
#4320 = CYLINDRICAL_SURFACE('',#4321,18.038222410588);
#4321 = AXIS2_PLACEMENT_3D('',#4322,#4323,#4324);
#4322 = CARTESIAN_POINT('',(152.39997313856,-101.5643340395,1.51));
#4323 = DIRECTION('',(-0.,-0.,-1.));
#4324 = DIRECTION('',(-0.679069969299,-0.734073549991,0.));
#4325 = ADVANCED_FACE('',(#4326),#4351,.T.);
#4326 = FACE_BOUND('',#4327,.T.);
#4327 = EDGE_LOOP('',(#4328,#4329,#4337,#4345));
#4328 = ORIENTED_EDGE('',*,*,#4306,.T.);
#4329 = ORIENTED_EDGE('',*,*,#4330,.T.);
#4330 = EDGE_CURVE('',#4298,#4331,#4333,.T.);
#4331 = VERTEX_POINT('',#4332);
#4332 = CARTESIAN_POINT('',(144.004202,-117.528011,1.545));
#4333 = LINE('',#4334,#4335);
#4334 = CARTESIAN_POINT('',(143.591586,-117.305674,1.545));
#4335 = VECTOR('',#4336,1.);
#4336 = DIRECTION('',(0.880329317729,-0.474363038554,0.));
#4337 = ORIENTED_EDGE('',*,*,#4338,.F.);
#4338 = EDGE_CURVE('',#4339,#4331,#4341,.T.);
#4339 = VERTEX_POINT('',#4340);
#4340 = CARTESIAN_POINT('',(144.004202,-117.528011,1.51));
#4341 = LINE('',#4342,#4343);
#4342 = CARTESIAN_POINT('',(144.004202,-117.528011,1.51));
#4343 = VECTOR('',#4344,1.);
#4344 = DIRECTION('',(0.,0.,1.));
#4345 = ORIENTED_EDGE('',*,*,#4346,.F.);
#4346 = EDGE_CURVE('',#4307,#4339,#4347,.T.);
#4347 = LINE('',#4348,#4349);
#4348 = CARTESIAN_POINT('',(143.591586,-117.305674,1.51));
#4349 = VECTOR('',#4350,1.);
#4350 = DIRECTION('',(0.880329317729,-0.474363038554,0.));
#4351 = PLANE('',#4352);
#4352 = AXIS2_PLACEMENT_3D('',#4353,#4354,#4355);
#4353 = CARTESIAN_POINT('',(143.591586,-117.305674,1.51));
#4354 = DIRECTION('',(0.474363038554,0.880329317729,-0.));
#4355 = DIRECTION('',(0.880329317729,-0.474363038554,0.));
#4356 = ADVANCED_FACE('',(#4357),#4382,.T.);
#4357 = FACE_BOUND('',#4358,.T.);
#4358 = EDGE_LOOP('',(#4359,#4360,#4368,#4376));
#4359 = ORIENTED_EDGE('',*,*,#4338,.T.);
#4360 = ORIENTED_EDGE('',*,*,#4361,.T.);
#4361 = EDGE_CURVE('',#4331,#4362,#4364,.T.);
#4362 = VERTEX_POINT('',#4363);
#4363 = CARTESIAN_POINT('',(144.184918,-117.61951,1.545));
#4364 = LINE('',#4365,#4366);
#4365 = CARTESIAN_POINT('',(144.004202,-117.528011,1.545));
#4366 = VECTOR('',#4367,1.);
#4367 = DIRECTION('',(0.892162673528,-0.451714250344,0.));
#4368 = ORIENTED_EDGE('',*,*,#4369,.F.);
#4369 = EDGE_CURVE('',#4370,#4362,#4372,.T.);
#4370 = VERTEX_POINT('',#4371);
#4371 = CARTESIAN_POINT('',(144.184918,-117.61951,1.51));
#4372 = LINE('',#4373,#4374);
#4373 = CARTESIAN_POINT('',(144.184918,-117.61951,1.51));
#4374 = VECTOR('',#4375,1.);
#4375 = DIRECTION('',(0.,0.,1.));
#4376 = ORIENTED_EDGE('',*,*,#4377,.F.);
#4377 = EDGE_CURVE('',#4339,#4370,#4378,.T.);
#4378 = LINE('',#4379,#4380);
#4379 = CARTESIAN_POINT('',(144.004202,-117.528011,1.51));
#4380 = VECTOR('',#4381,1.);
#4381 = DIRECTION('',(0.892162673528,-0.451714250344,0.));
#4382 = PLANE('',#4383);
#4383 = AXIS2_PLACEMENT_3D('',#4384,#4385,#4386);
#4384 = CARTESIAN_POINT('',(144.004202,-117.528011,1.51));
#4385 = DIRECTION('',(0.451714250344,0.892162673528,-0.));
#4386 = DIRECTION('',(0.892162673528,-0.451714250344,0.));
#4387 = ADVANCED_FACE('',(#4388),#4415,.T.);
#4388 = FACE_BOUND('',#4389,.T.);
#4389 = EDGE_LOOP('',(#4390,#4391,#4400,#4408));
#4390 = ORIENTED_EDGE('',*,*,#4369,.T.);
#4391 = ORIENTED_EDGE('',*,*,#4392,.T.);
#4392 = EDGE_CURVE('',#4362,#4393,#4395,.T.);
#4393 = VERTEX_POINT('',#4394);
#4394 = CARTESIAN_POINT('',(144.23577,-117.788542,1.545));
#4395 = CIRCLE('',#4396,0.123997623296);
#4396 = AXIS2_PLACEMENT_3D('',#4397,#4398,#4399);
#4397 = CARTESIAN_POINT('',(144.12693908684,-117.7291177379,1.545));
#4398 = DIRECTION('',(0.,0.,-1.));
#4399 = DIRECTION('',(0.467580842432,0.883950312965,0.));
#4400 = ORIENTED_EDGE('',*,*,#4401,.F.);
#4401 = EDGE_CURVE('',#4402,#4393,#4404,.T.);
#4402 = VERTEX_POINT('',#4403);
#4403 = CARTESIAN_POINT('',(144.23577,-117.788542,1.51));
#4404 = LINE('',#4405,#4406);
#4405 = CARTESIAN_POINT('',(144.23577,-117.788542,1.51));
#4406 = VECTOR('',#4407,1.);
#4407 = DIRECTION('',(0.,0.,1.));
#4408 = ORIENTED_EDGE('',*,*,#4409,.F.);
#4409 = EDGE_CURVE('',#4370,#4402,#4410,.T.);
#4410 = CIRCLE('',#4411,0.123997623296);
#4411 = AXIS2_PLACEMENT_3D('',#4412,#4413,#4414);
#4412 = CARTESIAN_POINT('',(144.12693908684,-117.7291177379,1.51));
#4413 = DIRECTION('',(0.,0.,-1.));
#4414 = DIRECTION('',(0.467580842432,0.883950312965,0.));
#4415 = CYLINDRICAL_SURFACE('',#4416,0.123997623296);
#4416 = AXIS2_PLACEMENT_3D('',#4417,#4418,#4419);
#4417 = CARTESIAN_POINT('',(144.12693908684,-117.7291177379,1.51));
#4418 = DIRECTION('',(0.,0.,-1.));
#4419 = DIRECTION('',(0.467580842432,0.883950312965,0.));
#4420 = ADVANCED_FACE('',(#4421),#4446,.T.);
#4421 = FACE_BOUND('',#4422,.T.);
#4422 = EDGE_LOOP('',(#4423,#4424,#4432,#4440));
#4423 = ORIENTED_EDGE('',*,*,#4401,.T.);
#4424 = ORIENTED_EDGE('',*,*,#4425,.T.);
#4425 = EDGE_CURVE('',#4393,#4426,#4428,.T.);
#4426 = VERTEX_POINT('',#4427);
#4427 = CARTESIAN_POINT('',(143.977447,-118.406117,1.545));
#4428 = LINE('',#4429,#4430);
#4429 = CARTESIAN_POINT('',(144.23577,-117.788542,1.545));
#4430 = VECTOR('',#4431,1.);
#4431 = DIRECTION('',(-0.385887965357,-0.922545651007,0.));
#4432 = ORIENTED_EDGE('',*,*,#4433,.F.);
#4433 = EDGE_CURVE('',#4434,#4426,#4436,.T.);
#4434 = VERTEX_POINT('',#4435);
#4435 = CARTESIAN_POINT('',(143.977447,-118.406117,1.51));
#4436 = LINE('',#4437,#4438);
#4437 = CARTESIAN_POINT('',(143.977447,-118.406117,1.51));
#4438 = VECTOR('',#4439,1.);
#4439 = DIRECTION('',(0.,0.,1.));
#4440 = ORIENTED_EDGE('',*,*,#4441,.F.);
#4441 = EDGE_CURVE('',#4402,#4434,#4442,.T.);
#4442 = LINE('',#4443,#4444);
#4443 = CARTESIAN_POINT('',(144.23577,-117.788542,1.51));
#4444 = VECTOR('',#4445,1.);
#4445 = DIRECTION('',(-0.385887965357,-0.922545651007,0.));
#4446 = PLANE('',#4447);
#4447 = AXIS2_PLACEMENT_3D('',#4448,#4449,#4450);
#4448 = CARTESIAN_POINT('',(144.23577,-117.788542,1.51));
#4449 = DIRECTION('',(0.922545651007,-0.385887965357,0.));
#4450 = DIRECTION('',(-0.385887965357,-0.922545651007,0.));
#4451 = ADVANCED_FACE('',(#4452),#4477,.T.);
#4452 = FACE_BOUND('',#4453,.T.);
#4453 = EDGE_LOOP('',(#4454,#4455,#4463,#4471));
#4454 = ORIENTED_EDGE('',*,*,#4433,.T.);
#4455 = ORIENTED_EDGE('',*,*,#4456,.T.);
#4456 = EDGE_CURVE('',#4426,#4457,#4459,.T.);
#4457 = VERTEX_POINT('',#4458);
#4458 = CARTESIAN_POINT('',(144.820357,-118.755262,1.545));
#4459 = LINE('',#4460,#4461);
#4460 = CARTESIAN_POINT('',(143.977447,-118.406117,1.545));
#4461 = VECTOR('',#4462,1.);
#4462 = DIRECTION('',(0.923879437128,-0.38268366264,0.));
#4463 = ORIENTED_EDGE('',*,*,#4464,.F.);
#4464 = EDGE_CURVE('',#4465,#4457,#4467,.T.);
#4465 = VERTEX_POINT('',#4466);
#4466 = CARTESIAN_POINT('',(144.820357,-118.755262,1.51));
#4467 = LINE('',#4468,#4469);
#4468 = CARTESIAN_POINT('',(144.820357,-118.755262,1.51));
#4469 = VECTOR('',#4470,1.);
#4470 = DIRECTION('',(0.,0.,1.));
#4471 = ORIENTED_EDGE('',*,*,#4472,.F.);
#4472 = EDGE_CURVE('',#4434,#4465,#4473,.T.);
#4473 = LINE('',#4474,#4475);
#4474 = CARTESIAN_POINT('',(143.977447,-118.406117,1.51));
#4475 = VECTOR('',#4476,1.);
#4476 = DIRECTION('',(0.923879437128,-0.38268366264,0.));
#4477 = PLANE('',#4478);
#4478 = AXIS2_PLACEMENT_3D('',#4479,#4480,#4481);
#4479 = CARTESIAN_POINT('',(143.977447,-118.406117,1.51));
#4480 = DIRECTION('',(0.38268366264,0.923879437128,-0.));
#4481 = DIRECTION('',(0.923879437128,-0.38268366264,0.));
#4482 = ADVANCED_FACE('',(#4483),#4510,.F.);
#4483 = FACE_BOUND('',#4484,.T.);
#4484 = EDGE_LOOP('',(#4485,#4486,#4495,#4503));
#4485 = ORIENTED_EDGE('',*,*,#4464,.T.);
#4486 = ORIENTED_EDGE('',*,*,#4487,.T.);
#4487 = EDGE_CURVE('',#4457,#4488,#4490,.T.);
#4488 = VERTEX_POINT('',#4489);
#4489 = CARTESIAN_POINT('',(144.629015,-119.217201,1.545));
#4490 = CIRCLE('',#4491,0.502054709972);
#4491 = AXIS2_PLACEMENT_3D('',#4492,#4493,#4494);
#4492 = CARTESIAN_POINT('',(145.12692802657,-119.1528461262,1.545));
#4493 = DIRECTION('',(0.,0.,1.));
#4494 = DIRECTION('',(-0.610632706926,0.791913945598,0.));
#4495 = ORIENTED_EDGE('',*,*,#4496,.F.);
#4496 = EDGE_CURVE('',#4497,#4488,#4499,.T.);
#4497 = VERTEX_POINT('',#4498);
#4498 = CARTESIAN_POINT('',(144.629015,-119.217201,1.51));
#4499 = LINE('',#4500,#4501);
#4500 = CARTESIAN_POINT('',(144.629015,-119.217201,1.51));
#4501 = VECTOR('',#4502,1.);
#4502 = DIRECTION('',(0.,0.,1.));
#4503 = ORIENTED_EDGE('',*,*,#4504,.F.);
#4504 = EDGE_CURVE('',#4465,#4497,#4505,.T.);
#4505 = CIRCLE('',#4506,0.502054709972);
#4506 = AXIS2_PLACEMENT_3D('',#4507,#4508,#4509);
#4507 = CARTESIAN_POINT('',(145.12692802657,-119.1528461262,1.51));
#4508 = DIRECTION('',(0.,0.,1.));
#4509 = DIRECTION('',(-0.610632706926,0.791913945598,0.));
#4510 = CYLINDRICAL_SURFACE('',#4511,0.502054709972);
#4511 = AXIS2_PLACEMENT_3D('',#4512,#4513,#4514);
#4512 = CARTESIAN_POINT('',(145.12692802657,-119.1528461262,1.51));
#4513 = DIRECTION('',(-0.,-0.,-1.));
#4514 = DIRECTION('',(-0.610632706926,0.791913945598,0.));
#4515 = ADVANCED_FACE('',(#4516),#4541,.T.);
#4516 = FACE_BOUND('',#4517,.T.);
#4517 = EDGE_LOOP('',(#4518,#4519,#4527,#4535));
#4518 = ORIENTED_EDGE('',*,*,#4496,.T.);
#4519 = ORIENTED_EDGE('',*,*,#4520,.T.);
#4520 = EDGE_CURVE('',#4488,#4521,#4523,.T.);
#4521 = VERTEX_POINT('',#4522);
#4522 = CARTESIAN_POINT('',(143.786107,-118.868057,1.545));
#4523 = LINE('',#4524,#4525);
#4524 = CARTESIAN_POINT('',(144.629015,-119.217201,1.545));
#4525 = VECTOR('',#4526,1.);
#4526 = DIRECTION('',(-0.923879503615,0.382683502126,0.));
#4527 = ORIENTED_EDGE('',*,*,#4528,.F.);
#4528 = EDGE_CURVE('',#4529,#4521,#4531,.T.);
#4529 = VERTEX_POINT('',#4530);
#4530 = CARTESIAN_POINT('',(143.786107,-118.868057,1.51));
#4531 = LINE('',#4532,#4533);
#4532 = CARTESIAN_POINT('',(143.786107,-118.868057,1.51));
#4533 = VECTOR('',#4534,1.);
#4534 = DIRECTION('',(0.,0.,1.));
#4535 = ORIENTED_EDGE('',*,*,#4536,.F.);
#4536 = EDGE_CURVE('',#4497,#4529,#4537,.T.);
#4537 = LINE('',#4538,#4539);
#4538 = CARTESIAN_POINT('',(144.629015,-119.217201,1.51));
#4539 = VECTOR('',#4540,1.);
#4540 = DIRECTION('',(-0.923879503615,0.382683502126,0.));
#4541 = PLANE('',#4542);
#4542 = AXIS2_PLACEMENT_3D('',#4543,#4544,#4545);
#4543 = CARTESIAN_POINT('',(144.629015,-119.217201,1.51));
#4544 = DIRECTION('',(-0.382683502126,-0.923879503615,0.));
#4545 = DIRECTION('',(-0.923879503615,0.382683502126,0.));
#4546 = ADVANCED_FACE('',(#4547),#4572,.T.);
#4547 = FACE_BOUND('',#4548,.T.);
#4548 = EDGE_LOOP('',(#4549,#4550,#4558,#4566));
#4549 = ORIENTED_EDGE('',*,*,#4528,.T.);
#4550 = ORIENTED_EDGE('',*,*,#4551,.T.);
#4551 = EDGE_CURVE('',#4521,#4552,#4554,.T.);
#4552 = VERTEX_POINT('',#4553);
#4553 = CARTESIAN_POINT('',(143.568862,-119.392531,1.545));
#4554 = LINE('',#4555,#4556);
#4555 = CARTESIAN_POINT('',(143.786107,-118.868057,1.545));
#4556 = VECTOR('',#4557,1.);
#4557 = DIRECTION('',(-0.382684569191,-0.923879061622,0.));
#4558 = ORIENTED_EDGE('',*,*,#4559,.F.);
#4559 = EDGE_CURVE('',#4560,#4552,#4562,.T.);
#4560 = VERTEX_POINT('',#4561);
#4561 = CARTESIAN_POINT('',(143.568862,-119.392531,1.51));
#4562 = LINE('',#4563,#4564);
#4563 = CARTESIAN_POINT('',(143.568862,-119.392531,1.51));
#4564 = VECTOR('',#4565,1.);
#4565 = DIRECTION('',(0.,0.,1.));
#4566 = ORIENTED_EDGE('',*,*,#4567,.F.);
#4567 = EDGE_CURVE('',#4529,#4560,#4568,.T.);
#4568 = LINE('',#4569,#4570);
#4569 = CARTESIAN_POINT('',(143.786107,-118.868057,1.51));
#4570 = VECTOR('',#4571,1.);
#4571 = DIRECTION('',(-0.382684569191,-0.923879061622,0.));
#4572 = PLANE('',#4573);
#4573 = AXIS2_PLACEMENT_3D('',#4574,#4575,#4576);
#4574 = CARTESIAN_POINT('',(143.786107,-118.868057,1.51));
#4575 = DIRECTION('',(0.923879061622,-0.382684569191,0.));
#4576 = DIRECTION('',(-0.382684569191,-0.923879061622,0.));
#4577 = ADVANCED_FACE('',(#4578),#4605,.T.);
#4578 = FACE_BOUND('',#4579,.T.);
#4579 = EDGE_LOOP('',(#4580,#4581,#4590,#4598));
#4580 = ORIENTED_EDGE('',*,*,#4559,.T.);
#4581 = ORIENTED_EDGE('',*,*,#4582,.T.);
#4582 = EDGE_CURVE('',#4552,#4583,#4585,.T.);
#4583 = VERTEX_POINT('',#4584);
#4584 = CARTESIAN_POINT('',(143.397044,-119.455067,1.545));
#4585 = CIRCLE('',#4586,0.12400014388);
#4586 = AXIS2_PLACEMENT_3D('',#4587,#4588,#4589);
#4587 = CARTESIAN_POINT('',(143.45430104929,-119.3450776096,1.545));
#4588 = DIRECTION('',(0.,0.,-1.));
#4589 = DIRECTION('',(0.923877562741,-0.382688187776,0.));
#4590 = ORIENTED_EDGE('',*,*,#4591,.F.);
#4591 = EDGE_CURVE('',#4592,#4583,#4594,.T.);
#4592 = VERTEX_POINT('',#4593);
#4593 = CARTESIAN_POINT('',(143.397044,-119.455067,1.51));
#4594 = LINE('',#4595,#4596);
#4595 = CARTESIAN_POINT('',(143.397044,-119.455067,1.51));
#4596 = VECTOR('',#4597,1.);
#4597 = DIRECTION('',(0.,0.,1.));
#4598 = ORIENTED_EDGE('',*,*,#4599,.F.);
#4599 = EDGE_CURVE('',#4560,#4592,#4600,.T.);
#4600 = CIRCLE('',#4601,0.12400014388);
#4601 = AXIS2_PLACEMENT_3D('',#4602,#4603,#4604);
#4602 = CARTESIAN_POINT('',(143.45430104929,-119.3450776096,1.51));
#4603 = DIRECTION('',(0.,0.,-1.));
#4604 = DIRECTION('',(0.923877562741,-0.382688187776,0.));
#4605 = CYLINDRICAL_SURFACE('',#4606,0.12400014388);
#4606 = AXIS2_PLACEMENT_3D('',#4607,#4608,#4609);
#4607 = CARTESIAN_POINT('',(143.45430104929,-119.3450776096,1.51));
#4608 = DIRECTION('',(0.,0.,-1.));
#4609 = DIRECTION('',(0.923877562741,-0.382688187776,0.));
#4610 = ADVANCED_FACE('',(#4611),#4636,.T.);
#4611 = FACE_BOUND('',#4612,.T.);
#4612 = EDGE_LOOP('',(#4613,#4614,#4622,#4630));
#4613 = ORIENTED_EDGE('',*,*,#4591,.T.);
#4614 = ORIENTED_EDGE('',*,*,#4615,.T.);
#4615 = EDGE_CURVE('',#4583,#4616,#4618,.T.);
#4616 = VERTEX_POINT('',#4617);
#4617 = CARTESIAN_POINT('',(142.847764,-119.169089,1.545));
#4618 = LINE('',#4619,#4620);
#4619 = CARTESIAN_POINT('',(143.397044,-119.455067,1.545));
#4620 = VECTOR('',#4621,1.);
#4621 = DIRECTION('',(-0.886983760724,0.461800615213,0.));
#4622 = ORIENTED_EDGE('',*,*,#4623,.F.);
#4623 = EDGE_CURVE('',#4624,#4616,#4626,.T.);
#4624 = VERTEX_POINT('',#4625);
#4625 = CARTESIAN_POINT('',(142.847764,-119.169089,1.51));
#4626 = LINE('',#4627,#4628);
#4627 = CARTESIAN_POINT('',(142.847764,-119.169089,1.51));
#4628 = VECTOR('',#4629,1.);
#4629 = DIRECTION('',(0.,0.,1.));
#4630 = ORIENTED_EDGE('',*,*,#4631,.F.);
#4631 = EDGE_CURVE('',#4592,#4624,#4632,.T.);
#4632 = LINE('',#4633,#4634);
#4633 = CARTESIAN_POINT('',(143.397044,-119.455067,1.51));
#4634 = VECTOR('',#4635,1.);
#4635 = DIRECTION('',(-0.886983760724,0.461800615213,0.));
#4636 = PLANE('',#4637);
#4637 = AXIS2_PLACEMENT_3D('',#4638,#4639,#4640);
#4638 = CARTESIAN_POINT('',(143.397044,-119.455067,1.51));
#4639 = DIRECTION('',(-0.461800615213,-0.886983760724,0.));
#4640 = DIRECTION('',(-0.886983760724,0.461800615213,0.));
#4641 = ADVANCED_FACE('',(#4642),#4669,.T.);
#4642 = FACE_BOUND('',#4643,.T.);
#4643 = EDGE_LOOP('',(#4644,#4645,#4654,#4662));
#4644 = ORIENTED_EDGE('',*,*,#4623,.T.);
#4645 = ORIENTED_EDGE('',*,*,#4646,.T.);
#4646 = EDGE_CURVE('',#4616,#4647,#4649,.T.);
#4647 = VERTEX_POINT('',#4648);
#4648 = CARTESIAN_POINT('',(138.526047,-116.00288,1.545));
#4649 = CIRCLE('',#4650,19.974613498592);
#4650 = AXIS2_PLACEMENT_3D('',#4651,#4652,#4653);
#4651 = CARTESIAN_POINT('',(152.38513611838,-101.6184845234,1.545));
#4652 = DIRECTION('',(0.,0.,-1.));
#4653 = DIRECTION('',(-0.477474676496,-0.878645510604,-0.));
#4654 = ORIENTED_EDGE('',*,*,#4655,.F.);
#4655 = EDGE_CURVE('',#4656,#4647,#4658,.T.);
#4656 = VERTEX_POINT('',#4657);
#4657 = CARTESIAN_POINT('',(138.526047,-116.00288,1.51));
#4658 = LINE('',#4659,#4660);
#4659 = CARTESIAN_POINT('',(138.526047,-116.00288,1.51));
#4660 = VECTOR('',#4661,1.);
#4661 = DIRECTION('',(0.,0.,1.));
#4662 = ORIENTED_EDGE('',*,*,#4663,.F.);
#4663 = EDGE_CURVE('',#4624,#4656,#4664,.T.);
#4664 = CIRCLE('',#4665,19.974613498592);
#4665 = AXIS2_PLACEMENT_3D('',#4666,#4667,#4668);
#4666 = CARTESIAN_POINT('',(152.38513611838,-101.6184845234,1.51));
#4667 = DIRECTION('',(0.,0.,-1.));
#4668 = DIRECTION('',(-0.477474676496,-0.878645510604,-0.));
#4669 = CYLINDRICAL_SURFACE('',#4670,19.974613498592);
#4670 = AXIS2_PLACEMENT_3D('',#4671,#4672,#4673);
#4671 = CARTESIAN_POINT('',(152.38513611838,-101.6184845234,1.51));
#4672 = DIRECTION('',(0.,0.,-1.));
#4673 = DIRECTION('',(-0.477474676496,-0.878645510604,-0.));
#4674 = ADVANCED_FACE('',(#4675),#4700,.T.);
#4675 = FACE_BOUND('',#4676,.T.);
#4676 = EDGE_LOOP('',(#4677,#4678,#4686,#4694));
#4677 = ORIENTED_EDGE('',*,*,#4655,.T.);
#4678 = ORIENTED_EDGE('',*,*,#4679,.T.);
#4679 = EDGE_CURVE('',#4647,#4680,#4682,.T.);
#4680 = VERTEX_POINT('',#4681);
#4681 = CARTESIAN_POINT('',(138.492562,-115.941557,1.545));
#4682 = LINE('',#4683,#4684);
#4683 = CARTESIAN_POINT('',(138.526047,-116.00288,1.545));
#4684 = VECTOR('',#4685,1.);
#4685 = DIRECTION('',(-0.479250184514,0.877678335521,0.));
#4686 = ORIENTED_EDGE('',*,*,#4687,.F.);
#4687 = EDGE_CURVE('',#4688,#4680,#4690,.T.);
#4688 = VERTEX_POINT('',#4689);
#4689 = CARTESIAN_POINT('',(138.492562,-115.941557,1.51));
#4690 = LINE('',#4691,#4692);
#4691 = CARTESIAN_POINT('',(138.492562,-115.941557,1.51));
#4692 = VECTOR('',#4693,1.);
#4693 = DIRECTION('',(0.,0.,1.));
#4694 = ORIENTED_EDGE('',*,*,#4695,.F.);
#4695 = EDGE_CURVE('',#4656,#4688,#4696,.T.);
#4696 = LINE('',#4697,#4698);
#4697 = CARTESIAN_POINT('',(138.526047,-116.00288,1.51));
#4698 = VECTOR('',#4699,1.);
#4699 = DIRECTION('',(-0.479250184514,0.877678335521,0.));
#4700 = PLANE('',#4701);
#4701 = AXIS2_PLACEMENT_3D('',#4702,#4703,#4704);
#4702 = CARTESIAN_POINT('',(138.526047,-116.00288,1.51));
#4703 = DIRECTION('',(-0.877678335521,-0.479250184514,0.));
#4704 = DIRECTION('',(-0.479250184514,0.877678335521,0.));
#4705 = ADVANCED_FACE('',(#4706),#4731,.T.);
#4706 = FACE_BOUND('',#4707,.T.);
#4707 = EDGE_LOOP('',(#4708,#4709,#4717,#4725));
#4708 = ORIENTED_EDGE('',*,*,#4687,.T.);
#4709 = ORIENTED_EDGE('',*,*,#4710,.T.);
#4710 = EDGE_CURVE('',#4680,#4711,#4713,.T.);
#4711 = VERTEX_POINT('',#4712);
#4712 = CARTESIAN_POINT('',(138.497546,-115.871865,1.545));
#4713 = LINE('',#4714,#4715);
#4714 = CARTESIAN_POINT('',(138.492562,-115.941557,1.545));
#4715 = VECTOR('',#4716,1.);
#4716 = DIRECTION('',(7.133248760035E-02,0.997452593466,0.));
#4717 = ORIENTED_EDGE('',*,*,#4718,.F.);
#4718 = EDGE_CURVE('',#4719,#4711,#4721,.T.);
#4719 = VERTEX_POINT('',#4720);
#4720 = CARTESIAN_POINT('',(138.497546,-115.871865,1.51));
#4721 = LINE('',#4722,#4723);
#4722 = CARTESIAN_POINT('',(138.497546,-115.871865,1.51));
#4723 = VECTOR('',#4724,1.);
#4724 = DIRECTION('',(0.,0.,1.));
#4725 = ORIENTED_EDGE('',*,*,#4726,.F.);
#4726 = EDGE_CURVE('',#4688,#4719,#4727,.T.);
#4727 = LINE('',#4728,#4729);
#4728 = CARTESIAN_POINT('',(138.492562,-115.941557,1.51));
#4729 = VECTOR('',#4730,1.);
#4730 = DIRECTION('',(7.133248760035E-02,0.997452593466,0.));
#4731 = PLANE('',#4732);
#4732 = AXIS2_PLACEMENT_3D('',#4733,#4734,#4735);
#4733 = CARTESIAN_POINT('',(138.492562,-115.941557,1.51));
#4734 = DIRECTION('',(-0.997452593466,7.133248760035E-02,0.));
#4735 = DIRECTION('',(7.133248760035E-02,0.997452593466,0.));
#4736 = ADVANCED_FACE('',(#4737),#4753,.T.);
#4737 = FACE_BOUND('',#4738,.T.);
#4738 = EDGE_LOOP('',(#4739,#4740,#4746,#4747));
#4739 = ORIENTED_EDGE('',*,*,#4718,.T.);
#4740 = ORIENTED_EDGE('',*,*,#4741,.T.);
#4741 = EDGE_CURVE('',#4711,#4195,#4742,.T.);
#4742 = LINE('',#4743,#4744);
#4743 = CARTESIAN_POINT('',(138.497546,-115.871865,1.545));
#4744 = VECTOR('',#4745,1.);
#4745 = DIRECTION('',(0.540680895623,0.841227774808,0.));
#4746 = ORIENTED_EDGE('',*,*,#4192,.F.);
#4747 = ORIENTED_EDGE('',*,*,#4748,.F.);
#4748 = EDGE_CURVE('',#4719,#4193,#4749,.T.);
#4749 = LINE('',#4750,#4751);
#4750 = CARTESIAN_POINT('',(138.497546,-115.871865,1.51));
#4751 = VECTOR('',#4752,1.);
#4752 = DIRECTION('',(0.540680895623,0.841227774808,0.));
#4753 = PLANE('',#4754);
#4754 = AXIS2_PLACEMENT_3D('',#4755,#4756,#4757);
#4755 = CARTESIAN_POINT('',(138.497546,-115.871865,1.51));
#4756 = DIRECTION('',(-0.841227774808,0.540680895623,0.));
#4757 = DIRECTION('',(0.540680895623,0.841227774808,0.));
#4758 = ADVANCED_FACE('',(#4759),#4779,.F.);
#4759 = FACE_BOUND('',#4760,.T.);
#4760 = EDGE_LOOP('',(#4761,#4762,#4763,#4764,#4765,#4766,#4767,#4768,
    #4769,#4770,#4771,#4772,#4773,#4774,#4775,#4776,#4777,#4778));
#4761 = ORIENTED_EDGE('',*,*,#4218,.T.);
#4762 = ORIENTED_EDGE('',*,*,#4250,.T.);
#4763 = ORIENTED_EDGE('',*,*,#4282,.T.);
#4764 = ORIENTED_EDGE('',*,*,#4314,.T.);
#4765 = ORIENTED_EDGE('',*,*,#4346,.T.);
#4766 = ORIENTED_EDGE('',*,*,#4377,.T.);
#4767 = ORIENTED_EDGE('',*,*,#4409,.T.);
#4768 = ORIENTED_EDGE('',*,*,#4441,.T.);
#4769 = ORIENTED_EDGE('',*,*,#4472,.T.);
#4770 = ORIENTED_EDGE('',*,*,#4504,.T.);
#4771 = ORIENTED_EDGE('',*,*,#4536,.T.);
#4772 = ORIENTED_EDGE('',*,*,#4567,.T.);
#4773 = ORIENTED_EDGE('',*,*,#4599,.T.);
#4774 = ORIENTED_EDGE('',*,*,#4631,.T.);
#4775 = ORIENTED_EDGE('',*,*,#4663,.T.);
#4776 = ORIENTED_EDGE('',*,*,#4695,.T.);
#4777 = ORIENTED_EDGE('',*,*,#4726,.T.);
#4778 = ORIENTED_EDGE('',*,*,#4748,.T.);
#4779 = PLANE('',#4780);
#4780 = AXIS2_PLACEMENT_3D('',#4781,#4782,#4783);
#4781 = CARTESIAN_POINT('',(0.,0.,1.51));
#4782 = DIRECTION('',(0.,0.,1.));
#4783 = DIRECTION('',(1.,0.,-0.));
#4784 = ADVANCED_FACE('',(#4785),#4805,.T.);
#4785 = FACE_BOUND('',#4786,.F.);
#4786 = EDGE_LOOP('',(#4787,#4788,#4789,#4790,#4791,#4792,#4793,#4794,
    #4795,#4796,#4797,#4798,#4799,#4800,#4801,#4802,#4803,#4804));
#4787 = ORIENTED_EDGE('',*,*,#4202,.T.);
#4788 = ORIENTED_EDGE('',*,*,#4233,.T.);
#4789 = ORIENTED_EDGE('',*,*,#4266,.T.);
#4790 = ORIENTED_EDGE('',*,*,#4297,.T.);
#4791 = ORIENTED_EDGE('',*,*,#4330,.T.);
#4792 = ORIENTED_EDGE('',*,*,#4361,.T.);
#4793 = ORIENTED_EDGE('',*,*,#4392,.T.);
#4794 = ORIENTED_EDGE('',*,*,#4425,.T.);
#4795 = ORIENTED_EDGE('',*,*,#4456,.T.);
#4796 = ORIENTED_EDGE('',*,*,#4487,.T.);
#4797 = ORIENTED_EDGE('',*,*,#4520,.T.);
#4798 = ORIENTED_EDGE('',*,*,#4551,.T.);
#4799 = ORIENTED_EDGE('',*,*,#4582,.T.);
#4800 = ORIENTED_EDGE('',*,*,#4615,.T.);
#4801 = ORIENTED_EDGE('',*,*,#4646,.T.);
#4802 = ORIENTED_EDGE('',*,*,#4679,.T.);
#4803 = ORIENTED_EDGE('',*,*,#4710,.T.);
#4804 = ORIENTED_EDGE('',*,*,#4741,.T.);
#4805 = PLANE('',#4806);
#4806 = AXIS2_PLACEMENT_3D('',#4807,#4808,#4809);
#4807 = CARTESIAN_POINT('',(0.,0.,1.545));
#4808 = DIRECTION('',(0.,0.,1.));
#4809 = DIRECTION('',(1.,0.,-0.));
#4810 = MANIFOLD_SOLID_BREP('',#4811);
#4811 = CLOSED_SHELL('',(#4812,#4854,#4885,#4918,#4949,#4980,#5013,#5044
    ,#5075,#5108,#5139,#5172,#5203,#5234,#5265,#5296,#5329,#5351,#5376)
  );
#4812 = ADVANCED_FACE('',(#4813),#4849,.F.);
#4813 = FACE_BOUND('',#4814,.T.);
#4814 = EDGE_LOOP('',(#4815,#4825,#4834,#4842));
#4815 = ORIENTED_EDGE('',*,*,#4816,.T.);
#4816 = EDGE_CURVE('',#4817,#4819,#4821,.T.);
#4817 = VERTEX_POINT('',#4818);
#4818 = CARTESIAN_POINT('',(153.646766,-119.562086,1.51));
#4819 = VERTEX_POINT('',#4820);
#4820 = CARTESIAN_POINT('',(153.646766,-119.562086,1.545));
#4821 = LINE('',#4822,#4823);
#4822 = CARTESIAN_POINT('',(153.646766,-119.562086,1.51));
#4823 = VECTOR('',#4824,1.);
#4824 = DIRECTION('',(0.,0.,1.));
#4825 = ORIENTED_EDGE('',*,*,#4826,.T.);
#4826 = EDGE_CURVE('',#4819,#4827,#4829,.T.);
#4827 = VERTEX_POINT('',#4828);
#4828 = CARTESIAN_POINT('',(157.726079,-118.799531,1.545));
#4829 = CIRCLE('',#4830,18.005318200727);
#4830 = AXIS2_PLACEMENT_3D('',#4831,#4832,#4833);
#4831 = CARTESIAN_POINT('',(152.40000035498,-101.5999853729,1.545));
#4832 = DIRECTION('',(0.,0.,1.));
#4833 = DIRECTION('',(6.924429944051E-02,-0.997599732856,0.));
#4834 = ORIENTED_EDGE('',*,*,#4835,.F.);
#4835 = EDGE_CURVE('',#4836,#4827,#4838,.T.);
#4836 = VERTEX_POINT('',#4837);
#4837 = CARTESIAN_POINT('',(157.726079,-118.799531,1.51));
#4838 = LINE('',#4839,#4840);
#4839 = CARTESIAN_POINT('',(157.726079,-118.799531,1.51));
#4840 = VECTOR('',#4841,1.);
#4841 = DIRECTION('',(0.,0.,1.));
#4842 = ORIENTED_EDGE('',*,*,#4843,.F.);
#4843 = EDGE_CURVE('',#4817,#4836,#4844,.T.);
#4844 = CIRCLE('',#4845,18.005318200727);
#4845 = AXIS2_PLACEMENT_3D('',#4846,#4847,#4848);
#4846 = CARTESIAN_POINT('',(152.40000035498,-101.5999853729,1.51));
#4847 = DIRECTION('',(0.,0.,1.));
#4848 = DIRECTION('',(6.924429944051E-02,-0.997599732856,0.));
#4849 = CYLINDRICAL_SURFACE('',#4850,18.005318200727);
#4850 = AXIS2_PLACEMENT_3D('',#4851,#4852,#4853);
#4851 = CARTESIAN_POINT('',(152.40000035498,-101.5999853729,1.51));
#4852 = DIRECTION('',(-0.,-0.,-1.));
#4853 = DIRECTION('',(6.924429944051E-02,-0.997599732856,0.));
#4854 = ADVANCED_FACE('',(#4855),#4880,.T.);
#4855 = FACE_BOUND('',#4856,.T.);
#4856 = EDGE_LOOP('',(#4857,#4858,#4866,#4874));
#4857 = ORIENTED_EDGE('',*,*,#4835,.T.);
#4858 = ORIENTED_EDGE('',*,*,#4859,.T.);
#4859 = EDGE_CURVE('',#4827,#4860,#4862,.T.);
#4860 = VERTEX_POINT('',#4861);
#4861 = CARTESIAN_POINT('',(157.915296,-118.736111,1.545));
#4862 = LINE('',#4863,#4864);
#4863 = CARTESIAN_POINT('',(157.726079,-118.799531,1.545));
#4864 = VECTOR('',#4865,1.);
#4865 = DIRECTION('',(0.94815935893,0.317795264397,0.));
#4866 = ORIENTED_EDGE('',*,*,#4867,.F.);
#4867 = EDGE_CURVE('',#4868,#4860,#4870,.T.);
#4868 = VERTEX_POINT('',#4869);
#4869 = CARTESIAN_POINT('',(157.915296,-118.736111,1.51));
#4870 = LINE('',#4871,#4872);
#4871 = CARTESIAN_POINT('',(157.915296,-118.736111,1.51));
#4872 = VECTOR('',#4873,1.);
#4873 = DIRECTION('',(0.,0.,1.));
#4874 = ORIENTED_EDGE('',*,*,#4875,.F.);
#4875 = EDGE_CURVE('',#4836,#4868,#4876,.T.);
#4876 = LINE('',#4877,#4878);
#4877 = CARTESIAN_POINT('',(157.726079,-118.799531,1.51));
#4878 = VECTOR('',#4879,1.);
#4879 = DIRECTION('',(0.94815935893,0.317795264397,0.));
#4880 = PLANE('',#4881);
#4881 = AXIS2_PLACEMENT_3D('',#4882,#4883,#4884);
#4882 = CARTESIAN_POINT('',(157.726079,-118.799531,1.51));
#4883 = DIRECTION('',(-0.317795264397,0.94815935893,0.));
#4884 = DIRECTION('',(0.94815935893,0.317795264397,0.));
#4885 = ADVANCED_FACE('',(#4886),#4913,.T.);
#4886 = FACE_BOUND('',#4887,.T.);
#4887 = EDGE_LOOP('',(#4888,#4889,#4898,#4906));
#4888 = ORIENTED_EDGE('',*,*,#4867,.T.);
#4889 = ORIENTED_EDGE('',*,*,#4890,.T.);
#4890 = EDGE_CURVE('',#4860,#4891,#4893,.T.);
#4891 = VERTEX_POINT('',#4892);
#4892 = CARTESIAN_POINT('',(158.073673,-118.818745,1.545));
#4893 = CIRCLE('',#4894,0.12399856135);
#4894 = AXIS2_PLACEMENT_3D('',#4895,#4896,#4897);
#4895 = CARTESIAN_POINT('',(157.95469821625,-118.8536827167,1.545));
#4896 = DIRECTION('',(0.,0.,-1.));
#4897 = DIRECTION('',(-0.317763495187,0.948170006447,0.));
#4898 = ORIENTED_EDGE('',*,*,#4899,.F.);
#4899 = EDGE_CURVE('',#4900,#4891,#4902,.T.);
#4900 = VERTEX_POINT('',#4901);
#4901 = CARTESIAN_POINT('',(158.073673,-118.818745,1.51));
#4902 = LINE('',#4903,#4904);
#4903 = CARTESIAN_POINT('',(158.073673,-118.818745,1.51));
#4904 = VECTOR('',#4905,1.);
#4905 = DIRECTION('',(0.,0.,1.));
#4906 = ORIENTED_EDGE('',*,*,#4907,.F.);
#4907 = EDGE_CURVE('',#4868,#4900,#4908,.T.);
#4908 = CIRCLE('',#4909,0.12399856135);
#4909 = AXIS2_PLACEMENT_3D('',#4910,#4911,#4912);
#4910 = CARTESIAN_POINT('',(157.95469821625,-118.8536827167,1.51));
#4911 = DIRECTION('',(0.,0.,-1.));
#4912 = DIRECTION('',(-0.317763495187,0.948170006447,0.));
#4913 = CYLINDRICAL_SURFACE('',#4914,0.12399856135);
#4914 = AXIS2_PLACEMENT_3D('',#4915,#4916,#4917);
#4915 = CARTESIAN_POINT('',(157.95469821625,-118.8536827167,1.51));
#4916 = DIRECTION('',(0.,0.,-1.));
#4917 = DIRECTION('',(-0.317763495187,0.948170006447,0.));
#4918 = ADVANCED_FACE('',(#4919),#4944,.T.);
#4919 = FACE_BOUND('',#4920,.T.);
#4920 = EDGE_LOOP('',(#4921,#4922,#4930,#4938));
#4921 = ORIENTED_EDGE('',*,*,#4899,.T.);
#4922 = ORIENTED_EDGE('',*,*,#4923,.T.);
#4923 = EDGE_CURVE('',#4891,#4924,#4926,.T.);
#4924 = VERTEX_POINT('',#4925);
#4925 = CARTESIAN_POINT('',(158.328077,-119.439363,1.545));
#4926 = LINE('',#4927,#4928);
#4927 = CARTESIAN_POINT('',(158.073673,-118.818745,1.545));
#4928 = VECTOR('',#4929,1.);
#4929 = DIRECTION('',(0.379290254391,-0.925277743666,0.));
#4930 = ORIENTED_EDGE('',*,*,#4931,.F.);
#4931 = EDGE_CURVE('',#4932,#4924,#4934,.T.);
#4932 = VERTEX_POINT('',#4933);
#4933 = CARTESIAN_POINT('',(158.328077,-119.439363,1.51));
#4934 = LINE('',#4935,#4936);
#4935 = CARTESIAN_POINT('',(158.328077,-119.439363,1.51));
#4936 = VECTOR('',#4937,1.);
#4937 = DIRECTION('',(0.,0.,1.));
#4938 = ORIENTED_EDGE('',*,*,#4939,.F.);
#4939 = EDGE_CURVE('',#4900,#4932,#4940,.T.);
#4940 = LINE('',#4941,#4942);
#4941 = CARTESIAN_POINT('',(158.073673,-118.818745,1.51));
#4942 = VECTOR('',#4943,1.);
#4943 = DIRECTION('',(0.379290254391,-0.925277743666,0.));
#4944 = PLANE('',#4945);
#4945 = AXIS2_PLACEMENT_3D('',#4946,#4947,#4948);
#4946 = CARTESIAN_POINT('',(158.073673,-118.818745,1.51));
#4947 = DIRECTION('',(0.925277743666,0.379290254391,-0.));
#4948 = DIRECTION('',(0.379290254391,-0.925277743666,0.));
#4949 = ADVANCED_FACE('',(#4950),#4975,.T.);
#4950 = FACE_BOUND('',#4951,.T.);
#4951 = EDGE_LOOP('',(#4952,#4953,#4961,#4969));
#4952 = ORIENTED_EDGE('',*,*,#4931,.T.);
#4953 = ORIENTED_EDGE('',*,*,#4954,.T.);
#4954 = EDGE_CURVE('',#4924,#4955,#4957,.T.);
#4955 = VERTEX_POINT('',#4956);
#4956 = CARTESIAN_POINT('',(159.170985,-119.090219,1.545));
#4957 = LINE('',#4958,#4959);
#4958 = CARTESIAN_POINT('',(158.328077,-119.439363,1.545));
#4959 = VECTOR('',#4960,1.);
#4960 = DIRECTION('',(0.923879503615,0.382683502126,0.));
#4961 = ORIENTED_EDGE('',*,*,#4962,.F.);
#4962 = EDGE_CURVE('',#4963,#4955,#4965,.T.);
#4963 = VERTEX_POINT('',#4964);
#4964 = CARTESIAN_POINT('',(159.170985,-119.090219,1.51));
#4965 = LINE('',#4966,#4967);
#4966 = CARTESIAN_POINT('',(159.170985,-119.090219,1.51));
#4967 = VECTOR('',#4968,1.);
#4968 = DIRECTION('',(0.,0.,1.));
#4969 = ORIENTED_EDGE('',*,*,#4970,.F.);
#4970 = EDGE_CURVE('',#4932,#4963,#4971,.T.);
#4971 = LINE('',#4972,#4973);
#4972 = CARTESIAN_POINT('',(158.328077,-119.439363,1.51));
#4973 = VECTOR('',#4974,1.);
#4974 = DIRECTION('',(0.923879503615,0.382683502126,0.));
#4975 = PLANE('',#4976);
#4976 = AXIS2_PLACEMENT_3D('',#4977,#4978,#4979);
#4977 = CARTESIAN_POINT('',(158.328077,-119.439363,1.51));
#4978 = DIRECTION('',(-0.382683502126,0.923879503615,0.));
#4979 = DIRECTION('',(0.923879503615,0.382683502126,0.));
#4980 = ADVANCED_FACE('',(#4981),#5008,.F.);
#4981 = FACE_BOUND('',#4982,.T.);
#4982 = EDGE_LOOP('',(#4983,#4984,#4993,#5001));
#4983 = ORIENTED_EDGE('',*,*,#4962,.T.);
#4984 = ORIENTED_EDGE('',*,*,#4985,.T.);
#4985 = EDGE_CURVE('',#4955,#4986,#4988,.T.);
#4986 = VERTEX_POINT('',#4987);
#4987 = CARTESIAN_POINT('',(159.362326,-119.552158,1.545));
#4988 = CIRCLE('',#4989,0.502052011003);
#4989 = AXIS2_PLACEMENT_3D('',#4990,#4991,#4992);
#4990 = CARTESIAN_POINT('',(159.66889506058,-119.1545757659,1.545));
#4991 = DIRECTION('',(0.,0.,1.));
#4992 = DIRECTION('',(-0.991749957518,0.128187447762,0.));
#4993 = ORIENTED_EDGE('',*,*,#4994,.F.);
#4994 = EDGE_CURVE('',#4995,#4986,#4997,.T.);
#4995 = VERTEX_POINT('',#4996);
#4996 = CARTESIAN_POINT('',(159.362326,-119.552158,1.51));
#4997 = LINE('',#4998,#4999);
#4998 = CARTESIAN_POINT('',(159.362326,-119.552158,1.51));
#4999 = VECTOR('',#5000,1.);
#5000 = DIRECTION('',(0.,0.,1.));
#5001 = ORIENTED_EDGE('',*,*,#5002,.F.);
#5002 = EDGE_CURVE('',#4963,#4995,#5003,.T.);
#5003 = CIRCLE('',#5004,0.502052011003);
#5004 = AXIS2_PLACEMENT_3D('',#5005,#5006,#5007);
#5005 = CARTESIAN_POINT('',(159.66889506058,-119.1545757659,1.51));
#5006 = DIRECTION('',(0.,0.,1.));
#5007 = DIRECTION('',(-0.991749957518,0.128187447762,0.));
#5008 = CYLINDRICAL_SURFACE('',#5009,0.502052011003);
#5009 = AXIS2_PLACEMENT_3D('',#5010,#5011,#5012);
#5010 = CARTESIAN_POINT('',(159.66889506058,-119.1545757659,1.51));
#5011 = DIRECTION('',(-0.,-0.,-1.));
#5012 = DIRECTION('',(-0.991749957518,0.128187447762,0.));
#5013 = ADVANCED_FACE('',(#5014),#5039,.T.);
#5014 = FACE_BOUND('',#5015,.T.);
#5015 = EDGE_LOOP('',(#5016,#5017,#5025,#5033));
#5016 = ORIENTED_EDGE('',*,*,#4994,.T.);
#5017 = ORIENTED_EDGE('',*,*,#5018,.T.);
#5018 = EDGE_CURVE('',#4986,#5019,#5021,.T.);
#5019 = VERTEX_POINT('',#5020);
#5020 = CARTESIAN_POINT('',(158.519417,-119.901303,1.545));
#5021 = LINE('',#5022,#5023);
#5022 = CARTESIAN_POINT('',(159.362326,-119.552158,1.545));
#5023 = VECTOR('',#5024,1.);
#5024 = DIRECTION('',(-0.923879276614,-0.382684050156,0.));
#5025 = ORIENTED_EDGE('',*,*,#5026,.F.);
#5026 = EDGE_CURVE('',#5027,#5019,#5029,.T.);
#5027 = VERTEX_POINT('',#5028);
#5028 = CARTESIAN_POINT('',(158.519417,-119.901303,1.51));
#5029 = LINE('',#5030,#5031);
#5030 = CARTESIAN_POINT('',(158.519417,-119.901303,1.51));
#5031 = VECTOR('',#5032,1.);
#5032 = DIRECTION('',(0.,0.,1.));
#5033 = ORIENTED_EDGE('',*,*,#5034,.F.);
#5034 = EDGE_CURVE('',#4995,#5027,#5035,.T.);
#5035 = LINE('',#5036,#5037);
#5036 = CARTESIAN_POINT('',(159.362326,-119.552158,1.51));
#5037 = VECTOR('',#5038,1.);
#5038 = DIRECTION('',(-0.923879276614,-0.382684050156,0.));
#5039 = PLANE('',#5040);
#5040 = AXIS2_PLACEMENT_3D('',#5041,#5042,#5043);
#5041 = CARTESIAN_POINT('',(159.362326,-119.552158,1.51));
#5042 = DIRECTION('',(0.382684050156,-0.923879276614,0.));
#5043 = DIRECTION('',(-0.923879276614,-0.382684050156,0.));
#5044 = ADVANCED_FACE('',(#5045),#5070,.T.);
#5045 = FACE_BOUND('',#5046,.T.);
#5046 = EDGE_LOOP('',(#5047,#5048,#5056,#5064));
#5047 = ORIENTED_EDGE('',*,*,#5026,.T.);
#5048 = ORIENTED_EDGE('',*,*,#5049,.T.);
#5049 = EDGE_CURVE('',#5019,#5050,#5052,.T.);
#5050 = VERTEX_POINT('',#5051);
#5051 = CARTESIAN_POINT('',(158.736662,-120.425775,1.545));
#5052 = LINE('',#5053,#5054);
#5053 = CARTESIAN_POINT('',(158.519417,-119.901303,1.545));
#5054 = VECTOR('',#5055,1.);
#5055 = DIRECTION('',(0.382685814791,-0.923878545675,0.));
#5056 = ORIENTED_EDGE('',*,*,#5057,.F.);
#5057 = EDGE_CURVE('',#5058,#5050,#5060,.T.);
#5058 = VERTEX_POINT('',#5059);
#5059 = CARTESIAN_POINT('',(158.736662,-120.425775,1.51));
#5060 = LINE('',#5061,#5062);
#5061 = CARTESIAN_POINT('',(158.736662,-120.425775,1.51));
#5062 = VECTOR('',#5063,1.);
#5063 = DIRECTION('',(0.,0.,1.));
#5064 = ORIENTED_EDGE('',*,*,#5065,.F.);
#5065 = EDGE_CURVE('',#5027,#5058,#5066,.T.);
#5066 = LINE('',#5067,#5068);
#5067 = CARTESIAN_POINT('',(158.519417,-119.901303,1.51));
#5068 = VECTOR('',#5069,1.);
#5069 = DIRECTION('',(0.382685814791,-0.923878545675,0.));
#5070 = PLANE('',#5071);
#5071 = AXIS2_PLACEMENT_3D('',#5072,#5073,#5074);
#5072 = CARTESIAN_POINT('',(158.519417,-119.901303,1.51));
#5073 = DIRECTION('',(0.923878545675,0.382685814791,-0.));
#5074 = DIRECTION('',(0.382685814791,-0.923878545675,0.));
#5075 = ADVANCED_FACE('',(#5076),#5103,.T.);
#5076 = FACE_BOUND('',#5077,.T.);
#5077 = EDGE_LOOP('',(#5078,#5079,#5088,#5096));
#5078 = ORIENTED_EDGE('',*,*,#5057,.T.);
#5079 = ORIENTED_EDGE('',*,*,#5080,.T.);
#5080 = EDGE_CURVE('',#5050,#5081,#5083,.T.);
#5081 = VERTEX_POINT('',#5082);
#5082 = CARTESIAN_POINT('',(158.659389,-120.591489,1.545));
#5083 = CIRCLE('',#5084,0.124000147002);
#5084 = AXIS2_PLACEMENT_3D('',#5085,#5086,#5087);
#5085 = CARTESIAN_POINT('',(158.62210093262,-120.4732281168,1.545));
#5086 = DIRECTION('',(0.,0.,-1.));
#5087 = DIRECTION('',(0.923878480391,0.382685972399,0.));
#5088 = ORIENTED_EDGE('',*,*,#5089,.F.);
#5089 = EDGE_CURVE('',#5090,#5081,#5092,.T.);
#5090 = VERTEX_POINT('',#5091);
#5091 = CARTESIAN_POINT('',(158.659389,-120.591489,1.51));
#5092 = LINE('',#5093,#5094);
#5093 = CARTESIAN_POINT('',(158.659389,-120.591489,1.51));
#5094 = VECTOR('',#5095,1.);
#5095 = DIRECTION('',(0.,0.,1.));
#5096 = ORIENTED_EDGE('',*,*,#5097,.F.);
#5097 = EDGE_CURVE('',#5058,#5090,#5098,.T.);
#5098 = CIRCLE('',#5099,0.124000147002);
#5099 = AXIS2_PLACEMENT_3D('',#5100,#5101,#5102);
#5100 = CARTESIAN_POINT('',(158.62210093262,-120.4732281168,1.51));
#5101 = DIRECTION('',(0.,0.,-1.));
#5102 = DIRECTION('',(0.923878480391,0.382685972399,0.));
#5103 = CYLINDRICAL_SURFACE('',#5104,0.124000147002);
#5104 = AXIS2_PLACEMENT_3D('',#5105,#5106,#5107);
#5105 = CARTESIAN_POINT('',(158.62210093262,-120.4732281168,1.51));
#5106 = DIRECTION('',(0.,0.,-1.));
#5107 = DIRECTION('',(0.923878480391,0.382685972399,0.));
#5108 = ADVANCED_FACE('',(#5109),#5134,.T.);
#5109 = FACE_BOUND('',#5110,.T.);
#5110 = EDGE_LOOP('',(#5111,#5112,#5120,#5128));
#5111 = ORIENTED_EDGE('',*,*,#5089,.T.);
#5112 = ORIENTED_EDGE('',*,*,#5113,.T.);
#5113 = EDGE_CURVE('',#5081,#5114,#5116,.T.);
#5114 = VERTEX_POINT('',#5115);
#5115 = CARTESIAN_POINT('',(158.068777,-120.777669,1.545));
#5116 = LINE('',#5117,#5118);
#5117 = CARTESIAN_POINT('',(158.659389,-120.591489,1.545));
#5118 = VECTOR('',#5119,1.);
#5119 = DIRECTION('',(-0.953735125396,-0.30064815081,0.));
#5120 = ORIENTED_EDGE('',*,*,#5121,.F.);
#5121 = EDGE_CURVE('',#5122,#5114,#5124,.T.);
#5122 = VERTEX_POINT('',#5123);
#5123 = CARTESIAN_POINT('',(158.068777,-120.777669,1.51));
#5124 = LINE('',#5125,#5126);
#5125 = CARTESIAN_POINT('',(158.068777,-120.777669,1.51));
#5126 = VECTOR('',#5127,1.);
#5127 = DIRECTION('',(0.,0.,1.));
#5128 = ORIENTED_EDGE('',*,*,#5129,.F.);
#5129 = EDGE_CURVE('',#5090,#5122,#5130,.T.);
#5130 = LINE('',#5131,#5132);
#5131 = CARTESIAN_POINT('',(158.659389,-120.591489,1.51));
#5132 = VECTOR('',#5133,1.);
#5133 = DIRECTION('',(-0.953735125396,-0.30064815081,0.));
#5134 = PLANE('',#5135);
#5135 = AXIS2_PLACEMENT_3D('',#5136,#5137,#5138);
#5136 = CARTESIAN_POINT('',(158.659389,-120.591489,1.51));
#5137 = DIRECTION('',(0.30064815081,-0.953735125396,0.));
#5138 = DIRECTION('',(-0.953735125396,-0.30064815081,0.));
#5139 = ADVANCED_FACE('',(#5140),#5167,.T.);
#5140 = FACE_BOUND('',#5141,.T.);
#5141 = EDGE_LOOP('',(#5142,#5143,#5152,#5160));
#5142 = ORIENTED_EDGE('',*,*,#5121,.T.);
#5143 = ORIENTED_EDGE('',*,*,#5144,.T.);
#5144 = EDGE_CURVE('',#5114,#5145,#5147,.T.);
#5145 = VERTEX_POINT('',#5146);
#5146 = CARTESIAN_POINT('',(152.774,-121.594741,1.545));
#5147 = CIRCLE('',#5148,19.97477993431);
#5148 = AXIS2_PLACEMENT_3D('',#5149,#5150,#5151);
#5149 = CARTESIAN_POINT('',(152.40252528894,-101.6234155566,1.545));
#5150 = DIRECTION('',(0.,0.,-1.));
#5151 = DIRECTION('',(0.283670294726,-0.958921875801,0.));
#5152 = ORIENTED_EDGE('',*,*,#5153,.F.);
#5153 = EDGE_CURVE('',#5154,#5145,#5156,.T.);
#5154 = VERTEX_POINT('',#5155);
#5155 = CARTESIAN_POINT('',(152.774,-121.594741,1.51));
#5156 = LINE('',#5157,#5158);
#5157 = CARTESIAN_POINT('',(152.774,-121.594741,1.51));
#5158 = VECTOR('',#5159,1.);
#5159 = DIRECTION('',(0.,0.,1.));
#5160 = ORIENTED_EDGE('',*,*,#5161,.F.);
#5161 = EDGE_CURVE('',#5122,#5154,#5162,.T.);
#5162 = CIRCLE('',#5163,19.97477993431);
#5163 = AXIS2_PLACEMENT_3D('',#5164,#5165,#5166);
#5164 = CARTESIAN_POINT('',(152.40252528894,-101.6234155566,1.51));
#5165 = DIRECTION('',(0.,0.,-1.));
#5166 = DIRECTION('',(0.283670294726,-0.958921875801,0.));
#5167 = CYLINDRICAL_SURFACE('',#5168,19.97477993431);
#5168 = AXIS2_PLACEMENT_3D('',#5169,#5170,#5171);
#5169 = CARTESIAN_POINT('',(152.40252528894,-101.6234155566,1.51));
#5170 = DIRECTION('',(0.,0.,-1.));
#5171 = DIRECTION('',(0.283670294726,-0.958921875801,0.));
#5172 = ADVANCED_FACE('',(#5173),#5198,.T.);
#5173 = FACE_BOUND('',#5174,.T.);
#5174 = EDGE_LOOP('',(#5175,#5176,#5184,#5192));
#5175 = ORIENTED_EDGE('',*,*,#5153,.T.);
#5176 = ORIENTED_EDGE('',*,*,#5177,.T.);
#5177 = EDGE_CURVE('',#5145,#5178,#5180,.T.);
#5178 = VERTEX_POINT('',#5179);
#5179 = CARTESIAN_POINT('',(152.706961,-121.575056,1.545));
#5180 = LINE('',#5181,#5182);
#5181 = CARTESIAN_POINT('',(152.774,-121.594741,1.545));
#5182 = VECTOR('',#5183,1.);
#5183 = DIRECTION('',(-0.959490754593,0.281740114025,0.));
#5184 = ORIENTED_EDGE('',*,*,#5185,.F.);
#5185 = EDGE_CURVE('',#5186,#5178,#5188,.T.);
#5186 = VERTEX_POINT('',#5187);
#5187 = CARTESIAN_POINT('',(152.706961,-121.575056,1.51));
#5188 = LINE('',#5189,#5190);
#5189 = CARTESIAN_POINT('',(152.706961,-121.575056,1.51));
#5190 = VECTOR('',#5191,1.);
#5191 = DIRECTION('',(0.,0.,1.));
#5192 = ORIENTED_EDGE('',*,*,#5193,.F.);
#5193 = EDGE_CURVE('',#5154,#5186,#5194,.T.);
#5194 = LINE('',#5195,#5196);
#5195 = CARTESIAN_POINT('',(152.774,-121.594741,1.51));
#5196 = VECTOR('',#5197,1.);
#5197 = DIRECTION('',(-0.959490754593,0.281740114025,0.));
#5198 = PLANE('',#5199);
#5199 = AXIS2_PLACEMENT_3D('',#5200,#5201,#5202);
#5200 = CARTESIAN_POINT('',(152.774,-121.594741,1.51));
#5201 = DIRECTION('',(-0.281740114025,-0.959490754593,0.));
#5202 = DIRECTION('',(-0.959490754593,0.281740114025,0.));
#5203 = ADVANCED_FACE('',(#5204),#5229,.T.);
#5204 = FACE_BOUND('',#5205,.T.);
#5205 = EDGE_LOOP('',(#5206,#5207,#5215,#5223));
#5206 = ORIENTED_EDGE('',*,*,#5185,.T.);
#5207 = ORIENTED_EDGE('',*,*,#5208,.T.);
#5208 = EDGE_CURVE('',#5178,#5209,#5211,.T.);
#5209 = VERTEX_POINT('',#5210);
#5210 = CARTESIAN_POINT('',(152.661206,-121.522252,1.545));
#5211 = LINE('',#5212,#5213);
#5212 = CARTESIAN_POINT('',(152.706961,-121.575056,1.545));
#5213 = VECTOR('',#5214,1.);
#5214 = DIRECTION('',(-0.654861335122,0.755749053432,0.));
#5215 = ORIENTED_EDGE('',*,*,#5216,.F.);
#5216 = EDGE_CURVE('',#5217,#5209,#5219,.T.);
#5217 = VERTEX_POINT('',#5218);
#5218 = CARTESIAN_POINT('',(152.661206,-121.522252,1.51));
#5219 = LINE('',#5220,#5221);
#5220 = CARTESIAN_POINT('',(152.661206,-121.522252,1.51));
#5221 = VECTOR('',#5222,1.);
#5222 = DIRECTION('',(0.,0.,1.));
#5223 = ORIENTED_EDGE('',*,*,#5224,.F.);
#5224 = EDGE_CURVE('',#5186,#5217,#5225,.T.);
#5225 = LINE('',#5226,#5227);
#5226 = CARTESIAN_POINT('',(152.706961,-121.575056,1.51));
#5227 = VECTOR('',#5228,1.);
#5228 = DIRECTION('',(-0.654861335122,0.755749053432,0.));
#5229 = PLANE('',#5230);
#5230 = AXIS2_PLACEMENT_3D('',#5231,#5232,#5233);
#5231 = CARTESIAN_POINT('',(152.706961,-121.575056,1.51));
#5232 = DIRECTION('',(-0.755749053432,-0.654861335122,0.));
#5233 = DIRECTION('',(-0.654861335122,0.755749053432,0.));
#5234 = ADVANCED_FACE('',(#5235),#5260,.T.);
#5235 = FACE_BOUND('',#5236,.T.);
#5236 = EDGE_LOOP('',(#5237,#5238,#5246,#5254));
#5237 = ORIENTED_EDGE('',*,*,#5216,.T.);
#5238 = ORIENTED_EDGE('',*,*,#5239,.T.);
#5239 = EDGE_CURVE('',#5209,#5240,#5242,.T.);
#5240 = VERTEX_POINT('',#5241);
#5241 = CARTESIAN_POINT('',(152.65,-121.470741,1.545));
#5242 = LINE('',#5243,#5244);
#5243 = CARTESIAN_POINT('',(152.661206,-121.522252,1.545));
#5244 = VECTOR('',#5245,1.);
#5245 = DIRECTION('',(-0.212573763331,0.977145022575,0.));
#5246 = ORIENTED_EDGE('',*,*,#5247,.F.);
#5247 = EDGE_CURVE('',#5248,#5240,#5250,.T.);
#5248 = VERTEX_POINT('',#5249);
#5249 = CARTESIAN_POINT('',(152.65,-121.470741,1.51));
#5250 = LINE('',#5251,#5252);
#5251 = CARTESIAN_POINT('',(152.65,-121.470741,1.51));
#5252 = VECTOR('',#5253,1.);
#5253 = DIRECTION('',(0.,0.,1.));
#5254 = ORIENTED_EDGE('',*,*,#5255,.F.);
#5255 = EDGE_CURVE('',#5217,#5248,#5256,.T.);
#5256 = LINE('',#5257,#5258);
#5257 = CARTESIAN_POINT('',(152.661206,-121.522252,1.51));
#5258 = VECTOR('',#5259,1.);
#5259 = DIRECTION('',(-0.212573763331,0.977145022575,0.));
#5260 = PLANE('',#5261);
#5261 = AXIS2_PLACEMENT_3D('',#5262,#5263,#5264);
#5262 = CARTESIAN_POINT('',(152.661206,-121.522252,1.51));
#5263 = DIRECTION('',(-0.977145022575,-0.212573763331,0.));
#5264 = DIRECTION('',(-0.212573763331,0.977145022575,0.));
#5265 = ADVANCED_FACE('',(#5266),#5291,.T.);
#5266 = FACE_BOUND('',#5267,.T.);
#5267 = EDGE_LOOP('',(#5268,#5269,#5277,#5285));
#5268 = ORIENTED_EDGE('',*,*,#5247,.T.);
#5269 = ORIENTED_EDGE('',*,*,#5270,.T.);
#5270 = EDGE_CURVE('',#5240,#5271,#5273,.T.);
#5271 = VERTEX_POINT('',#5272);
#5272 = CARTESIAN_POINT('',(152.65,-119.7245,1.545));
#5273 = LINE('',#5274,#5275);
#5274 = CARTESIAN_POINT('',(152.65,-121.470741,1.545));
#5275 = VECTOR('',#5276,1.);
#5276 = DIRECTION('',(0.,1.,0.));
#5277 = ORIENTED_EDGE('',*,*,#5278,.F.);
#5278 = EDGE_CURVE('',#5279,#5271,#5281,.T.);
#5279 = VERTEX_POINT('',#5280);
#5280 = CARTESIAN_POINT('',(152.65,-119.7245,1.51));
#5281 = LINE('',#5282,#5283);
#5282 = CARTESIAN_POINT('',(152.65,-119.7245,1.51));
#5283 = VECTOR('',#5284,1.);
#5284 = DIRECTION('',(0.,0.,1.));
#5285 = ORIENTED_EDGE('',*,*,#5286,.F.);
#5286 = EDGE_CURVE('',#5248,#5279,#5287,.T.);
#5287 = LINE('',#5288,#5289);
#5288 = CARTESIAN_POINT('',(152.65,-121.470741,1.51));
#5289 = VECTOR('',#5290,1.);
#5290 = DIRECTION('',(0.,1.,0.));
#5291 = PLANE('',#5292);
#5292 = AXIS2_PLACEMENT_3D('',#5293,#5294,#5295);
#5293 = CARTESIAN_POINT('',(152.65,-121.470741,1.51));
#5294 = DIRECTION('',(-1.,0.,0.));
#5295 = DIRECTION('',(0.,1.,0.));
#5296 = ADVANCED_FACE('',(#5297),#5324,.T.);
#5297 = FACE_BOUND('',#5298,.T.);
#5298 = EDGE_LOOP('',(#5299,#5300,#5309,#5317));
#5299 = ORIENTED_EDGE('',*,*,#5278,.T.);
#5300 = ORIENTED_EDGE('',*,*,#5301,.T.);
#5301 = EDGE_CURVE('',#5271,#5302,#5304,.T.);
#5302 = VERTEX_POINT('',#5303);
#5303 = CARTESIAN_POINT('',(152.774,-119.6005,1.545));
#5304 = CIRCLE('',#5305,0.124001618184);
#5305 = AXIS2_PLACEMENT_3D('',#5306,#5307,#5308);
#5306 = CARTESIAN_POINT('',(152.77400161817,-119.7245016181,1.545));
#5307 = DIRECTION('',(0.,0.,-1.));
#5308 = DIRECTION('',(-0.999999999915,1.304961759244E-05,0.));
#5309 = ORIENTED_EDGE('',*,*,#5310,.F.);
#5310 = EDGE_CURVE('',#5311,#5302,#5313,.T.);
#5311 = VERTEX_POINT('',#5312);
#5312 = CARTESIAN_POINT('',(152.774,-119.6005,1.51));
#5313 = LINE('',#5314,#5315);
#5314 = CARTESIAN_POINT('',(152.774,-119.6005,1.51));
#5315 = VECTOR('',#5316,1.);
#5316 = DIRECTION('',(0.,0.,1.));
#5317 = ORIENTED_EDGE('',*,*,#5318,.F.);
#5318 = EDGE_CURVE('',#5279,#5311,#5319,.T.);
#5319 = CIRCLE('',#5320,0.124001618184);
#5320 = AXIS2_PLACEMENT_3D('',#5321,#5322,#5323);
#5321 = CARTESIAN_POINT('',(152.77400161817,-119.7245016181,1.51));
#5322 = DIRECTION('',(0.,0.,-1.));
#5323 = DIRECTION('',(-0.999999999915,1.304961759244E-05,0.));
#5324 = CYLINDRICAL_SURFACE('',#5325,0.124001618184);
#5325 = AXIS2_PLACEMENT_3D('',#5326,#5327,#5328);
#5326 = CARTESIAN_POINT('',(152.77400161817,-119.7245016181,1.51));
#5327 = DIRECTION('',(0.,0.,-1.));
#5328 = DIRECTION('',(-0.999999999915,1.304961759244E-05,0.));
#5329 = ADVANCED_FACE('',(#5330),#5346,.T.);
#5330 = FACE_BOUND('',#5331,.T.);
#5331 = EDGE_LOOP('',(#5332,#5333,#5339,#5340));
#5332 = ORIENTED_EDGE('',*,*,#5310,.T.);
#5333 = ORIENTED_EDGE('',*,*,#5334,.T.);
#5334 = EDGE_CURVE('',#5302,#4819,#5335,.T.);
#5335 = LINE('',#5336,#5337);
#5336 = CARTESIAN_POINT('',(152.774,-119.6005,1.545));
#5337 = VECTOR('',#5338,1.);
#5338 = DIRECTION('',(0.999032785074,4.397151745809E-02,0.));
#5339 = ORIENTED_EDGE('',*,*,#4816,.F.);
#5340 = ORIENTED_EDGE('',*,*,#5341,.F.);
#5341 = EDGE_CURVE('',#5311,#4817,#5342,.T.);
#5342 = LINE('',#5343,#5344);
#5343 = CARTESIAN_POINT('',(152.774,-119.6005,1.51));
#5344 = VECTOR('',#5345,1.);
#5345 = DIRECTION('',(0.999032785074,4.397151745809E-02,0.));
#5346 = PLANE('',#5347);
#5347 = AXIS2_PLACEMENT_3D('',#5348,#5349,#5350);
#5348 = CARTESIAN_POINT('',(152.774,-119.6005,1.51));
#5349 = DIRECTION('',(-4.397151745809E-02,0.999032785074,0.));
#5350 = DIRECTION('',(0.999032785074,4.397151745809E-02,0.));
#5351 = ADVANCED_FACE('',(#5352),#5371,.F.);
#5352 = FACE_BOUND('',#5353,.T.);
#5353 = EDGE_LOOP('',(#5354,#5355,#5356,#5357,#5358,#5359,#5360,#5361,
    #5362,#5363,#5364,#5365,#5366,#5367,#5368,#5369,#5370));
#5354 = ORIENTED_EDGE('',*,*,#4843,.T.);
#5355 = ORIENTED_EDGE('',*,*,#4875,.T.);
#5356 = ORIENTED_EDGE('',*,*,#4907,.T.);
#5357 = ORIENTED_EDGE('',*,*,#4939,.T.);
#5358 = ORIENTED_EDGE('',*,*,#4970,.T.);
#5359 = ORIENTED_EDGE('',*,*,#5002,.T.);
#5360 = ORIENTED_EDGE('',*,*,#5034,.T.);
#5361 = ORIENTED_EDGE('',*,*,#5065,.T.);
#5362 = ORIENTED_EDGE('',*,*,#5097,.T.);
#5363 = ORIENTED_EDGE('',*,*,#5129,.T.);
#5364 = ORIENTED_EDGE('',*,*,#5161,.T.);
#5365 = ORIENTED_EDGE('',*,*,#5193,.T.);
#5366 = ORIENTED_EDGE('',*,*,#5224,.T.);
#5367 = ORIENTED_EDGE('',*,*,#5255,.T.);
#5368 = ORIENTED_EDGE('',*,*,#5286,.T.);
#5369 = ORIENTED_EDGE('',*,*,#5318,.T.);
#5370 = ORIENTED_EDGE('',*,*,#5341,.T.);
#5371 = PLANE('',#5372);
#5372 = AXIS2_PLACEMENT_3D('',#5373,#5374,#5375);
#5373 = CARTESIAN_POINT('',(0.,0.,1.51));
#5374 = DIRECTION('',(0.,0.,1.));
#5375 = DIRECTION('',(1.,0.,-0.));
#5376 = ADVANCED_FACE('',(#5377),#5396,.T.);
#5377 = FACE_BOUND('',#5378,.F.);
#5378 = EDGE_LOOP('',(#5379,#5380,#5381,#5382,#5383,#5384,#5385,#5386,
    #5387,#5388,#5389,#5390,#5391,#5392,#5393,#5394,#5395));
#5379 = ORIENTED_EDGE('',*,*,#4826,.T.);
#5380 = ORIENTED_EDGE('',*,*,#4859,.T.);
#5381 = ORIENTED_EDGE('',*,*,#4890,.T.);
#5382 = ORIENTED_EDGE('',*,*,#4923,.T.);
#5383 = ORIENTED_EDGE('',*,*,#4954,.T.);
#5384 = ORIENTED_EDGE('',*,*,#4985,.T.);
#5385 = ORIENTED_EDGE('',*,*,#5018,.T.);
#5386 = ORIENTED_EDGE('',*,*,#5049,.T.);
#5387 = ORIENTED_EDGE('',*,*,#5080,.T.);
#5388 = ORIENTED_EDGE('',*,*,#5113,.T.);
#5389 = ORIENTED_EDGE('',*,*,#5144,.T.);
#5390 = ORIENTED_EDGE('',*,*,#5177,.T.);
#5391 = ORIENTED_EDGE('',*,*,#5208,.T.);
#5392 = ORIENTED_EDGE('',*,*,#5239,.T.);
#5393 = ORIENTED_EDGE('',*,*,#5270,.T.);
#5394 = ORIENTED_EDGE('',*,*,#5301,.T.);
#5395 = ORIENTED_EDGE('',*,*,#5334,.T.);
#5396 = PLANE('',#5397);
#5397 = AXIS2_PLACEMENT_3D('',#5398,#5399,#5400);
#5398 = CARTESIAN_POINT('',(0.,0.,1.545));
#5399 = DIRECTION('',(0.,0.,1.));
#5400 = DIRECTION('',(1.,0.,-0.));
#5401 = MANIFOLD_SOLID_BREP('',#5402);
#5402 = CLOSED_SHELL('',(#5403,#5445,#5476,#5509,#5540,#5573,#5604,#5637
    ,#5668,#5701,#5732,#5763,#5796,#5827,#5858,#5891,#5913,#5937));
#5403 = ADVANCED_FACE('',(#5404),#5440,.F.);
#5404 = FACE_BOUND('',#5405,.T.);
#5405 = EDGE_LOOP('',(#5406,#5416,#5425,#5433));
#5406 = ORIENTED_EDGE('',*,*,#5407,.T.);
#5407 = EDGE_CURVE('',#5408,#5410,#5412,.T.);
#5408 = VERTEX_POINT('',#5409);
#5409 = CARTESIAN_POINT('',(160.795798,-117.528011,1.51));
#5410 = VERTEX_POINT('',#5411);
#5411 = CARTESIAN_POINT('',(160.795798,-117.528011,1.545));
#5412 = LINE('',#5413,#5414);
#5413 = CARTESIAN_POINT('',(160.795798,-117.528011,1.51));
#5414 = VECTOR('',#5415,1.);
#5415 = DIRECTION('',(0.,0.,1.));
#5416 = ORIENTED_EDGE('',*,*,#5417,.T.);
#5417 = EDGE_CURVE('',#5410,#5418,#5420,.T.);
#5418 = VERTEX_POINT('',#5419);
#5419 = CARTESIAN_POINT('',(164.219516,-115.18271,1.545));
#5420 = CIRCLE('',#5421,18.005198653058);
#5421 = AXIS2_PLACEMENT_3D('',#5422,#5423,#5424);
#5422 = CARTESIAN_POINT('',(152.40006089332,-101.6000865598,1.545));
#5423 = DIRECTION('',(0.,0.,1.));
#5424 = DIRECTION('',(0.46629516666,-0.884629197771,0.));
#5425 = ORIENTED_EDGE('',*,*,#5426,.F.);
#5426 = EDGE_CURVE('',#5427,#5418,#5429,.T.);
#5427 = VERTEX_POINT('',#5428);
#5428 = CARTESIAN_POINT('',(164.219516,-115.18271,1.51));
#5429 = LINE('',#5430,#5431);
#5430 = CARTESIAN_POINT('',(164.219516,-115.18271,1.51));
#5431 = VECTOR('',#5432,1.);
#5432 = DIRECTION('',(0.,0.,1.));
#5433 = ORIENTED_EDGE('',*,*,#5434,.F.);
#5434 = EDGE_CURVE('',#5408,#5427,#5435,.T.);
#5435 = CIRCLE('',#5436,18.005198653058);
#5436 = AXIS2_PLACEMENT_3D('',#5437,#5438,#5439);
#5437 = CARTESIAN_POINT('',(152.40006089332,-101.6000865598,1.51));
#5438 = DIRECTION('',(0.,0.,1.));
#5439 = DIRECTION('',(0.46629516666,-0.884629197771,0.));
#5440 = CYLINDRICAL_SURFACE('',#5441,18.005198653058);
#5441 = AXIS2_PLACEMENT_3D('',#5442,#5443,#5444);
#5442 = CARTESIAN_POINT('',(152.40006089332,-101.6000865598,1.51));
#5443 = DIRECTION('',(-0.,-0.,-1.));
#5444 = DIRECTION('',(0.46629516666,-0.884629197771,0.));
#5445 = ADVANCED_FACE('',(#5446),#5471,.T.);
#5446 = FACE_BOUND('',#5447,.T.);
#5447 = EDGE_LOOP('',(#5448,#5449,#5457,#5465));
#5448 = ORIENTED_EDGE('',*,*,#5426,.T.);
#5449 = ORIENTED_EDGE('',*,*,#5450,.T.);
#5450 = EDGE_CURVE('',#5418,#5451,#5453,.T.);
#5451 = VERTEX_POINT('',#5452);
#5452 = CARTESIAN_POINT('',(164.863817,-114.592734,1.545));
#5453 = LINE('',#5454,#5455);
#5454 = CARTESIAN_POINT('',(164.219516,-115.18271,1.545));
#5455 = VECTOR('',#5456,1.);
#5456 = DIRECTION('',(0.737515099945,0.675330642984,0.));
#5457 = ORIENTED_EDGE('',*,*,#5458,.F.);
#5458 = EDGE_CURVE('',#5459,#5451,#5461,.T.);
#5459 = VERTEX_POINT('',#5460);
#5460 = CARTESIAN_POINT('',(164.863817,-114.592734,1.51));
#5461 = LINE('',#5462,#5463);
#5462 = CARTESIAN_POINT('',(164.863817,-114.592734,1.51));
#5463 = VECTOR('',#5464,1.);
#5464 = DIRECTION('',(0.,0.,1.));
#5465 = ORIENTED_EDGE('',*,*,#5466,.F.);
#5466 = EDGE_CURVE('',#5427,#5459,#5467,.T.);
#5467 = LINE('',#5468,#5469);
#5468 = CARTESIAN_POINT('',(164.219516,-115.18271,1.51));
#5469 = VECTOR('',#5470,1.);
#5470 = DIRECTION('',(0.737515099945,0.675330642984,0.));
#5471 = PLANE('',#5472);
#5472 = AXIS2_PLACEMENT_3D('',#5473,#5474,#5475);
#5473 = CARTESIAN_POINT('',(164.219516,-115.18271,1.51));
#5474 = DIRECTION('',(-0.675330642984,0.737515099945,0.));
#5475 = DIRECTION('',(0.737515099945,0.675330642984,0.));
#5476 = ADVANCED_FACE('',(#5477),#5504,.T.);
#5477 = FACE_BOUND('',#5478,.T.);
#5478 = EDGE_LOOP('',(#5479,#5480,#5489,#5497));
#5479 = ORIENTED_EDGE('',*,*,#5458,.T.);
#5480 = ORIENTED_EDGE('',*,*,#5481,.T.);
#5481 = EDGE_CURVE('',#5451,#5482,#5484,.T.);
#5482 = VERTEX_POINT('',#5483);
#5483 = CARTESIAN_POINT('',(165.03918,-114.592733,1.545));
#5484 = CIRCLE('',#5485,0.123998879552);
#5485 = AXIS2_PLACEMENT_3D('',#5486,#5487,#5488);
#5486 = CARTESIAN_POINT('',(164.95149899998,-114.6804128971,1.545));
#5487 = DIRECTION('',(0.,0.,-1.));
#5488 = DIRECTION('',(-0.707119292567,0.707094269585,0.));
#5489 = ORIENTED_EDGE('',*,*,#5490,.F.);
#5490 = EDGE_CURVE('',#5491,#5482,#5493,.T.);
#5491 = VERTEX_POINT('',#5492);
#5492 = CARTESIAN_POINT('',(165.03918,-114.592733,1.51));
#5493 = LINE('',#5494,#5495);
#5494 = CARTESIAN_POINT('',(165.03918,-114.592733,1.51));
#5495 = VECTOR('',#5496,1.);
#5496 = DIRECTION('',(0.,0.,1.));
#5497 = ORIENTED_EDGE('',*,*,#5498,.F.);
#5498 = EDGE_CURVE('',#5459,#5491,#5499,.T.);
#5499 = CIRCLE('',#5500,0.123998879552);
#5500 = AXIS2_PLACEMENT_3D('',#5501,#5502,#5503);
#5501 = CARTESIAN_POINT('',(164.95149899998,-114.6804128971,1.51));
#5502 = DIRECTION('',(0.,0.,-1.));
#5503 = DIRECTION('',(-0.707119292567,0.707094269585,0.));
#5504 = CYLINDRICAL_SURFACE('',#5505,0.123998879552);
#5505 = AXIS2_PLACEMENT_3D('',#5506,#5507,#5508);
#5506 = CARTESIAN_POINT('',(164.95149899998,-114.6804128971,1.51));
#5507 = DIRECTION('',(0.,0.,-1.));
#5508 = DIRECTION('',(-0.707119292567,0.707094269585,0.));
#5509 = ADVANCED_FACE('',(#5510),#5535,.T.);
#5510 = FACE_BOUND('',#5511,.T.);
#5511 = EDGE_LOOP('',(#5512,#5513,#5521,#5529));
#5512 = ORIENTED_EDGE('',*,*,#5490,.T.);
#5513 = ORIENTED_EDGE('',*,*,#5514,.T.);
#5514 = EDGE_CURVE('',#5482,#5515,#5517,.T.);
#5515 = VERTEX_POINT('',#5516);
#5516 = CARTESIAN_POINT('',(166.285544,-115.840882,1.545));
#5517 = LINE('',#5518,#5519);
#5518 = CARTESIAN_POINT('',(165.03918,-114.592733,1.545));
#5519 = VECTOR('',#5520,1.);
#5520 = DIRECTION('',(0.706600615505,-0.7076125848,0.));
#5521 = ORIENTED_EDGE('',*,*,#5522,.F.);
#5522 = EDGE_CURVE('',#5523,#5515,#5525,.T.);
#5523 = VERTEX_POINT('',#5524);
#5524 = CARTESIAN_POINT('',(166.285544,-115.840882,1.51));
#5525 = LINE('',#5526,#5527);
#5526 = CARTESIAN_POINT('',(166.285544,-115.840882,1.51));
#5527 = VECTOR('',#5528,1.);
#5528 = DIRECTION('',(0.,0.,1.));
#5529 = ORIENTED_EDGE('',*,*,#5530,.F.);
#5530 = EDGE_CURVE('',#5491,#5523,#5531,.T.);
#5531 = LINE('',#5532,#5533);
#5532 = CARTESIAN_POINT('',(165.03918,-114.592733,1.51));
#5533 = VECTOR('',#5534,1.);
#5534 = DIRECTION('',(0.706600615505,-0.7076125848,0.));
#5535 = PLANE('',#5536);
#5536 = AXIS2_PLACEMENT_3D('',#5537,#5538,#5539);
#5537 = CARTESIAN_POINT('',(165.03918,-114.592733,1.51));
#5538 = DIRECTION('',(0.7076125848,0.706600615505,-0.));
#5539 = DIRECTION('',(0.706600615505,-0.7076125848,0.));
#5540 = ADVANCED_FACE('',(#5541),#5568,.T.);
#5541 = FACE_BOUND('',#5542,.T.);
#5542 = EDGE_LOOP('',(#5543,#5544,#5553,#5561));
#5543 = ORIENTED_EDGE('',*,*,#5522,.T.);
#5544 = ORIENTED_EDGE('',*,*,#5545,.T.);
#5545 = EDGE_CURVE('',#5515,#5546,#5548,.T.);
#5546 = VERTEX_POINT('',#5547);
#5547 = CARTESIAN_POINT('',(166.273958,-116.002873,1.545));
#5548 = CIRCLE('',#5549,0.123998752223);
#5549 = AXIS2_PLACEMENT_3D('',#5550,#5551,#5552);
#5550 = CARTESIAN_POINT('',(166.18627819111,-115.9151920917,1.545));
#5551 = DIRECTION('',(0.,0.,-1.));
#5552 = DIRECTION('',(0.800538772393,0.59928096407,0.));
#5553 = ORIENTED_EDGE('',*,*,#5554,.F.);
#5554 = EDGE_CURVE('',#5555,#5546,#5557,.T.);
#5555 = VERTEX_POINT('',#5556);
#5556 = CARTESIAN_POINT('',(166.273958,-116.002873,1.51));
#5557 = LINE('',#5558,#5559);
#5558 = CARTESIAN_POINT('',(166.273958,-116.002873,1.51));
#5559 = VECTOR('',#5560,1.);
#5560 = DIRECTION('',(0.,0.,1.));
#5561 = ORIENTED_EDGE('',*,*,#5562,.F.);
#5562 = EDGE_CURVE('',#5523,#5555,#5563,.T.);
#5563 = CIRCLE('',#5564,0.123998752223);
#5564 = AXIS2_PLACEMENT_3D('',#5565,#5566,#5567);
#5565 = CARTESIAN_POINT('',(166.18627819111,-115.9151920917,1.51));
#5566 = DIRECTION('',(0.,0.,-1.));
#5567 = DIRECTION('',(0.800538772393,0.59928096407,0.));
#5568 = CYLINDRICAL_SURFACE('',#5569,0.123998752223);
#5569 = AXIS2_PLACEMENT_3D('',#5570,#5571,#5572);
#5570 = CARTESIAN_POINT('',(166.18627819111,-115.9151920917,1.51));
#5571 = DIRECTION('',(0.,0.,-1.));
#5572 = DIRECTION('',(0.800538772393,0.59928096407,0.));
#5573 = ADVANCED_FACE('',(#5574),#5599,.T.);
#5574 = FACE_BOUND('',#5575,.T.);
#5575 = EDGE_LOOP('',(#5576,#5577,#5585,#5593));
#5576 = ORIENTED_EDGE('',*,*,#5554,.T.);
#5577 = ORIENTED_EDGE('',*,*,#5578,.T.);
#5578 = EDGE_CURVE('',#5546,#5579,#5581,.T.);
#5579 = VERTEX_POINT('',#5580);
#5580 = CARTESIAN_POINT('',(165.552013,-116.665429,1.545));
#5581 = LINE('',#5582,#5583);
#5582 = CARTESIAN_POINT('',(166.273958,-116.002873,1.545));
#5583 = VECTOR('',#5584,1.);
#5584 = DIRECTION('',(-0.736761029697,-0.676153226066,0.));
#5585 = ORIENTED_EDGE('',*,*,#5586,.F.);
#5586 = EDGE_CURVE('',#5587,#5579,#5589,.T.);
#5587 = VERTEX_POINT('',#5588);
#5588 = CARTESIAN_POINT('',(165.552013,-116.665429,1.51));
#5589 = LINE('',#5590,#5591);
#5590 = CARTESIAN_POINT('',(165.552013,-116.665429,1.51));
#5591 = VECTOR('',#5592,1.);
#5592 = DIRECTION('',(0.,0.,1.));
#5593 = ORIENTED_EDGE('',*,*,#5594,.F.);
#5594 = EDGE_CURVE('',#5555,#5587,#5595,.T.);
#5595 = LINE('',#5596,#5597);
#5596 = CARTESIAN_POINT('',(166.273958,-116.002873,1.51));
#5597 = VECTOR('',#5598,1.);
#5598 = DIRECTION('',(-0.736761029697,-0.676153226066,0.));
#5599 = PLANE('',#5600);
#5600 = AXIS2_PLACEMENT_3D('',#5601,#5602,#5603);
#5601 = CARTESIAN_POINT('',(166.273958,-116.002873,1.51));
#5602 = DIRECTION('',(0.676153226066,-0.736761029697,0.));
#5603 = DIRECTION('',(-0.736761029697,-0.676153226066,0.));
#5604 = ADVANCED_FACE('',(#5605),#5632,.T.);
#5605 = FACE_BOUND('',#5606,.T.);
#5606 = EDGE_LOOP('',(#5607,#5608,#5617,#5625));
#5607 = ORIENTED_EDGE('',*,*,#5586,.T.);
#5608 = ORIENTED_EDGE('',*,*,#5609,.T.);
#5609 = EDGE_CURVE('',#5579,#5610,#5612,.T.);
#5610 = VERTEX_POINT('',#5611);
#5611 = CARTESIAN_POINT('',(161.94953,-119.170538,1.545));
#5612 = CIRCLE('',#5613,20.00255374697);
#5613 = AXIS2_PLACEMENT_3D('',#5614,#5615,#5616);
#5614 = CARTESIAN_POINT('',(152.39989124212,-101.5948002915,1.545));
#5615 = DIRECTION('',(0.,0.,-1.));
#5616 = DIRECTION('',(0.657522130636,-0.753435231273,0.));
#5617 = ORIENTED_EDGE('',*,*,#5618,.F.);
#5618 = EDGE_CURVE('',#5619,#5610,#5621,.T.);
#5619 = VERTEX_POINT('',#5620);
#5620 = CARTESIAN_POINT('',(161.94953,-119.170538,1.51));
#5621 = LINE('',#5622,#5623);
#5622 = CARTESIAN_POINT('',(161.94953,-119.170538,1.51));
#5623 = VECTOR('',#5624,1.);
#5624 = DIRECTION('',(0.,0.,1.));
#5625 = ORIENTED_EDGE('',*,*,#5626,.F.);
#5626 = EDGE_CURVE('',#5587,#5619,#5627,.T.);
#5627 = CIRCLE('',#5628,20.00255374697);
#5628 = AXIS2_PLACEMENT_3D('',#5629,#5630,#5631);
#5629 = CARTESIAN_POINT('',(152.39989124212,-101.5948002915,1.51));
#5630 = DIRECTION('',(0.,0.,-1.));
#5631 = DIRECTION('',(0.657522130636,-0.753435231273,0.));
#5632 = CYLINDRICAL_SURFACE('',#5633,20.00255374697);
#5633 = AXIS2_PLACEMENT_3D('',#5634,#5635,#5636);
#5634 = CARTESIAN_POINT('',(152.39989124212,-101.5948002915,1.51));
#5635 = DIRECTION('',(0.,0.,-1.));
#5636 = DIRECTION('',(0.657522130636,-0.753435231273,0.));
#5637 = ADVANCED_FACE('',(#5638),#5663,.T.);
#5638 = FACE_BOUND('',#5639,.T.);
#5639 = EDGE_LOOP('',(#5640,#5641,#5649,#5657));
#5640 = ORIENTED_EDGE('',*,*,#5618,.T.);
#5641 = ORIENTED_EDGE('',*,*,#5642,.T.);
#5642 = EDGE_CURVE('',#5610,#5643,#5645,.T.);
#5643 = VERTEX_POINT('',#5644);
#5644 = CARTESIAN_POINT('',(161.402954,-119.455067,1.545));
#5645 = LINE('',#5646,#5647);
#5646 = CARTESIAN_POINT('',(161.94953,-119.170538,1.545));
#5647 = VECTOR('',#5648,1.);
#5648 = DIRECTION('',(-0.88701113642,-0.461748030712,0.));
#5649 = ORIENTED_EDGE('',*,*,#5650,.F.);
#5650 = EDGE_CURVE('',#5651,#5643,#5653,.T.);
#5651 = VERTEX_POINT('',#5652);
#5652 = CARTESIAN_POINT('',(161.402954,-119.455067,1.51));
#5653 = LINE('',#5654,#5655);
#5654 = CARTESIAN_POINT('',(161.402954,-119.455067,1.51));
#5655 = VECTOR('',#5656,1.);
#5656 = DIRECTION('',(0.,0.,1.));
#5657 = ORIENTED_EDGE('',*,*,#5658,.F.);
#5658 = EDGE_CURVE('',#5619,#5651,#5659,.T.);
#5659 = LINE('',#5660,#5661);
#5660 = CARTESIAN_POINT('',(161.94953,-119.170538,1.51));
#5661 = VECTOR('',#5662,1.);
#5662 = DIRECTION('',(-0.88701113642,-0.461748030712,0.));
#5663 = PLANE('',#5664);
#5664 = AXIS2_PLACEMENT_3D('',#5665,#5666,#5667);
#5665 = CARTESIAN_POINT('',(161.94953,-119.170538,1.51));
#5666 = DIRECTION('',(0.461748030712,-0.88701113642,0.));
#5667 = DIRECTION('',(-0.88701113642,-0.461748030712,0.));
#5668 = ADVANCED_FACE('',(#5669),#5696,.T.);
#5669 = FACE_BOUND('',#5670,.T.);
#5670 = EDGE_LOOP('',(#5671,#5672,#5681,#5689));
#5671 = ORIENTED_EDGE('',*,*,#5650,.T.);
#5672 = ORIENTED_EDGE('',*,*,#5673,.T.);
#5673 = EDGE_CURVE('',#5643,#5674,#5676,.T.);
#5674 = VERTEX_POINT('',#5675);
#5675 = CARTESIAN_POINT('',(161.231136,-119.392531,1.545));
#5676 = CIRCLE('',#5677,0.124000330207);
#5677 = AXIS2_PLACEMENT_3D('',#5678,#5679,#5680);
#5678 = CARTESIAN_POINT('',(161.34569704503,-119.3450773504,1.545));
#5679 = DIRECTION('',(-0.,0.,-1.));
#5680 = DIRECTION('',(0.461748407195,-0.887010940436,-0.));
#5681 = ORIENTED_EDGE('',*,*,#5682,.F.);
#5682 = EDGE_CURVE('',#5683,#5674,#5685,.T.);
#5683 = VERTEX_POINT('',#5684);
#5684 = CARTESIAN_POINT('',(161.231136,-119.392531,1.51));
#5685 = LINE('',#5686,#5687);
#5686 = CARTESIAN_POINT('',(161.231136,-119.392531,1.51));
#5687 = VECTOR('',#5688,1.);
#5688 = DIRECTION('',(0.,0.,1.));
#5689 = ORIENTED_EDGE('',*,*,#5690,.F.);
#5690 = EDGE_CURVE('',#5651,#5683,#5691,.T.);
#5691 = CIRCLE('',#5692,0.124000330207);
#5692 = AXIS2_PLACEMENT_3D('',#5693,#5694,#5695);
#5693 = CARTESIAN_POINT('',(161.34569704503,-119.3450773504,1.51));
#5694 = DIRECTION('',(-0.,0.,-1.));
#5695 = DIRECTION('',(0.461748407195,-0.887010940436,-0.));
#5696 = CYLINDRICAL_SURFACE('',#5697,0.124000330207);
#5697 = AXIS2_PLACEMENT_3D('',#5698,#5699,#5700);
#5698 = CARTESIAN_POINT('',(161.34569704503,-119.3450773504,1.51));
#5699 = DIRECTION('',(-0.,0.,-1.));
#5700 = DIRECTION('',(0.461748407195,-0.887010940436,-0.));
#5701 = ADVANCED_FACE('',(#5702),#5727,.T.);
#5702 = FACE_BOUND('',#5703,.T.);
#5703 = EDGE_LOOP('',(#5704,#5705,#5713,#5721));
#5704 = ORIENTED_EDGE('',*,*,#5682,.T.);
#5705 = ORIENTED_EDGE('',*,*,#5706,.T.);
#5706 = EDGE_CURVE('',#5674,#5707,#5709,.T.);
#5707 = VERTEX_POINT('',#5708);
#5708 = CARTESIAN_POINT('',(161.013891,-118.868057,1.545));
#5709 = LINE('',#5710,#5711);
#5710 = CARTESIAN_POINT('',(161.231136,-119.392531,1.545));
#5711 = VECTOR('',#5712,1.);
#5712 = DIRECTION('',(-0.382684569191,0.923879061622,0.));
#5713 = ORIENTED_EDGE('',*,*,#5714,.F.);
#5714 = EDGE_CURVE('',#5715,#5707,#5717,.T.);
#5715 = VERTEX_POINT('',#5716);
#5716 = CARTESIAN_POINT('',(161.013891,-118.868057,1.51));
#5717 = LINE('',#5718,#5719);
#5718 = CARTESIAN_POINT('',(161.013891,-118.868057,1.51));
#5719 = VECTOR('',#5720,1.);
#5720 = DIRECTION('',(0.,0.,1.));
#5721 = ORIENTED_EDGE('',*,*,#5722,.F.);
#5722 = EDGE_CURVE('',#5683,#5715,#5723,.T.);
#5723 = LINE('',#5724,#5725);
#5724 = CARTESIAN_POINT('',(161.231136,-119.392531,1.51));
#5725 = VECTOR('',#5726,1.);
#5726 = DIRECTION('',(-0.382684569191,0.923879061622,0.));
#5727 = PLANE('',#5728);
#5728 = AXIS2_PLACEMENT_3D('',#5729,#5730,#5731);
#5729 = CARTESIAN_POINT('',(161.231136,-119.392531,1.51));
#5730 = DIRECTION('',(-0.923879061622,-0.382684569191,0.));
#5731 = DIRECTION('',(-0.382684569191,0.923879061622,0.));
#5732 = ADVANCED_FACE('',(#5733),#5758,.T.);
#5733 = FACE_BOUND('',#5734,.T.);
#5734 = EDGE_LOOP('',(#5735,#5736,#5744,#5752));
#5735 = ORIENTED_EDGE('',*,*,#5714,.T.);
#5736 = ORIENTED_EDGE('',*,*,#5737,.T.);
#5737 = EDGE_CURVE('',#5707,#5738,#5740,.T.);
#5738 = VERTEX_POINT('',#5739);
#5739 = CARTESIAN_POINT('',(160.170985,-119.217201,1.545));
#5740 = LINE('',#5741,#5742);
#5741 = CARTESIAN_POINT('',(161.013891,-118.868057,1.545));
#5742 = VECTOR('',#5743,1.);
#5743 = DIRECTION('',(-0.923879182585,-0.382684277161,0.));
#5744 = ORIENTED_EDGE('',*,*,#5745,.F.);
#5745 = EDGE_CURVE('',#5746,#5738,#5748,.T.);
#5746 = VERTEX_POINT('',#5747);
#5747 = CARTESIAN_POINT('',(160.170985,-119.217201,1.51));
#5748 = LINE('',#5749,#5750);
#5749 = CARTESIAN_POINT('',(160.170985,-119.217201,1.51));
#5750 = VECTOR('',#5751,1.);
#5751 = DIRECTION('',(0.,0.,1.));
#5752 = ORIENTED_EDGE('',*,*,#5753,.F.);
#5753 = EDGE_CURVE('',#5715,#5746,#5754,.T.);
#5754 = LINE('',#5755,#5756);
#5755 = CARTESIAN_POINT('',(161.013891,-118.868057,1.51));
#5756 = VECTOR('',#5757,1.);
#5757 = DIRECTION('',(-0.923879182585,-0.382684277161,0.));
#5758 = PLANE('',#5759);
#5759 = AXIS2_PLACEMENT_3D('',#5760,#5761,#5762);
#5760 = CARTESIAN_POINT('',(161.013891,-118.868057,1.51));
#5761 = DIRECTION('',(0.382684277161,-0.923879182585,0.));
#5762 = DIRECTION('',(-0.923879182585,-0.382684277161,0.));
#5763 = ADVANCED_FACE('',(#5764),#5791,.F.);
#5764 = FACE_BOUND('',#5765,.T.);
#5765 = EDGE_LOOP('',(#5766,#5767,#5776,#5784));
#5766 = ORIENTED_EDGE('',*,*,#5745,.T.);
#5767 = ORIENTED_EDGE('',*,*,#5768,.T.);
#5768 = EDGE_CURVE('',#5738,#5769,#5771,.T.);
#5769 = VERTEX_POINT('',#5770);
#5770 = CARTESIAN_POINT('',(159.979642,-118.755262,1.545));
#5771 = CIRCLE('',#5772,0.50205241086);
#5772 = AXIS2_PLACEMENT_3D('',#5773,#5774,#5775);
#5773 = CARTESIAN_POINT('',(159.67307433216,-119.1528458129,1.545));
#5774 = DIRECTION('',(0.,0.,1.));
#5775 = DIRECTION('',(0.991750377183,-0.128184200889,0.));
#5776 = ORIENTED_EDGE('',*,*,#5777,.F.);
#5777 = EDGE_CURVE('',#5778,#5769,#5780,.T.);
#5778 = VERTEX_POINT('',#5779);
#5779 = CARTESIAN_POINT('',(159.979642,-118.755262,1.51));
#5780 = LINE('',#5781,#5782);
#5781 = CARTESIAN_POINT('',(159.979642,-118.755262,1.51));
#5782 = VECTOR('',#5783,1.);
#5783 = DIRECTION('',(0.,0.,1.));
#5784 = ORIENTED_EDGE('',*,*,#5785,.F.);
#5785 = EDGE_CURVE('',#5746,#5778,#5786,.T.);
#5786 = CIRCLE('',#5787,0.50205241086);
#5787 = AXIS2_PLACEMENT_3D('',#5788,#5789,#5790);
#5788 = CARTESIAN_POINT('',(159.67307433216,-119.1528458129,1.51));
#5789 = DIRECTION('',(0.,0.,1.));
#5790 = DIRECTION('',(0.991750377183,-0.128184200889,0.));
#5791 = CYLINDRICAL_SURFACE('',#5792,0.50205241086);
#5792 = AXIS2_PLACEMENT_3D('',#5793,#5794,#5795);
#5793 = CARTESIAN_POINT('',(159.67307433216,-119.1528458129,1.51));
#5794 = DIRECTION('',(-0.,-0.,-1.));
#5795 = DIRECTION('',(0.991750377183,-0.128184200889,0.));
#5796 = ADVANCED_FACE('',(#5797),#5822,.T.);
#5797 = FACE_BOUND('',#5798,.T.);
#5798 = EDGE_LOOP('',(#5799,#5800,#5808,#5816));
#5799 = ORIENTED_EDGE('',*,*,#5777,.T.);
#5800 = ORIENTED_EDGE('',*,*,#5801,.T.);
#5801 = EDGE_CURVE('',#5769,#5802,#5804,.T.);
#5802 = VERTEX_POINT('',#5803);
#5803 = CARTESIAN_POINT('',(160.822551,-118.406117,1.545));
#5804 = LINE('',#5805,#5806);
#5805 = CARTESIAN_POINT('',(159.979642,-118.755262,1.545));
#5806 = VECTOR('',#5807,1.);
#5807 = DIRECTION('',(0.923879276614,0.382684050156,0.));
#5808 = ORIENTED_EDGE('',*,*,#5809,.F.);
#5809 = EDGE_CURVE('',#5810,#5802,#5812,.T.);
#5810 = VERTEX_POINT('',#5811);
#5811 = CARTESIAN_POINT('',(160.822551,-118.406117,1.51));
#5812 = LINE('',#5813,#5814);
#5813 = CARTESIAN_POINT('',(160.822551,-118.406117,1.51));
#5814 = VECTOR('',#5815,1.);
#5815 = DIRECTION('',(0.,0.,1.));
#5816 = ORIENTED_EDGE('',*,*,#5817,.F.);
#5817 = EDGE_CURVE('',#5778,#5810,#5818,.T.);
#5818 = LINE('',#5819,#5820);
#5819 = CARTESIAN_POINT('',(159.979642,-118.755262,1.51));
#5820 = VECTOR('',#5821,1.);
#5821 = DIRECTION('',(0.923879276614,0.382684050156,0.));
#5822 = PLANE('',#5823);
#5823 = AXIS2_PLACEMENT_3D('',#5824,#5825,#5826);
#5824 = CARTESIAN_POINT('',(159.979642,-118.755262,1.51));
#5825 = DIRECTION('',(-0.382684050156,0.923879276614,0.));
#5826 = DIRECTION('',(0.923879276614,0.382684050156,0.));
#5827 = ADVANCED_FACE('',(#5828),#5853,.T.);
#5828 = FACE_BOUND('',#5829,.T.);
#5829 = EDGE_LOOP('',(#5830,#5831,#5839,#5847));
#5830 = ORIENTED_EDGE('',*,*,#5809,.T.);
#5831 = ORIENTED_EDGE('',*,*,#5832,.T.);
#5832 = EDGE_CURVE('',#5802,#5833,#5835,.T.);
#5833 = VERTEX_POINT('',#5834);
#5834 = CARTESIAN_POINT('',(160.563599,-117.787386,1.545));
#5835 = LINE('',#5836,#5837);
#5836 = CARTESIAN_POINT('',(160.822551,-118.406117,1.545));
#5837 = VECTOR('',#5838,1.);
#5838 = DIRECTION('',(-0.386072532665,0.922468427385,0.));
#5839 = ORIENTED_EDGE('',*,*,#5840,.F.);
#5840 = EDGE_CURVE('',#5841,#5833,#5843,.T.);
#5841 = VERTEX_POINT('',#5842);
#5842 = CARTESIAN_POINT('',(160.563599,-117.787386,1.51));
#5843 = LINE('',#5844,#5845);
#5844 = CARTESIAN_POINT('',(160.563599,-117.787386,1.51));
#5845 = VECTOR('',#5846,1.);
#5846 = DIRECTION('',(0.,0.,1.));
#5847 = ORIENTED_EDGE('',*,*,#5848,.F.);
#5848 = EDGE_CURVE('',#5810,#5841,#5849,.T.);
#5849 = LINE('',#5850,#5851);
#5850 = CARTESIAN_POINT('',(160.822551,-118.406117,1.51));
#5851 = VECTOR('',#5852,1.);
#5852 = DIRECTION('',(-0.386072532665,0.922468427385,0.));
#5853 = PLANE('',#5854);
#5854 = AXIS2_PLACEMENT_3D('',#5855,#5856,#5857);
#5855 = CARTESIAN_POINT('',(160.822551,-118.406117,1.51));
#5856 = DIRECTION('',(-0.922468427385,-0.386072532665,0.));
#5857 = DIRECTION('',(-0.386072532665,0.922468427385,0.));
#5858 = ADVANCED_FACE('',(#5859),#5886,.T.);
#5859 = FACE_BOUND('',#5860,.T.);
#5860 = EDGE_LOOP('',(#5861,#5862,#5871,#5879));
#5861 = ORIENTED_EDGE('',*,*,#5840,.T.);
#5862 = ORIENTED_EDGE('',*,*,#5863,.T.);
#5863 = EDGE_CURVE('',#5833,#5864,#5866,.T.);
#5864 = VERTEX_POINT('',#5865);
#5865 = CARTESIAN_POINT('',(160.617155,-117.616964,1.545));
#5866 = CIRCLE('',#5867,0.123998754344);
#5867 = AXIS2_PLACEMENT_3D('',#5868,#5869,#5870);
#5868 = CARTESIAN_POINT('',(160.67243068892,-117.7279607985,1.545));
#5869 = DIRECTION('',(0.,0.,-1.));
#5870 = DIRECTION('',(-0.877683727543,-0.479240309663,-0.));
#5871 = ORIENTED_EDGE('',*,*,#5872,.F.);
#5872 = EDGE_CURVE('',#5873,#5864,#5875,.T.);
#5873 = VERTEX_POINT('',#5874);
#5874 = CARTESIAN_POINT('',(160.617155,-117.616964,1.51));
#5875 = LINE('',#5876,#5877);
#5876 = CARTESIAN_POINT('',(160.617155,-117.616964,1.51));
#5877 = VECTOR('',#5878,1.);
#5878 = DIRECTION('',(0.,0.,1.));
#5879 = ORIENTED_EDGE('',*,*,#5880,.F.);
#5880 = EDGE_CURVE('',#5841,#5873,#5881,.T.);
#5881 = CIRCLE('',#5882,0.123998754344);
#5882 = AXIS2_PLACEMENT_3D('',#5883,#5884,#5885);
#5883 = CARTESIAN_POINT('',(160.67243068892,-117.7279607985,1.51));
#5884 = DIRECTION('',(0.,0.,-1.));
#5885 = DIRECTION('',(-0.877683727543,-0.479240309663,-0.));
#5886 = CYLINDRICAL_SURFACE('',#5887,0.123998754344);
#5887 = AXIS2_PLACEMENT_3D('',#5888,#5889,#5890);
#5888 = CARTESIAN_POINT('',(160.67243068892,-117.7279607985,1.51));
#5889 = DIRECTION('',(0.,0.,-1.));
#5890 = DIRECTION('',(-0.877683727543,-0.479240309663,-0.));
#5891 = ADVANCED_FACE('',(#5892),#5908,.T.);
#5892 = FACE_BOUND('',#5893,.T.);
#5893 = EDGE_LOOP('',(#5894,#5895,#5901,#5902));
#5894 = ORIENTED_EDGE('',*,*,#5872,.T.);
#5895 = ORIENTED_EDGE('',*,*,#5896,.T.);
#5896 = EDGE_CURVE('',#5864,#5410,#5897,.T.);
#5897 = LINE('',#5898,#5899);
#5898 = CARTESIAN_POINT('',(160.617155,-117.616964,1.545));
#5899 = VECTOR('',#5900,1.);
#5900 = DIRECTION('',(0.895164579745,0.445735768332,0.));
#5901 = ORIENTED_EDGE('',*,*,#5407,.F.);
#5902 = ORIENTED_EDGE('',*,*,#5903,.F.);
#5903 = EDGE_CURVE('',#5873,#5408,#5904,.T.);
#5904 = LINE('',#5905,#5906);
#5905 = CARTESIAN_POINT('',(160.617155,-117.616964,1.51));
#5906 = VECTOR('',#5907,1.);
#5907 = DIRECTION('',(0.895164579745,0.445735768332,0.));
#5908 = PLANE('',#5909);
#5909 = AXIS2_PLACEMENT_3D('',#5910,#5911,#5912);
#5910 = CARTESIAN_POINT('',(160.617155,-117.616964,1.51));
#5911 = DIRECTION('',(-0.445735768332,0.895164579745,0.));
#5912 = DIRECTION('',(0.895164579745,0.445735768332,0.));
#5913 = ADVANCED_FACE('',(#5914),#5932,.F.);
#5914 = FACE_BOUND('',#5915,.T.);
#5915 = EDGE_LOOP('',(#5916,#5917,#5918,#5919,#5920,#5921,#5922,#5923,
    #5924,#5925,#5926,#5927,#5928,#5929,#5930,#5931));
#5916 = ORIENTED_EDGE('',*,*,#5434,.T.);
#5917 = ORIENTED_EDGE('',*,*,#5466,.T.);
#5918 = ORIENTED_EDGE('',*,*,#5498,.T.);
#5919 = ORIENTED_EDGE('',*,*,#5530,.T.);
#5920 = ORIENTED_EDGE('',*,*,#5562,.T.);
#5921 = ORIENTED_EDGE('',*,*,#5594,.T.);
#5922 = ORIENTED_EDGE('',*,*,#5626,.T.);
#5923 = ORIENTED_EDGE('',*,*,#5658,.T.);
#5924 = ORIENTED_EDGE('',*,*,#5690,.T.);
#5925 = ORIENTED_EDGE('',*,*,#5722,.T.);
#5926 = ORIENTED_EDGE('',*,*,#5753,.T.);
#5927 = ORIENTED_EDGE('',*,*,#5785,.T.);
#5928 = ORIENTED_EDGE('',*,*,#5817,.T.);
#5929 = ORIENTED_EDGE('',*,*,#5848,.T.);
#5930 = ORIENTED_EDGE('',*,*,#5880,.T.);
#5931 = ORIENTED_EDGE('',*,*,#5903,.T.);
#5932 = PLANE('',#5933);
#5933 = AXIS2_PLACEMENT_3D('',#5934,#5935,#5936);
#5934 = CARTESIAN_POINT('',(0.,0.,1.51));
#5935 = DIRECTION('',(0.,0.,1.));
#5936 = DIRECTION('',(1.,0.,-0.));
#5937 = ADVANCED_FACE('',(#5938),#5956,.T.);
#5938 = FACE_BOUND('',#5939,.F.);
#5939 = EDGE_LOOP('',(#5940,#5941,#5942,#5943,#5944,#5945,#5946,#5947,
    #5948,#5949,#5950,#5951,#5952,#5953,#5954,#5955));
#5940 = ORIENTED_EDGE('',*,*,#5417,.T.);
#5941 = ORIENTED_EDGE('',*,*,#5450,.T.);
#5942 = ORIENTED_EDGE('',*,*,#5481,.T.);
#5943 = ORIENTED_EDGE('',*,*,#5514,.T.);
#5944 = ORIENTED_EDGE('',*,*,#5545,.T.);
#5945 = ORIENTED_EDGE('',*,*,#5578,.T.);
#5946 = ORIENTED_EDGE('',*,*,#5609,.T.);
#5947 = ORIENTED_EDGE('',*,*,#5642,.T.);
#5948 = ORIENTED_EDGE('',*,*,#5673,.T.);
#5949 = ORIENTED_EDGE('',*,*,#5706,.T.);
#5950 = ORIENTED_EDGE('',*,*,#5737,.T.);
#5951 = ORIENTED_EDGE('',*,*,#5768,.T.);
#5952 = ORIENTED_EDGE('',*,*,#5801,.T.);
#5953 = ORIENTED_EDGE('',*,*,#5832,.T.);
#5954 = ORIENTED_EDGE('',*,*,#5863,.T.);
#5955 = ORIENTED_EDGE('',*,*,#5896,.T.);
#5956 = PLANE('',#5957);
#5957 = AXIS2_PLACEMENT_3D('',#5958,#5959,#5960);
#5958 = CARTESIAN_POINT('',(0.,0.,1.545));
#5959 = DIRECTION('',(0.,0.,1.));
#5960 = DIRECTION('',(1.,0.,-0.));
#5961 = MANIFOLD_SOLID_BREP('',#5962);
#5962 = CLOSED_SHELL('',(#5963,#6005,#6036,#6067,#6100,#6131,#6162,#6195
    ,#6226,#6259,#6290,#6321,#6352,#6383,#6416,#6447,#6480,#6502,#6527)
  );
#5963 = ADVANCED_FACE('',(#5964),#6000,.T.);
#5964 = FACE_BOUND('',#5965,.T.);
#5965 = EDGE_LOOP('',(#5966,#5976,#5985,#5993));
#5966 = ORIENTED_EDGE('',*,*,#5967,.T.);
#5967 = EDGE_CURVE('',#5968,#5970,#5972,.T.);
#5968 = VERTEX_POINT('',#5969);
#5969 = CARTESIAN_POINT('',(168.416962,-109.817161,1.51));
#5970 = VERTEX_POINT('',#5971);
#5971 = CARTESIAN_POINT('',(168.416962,-109.817161,1.545));
#5972 = LINE('',#5973,#5974);
#5973 = CARTESIAN_POINT('',(168.416962,-109.817161,1.51));
#5974 = VECTOR('',#5975,1.);
#5975 = DIRECTION('',(0.,0.,1.));
#5976 = ORIENTED_EDGE('',*,*,#5977,.T.);
#5977 = EDGE_CURVE('',#5970,#5978,#5980,.T.);
#5978 = VERTEX_POINT('',#5979);
#5979 = CARTESIAN_POINT('',(168.587389,-109.7636,1.545));
#5980 = CIRCLE('',#5981,0.123997212919);
#5981 = AXIS2_PLACEMENT_3D('',#5982,#5983,#5984);
#5982 = CARTESIAN_POINT('',(168.52796115869,-109.8724284911,1.545));
#5983 = DIRECTION('',(0.,0.,-1.));
#5984 = DIRECTION('',(-0.895174625985,0.445715592045,0.));
#5985 = ORIENTED_EDGE('',*,*,#5986,.F.);
#5986 = EDGE_CURVE('',#5987,#5978,#5989,.T.);
#5987 = VERTEX_POINT('',#5988);
#5988 = CARTESIAN_POINT('',(168.587389,-109.7636,1.51));
#5989 = LINE('',#5990,#5991);
#5990 = CARTESIAN_POINT('',(168.587389,-109.7636,1.51));
#5991 = VECTOR('',#5992,1.);
#5992 = DIRECTION('',(0.,0.,1.));
#5993 = ORIENTED_EDGE('',*,*,#5994,.F.);
#5994 = EDGE_CURVE('',#5968,#5987,#5995,.T.);
#5995 = CIRCLE('',#5996,0.123997212919);
#5996 = AXIS2_PLACEMENT_3D('',#5997,#5998,#5999);
#5997 = CARTESIAN_POINT('',(168.52796115869,-109.8724284911,1.51));
#5998 = DIRECTION('',(0.,0.,-1.));
#5999 = DIRECTION('',(-0.895174625985,0.445715592045,0.));
#6000 = CYLINDRICAL_SURFACE('',#6001,0.123997212919);
#6001 = AXIS2_PLACEMENT_3D('',#6002,#6003,#6004);
#6002 = CARTESIAN_POINT('',(168.52796115869,-109.8724284911,1.51));
#6003 = DIRECTION('',(0.,0.,-1.));
#6004 = DIRECTION('',(-0.895174625985,0.445715592045,0.));
#6005 = ADVANCED_FACE('',(#6006),#6031,.T.);
#6006 = FACE_BOUND('',#6007,.T.);
#6007 = EDGE_LOOP('',(#6008,#6009,#6017,#6025));
#6008 = ORIENTED_EDGE('',*,*,#5986,.T.);
#6009 = ORIENTED_EDGE('',*,*,#6010,.T.);
#6010 = EDGE_CURVE('',#5978,#6011,#6013,.T.);
#6011 = VERTEX_POINT('',#6012);
#6012 = CARTESIAN_POINT('',(169.206117,-110.02255,1.545));
#6013 = LINE('',#6014,#6015);
#6014 = CARTESIAN_POINT('',(168.587389,-109.7636,1.545));
#6015 = VECTOR('',#6016,1.);
#6016 = DIRECTION('',(0.92246882266,-0.386071588206,0.));
#6017 = ORIENTED_EDGE('',*,*,#6018,.F.);
#6018 = EDGE_CURVE('',#6019,#6011,#6021,.T.);
#6019 = VERTEX_POINT('',#6020);
#6020 = CARTESIAN_POINT('',(169.206117,-110.02255,1.51));
#6021 = LINE('',#6022,#6023);
#6022 = CARTESIAN_POINT('',(169.206117,-110.02255,1.51));
#6023 = VECTOR('',#6024,1.);
#6024 = DIRECTION('',(0.,0.,1.));
#6025 = ORIENTED_EDGE('',*,*,#6026,.F.);
#6026 = EDGE_CURVE('',#5987,#6019,#6027,.T.);
#6027 = LINE('',#6028,#6029);
#6028 = CARTESIAN_POINT('',(168.587389,-109.7636,1.51));
#6029 = VECTOR('',#6030,1.);
#6030 = DIRECTION('',(0.92246882266,-0.386071588206,0.));
#6031 = PLANE('',#6032);
#6032 = AXIS2_PLACEMENT_3D('',#6033,#6034,#6035);
#6033 = CARTESIAN_POINT('',(168.587389,-109.7636,1.51));
#6034 = DIRECTION('',(0.386071588206,0.92246882266,-0.));
#6035 = DIRECTION('',(0.92246882266,-0.386071588206,0.));
#6036 = ADVANCED_FACE('',(#6037),#6062,.T.);
#6037 = FACE_BOUND('',#6038,.T.);
#6038 = EDGE_LOOP('',(#6039,#6040,#6048,#6056));
#6039 = ORIENTED_EDGE('',*,*,#6018,.T.);
#6040 = ORIENTED_EDGE('',*,*,#6041,.T.);
#6041 = EDGE_CURVE('',#6011,#6042,#6044,.T.);
#6042 = VERTEX_POINT('',#6043);
#6043 = CARTESIAN_POINT('',(169.555262,-109.179642,1.545));
#6044 = LINE('',#6045,#6046);
#6045 = CARTESIAN_POINT('',(169.206117,-110.02255,1.545));
#6046 = VECTOR('',#6047,1.);
#6047 = DIRECTION('',(0.382684437673,0.923879116098,0.));
#6048 = ORIENTED_EDGE('',*,*,#6049,.F.);
#6049 = EDGE_CURVE('',#6050,#6042,#6052,.T.);
#6050 = VERTEX_POINT('',#6051);
#6051 = CARTESIAN_POINT('',(169.555262,-109.179642,1.51));
#6052 = LINE('',#6053,#6054);
#6053 = CARTESIAN_POINT('',(169.555262,-109.179642,1.51));
#6054 = VECTOR('',#6055,1.);
#6055 = DIRECTION('',(0.,0.,1.));
#6056 = ORIENTED_EDGE('',*,*,#6057,.F.);
#6057 = EDGE_CURVE('',#6019,#6050,#6058,.T.);
#6058 = LINE('',#6059,#6060);
#6059 = CARTESIAN_POINT('',(169.206117,-110.02255,1.51));
#6060 = VECTOR('',#6061,1.);
#6061 = DIRECTION('',(0.382684437673,0.923879116098,0.));
#6062 = PLANE('',#6063);
#6063 = AXIS2_PLACEMENT_3D('',#6064,#6065,#6066);
#6064 = CARTESIAN_POINT('',(169.206117,-110.02255,1.51));
#6065 = DIRECTION('',(-0.923879116098,0.382684437673,0.));
#6066 = DIRECTION('',(0.382684437673,0.923879116098,0.));
#6067 = ADVANCED_FACE('',(#6068),#6095,.F.);
#6068 = FACE_BOUND('',#6069,.T.);
#6069 = EDGE_LOOP('',(#6070,#6071,#6080,#6088));
#6070 = ORIENTED_EDGE('',*,*,#6049,.T.);
#6071 = ORIENTED_EDGE('',*,*,#6072,.T.);
#6072 = EDGE_CURVE('',#6042,#6073,#6075,.T.);
#6073 = VERTEX_POINT('',#6074);
#6074 = CARTESIAN_POINT('',(170.017202,-109.370985,1.545));
#6075 = CIRCLE('',#6076,0.502052893492);
#6076 = AXIS2_PLACEMENT_3D('',#6077,#6078,#6079);
#6077 = CARTESIAN_POINT('',(169.95284611652,-108.8730739355,1.545));
#6078 = DIRECTION('',(0.,0.,1.));
#6079 = DIRECTION('',(-0.791916791384,-0.61062901628,0.));
#6080 = ORIENTED_EDGE('',*,*,#6081,.F.);
#6081 = EDGE_CURVE('',#6082,#6073,#6084,.T.);
#6082 = VERTEX_POINT('',#6083);
#6083 = CARTESIAN_POINT('',(170.017202,-109.370985,1.51));
#6084 = LINE('',#6085,#6086);
#6085 = CARTESIAN_POINT('',(170.017202,-109.370985,1.51));
#6086 = VECTOR('',#6087,1.);
#6087 = DIRECTION('',(0.,0.,1.));
#6088 = ORIENTED_EDGE('',*,*,#6089,.F.);
#6089 = EDGE_CURVE('',#6050,#6082,#6090,.T.);
#6090 = CIRCLE('',#6091,0.502052893492);
#6091 = AXIS2_PLACEMENT_3D('',#6092,#6093,#6094);
#6092 = CARTESIAN_POINT('',(169.95284611652,-108.8730739355,1.51));
#6093 = DIRECTION('',(0.,0.,1.));
#6094 = DIRECTION('',(-0.791916791384,-0.61062901628,0.));
#6095 = CYLINDRICAL_SURFACE('',#6096,0.502052893492);
#6096 = AXIS2_PLACEMENT_3D('',#6097,#6098,#6099);
#6097 = CARTESIAN_POINT('',(169.95284611652,-108.8730739355,1.51));
#6098 = DIRECTION('',(-0.,-0.,-1.));
#6099 = DIRECTION('',(-0.791916791384,-0.61062901628,0.));
#6100 = ADVANCED_FACE('',(#6101),#6126,.T.);
#6101 = FACE_BOUND('',#6102,.T.);
#6102 = EDGE_LOOP('',(#6103,#6104,#6112,#6120));
#6103 = ORIENTED_EDGE('',*,*,#6081,.T.);
#6104 = ORIENTED_EDGE('',*,*,#6105,.T.);
#6105 = EDGE_CURVE('',#6073,#6106,#6108,.T.);
#6106 = VERTEX_POINT('',#6107);
#6107 = CARTESIAN_POINT('',(169.668057,-110.213891,1.545));
#6108 = LINE('',#6109,#6110);
#6109 = CARTESIAN_POINT('',(170.017202,-109.370985,1.545));
#6110 = VECTOR('',#6111,1.);
#6111 = DIRECTION('',(-0.382685212709,-0.923878795067,0.));
#6112 = ORIENTED_EDGE('',*,*,#6113,.F.);
#6113 = EDGE_CURVE('',#6114,#6106,#6116,.T.);
#6114 = VERTEX_POINT('',#6115);
#6115 = CARTESIAN_POINT('',(169.668057,-110.213891,1.51));
#6116 = LINE('',#6117,#6118);
#6117 = CARTESIAN_POINT('',(169.668057,-110.213891,1.51));
#6118 = VECTOR('',#6119,1.);
#6119 = DIRECTION('',(0.,0.,1.));
#6120 = ORIENTED_EDGE('',*,*,#6121,.F.);
#6121 = EDGE_CURVE('',#6082,#6114,#6122,.T.);
#6122 = LINE('',#6123,#6124);
#6123 = CARTESIAN_POINT('',(170.017202,-109.370985,1.51));
#6124 = VECTOR('',#6125,1.);
#6125 = DIRECTION('',(-0.382685212709,-0.923878795067,0.));
#6126 = PLANE('',#6127);
#6127 = AXIS2_PLACEMENT_3D('',#6128,#6129,#6130);
#6128 = CARTESIAN_POINT('',(170.017202,-109.370985,1.51));
#6129 = DIRECTION('',(0.923878795067,-0.382685212709,0.));
#6130 = DIRECTION('',(-0.382685212709,-0.923878795067,0.));
#6131 = ADVANCED_FACE('',(#6132),#6157,.T.);
#6132 = FACE_BOUND('',#6133,.T.);
#6133 = EDGE_LOOP('',(#6134,#6135,#6143,#6151));
#6134 = ORIENTED_EDGE('',*,*,#6113,.T.);
#6135 = ORIENTED_EDGE('',*,*,#6136,.T.);
#6136 = EDGE_CURVE('',#6106,#6137,#6139,.T.);
#6137 = VERTEX_POINT('',#6138);
#6138 = CARTESIAN_POINT('',(170.192531,-110.431136,1.545));
#6139 = LINE('',#6140,#6141);
#6140 = CARTESIAN_POINT('',(169.668057,-110.213891,1.545));
#6141 = VECTOR('',#6142,1.);
#6142 = DIRECTION('',(0.923879061622,-0.382684569191,0.));
#6143 = ORIENTED_EDGE('',*,*,#6144,.F.);
#6144 = EDGE_CURVE('',#6145,#6137,#6147,.T.);
#6145 = VERTEX_POINT('',#6146);
#6146 = CARTESIAN_POINT('',(170.192531,-110.431136,1.51));
#6147 = LINE('',#6148,#6149);
#6148 = CARTESIAN_POINT('',(170.192531,-110.431136,1.51));
#6149 = VECTOR('',#6150,1.);
#6150 = DIRECTION('',(0.,0.,1.));
#6151 = ORIENTED_EDGE('',*,*,#6152,.F.);
#6152 = EDGE_CURVE('',#6114,#6145,#6153,.T.);
#6153 = LINE('',#6154,#6155);
#6154 = CARTESIAN_POINT('',(169.668057,-110.213891,1.51));
#6155 = VECTOR('',#6156,1.);
#6156 = DIRECTION('',(0.923879061622,-0.382684569191,0.));
#6157 = PLANE('',#6158);
#6158 = AXIS2_PLACEMENT_3D('',#6159,#6160,#6161);
#6159 = CARTESIAN_POINT('',(169.668057,-110.213891,1.51));
#6160 = DIRECTION('',(0.382684569191,0.923879061622,-0.));
#6161 = DIRECTION('',(0.923879061622,-0.382684569191,0.));
#6162 = ADVANCED_FACE('',(#6163),#6190,.T.);
#6163 = FACE_BOUND('',#6164,.T.);
#6164 = EDGE_LOOP('',(#6165,#6166,#6175,#6183));
#6165 = ORIENTED_EDGE('',*,*,#6144,.T.);
#6166 = ORIENTED_EDGE('',*,*,#6167,.T.);
#6167 = EDGE_CURVE('',#6137,#6168,#6170,.T.);
#6168 = VERTEX_POINT('',#6169);
#6169 = CARTESIAN_POINT('',(170.255067,-110.602954,1.545));
#6170 = CIRCLE('',#6171,0.12400014388);
#6171 = AXIS2_PLACEMENT_3D('',#6172,#6173,#6174);
#6172 = CARTESIAN_POINT('',(170.14507760965,-110.5456969507,1.545));
#6173 = DIRECTION('',(0.,0.,-1.));
#6174 = DIRECTION('',(0.382688187776,0.923877562741,0.));
#6175 = ORIENTED_EDGE('',*,*,#6176,.F.);
#6176 = EDGE_CURVE('',#6177,#6168,#6179,.T.);
#6177 = VERTEX_POINT('',#6178);
#6178 = CARTESIAN_POINT('',(170.255067,-110.602954,1.51));
#6179 = LINE('',#6180,#6181);
#6180 = CARTESIAN_POINT('',(170.255067,-110.602954,1.51));
#6181 = VECTOR('',#6182,1.);
#6182 = DIRECTION('',(0.,0.,1.));
#6183 = ORIENTED_EDGE('',*,*,#6184,.F.);
#6184 = EDGE_CURVE('',#6145,#6177,#6185,.T.);
#6185 = CIRCLE('',#6186,0.12400014388);
#6186 = AXIS2_PLACEMENT_3D('',#6187,#6188,#6189);
#6187 = CARTESIAN_POINT('',(170.14507760965,-110.5456969507,1.51));
#6188 = DIRECTION('',(0.,0.,-1.));
#6189 = DIRECTION('',(0.382688187776,0.923877562741,0.));
#6190 = CYLINDRICAL_SURFACE('',#6191,0.12400014388);
#6191 = AXIS2_PLACEMENT_3D('',#6192,#6193,#6194);
#6192 = CARTESIAN_POINT('',(170.14507760965,-110.5456969507,1.51));
#6193 = DIRECTION('',(0.,0.,-1.));
#6194 = DIRECTION('',(0.382688187776,0.923877562741,0.));
#6195 = ADVANCED_FACE('',(#6196),#6221,.T.);
#6196 = FACE_BOUND('',#6197,.T.);
#6197 = EDGE_LOOP('',(#6198,#6199,#6207,#6215));
#6198 = ORIENTED_EDGE('',*,*,#6176,.T.);
#6199 = ORIENTED_EDGE('',*,*,#6200,.T.);
#6200 = EDGE_CURVE('',#6168,#6201,#6203,.T.);
#6201 = VERTEX_POINT('',#6202);
#6202 = CARTESIAN_POINT('',(169.969065,-111.152278,1.545));
#6203 = LINE('',#6204,#6205);
#6204 = CARTESIAN_POINT('',(170.255067,-110.602954,1.545));
#6205 = VECTOR('',#6206,1.);
#6206 = DIRECTION('',(-0.461802002127,-0.886983038638,0.));
#6207 = ORIENTED_EDGE('',*,*,#6208,.F.);
#6208 = EDGE_CURVE('',#6209,#6201,#6211,.T.);
#6209 = VERTEX_POINT('',#6210);
#6210 = CARTESIAN_POINT('',(169.969065,-111.152278,1.51));
#6211 = LINE('',#6212,#6213);
#6212 = CARTESIAN_POINT('',(169.969065,-111.152278,1.51));
#6213 = VECTOR('',#6214,1.);
#6214 = DIRECTION('',(0.,0.,1.));
#6215 = ORIENTED_EDGE('',*,*,#6216,.F.);
#6216 = EDGE_CURVE('',#6177,#6209,#6217,.T.);
#6217 = LINE('',#6218,#6219);
#6218 = CARTESIAN_POINT('',(170.255067,-110.602954,1.51));
#6219 = VECTOR('',#6220,1.);
#6220 = DIRECTION('',(-0.461802002127,-0.886983038638,0.));
#6221 = PLANE('',#6222);
#6222 = AXIS2_PLACEMENT_3D('',#6223,#6224,#6225);
#6223 = CARTESIAN_POINT('',(170.255067,-110.602954,1.51));
#6224 = DIRECTION('',(0.886983038638,-0.461802002127,0.));
#6225 = DIRECTION('',(-0.461802002127,-0.886983038638,0.));
#6226 = ADVANCED_FACE('',(#6227),#6254,.T.);
#6227 = FACE_BOUND('',#6228,.T.);
#6228 = EDGE_LOOP('',(#6229,#6230,#6239,#6247));
#6229 = ORIENTED_EDGE('',*,*,#6208,.T.);
#6230 = ORIENTED_EDGE('',*,*,#6231,.T.);
#6231 = EDGE_CURVE('',#6201,#6232,#6234,.T.);
#6232 = VERTEX_POINT('',#6233);
#6233 = CARTESIAN_POINT('',(166.802875,-115.473958,1.545));
#6234 = CIRCLE('',#6235,19.97459909545);
#6235 = AXIS2_PLACEMENT_3D('',#6236,#6237,#6238);
#6236 = CARTESIAN_POINT('',(152.41849378627,-101.6148748368,1.545));
#6237 = DIRECTION('',(0.,0.,-1.));
#6238 = DIRECTION('',(0.878644478914,-0.477476575001,0.));
#6239 = ORIENTED_EDGE('',*,*,#6240,.F.);
#6240 = EDGE_CURVE('',#6241,#6232,#6243,.T.);
#6241 = VERTEX_POINT('',#6242);
#6242 = CARTESIAN_POINT('',(166.802875,-115.473958,1.51));
#6243 = LINE('',#6244,#6245);
#6244 = CARTESIAN_POINT('',(166.802875,-115.473958,1.51));
#6245 = VECTOR('',#6246,1.);
#6246 = DIRECTION('',(0.,0.,1.));
#6247 = ORIENTED_EDGE('',*,*,#6248,.F.);
#6248 = EDGE_CURVE('',#6209,#6241,#6249,.T.);
#6249 = CIRCLE('',#6250,19.97459909545);
#6250 = AXIS2_PLACEMENT_3D('',#6251,#6252,#6253);
#6251 = CARTESIAN_POINT('',(152.41849378627,-101.6148748368,1.51));
#6252 = DIRECTION('',(0.,0.,-1.));
#6253 = DIRECTION('',(0.878644478914,-0.477476575001,0.));
#6254 = CYLINDRICAL_SURFACE('',#6255,19.97459909545);
#6255 = AXIS2_PLACEMENT_3D('',#6256,#6257,#6258);
#6256 = CARTESIAN_POINT('',(152.41849378627,-101.6148748368,1.51));
#6257 = DIRECTION('',(0.,0.,-1.));
#6258 = DIRECTION('',(0.878644478914,-0.477476575001,0.));
#6259 = ADVANCED_FACE('',(#6260),#6285,.T.);
#6260 = FACE_BOUND('',#6261,.T.);
#6261 = EDGE_LOOP('',(#6262,#6263,#6271,#6279));
#6262 = ORIENTED_EDGE('',*,*,#6240,.T.);
#6263 = ORIENTED_EDGE('',*,*,#6264,.T.);
#6264 = EDGE_CURVE('',#6232,#6265,#6267,.T.);
#6265 = VERTEX_POINT('',#6266);
#6266 = CARTESIAN_POINT('',(166.741553,-115.507444,1.545));
#6267 = LINE('',#6268,#6269);
#6268 = CARTESIAN_POINT('',(166.802875,-115.473958,1.545));
#6269 = VECTOR('',#6270,1.);
#6270 = DIRECTION('',(-0.877669027841,-0.479267229808,0.));
#6271 = ORIENTED_EDGE('',*,*,#6272,.F.);
#6272 = EDGE_CURVE('',#6273,#6265,#6275,.T.);
#6273 = VERTEX_POINT('',#6274);
#6274 = CARTESIAN_POINT('',(166.741553,-115.507444,1.51));
#6275 = LINE('',#6276,#6277);
#6276 = CARTESIAN_POINT('',(166.741553,-115.507444,1.51));
#6277 = VECTOR('',#6278,1.);
#6278 = DIRECTION('',(0.,0.,1.));
#6279 = ORIENTED_EDGE('',*,*,#6280,.F.);
#6280 = EDGE_CURVE('',#6241,#6273,#6281,.T.);
#6281 = LINE('',#6282,#6283);
#6282 = CARTESIAN_POINT('',(166.802875,-115.473958,1.51));
#6283 = VECTOR('',#6284,1.);
#6284 = DIRECTION('',(-0.877669027841,-0.479267229808,0.));
#6285 = PLANE('',#6286);
#6286 = AXIS2_PLACEMENT_3D('',#6287,#6288,#6289);
#6287 = CARTESIAN_POINT('',(166.802875,-115.473958,1.51));
#6288 = DIRECTION('',(0.479267229808,-0.877669027841,0.));
#6289 = DIRECTION('',(-0.877669027841,-0.479267229808,0.));
#6290 = ADVANCED_FACE('',(#6291),#6316,.T.);
#6291 = FACE_BOUND('',#6292,.T.);
#6292 = EDGE_LOOP('',(#6293,#6294,#6302,#6310));
#6293 = ORIENTED_EDGE('',*,*,#6272,.T.);
#6294 = ORIENTED_EDGE('',*,*,#6295,.T.);
#6295 = EDGE_CURVE('',#6265,#6296,#6298,.T.);
#6296 = VERTEX_POINT('',#6297);
#6297 = CARTESIAN_POINT('',(166.671861,-115.50246,1.545));
#6298 = LINE('',#6299,#6300);
#6299 = CARTESIAN_POINT('',(166.741553,-115.507444,1.545));
#6300 = VECTOR('',#6301,1.);
#6301 = DIRECTION('',(-0.997452593466,7.133248760035E-02,0.));
#6302 = ORIENTED_EDGE('',*,*,#6303,.F.);
#6303 = EDGE_CURVE('',#6304,#6296,#6306,.T.);
#6304 = VERTEX_POINT('',#6305);
#6305 = CARTESIAN_POINT('',(166.671861,-115.50246,1.51));
#6306 = LINE('',#6307,#6308);
#6307 = CARTESIAN_POINT('',(166.671861,-115.50246,1.51));
#6308 = VECTOR('',#6309,1.);
#6309 = DIRECTION('',(0.,0.,1.));
#6310 = ORIENTED_EDGE('',*,*,#6311,.F.);
#6311 = EDGE_CURVE('',#6273,#6304,#6312,.T.);
#6312 = LINE('',#6313,#6314);
#6313 = CARTESIAN_POINT('',(166.741553,-115.507444,1.51));
#6314 = VECTOR('',#6315,1.);
#6315 = DIRECTION('',(-0.997452593466,7.133248760035E-02,0.));
#6316 = PLANE('',#6317);
#6317 = AXIS2_PLACEMENT_3D('',#6318,#6319,#6320);
#6318 = CARTESIAN_POINT('',(166.741553,-115.507444,1.51));
#6319 = DIRECTION('',(-7.133248760035E-02,-0.997452593466,0.));
#6320 = DIRECTION('',(-0.997452593466,7.133248760035E-02,0.));
#6321 = ADVANCED_FACE('',(#6322),#6347,.T.);
#6322 = FACE_BOUND('',#6323,.T.);
#6323 = EDGE_LOOP('',(#6324,#6325,#6333,#6341));
#6324 = ORIENTED_EDGE('',*,*,#6303,.T.);
#6325 = ORIENTED_EDGE('',*,*,#6326,.T.);
#6326 = EDGE_CURVE('',#6296,#6327,#6329,.T.);
#6327 = VERTEX_POINT('',#6328);
#6328 = CARTESIAN_POINT('',(166.627512,-115.473959,1.545));
#6329 = LINE('',#6330,#6331);
#6330 = CARTESIAN_POINT('',(166.671861,-115.50246,1.545));
#6331 = VECTOR('',#6332,1.);
#6332 = DIRECTION('',(-0.841256739422,0.540635827871,0.));
#6333 = ORIENTED_EDGE('',*,*,#6334,.F.);
#6334 = EDGE_CURVE('',#6335,#6327,#6337,.T.);
#6335 = VERTEX_POINT('',#6336);
#6336 = CARTESIAN_POINT('',(166.627512,-115.473959,1.51));
#6337 = LINE('',#6338,#6339);
#6338 = CARTESIAN_POINT('',(166.627512,-115.473959,1.51));
#6339 = VECTOR('',#6340,1.);
#6340 = DIRECTION('',(0.,0.,1.));
#6341 = ORIENTED_EDGE('',*,*,#6342,.F.);
#6342 = EDGE_CURVE('',#6304,#6335,#6343,.T.);
#6343 = LINE('',#6344,#6345);
#6344 = CARTESIAN_POINT('',(166.671861,-115.50246,1.51));
#6345 = VECTOR('',#6346,1.);
#6346 = DIRECTION('',(-0.841256739422,0.540635827871,0.));
#6347 = PLANE('',#6348);
#6348 = AXIS2_PLACEMENT_3D('',#6349,#6350,#6351);
#6349 = CARTESIAN_POINT('',(166.671861,-115.50246,1.51));
#6350 = DIRECTION('',(-0.540635827871,-0.841256739422,0.));
#6351 = DIRECTION('',(-0.841256739422,0.540635827871,0.));
#6352 = ADVANCED_FACE('',(#6353),#6378,.T.);
#6353 = FACE_BOUND('',#6354,.T.);
#6354 = EDGE_LOOP('',(#6355,#6356,#6364,#6372));
#6355 = ORIENTED_EDGE('',*,*,#6334,.T.);
#6356 = ORIENTED_EDGE('',*,*,#6357,.T.);
#6357 = EDGE_CURVE('',#6327,#6358,#6360,.T.);
#6358 = VERTEX_POINT('',#6359);
#6359 = CARTESIAN_POINT('',(165.392733,-114.23918,1.545));
#6360 = LINE('',#6361,#6362);
#6361 = CARTESIAN_POINT('',(166.627512,-115.473959,1.545));
#6362 = VECTOR('',#6363,1.);
#6363 = DIRECTION('',(-0.707106781187,0.707106781187,0.));
#6364 = ORIENTED_EDGE('',*,*,#6365,.F.);
#6365 = EDGE_CURVE('',#6366,#6358,#6368,.T.);
#6366 = VERTEX_POINT('',#6367);
#6367 = CARTESIAN_POINT('',(165.392733,-114.23918,1.51));
#6368 = LINE('',#6369,#6370);
#6369 = CARTESIAN_POINT('',(165.392733,-114.23918,1.51));
#6370 = VECTOR('',#6371,1.);
#6371 = DIRECTION('',(0.,0.,1.));
#6372 = ORIENTED_EDGE('',*,*,#6373,.F.);
#6373 = EDGE_CURVE('',#6335,#6366,#6374,.T.);
#6374 = LINE('',#6375,#6376);
#6375 = CARTESIAN_POINT('',(166.627512,-115.473959,1.51));
#6376 = VECTOR('',#6377,1.);
#6377 = DIRECTION('',(-0.707106781187,0.707106781187,0.));
#6378 = PLANE('',#6379);
#6379 = AXIS2_PLACEMENT_3D('',#6380,#6381,#6382);
#6380 = CARTESIAN_POINT('',(166.627512,-115.473959,1.51));
#6381 = DIRECTION('',(-0.707106781187,-0.707106781187,0.));
#6382 = DIRECTION('',(-0.707106781187,0.707106781187,0.));
#6383 = ADVANCED_FACE('',(#6384),#6411,.T.);
#6384 = FACE_BOUND('',#6385,.T.);
#6385 = EDGE_LOOP('',(#6386,#6387,#6396,#6404));
#6386 = ORIENTED_EDGE('',*,*,#6365,.T.);
#6387 = ORIENTED_EDGE('',*,*,#6388,.T.);
#6388 = EDGE_CURVE('',#6358,#6389,#6391,.T.);
#6389 = VERTEX_POINT('',#6390);
#6390 = CARTESIAN_POINT('',(165.392734,-114.063817,1.545));
#6391 = CIRCLE('',#6392,0.123999361649);
#6392 = AXIS2_PLACEMENT_3D('',#6393,#6394,#6395);
#6393 = CARTESIAN_POINT('',(165.48041357896,-114.1514989999,1.545));
#6394 = DIRECTION('',(0.,0.,-1.));
#6395 = DIRECTION('',(-0.707105083404,-0.707108478965,-0.));
#6396 = ORIENTED_EDGE('',*,*,#6397,.F.);
#6397 = EDGE_CURVE('',#6398,#6389,#6400,.T.);
#6398 = VERTEX_POINT('',#6399);
#6399 = CARTESIAN_POINT('',(165.392734,-114.063817,1.51));
#6400 = LINE('',#6401,#6402);
#6401 = CARTESIAN_POINT('',(165.392734,-114.063817,1.51));
#6402 = VECTOR('',#6403,1.);
#6403 = DIRECTION('',(0.,0.,1.));
#6404 = ORIENTED_EDGE('',*,*,#6405,.F.);
#6405 = EDGE_CURVE('',#6366,#6398,#6406,.T.);
#6406 = CIRCLE('',#6407,0.123999361649);
#6407 = AXIS2_PLACEMENT_3D('',#6408,#6409,#6410);
#6408 = CARTESIAN_POINT('',(165.48041357896,-114.1514989999,1.51));
#6409 = DIRECTION('',(0.,0.,-1.));
#6410 = DIRECTION('',(-0.707105083404,-0.707108478965,-0.));
#6411 = CYLINDRICAL_SURFACE('',#6412,0.123999361649);
#6412 = AXIS2_PLACEMENT_3D('',#6413,#6414,#6415);
#6413 = CARTESIAN_POINT('',(165.48041357896,-114.1514989999,1.51));
#6414 = DIRECTION('',(0.,0.,-1.));
#6415 = DIRECTION('',(-0.707105083404,-0.707108478965,-0.));
#6416 = ADVANCED_FACE('',(#6417),#6442,.T.);
#6417 = FACE_BOUND('',#6418,.T.);
#6418 = EDGE_LOOP('',(#6419,#6420,#6428,#6436));
#6419 = ORIENTED_EDGE('',*,*,#6397,.T.);
#6420 = ORIENTED_EDGE('',*,*,#6421,.T.);
#6421 = EDGE_CURVE('',#6389,#6422,#6424,.T.);
#6422 = VERTEX_POINT('',#6423);
#6423 = CARTESIAN_POINT('',(165.98271,-113.419516,1.545));
#6424 = LINE('',#6425,#6426);
#6425 = CARTESIAN_POINT('',(165.392734,-114.063817,1.545));
#6426 = VECTOR('',#6427,1.);
#6427 = DIRECTION('',(0.675330642984,0.737515099945,0.));
#6428 = ORIENTED_EDGE('',*,*,#6429,.F.);
#6429 = EDGE_CURVE('',#6430,#6422,#6432,.T.);
#6430 = VERTEX_POINT('',#6431);
#6431 = CARTESIAN_POINT('',(165.98271,-113.419516,1.51));
#6432 = LINE('',#6433,#6434);
#6433 = CARTESIAN_POINT('',(165.98271,-113.419516,1.51));
#6434 = VECTOR('',#6435,1.);
#6435 = DIRECTION('',(0.,0.,1.));
#6436 = ORIENTED_EDGE('',*,*,#6437,.F.);
#6437 = EDGE_CURVE('',#6398,#6430,#6438,.T.);
#6438 = LINE('',#6439,#6440);
#6439 = CARTESIAN_POINT('',(165.392734,-114.063817,1.51));
#6440 = VECTOR('',#6441,1.);
#6441 = DIRECTION('',(0.675330642984,0.737515099945,0.));
#6442 = PLANE('',#6443);
#6443 = AXIS2_PLACEMENT_3D('',#6444,#6445,#6446);
#6444 = CARTESIAN_POINT('',(165.392734,-114.063817,1.51));
#6445 = DIRECTION('',(-0.737515099945,0.675330642984,0.));
#6446 = DIRECTION('',(0.675330642984,0.737515099945,0.));
#6447 = ADVANCED_FACE('',(#6448),#6475,.F.);
#6448 = FACE_BOUND('',#6449,.T.);
#6449 = EDGE_LOOP('',(#6450,#6451,#6460,#6468));
#6450 = ORIENTED_EDGE('',*,*,#6429,.T.);
#6451 = ORIENTED_EDGE('',*,*,#6452,.T.);
#6452 = EDGE_CURVE('',#6422,#6453,#6455,.T.);
#6453 = VERTEX_POINT('',#6454);
#6454 = CARTESIAN_POINT('',(168.328031,-109.995759,1.545));
#6455 = CIRCLE('',#6456,18.005211166797);
#6456 = AXIS2_PLACEMENT_3D('',#6457,#6458,#6459);
#6457 = CARTESIAN_POINT('',(152.40007475362,-101.6000553978,1.545));
#6458 = DIRECTION('',(0.,0.,1.));
#6459 = DIRECTION('',(0.754372449206,-0.656446652728,0.));
#6460 = ORIENTED_EDGE('',*,*,#6461,.F.);
#6461 = EDGE_CURVE('',#6462,#6453,#6464,.T.);
#6462 = VERTEX_POINT('',#6463);
#6463 = CARTESIAN_POINT('',(168.328031,-109.995759,1.51));
#6464 = LINE('',#6465,#6466);
#6465 = CARTESIAN_POINT('',(168.328031,-109.995759,1.51));
#6466 = VECTOR('',#6467,1.);
#6467 = DIRECTION('',(0.,0.,1.));
#6468 = ORIENTED_EDGE('',*,*,#6469,.F.);
#6469 = EDGE_CURVE('',#6430,#6462,#6470,.T.);
#6470 = CIRCLE('',#6471,18.005211166797);
#6471 = AXIS2_PLACEMENT_3D('',#6472,#6473,#6474);
#6472 = CARTESIAN_POINT('',(152.40007475362,-101.6000553978,1.51));
#6473 = DIRECTION('',(0.,0.,1.));
#6474 = DIRECTION('',(0.754372449206,-0.656446652728,0.));
#6475 = CYLINDRICAL_SURFACE('',#6476,18.005211166797);
#6476 = AXIS2_PLACEMENT_3D('',#6477,#6478,#6479);
#6477 = CARTESIAN_POINT('',(152.40007475362,-101.6000553978,1.51));
#6478 = DIRECTION('',(-0.,-0.,-1.));
#6479 = DIRECTION('',(0.754372449206,-0.656446652728,0.));
#6480 = ADVANCED_FACE('',(#6481),#6497,.T.);
#6481 = FACE_BOUND('',#6482,.T.);
#6482 = EDGE_LOOP('',(#6483,#6484,#6490,#6491));
#6483 = ORIENTED_EDGE('',*,*,#6461,.T.);
#6484 = ORIENTED_EDGE('',*,*,#6485,.T.);
#6485 = EDGE_CURVE('',#6453,#5970,#6486,.T.);
#6486 = LINE('',#6487,#6488);
#6487 = CARTESIAN_POINT('',(168.328031,-109.995759,1.545));
#6488 = VECTOR('',#6489,1.);
#6489 = DIRECTION('',(0.445737403689,0.895163765437,0.));
#6490 = ORIENTED_EDGE('',*,*,#5967,.F.);
#6491 = ORIENTED_EDGE('',*,*,#6492,.F.);
#6492 = EDGE_CURVE('',#6462,#5968,#6493,.T.);
#6493 = LINE('',#6494,#6495);
#6494 = CARTESIAN_POINT('',(168.328031,-109.995759,1.51));
#6495 = VECTOR('',#6496,1.);
#6496 = DIRECTION('',(0.445737403689,0.895163765437,0.));
#6497 = PLANE('',#6498);
#6498 = AXIS2_PLACEMENT_3D('',#6499,#6500,#6501);
#6499 = CARTESIAN_POINT('',(168.328031,-109.995759,1.51));
#6500 = DIRECTION('',(-0.895163765437,0.445737403689,0.));
#6501 = DIRECTION('',(0.445737403689,0.895163765437,0.));
#6502 = ADVANCED_FACE('',(#6503),#6522,.F.);
#6503 = FACE_BOUND('',#6504,.T.);
#6504 = EDGE_LOOP('',(#6505,#6506,#6507,#6508,#6509,#6510,#6511,#6512,
    #6513,#6514,#6515,#6516,#6517,#6518,#6519,#6520,#6521));
#6505 = ORIENTED_EDGE('',*,*,#5994,.T.);
#6506 = ORIENTED_EDGE('',*,*,#6026,.T.);
#6507 = ORIENTED_EDGE('',*,*,#6057,.T.);
#6508 = ORIENTED_EDGE('',*,*,#6089,.T.);
#6509 = ORIENTED_EDGE('',*,*,#6121,.T.);
#6510 = ORIENTED_EDGE('',*,*,#6152,.T.);
#6511 = ORIENTED_EDGE('',*,*,#6184,.T.);
#6512 = ORIENTED_EDGE('',*,*,#6216,.T.);
#6513 = ORIENTED_EDGE('',*,*,#6248,.T.);
#6514 = ORIENTED_EDGE('',*,*,#6280,.T.);
#6515 = ORIENTED_EDGE('',*,*,#6311,.T.);
#6516 = ORIENTED_EDGE('',*,*,#6342,.T.);
#6517 = ORIENTED_EDGE('',*,*,#6373,.T.);
#6518 = ORIENTED_EDGE('',*,*,#6405,.T.);
#6519 = ORIENTED_EDGE('',*,*,#6437,.T.);
#6520 = ORIENTED_EDGE('',*,*,#6469,.T.);
#6521 = ORIENTED_EDGE('',*,*,#6492,.T.);
#6522 = PLANE('',#6523);
#6523 = AXIS2_PLACEMENT_3D('',#6524,#6525,#6526);
#6524 = CARTESIAN_POINT('',(0.,0.,1.51));
#6525 = DIRECTION('',(0.,0.,1.));
#6526 = DIRECTION('',(1.,0.,-0.));
#6527 = ADVANCED_FACE('',(#6528),#6547,.T.);
#6528 = FACE_BOUND('',#6529,.F.);
#6529 = EDGE_LOOP('',(#6530,#6531,#6532,#6533,#6534,#6535,#6536,#6537,
    #6538,#6539,#6540,#6541,#6542,#6543,#6544,#6545,#6546));
#6530 = ORIENTED_EDGE('',*,*,#5977,.T.);
#6531 = ORIENTED_EDGE('',*,*,#6010,.T.);
#6532 = ORIENTED_EDGE('',*,*,#6041,.T.);
#6533 = ORIENTED_EDGE('',*,*,#6072,.T.);
#6534 = ORIENTED_EDGE('',*,*,#6105,.T.);
#6535 = ORIENTED_EDGE('',*,*,#6136,.T.);
#6536 = ORIENTED_EDGE('',*,*,#6167,.T.);
#6537 = ORIENTED_EDGE('',*,*,#6200,.T.);
#6538 = ORIENTED_EDGE('',*,*,#6231,.T.);
#6539 = ORIENTED_EDGE('',*,*,#6264,.T.);
#6540 = ORIENTED_EDGE('',*,*,#6295,.T.);
#6541 = ORIENTED_EDGE('',*,*,#6326,.T.);
#6542 = ORIENTED_EDGE('',*,*,#6357,.T.);
#6543 = ORIENTED_EDGE('',*,*,#6388,.T.);
#6544 = ORIENTED_EDGE('',*,*,#6421,.T.);
#6545 = ORIENTED_EDGE('',*,*,#6452,.T.);
#6546 = ORIENTED_EDGE('',*,*,#6485,.T.);
#6547 = PLANE('',#6548);
#6548 = AXIS2_PLACEMENT_3D('',#6549,#6550,#6551);
#6549 = CARTESIAN_POINT('',(0.,0.,1.545));
#6550 = DIRECTION('',(0.,0.,1.));
#6551 = DIRECTION('',(1.,0.,-0.));
#6552 = MANIFOLD_SOLID_BREP('',#6553);
#6553 = CLOSED_SHELL('',(#6554,#6594,#6625,#6658,#6689,#6722,#6753,#6786
    ,#6817,#6848,#6881,#6912,#6943,#6976,#7007,#7040,#7071,#7093,#7118)
  );
#6554 = ADVANCED_FACE('',(#6555),#6589,.T.);
#6555 = FACE_BOUND('',#6556,.T.);
#6556 = EDGE_LOOP('',(#6557,#6567,#6575,#6583));
#6557 = ORIENTED_EDGE('',*,*,#6558,.T.);
#6558 = EDGE_CURVE('',#6559,#6561,#6563,.T.);
#6559 = VERTEX_POINT('',#6560);
#6560 = CARTESIAN_POINT('',(170.472989,-101.861206,1.51));
#6561 = VERTEX_POINT('',#6562);
#6562 = CARTESIAN_POINT('',(170.472989,-101.861206,1.545));
#6563 = LINE('',#6564,#6565);
#6564 = CARTESIAN_POINT('',(170.472989,-101.861206,1.51));
#6565 = VECTOR('',#6566,1.);
#6566 = DIRECTION('',(0.,0.,1.));
#6567 = ORIENTED_EDGE('',*,*,#6568,.T.);
#6568 = EDGE_CURVE('',#6561,#6569,#6571,.T.);
#6569 = VERTEX_POINT('',#6570);
#6570 = CARTESIAN_POINT('',(170.5245,-101.85,1.545));
#6571 = LINE('',#6572,#6573);
#6572 = CARTESIAN_POINT('',(170.472989,-101.861206,1.545));
#6573 = VECTOR('',#6574,1.);
#6574 = DIRECTION('',(0.977145022575,0.212573763332,0.));
#6575 = ORIENTED_EDGE('',*,*,#6576,.F.);
#6576 = EDGE_CURVE('',#6577,#6569,#6579,.T.);
#6577 = VERTEX_POINT('',#6578);
#6578 = CARTESIAN_POINT('',(170.5245,-101.85,1.51));
#6579 = LINE('',#6580,#6581);
#6580 = CARTESIAN_POINT('',(170.5245,-101.85,1.51));
#6581 = VECTOR('',#6582,1.);
#6582 = DIRECTION('',(0.,0.,1.));
#6583 = ORIENTED_EDGE('',*,*,#6584,.F.);
#6584 = EDGE_CURVE('',#6559,#6577,#6585,.T.);
#6585 = LINE('',#6586,#6587);
#6586 = CARTESIAN_POINT('',(170.472989,-101.861206,1.51));
#6587 = VECTOR('',#6588,1.);
#6588 = DIRECTION('',(0.977145022575,0.212573763332,0.));
#6589 = PLANE('',#6590);
#6590 = AXIS2_PLACEMENT_3D('',#6591,#6592,#6593);
#6591 = CARTESIAN_POINT('',(170.472989,-101.861206,1.51));
#6592 = DIRECTION('',(-0.212573763332,0.977145022575,0.));
#6593 = DIRECTION('',(0.977145022575,0.212573763332,0.));
#6594 = ADVANCED_FACE('',(#6595),#6620,.T.);
#6595 = FACE_BOUND('',#6596,.T.);
#6596 = EDGE_LOOP('',(#6597,#6598,#6606,#6614));
#6597 = ORIENTED_EDGE('',*,*,#6576,.T.);
#6598 = ORIENTED_EDGE('',*,*,#6599,.T.);
#6599 = EDGE_CURVE('',#6569,#6600,#6602,.T.);
#6600 = VERTEX_POINT('',#6601);
#6601 = CARTESIAN_POINT('',(172.270741,-101.85,1.545));
#6602 = LINE('',#6603,#6604);
#6603 = CARTESIAN_POINT('',(170.5245,-101.85,1.545));
#6604 = VECTOR('',#6605,1.);
#6605 = DIRECTION('',(1.,0.,0.));
#6606 = ORIENTED_EDGE('',*,*,#6607,.F.);
#6607 = EDGE_CURVE('',#6608,#6600,#6610,.T.);
#6608 = VERTEX_POINT('',#6609);
#6609 = CARTESIAN_POINT('',(172.270741,-101.85,1.51));
#6610 = LINE('',#6611,#6612);
#6611 = CARTESIAN_POINT('',(172.270741,-101.85,1.51));
#6612 = VECTOR('',#6613,1.);
#6613 = DIRECTION('',(0.,0.,1.));
#6614 = ORIENTED_EDGE('',*,*,#6615,.F.);
#6615 = EDGE_CURVE('',#6577,#6608,#6616,.T.);
#6616 = LINE('',#6617,#6618);
#6617 = CARTESIAN_POINT('',(170.5245,-101.85,1.51));
#6618 = VECTOR('',#6619,1.);
#6619 = DIRECTION('',(1.,0.,0.));
#6620 = PLANE('',#6621);
#6621 = AXIS2_PLACEMENT_3D('',#6622,#6623,#6624);
#6622 = CARTESIAN_POINT('',(170.5245,-101.85,1.51));
#6623 = DIRECTION('',(0.,1.,0.));
#6624 = DIRECTION('',(1.,0.,0.));
#6625 = ADVANCED_FACE('',(#6626),#6653,.T.);
#6626 = FACE_BOUND('',#6627,.T.);
#6627 = EDGE_LOOP('',(#6628,#6629,#6638,#6646));
#6628 = ORIENTED_EDGE('',*,*,#6607,.T.);
#6629 = ORIENTED_EDGE('',*,*,#6630,.T.);
#6630 = EDGE_CURVE('',#6600,#6631,#6633,.T.);
#6631 = VERTEX_POINT('',#6632);
#6632 = CARTESIAN_POINT('',(172.394741,-101.974,1.545));
#6633 = CIRCLE('',#6634,0.124001618184);
#6634 = AXIS2_PLACEMENT_3D('',#6635,#6636,#6637);
#6635 = CARTESIAN_POINT('',(172.27073938182,-101.9740016181,1.545));
#6636 = DIRECTION('',(0.,0.,-1.));
#6637 = DIRECTION('',(1.304961793624E-05,0.999999999915,0.));
#6638 = ORIENTED_EDGE('',*,*,#6639,.F.);
#6639 = EDGE_CURVE('',#6640,#6631,#6642,.T.);
#6640 = VERTEX_POINT('',#6641);
#6641 = CARTESIAN_POINT('',(172.394741,-101.974,1.51));
#6642 = LINE('',#6643,#6644);
#6643 = CARTESIAN_POINT('',(172.394741,-101.974,1.51));
#6644 = VECTOR('',#6645,1.);
#6645 = DIRECTION('',(0.,0.,1.));
#6646 = ORIENTED_EDGE('',*,*,#6647,.F.);
#6647 = EDGE_CURVE('',#6608,#6640,#6648,.T.);
#6648 = CIRCLE('',#6649,0.124001618184);
#6649 = AXIS2_PLACEMENT_3D('',#6650,#6651,#6652);
#6650 = CARTESIAN_POINT('',(172.27073938182,-101.9740016181,1.51));
#6651 = DIRECTION('',(0.,0.,-1.));
#6652 = DIRECTION('',(1.304961793624E-05,0.999999999915,0.));
#6653 = CYLINDRICAL_SURFACE('',#6654,0.124001618184);
#6654 = AXIS2_PLACEMENT_3D('',#6655,#6656,#6657);
#6655 = CARTESIAN_POINT('',(172.27073938182,-101.9740016181,1.51));
#6656 = DIRECTION('',(0.,0.,-1.));
#6657 = DIRECTION('',(1.304961793624E-05,0.999999999915,0.));
#6658 = ADVANCED_FACE('',(#6659),#6684,.T.);
#6659 = FACE_BOUND('',#6660,.T.);
#6660 = EDGE_LOOP('',(#6661,#6662,#6670,#6678));
#6661 = ORIENTED_EDGE('',*,*,#6639,.T.);
#6662 = ORIENTED_EDGE('',*,*,#6663,.T.);
#6663 = EDGE_CURVE('',#6631,#6664,#6666,.T.);
#6664 = VERTEX_POINT('',#6665);
#6665 = CARTESIAN_POINT('',(172.352753,-102.952913,1.545));
#6666 = LINE('',#6667,#6668);
#6667 = CARTESIAN_POINT('',(172.394741,-101.974,1.545));
#6668 = VECTOR('',#6669,1.);
#6669 = DIRECTION('',(-4.285307192898E-02,-0.999081385187,0.));
#6670 = ORIENTED_EDGE('',*,*,#6671,.F.);
#6671 = EDGE_CURVE('',#6672,#6664,#6674,.T.);
#6672 = VERTEX_POINT('',#6673);
#6673 = CARTESIAN_POINT('',(172.352753,-102.952913,1.51));
#6674 = LINE('',#6675,#6676);
#6675 = CARTESIAN_POINT('',(172.352753,-102.952913,1.51));
#6676 = VECTOR('',#6677,1.);
#6677 = DIRECTION('',(0.,0.,1.));
#6678 = ORIENTED_EDGE('',*,*,#6679,.F.);
#6679 = EDGE_CURVE('',#6640,#6672,#6680,.T.);
#6680 = LINE('',#6681,#6682);
#6681 = CARTESIAN_POINT('',(172.394741,-101.974,1.51));
#6682 = VECTOR('',#6683,1.);
#6683 = DIRECTION('',(-4.285307192898E-02,-0.999081385187,0.));
#6684 = PLANE('',#6685);
#6685 = AXIS2_PLACEMENT_3D('',#6686,#6687,#6688);
#6686 = CARTESIAN_POINT('',(172.394741,-101.974,1.51));
#6687 = DIRECTION('',(0.999081385187,-4.285307192898E-02,0.));
#6688 = DIRECTION('',(-4.285307192898E-02,-0.999081385187,0.));
#6689 = ADVANCED_FACE('',(#6690),#6717,.T.);
#6690 = FACE_BOUND('',#6691,.T.);
#6691 = EDGE_LOOP('',(#6692,#6693,#6702,#6710));
#6692 = ORIENTED_EDGE('',*,*,#6671,.T.);
#6693 = ORIENTED_EDGE('',*,*,#6694,.T.);
#6694 = EDGE_CURVE('',#6664,#6695,#6697,.T.);
#6695 = VERTEX_POINT('',#6696);
#6696 = CARTESIAN_POINT('',(171.57682,-107.271591,1.545));
#6697 = CIRCLE('',#6698,20.002734234306);
#6698 = AXIS2_PLACEMENT_3D('',#6699,#6700,#6701);
#6699 = CARTESIAN_POINT('',(152.39607149126,-101.5963585384,1.545));
#6700 = DIRECTION('',(0.,0.,-1.));
#6701 = DIRECTION('',(0.997697678476,-6.78184515022E-02,0.));
#6702 = ORIENTED_EDGE('',*,*,#6703,.F.);
#6703 = EDGE_CURVE('',#6704,#6695,#6706,.T.);
#6704 = VERTEX_POINT('',#6705);
#6705 = CARTESIAN_POINT('',(171.57682,-107.271591,1.51));
#6706 = LINE('',#6707,#6708);
#6707 = CARTESIAN_POINT('',(171.57682,-107.271591,1.51));
#6708 = VECTOR('',#6709,1.);
#6709 = DIRECTION('',(0.,0.,1.));
#6710 = ORIENTED_EDGE('',*,*,#6711,.F.);
#6711 = EDGE_CURVE('',#6672,#6704,#6712,.T.);
#6712 = CIRCLE('',#6713,20.002734234306);
#6713 = AXIS2_PLACEMENT_3D('',#6714,#6715,#6716);
#6714 = CARTESIAN_POINT('',(152.39607149126,-101.5963585384,1.51));
#6715 = DIRECTION('',(0.,0.,-1.));
#6716 = DIRECTION('',(0.997697678476,-6.78184515022E-02,0.));
#6717 = CYLINDRICAL_SURFACE('',#6718,20.002734234306);
#6718 = AXIS2_PLACEMENT_3D('',#6719,#6720,#6721);
#6719 = CARTESIAN_POINT('',(152.39607149126,-101.5963585384,1.51));
#6720 = DIRECTION('',(0.,0.,-1.));
#6721 = DIRECTION('',(0.997697678476,-6.78184515022E-02,0.));
#6722 = ADVANCED_FACE('',(#6723),#6748,.T.);
#6723 = FACE_BOUND('',#6724,.T.);
#6724 = EDGE_LOOP('',(#6725,#6726,#6734,#6742));
#6725 = ORIENTED_EDGE('',*,*,#6703,.T.);
#6726 = ORIENTED_EDGE('',*,*,#6727,.T.);
#6727 = EDGE_CURVE('',#6695,#6728,#6730,.T.);
#6728 = VERTEX_POINT('',#6729);
#6729 = CARTESIAN_POINT('',(171.391489,-107.859388,1.545));
#6730 = LINE('',#6731,#6732);
#6731 = CARTESIAN_POINT('',(171.57682,-107.271591,1.545));
#6732 = VECTOR('',#6733,1.);
#6733 = DIRECTION('',(-0.300704792695,-0.953717268193,0.));
#6734 = ORIENTED_EDGE('',*,*,#6735,.F.);
#6735 = EDGE_CURVE('',#6736,#6728,#6738,.T.);
#6736 = VERTEX_POINT('',#6737);
#6737 = CARTESIAN_POINT('',(171.391489,-107.859388,1.51));
#6738 = LINE('',#6739,#6740);
#6739 = CARTESIAN_POINT('',(171.391489,-107.859388,1.51));
#6740 = VECTOR('',#6741,1.);
#6741 = DIRECTION('',(0.,0.,1.));
#6742 = ORIENTED_EDGE('',*,*,#6743,.F.);
#6743 = EDGE_CURVE('',#6704,#6736,#6744,.T.);
#6744 = LINE('',#6745,#6746);
#6745 = CARTESIAN_POINT('',(171.57682,-107.271591,1.51));
#6746 = VECTOR('',#6747,1.);
#6747 = DIRECTION('',(-0.300704792695,-0.953717268193,0.));
#6748 = PLANE('',#6749);
#6749 = AXIS2_PLACEMENT_3D('',#6750,#6751,#6752);
#6750 = CARTESIAN_POINT('',(171.57682,-107.271591,1.51));
#6751 = DIRECTION('',(0.953717268193,-0.300704792695,0.));
#6752 = DIRECTION('',(-0.300704792695,-0.953717268193,0.));
#6753 = ADVANCED_FACE('',(#6754),#6781,.T.);
#6754 = FACE_BOUND('',#6755,.T.);
#6755 = EDGE_LOOP('',(#6756,#6757,#6766,#6774));
#6756 = ORIENTED_EDGE('',*,*,#6735,.T.);
#6757 = ORIENTED_EDGE('',*,*,#6758,.T.);
#6758 = EDGE_CURVE('',#6728,#6759,#6761,.T.);
#6759 = VERTEX_POINT('',#6760);
#6760 = CARTESIAN_POINT('',(171.225775,-107.936662,1.545));
#6761 = CIRCLE('',#6762,0.124000158935);
#6762 = AXIS2_PLACEMENT_3D('',#6763,#6764,#6765);
#6763 = CARTESIAN_POINT('',(171.27322783049,-107.822100801,1.545));
#6764 = DIRECTION('',(0.,0.,-1.));
#6765 = DIRECTION('',(0.953717886536,-0.300702831548,0.));
#6766 = ORIENTED_EDGE('',*,*,#6767,.F.);
#6767 = EDGE_CURVE('',#6768,#6759,#6770,.T.);
#6768 = VERTEX_POINT('',#6769);
#6769 = CARTESIAN_POINT('',(171.225775,-107.936662,1.51));
#6770 = LINE('',#6771,#6772);
#6771 = CARTESIAN_POINT('',(171.225775,-107.936662,1.51));
#6772 = VECTOR('',#6773,1.);
#6773 = DIRECTION('',(0.,0.,1.));
#6774 = ORIENTED_EDGE('',*,*,#6775,.F.);
#6775 = EDGE_CURVE('',#6736,#6768,#6776,.T.);
#6776 = CIRCLE('',#6777,0.124000158935);
#6777 = AXIS2_PLACEMENT_3D('',#6778,#6779,#6780);
#6778 = CARTESIAN_POINT('',(171.27322783049,-107.822100801,1.51));
#6779 = DIRECTION('',(0.,0.,-1.));
#6780 = DIRECTION('',(0.953717886536,-0.300702831548,0.));
#6781 = CYLINDRICAL_SURFACE('',#6782,0.124000158935);
#6782 = AXIS2_PLACEMENT_3D('',#6783,#6784,#6785);
#6783 = CARTESIAN_POINT('',(171.27322783049,-107.822100801,1.51));
#6784 = DIRECTION('',(0.,0.,-1.));
#6785 = DIRECTION('',(0.953717886536,-0.300702831548,0.));
#6786 = ADVANCED_FACE('',(#6787),#6812,.T.);
#6787 = FACE_BOUND('',#6788,.T.);
#6788 = EDGE_LOOP('',(#6789,#6790,#6798,#6806));
#6789 = ORIENTED_EDGE('',*,*,#6767,.T.);
#6790 = ORIENTED_EDGE('',*,*,#6791,.T.);
#6791 = EDGE_CURVE('',#6759,#6792,#6794,.T.);
#6792 = VERTEX_POINT('',#6793);
#6793 = CARTESIAN_POINT('',(170.701303,-107.719417,1.545));
#6794 = LINE('',#6795,#6796);
#6795 = CARTESIAN_POINT('',(171.225775,-107.936662,1.545));
#6796 = VECTOR('',#6797,1.);
#6797 = DIRECTION('',(-0.923878545675,0.382685814791,0.));
#6798 = ORIENTED_EDGE('',*,*,#6799,.F.);
#6799 = EDGE_CURVE('',#6800,#6792,#6802,.T.);
#6800 = VERTEX_POINT('',#6801);
#6801 = CARTESIAN_POINT('',(170.701303,-107.719417,1.51));
#6802 = LINE('',#6803,#6804);
#6803 = CARTESIAN_POINT('',(170.701303,-107.719417,1.51));
#6804 = VECTOR('',#6805,1.);
#6805 = DIRECTION('',(0.,0.,1.));
#6806 = ORIENTED_EDGE('',*,*,#6807,.F.);
#6807 = EDGE_CURVE('',#6768,#6800,#6808,.T.);
#6808 = LINE('',#6809,#6810);
#6809 = CARTESIAN_POINT('',(171.225775,-107.936662,1.51));
#6810 = VECTOR('',#6811,1.);
#6811 = DIRECTION('',(-0.923878545675,0.382685814791,0.));
#6812 = PLANE('',#6813);
#6813 = AXIS2_PLACEMENT_3D('',#6814,#6815,#6816);
#6814 = CARTESIAN_POINT('',(171.225775,-107.936662,1.51));
#6815 = DIRECTION('',(-0.382685814791,-0.923878545675,0.));
#6816 = DIRECTION('',(-0.923878545675,0.382685814791,0.));
#6817 = ADVANCED_FACE('',(#6818),#6843,.T.);
#6818 = FACE_BOUND('',#6819,.T.);
#6819 = EDGE_LOOP('',(#6820,#6821,#6829,#6837));
#6820 = ORIENTED_EDGE('',*,*,#6799,.T.);
#6821 = ORIENTED_EDGE('',*,*,#6822,.T.);
#6822 = EDGE_CURVE('',#6792,#6823,#6825,.T.);
#6823 = VERTEX_POINT('',#6824);
#6824 = CARTESIAN_POINT('',(170.352158,-108.562326,1.545));
#6825 = LINE('',#6826,#6827);
#6826 = CARTESIAN_POINT('',(170.701303,-107.719417,1.545));
#6827 = VECTOR('',#6828,1.);
#6828 = DIRECTION('',(-0.382684050156,-0.923879276614,0.));
#6829 = ORIENTED_EDGE('',*,*,#6830,.F.);
#6830 = EDGE_CURVE('',#6831,#6823,#6833,.T.);
#6831 = VERTEX_POINT('',#6832);
#6832 = CARTESIAN_POINT('',(170.352158,-108.562326,1.51));
#6833 = LINE('',#6834,#6835);
#6834 = CARTESIAN_POINT('',(170.352158,-108.562326,1.51));
#6835 = VECTOR('',#6836,1.);
#6836 = DIRECTION('',(0.,0.,1.));
#6837 = ORIENTED_EDGE('',*,*,#6838,.F.);
#6838 = EDGE_CURVE('',#6800,#6831,#6839,.T.);
#6839 = LINE('',#6840,#6841);
#6840 = CARTESIAN_POINT('',(170.701303,-107.719417,1.51));
#6841 = VECTOR('',#6842,1.);
#6842 = DIRECTION('',(-0.382684050156,-0.923879276614,0.));
#6843 = PLANE('',#6844);
#6844 = AXIS2_PLACEMENT_3D('',#6845,#6846,#6847);
#6845 = CARTESIAN_POINT('',(170.701303,-107.719417,1.51));
#6846 = DIRECTION('',(0.923879276614,-0.382684050156,0.));
#6847 = DIRECTION('',(-0.382684050156,-0.923879276614,0.));
#6848 = ADVANCED_FACE('',(#6849),#6876,.F.);
#6849 = FACE_BOUND('',#6850,.T.);
#6850 = EDGE_LOOP('',(#6851,#6852,#6861,#6869));
#6851 = ORIENTED_EDGE('',*,*,#6830,.T.);
#6852 = ORIENTED_EDGE('',*,*,#6853,.T.);
#6853 = EDGE_CURVE('',#6823,#6854,#6856,.T.);
#6854 = VERTEX_POINT('',#6855);
#6855 = CARTESIAN_POINT('',(169.890219,-108.370985,1.545));
#6856 = CIRCLE('',#6857,0.502052011003);
#6857 = AXIS2_PLACEMENT_3D('',#6858,#6859,#6860);
#6858 = CARTESIAN_POINT('',(169.95457576593,-108.8688950605,1.545));
#6859 = DIRECTION('',(0.,0.,1.));
#6860 = DIRECTION('',(0.791914433868,0.6106320737,-0.));
#6861 = ORIENTED_EDGE('',*,*,#6862,.F.);
#6862 = EDGE_CURVE('',#6863,#6854,#6865,.T.);
#6863 = VERTEX_POINT('',#6864);
#6864 = CARTESIAN_POINT('',(169.890219,-108.370985,1.51));
#6865 = LINE('',#6866,#6867);
#6866 = CARTESIAN_POINT('',(169.890219,-108.370985,1.51));
#6867 = VECTOR('',#6868,1.);
#6868 = DIRECTION('',(0.,0.,1.));
#6869 = ORIENTED_EDGE('',*,*,#6870,.F.);
#6870 = EDGE_CURVE('',#6831,#6863,#6871,.T.);
#6871 = CIRCLE('',#6872,0.502052011003);
#6872 = AXIS2_PLACEMENT_3D('',#6873,#6874,#6875);
#6873 = CARTESIAN_POINT('',(169.95457576593,-108.8688950605,1.51));
#6874 = DIRECTION('',(0.,0.,1.));
#6875 = DIRECTION('',(0.791914433868,0.6106320737,-0.));
#6876 = CYLINDRICAL_SURFACE('',#6877,0.502052011003);
#6877 = AXIS2_PLACEMENT_3D('',#6878,#6879,#6880);
#6878 = CARTESIAN_POINT('',(169.95457576593,-108.8688950605,1.51));
#6879 = DIRECTION('',(-0.,-0.,-1.));
#6880 = DIRECTION('',(0.791914433868,0.6106320737,-0.));
#6881 = ADVANCED_FACE('',(#6882),#6907,.T.);
#6882 = FACE_BOUND('',#6883,.T.);
#6883 = EDGE_LOOP('',(#6884,#6885,#6893,#6901));
#6884 = ORIENTED_EDGE('',*,*,#6862,.T.);
#6885 = ORIENTED_EDGE('',*,*,#6886,.T.);
#6886 = EDGE_CURVE('',#6854,#6887,#6889,.T.);
#6887 = VERTEX_POINT('',#6888);
#6888 = CARTESIAN_POINT('',(170.239363,-107.528077,1.545));
#6889 = LINE('',#6890,#6891);
#6890 = CARTESIAN_POINT('',(169.890219,-108.370985,1.545));
#6891 = VECTOR('',#6892,1.);
#6892 = DIRECTION('',(0.382683502126,0.923879503615,0.));
#6893 = ORIENTED_EDGE('',*,*,#6894,.F.);
#6894 = EDGE_CURVE('',#6895,#6887,#6897,.T.);
#6895 = VERTEX_POINT('',#6896);
#6896 = CARTESIAN_POINT('',(170.239363,-107.528077,1.51));
#6897 = LINE('',#6898,#6899);
#6898 = CARTESIAN_POINT('',(170.239363,-107.528077,1.51));
#6899 = VECTOR('',#6900,1.);
#6900 = DIRECTION('',(0.,0.,1.));
#6901 = ORIENTED_EDGE('',*,*,#6902,.F.);
#6902 = EDGE_CURVE('',#6863,#6895,#6903,.T.);
#6903 = LINE('',#6904,#6905);
#6904 = CARTESIAN_POINT('',(169.890219,-108.370985,1.51));
#6905 = VECTOR('',#6906,1.);
#6906 = DIRECTION('',(0.382683502126,0.923879503615,0.));
#6907 = PLANE('',#6908);
#6908 = AXIS2_PLACEMENT_3D('',#6909,#6910,#6911);
#6909 = CARTESIAN_POINT('',(169.890219,-108.370985,1.51));
#6910 = DIRECTION('',(-0.923879503615,0.382683502126,0.));
#6911 = DIRECTION('',(0.382683502126,0.923879503615,0.));
#6912 = ADVANCED_FACE('',(#6913),#6938,.T.);
#6913 = FACE_BOUND('',#6914,.T.);
#6914 = EDGE_LOOP('',(#6915,#6916,#6924,#6932));
#6915 = ORIENTED_EDGE('',*,*,#6894,.T.);
#6916 = ORIENTED_EDGE('',*,*,#6917,.T.);
#6917 = EDGE_CURVE('',#6887,#6918,#6920,.T.);
#6918 = VERTEX_POINT('',#6919);
#6919 = CARTESIAN_POINT('',(169.618745,-107.273673,1.545));
#6920 = LINE('',#6921,#6922);
#6921 = CARTESIAN_POINT('',(170.239363,-107.528077,1.545));
#6922 = VECTOR('',#6923,1.);
#6923 = DIRECTION('',(-0.925277743666,0.379290254391,0.));
#6924 = ORIENTED_EDGE('',*,*,#6925,.F.);
#6925 = EDGE_CURVE('',#6926,#6918,#6928,.T.);
#6926 = VERTEX_POINT('',#6927);
#6927 = CARTESIAN_POINT('',(169.618745,-107.273673,1.51));
#6928 = LINE('',#6929,#6930);
#6929 = CARTESIAN_POINT('',(169.618745,-107.273673,1.51));
#6930 = VECTOR('',#6931,1.);
#6931 = DIRECTION('',(0.,0.,1.));
#6932 = ORIENTED_EDGE('',*,*,#6933,.F.);
#6933 = EDGE_CURVE('',#6895,#6926,#6934,.T.);
#6934 = LINE('',#6935,#6936);
#6935 = CARTESIAN_POINT('',(170.239363,-107.528077,1.51));
#6936 = VECTOR('',#6937,1.);
#6937 = DIRECTION('',(-0.925277743666,0.379290254391,0.));
#6938 = PLANE('',#6939);
#6939 = AXIS2_PLACEMENT_3D('',#6940,#6941,#6942);
#6940 = CARTESIAN_POINT('',(170.239363,-107.528077,1.51));
#6941 = DIRECTION('',(-0.379290254391,-0.925277743666,0.));
#6942 = DIRECTION('',(-0.925277743666,0.379290254391,0.));
#6943 = ADVANCED_FACE('',(#6944),#6971,.T.);
#6944 = FACE_BOUND('',#6945,.T.);
#6945 = EDGE_LOOP('',(#6946,#6947,#6956,#6964));
#6946 = ORIENTED_EDGE('',*,*,#6925,.T.);
#6947 = ORIENTED_EDGE('',*,*,#6948,.T.);
#6948 = EDGE_CURVE('',#6918,#6949,#6951,.T.);
#6949 = VERTEX_POINT('',#6950);
#6950 = CARTESIAN_POINT('',(169.536111,-107.115297,1.545));
#6951 = CIRCLE('',#6952,0.123999285996);
#6952 = AXIS2_PLACEMENT_3D('',#6953,#6954,#6955);
#6953 = CARTESIAN_POINT('',(169.65368394802,-107.1546978225,1.545));
#6954 = DIRECTION('',(0.,0.,-1.));
#6955 = DIRECTION('',(-0.281767332294,-0.959482761936,-0.));
#6956 = ORIENTED_EDGE('',*,*,#6957,.F.);
#6957 = EDGE_CURVE('',#6958,#6949,#6960,.T.);
#6958 = VERTEX_POINT('',#6959);
#6959 = CARTESIAN_POINT('',(169.536111,-107.115297,1.51));
#6960 = LINE('',#6961,#6962);
#6961 = CARTESIAN_POINT('',(169.536111,-107.115297,1.51));
#6962 = VECTOR('',#6963,1.);
#6963 = DIRECTION('',(0.,0.,1.));
#6964 = ORIENTED_EDGE('',*,*,#6965,.F.);
#6965 = EDGE_CURVE('',#6926,#6958,#6966,.T.);
#6966 = CIRCLE('',#6967,0.123999285996);
#6967 = AXIS2_PLACEMENT_3D('',#6968,#6969,#6970);
#6968 = CARTESIAN_POINT('',(169.65368394802,-107.1546978225,1.51));
#6969 = DIRECTION('',(0.,0.,-1.));
#6970 = DIRECTION('',(-0.281767332294,-0.959482761936,-0.));
#6971 = CYLINDRICAL_SURFACE('',#6972,0.123999285996);
#6972 = AXIS2_PLACEMENT_3D('',#6973,#6974,#6975);
#6973 = CARTESIAN_POINT('',(169.65368394802,-107.1546978225,1.51));
#6974 = DIRECTION('',(0.,0.,-1.));
#6975 = DIRECTION('',(-0.281767332294,-0.959482761936,-0.));
#6976 = ADVANCED_FACE('',(#6977),#7002,.T.);
#6977 = FACE_BOUND('',#6978,.T.);
#6978 = EDGE_LOOP('',(#6979,#6980,#6988,#6996));
#6979 = ORIENTED_EDGE('',*,*,#6957,.T.);
#6980 = ORIENTED_EDGE('',*,*,#6981,.T.);
#6981 = EDGE_CURVE('',#6949,#6982,#6984,.T.);
#6982 = VERTEX_POINT('',#6983);
#6983 = CARTESIAN_POINT('',(169.599531,-106.926079,1.545));
#6984 = LINE('',#6985,#6986);
#6985 = CARTESIAN_POINT('',(169.536111,-107.115297,1.545));
#6986 = VECTOR('',#6987,1.);
#6987 = DIRECTION('',(0.317793754497,0.948159865003,0.));
#6988 = ORIENTED_EDGE('',*,*,#6989,.F.);
#6989 = EDGE_CURVE('',#6990,#6982,#6992,.T.);
#6990 = VERTEX_POINT('',#6991);
#6991 = CARTESIAN_POINT('',(169.599531,-106.926079,1.51));
#6992 = LINE('',#6993,#6994);
#6993 = CARTESIAN_POINT('',(169.599531,-106.926079,1.51));
#6994 = VECTOR('',#6995,1.);
#6995 = DIRECTION('',(0.,0.,1.));
#6996 = ORIENTED_EDGE('',*,*,#6997,.F.);
#6997 = EDGE_CURVE('',#6958,#6990,#6998,.T.);
#6998 = LINE('',#6999,#7000);
#6999 = CARTESIAN_POINT('',(169.536111,-107.115297,1.51));
#7000 = VECTOR('',#7001,1.);
#7001 = DIRECTION('',(0.317793754497,0.948159865003,0.));
#7002 = PLANE('',#7003);
#7003 = AXIS2_PLACEMENT_3D('',#7004,#7005,#7006);
#7004 = CARTESIAN_POINT('',(169.536111,-107.115297,1.51));
#7005 = DIRECTION('',(-0.948159865003,0.317793754497,0.));
#7006 = DIRECTION('',(0.317793754497,0.948159865003,0.));
#7007 = ADVANCED_FACE('',(#7008),#7035,.F.);
#7008 = FACE_BOUND('',#7009,.T.);
#7009 = EDGE_LOOP('',(#7010,#7011,#7020,#7028));
#7010 = ORIENTED_EDGE('',*,*,#6989,.T.);
#7011 = ORIENTED_EDGE('',*,*,#7012,.T.);
#7012 = EDGE_CURVE('',#6982,#7013,#7015,.T.);
#7013 = VERTEX_POINT('',#7014);
#7014 = CARTESIAN_POINT('',(170.4005,-101.974,1.545));
#7015 = CIRCLE('',#7016,17.958717537594);
#7016 = AXIS2_PLACEMENT_3D('',#7017,#7018,#7019);
#7017 = CARTESIAN_POINT('',(152.44545766331,-101.6106953304,1.545));
#7018 = DIRECTION('',(0.,0.,1.));
#7019 = DIRECTION('',(0.955194784971,-0.295977909249,0.));
#7020 = ORIENTED_EDGE('',*,*,#7021,.F.);
#7021 = EDGE_CURVE('',#7022,#7013,#7024,.T.);
#7022 = VERTEX_POINT('',#7023);
#7023 = CARTESIAN_POINT('',(170.4005,-101.974,1.51));
#7024 = LINE('',#7025,#7026);
#7025 = CARTESIAN_POINT('',(170.4005,-101.974,1.51));
#7026 = VECTOR('',#7027,1.);
#7027 = DIRECTION('',(0.,0.,1.));
#7028 = ORIENTED_EDGE('',*,*,#7029,.F.);
#7029 = EDGE_CURVE('',#6990,#7022,#7030,.T.);
#7030 = CIRCLE('',#7031,17.958717537594);
#7031 = AXIS2_PLACEMENT_3D('',#7032,#7033,#7034);
#7032 = CARTESIAN_POINT('',(152.44545766331,-101.6106953304,1.51));
#7033 = DIRECTION('',(0.,0.,1.));
#7034 = DIRECTION('',(0.955194784971,-0.295977909249,0.));
#7035 = CYLINDRICAL_SURFACE('',#7036,17.958717537594);
#7036 = AXIS2_PLACEMENT_3D('',#7037,#7038,#7039);
#7037 = CARTESIAN_POINT('',(152.44545766331,-101.6106953304,1.51));
#7038 = DIRECTION('',(-0.,-0.,-1.));
#7039 = DIRECTION('',(0.955194784971,-0.295977909249,0.));
#7040 = ADVANCED_FACE('',(#7041),#7066,.T.);
#7041 = FACE_BOUND('',#7042,.T.);
#7042 = EDGE_LOOP('',(#7043,#7044,#7052,#7060));
#7043 = ORIENTED_EDGE('',*,*,#7021,.T.);
#7044 = ORIENTED_EDGE('',*,*,#7045,.T.);
#7045 = EDGE_CURVE('',#7013,#7046,#7048,.T.);
#7046 = VERTEX_POINT('',#7047);
#7047 = CARTESIAN_POINT('',(170.420185,-101.906961,1.545));
#7048 = LINE('',#7049,#7050);
#7049 = CARTESIAN_POINT('',(170.4005,-101.974,1.545));
#7050 = VECTOR('',#7051,1.);
#7051 = DIRECTION('',(0.281740114026,0.959490754593,0.));
#7052 = ORIENTED_EDGE('',*,*,#7053,.F.);
#7053 = EDGE_CURVE('',#7054,#7046,#7056,.T.);
#7054 = VERTEX_POINT('',#7055);
#7055 = CARTESIAN_POINT('',(170.420185,-101.906961,1.51));
#7056 = LINE('',#7057,#7058);
#7057 = CARTESIAN_POINT('',(170.420185,-101.906961,1.51));
#7058 = VECTOR('',#7059,1.);
#7059 = DIRECTION('',(0.,0.,1.));
#7060 = ORIENTED_EDGE('',*,*,#7061,.F.);
#7061 = EDGE_CURVE('',#7022,#7054,#7062,.T.);
#7062 = LINE('',#7063,#7064);
#7063 = CARTESIAN_POINT('',(170.4005,-101.974,1.51));
#7064 = VECTOR('',#7065,1.);
#7065 = DIRECTION('',(0.281740114026,0.959490754593,0.));
#7066 = PLANE('',#7067);
#7067 = AXIS2_PLACEMENT_3D('',#7068,#7069,#7070);
#7068 = CARTESIAN_POINT('',(170.4005,-101.974,1.51));
#7069 = DIRECTION('',(-0.959490754593,0.281740114026,0.));
#7070 = DIRECTION('',(0.281740114026,0.959490754593,0.));
#7071 = ADVANCED_FACE('',(#7072),#7088,.T.);
#7072 = FACE_BOUND('',#7073,.T.);
#7073 = EDGE_LOOP('',(#7074,#7075,#7081,#7082));
#7074 = ORIENTED_EDGE('',*,*,#7053,.T.);
#7075 = ORIENTED_EDGE('',*,*,#7076,.T.);
#7076 = EDGE_CURVE('',#7046,#6561,#7077,.T.);
#7077 = LINE('',#7078,#7079);
#7078 = CARTESIAN_POINT('',(170.420185,-101.906961,1.545));
#7079 = VECTOR('',#7080,1.);
#7080 = DIRECTION('',(0.755749053432,0.654861335122,0.));
#7081 = ORIENTED_EDGE('',*,*,#6558,.F.);
#7082 = ORIENTED_EDGE('',*,*,#7083,.F.);
#7083 = EDGE_CURVE('',#7054,#6559,#7084,.T.);
#7084 = LINE('',#7085,#7086);
#7085 = CARTESIAN_POINT('',(170.420185,-101.906961,1.51));
#7086 = VECTOR('',#7087,1.);
#7087 = DIRECTION('',(0.755749053432,0.654861335122,0.));
#7088 = PLANE('',#7089);
#7089 = AXIS2_PLACEMENT_3D('',#7090,#7091,#7092);
#7090 = CARTESIAN_POINT('',(170.420185,-101.906961,1.51));
#7091 = DIRECTION('',(-0.654861335122,0.755749053432,0.));
#7092 = DIRECTION('',(0.755749053432,0.654861335122,0.));
#7093 = ADVANCED_FACE('',(#7094),#7113,.F.);
#7094 = FACE_BOUND('',#7095,.T.);
#7095 = EDGE_LOOP('',(#7096,#7097,#7098,#7099,#7100,#7101,#7102,#7103,
    #7104,#7105,#7106,#7107,#7108,#7109,#7110,#7111,#7112));
#7096 = ORIENTED_EDGE('',*,*,#6584,.T.);
#7097 = ORIENTED_EDGE('',*,*,#6615,.T.);
#7098 = ORIENTED_EDGE('',*,*,#6647,.T.);
#7099 = ORIENTED_EDGE('',*,*,#6679,.T.);
#7100 = ORIENTED_EDGE('',*,*,#6711,.T.);
#7101 = ORIENTED_EDGE('',*,*,#6743,.T.);
#7102 = ORIENTED_EDGE('',*,*,#6775,.T.);
#7103 = ORIENTED_EDGE('',*,*,#6807,.T.);
#7104 = ORIENTED_EDGE('',*,*,#6838,.T.);
#7105 = ORIENTED_EDGE('',*,*,#6870,.T.);
#7106 = ORIENTED_EDGE('',*,*,#6902,.T.);
#7107 = ORIENTED_EDGE('',*,*,#6933,.T.);
#7108 = ORIENTED_EDGE('',*,*,#6965,.T.);
#7109 = ORIENTED_EDGE('',*,*,#6997,.T.);
#7110 = ORIENTED_EDGE('',*,*,#7029,.T.);
#7111 = ORIENTED_EDGE('',*,*,#7061,.T.);
#7112 = ORIENTED_EDGE('',*,*,#7083,.T.);
#7113 = PLANE('',#7114);
#7114 = AXIS2_PLACEMENT_3D('',#7115,#7116,#7117);
#7115 = CARTESIAN_POINT('',(0.,0.,1.51));
#7116 = DIRECTION('',(0.,0.,1.));
#7117 = DIRECTION('',(1.,0.,-0.));
#7118 = ADVANCED_FACE('',(#7119),#7138,.T.);
#7119 = FACE_BOUND('',#7120,.F.);
#7120 = EDGE_LOOP('',(#7121,#7122,#7123,#7124,#7125,#7126,#7127,#7128,
    #7129,#7130,#7131,#7132,#7133,#7134,#7135,#7136,#7137));
#7121 = ORIENTED_EDGE('',*,*,#6568,.T.);
#7122 = ORIENTED_EDGE('',*,*,#6599,.T.);
#7123 = ORIENTED_EDGE('',*,*,#6630,.T.);
#7124 = ORIENTED_EDGE('',*,*,#6663,.T.);
#7125 = ORIENTED_EDGE('',*,*,#6694,.T.);
#7126 = ORIENTED_EDGE('',*,*,#6727,.T.);
#7127 = ORIENTED_EDGE('',*,*,#6758,.T.);
#7128 = ORIENTED_EDGE('',*,*,#6791,.T.);
#7129 = ORIENTED_EDGE('',*,*,#6822,.T.);
#7130 = ORIENTED_EDGE('',*,*,#6853,.T.);
#7131 = ORIENTED_EDGE('',*,*,#6886,.T.);
#7132 = ORIENTED_EDGE('',*,*,#6917,.T.);
#7133 = ORIENTED_EDGE('',*,*,#6948,.T.);
#7134 = ORIENTED_EDGE('',*,*,#6981,.T.);
#7135 = ORIENTED_EDGE('',*,*,#7012,.T.);
#7136 = ORIENTED_EDGE('',*,*,#7045,.T.);
#7137 = ORIENTED_EDGE('',*,*,#7076,.T.);
#7138 = PLANE('',#7139);
#7139 = AXIS2_PLACEMENT_3D('',#7140,#7141,#7142);
#7140 = CARTESIAN_POINT('',(0.,0.,1.545));
#7141 = DIRECTION('',(0.,0.,1.));
#7142 = DIRECTION('',(1.,0.,-0.));
#7143 = MANIFOLD_SOLID_BREP('',#7144);
#7144 = CLOSED_SHELL('',(#7145,#7187,#7218,#7249,#7282,#7313,#7346,#7377
    ,#7408,#7439,#7470,#7503,#7534,#7567,#7598,#7631,#7662,#7684,#7709)
  );
#7145 = ADVANCED_FACE('',(#7146),#7182,.F.);
#7146 = FACE_BOUND('',#7147,.T.);
#7147 = EDGE_LOOP('',(#7148,#7158,#7167,#7175));
#7148 = ORIENTED_EDGE('',*,*,#7149,.T.);
#7149 = EDGE_CURVE('',#7150,#7152,#7154,.T.);
#7150 = VERTEX_POINT('',#7151);
#7151 = CARTESIAN_POINT('',(169.89022,-94.829015,1.51));
#7152 = VERTEX_POINT('',#7153);
#7153 = CARTESIAN_POINT('',(169.89022,-94.829015,1.545));
#7154 = LINE('',#7155,#7156);
#7155 = CARTESIAN_POINT('',(169.89022,-94.829015,1.51));
#7156 = VECTOR('',#7157,1.);
#7157 = DIRECTION('',(0.,0.,1.));
#7158 = ORIENTED_EDGE('',*,*,#7159,.T.);
#7159 = EDGE_CURVE('',#7152,#7160,#7162,.T.);
#7160 = VERTEX_POINT('',#7161);
#7161 = CARTESIAN_POINT('',(170.352159,-94.637672,1.545));
#7162 = CIRCLE('',#7163,0.502049911839);
#7163 = AXIS2_PLACEMENT_3D('',#7164,#7165,#7166);
#7164 = CARTESIAN_POINT('',(169.95457628987,-94.33110699451,1.545));
#7165 = DIRECTION('',(0.,0.,1.));
#7166 = DIRECTION('',(-0.128187035516,-0.991750010802,0.));
#7167 = ORIENTED_EDGE('',*,*,#7168,.F.);
#7168 = EDGE_CURVE('',#7169,#7160,#7171,.T.);
#7169 = VERTEX_POINT('',#7170);
#7170 = CARTESIAN_POINT('',(170.352159,-94.637672,1.51));
#7171 = LINE('',#7172,#7173);
#7172 = CARTESIAN_POINT('',(170.352159,-94.637672,1.51));
#7173 = VECTOR('',#7174,1.);
#7174 = DIRECTION('',(0.,0.,1.));
#7175 = ORIENTED_EDGE('',*,*,#7176,.F.);
#7176 = EDGE_CURVE('',#7150,#7169,#7177,.T.);
#7177 = CIRCLE('',#7178,0.502049911839);
#7178 = AXIS2_PLACEMENT_3D('',#7179,#7180,#7181);
#7179 = CARTESIAN_POINT('',(169.95457628987,-94.33110699451,1.51));
#7180 = DIRECTION('',(0.,0.,1.));
#7181 = DIRECTION('',(-0.128187035516,-0.991750010802,0.));
#7182 = CYLINDRICAL_SURFACE('',#7183,0.502049911839);
#7183 = AXIS2_PLACEMENT_3D('',#7184,#7185,#7186);
#7184 = CARTESIAN_POINT('',(169.95457628987,-94.33110699451,1.51));
#7185 = DIRECTION('',(-0.,-0.,-1.));
#7186 = DIRECTION('',(-0.128187035516,-0.991750010802,0.));
#7187 = ADVANCED_FACE('',(#7188),#7213,.T.);
#7188 = FACE_BOUND('',#7189,.T.);
#7189 = EDGE_LOOP('',(#7190,#7191,#7199,#7207));
#7190 = ORIENTED_EDGE('',*,*,#7168,.T.);
#7191 = ORIENTED_EDGE('',*,*,#7192,.T.);
#7192 = EDGE_CURVE('',#7160,#7193,#7195,.T.);
#7193 = VERTEX_POINT('',#7194);
#7194 = CARTESIAN_POINT('',(170.701302,-95.48058,1.545));
#7195 = LINE('',#7196,#7197);
#7196 = CARTESIAN_POINT('',(170.352159,-94.637672,1.545));
#7197 = VECTOR('',#7198,1.);
#7198 = DIRECTION('',(0.382682566578,-0.923879891131,0.));
#7199 = ORIENTED_EDGE('',*,*,#7200,.F.);
#7200 = EDGE_CURVE('',#7201,#7193,#7203,.T.);
#7201 = VERTEX_POINT('',#7202);
#7202 = CARTESIAN_POINT('',(170.701302,-95.48058,1.51));
#7203 = LINE('',#7204,#7205);
#7204 = CARTESIAN_POINT('',(170.701302,-95.48058,1.51));
#7205 = VECTOR('',#7206,1.);
#7206 = DIRECTION('',(0.,0.,1.));
#7207 = ORIENTED_EDGE('',*,*,#7208,.F.);
#7208 = EDGE_CURVE('',#7169,#7201,#7209,.T.);
#7209 = LINE('',#7210,#7211);
#7210 = CARTESIAN_POINT('',(170.352159,-94.637672,1.51));
#7211 = VECTOR('',#7212,1.);
#7212 = DIRECTION('',(0.382682566578,-0.923879891131,0.));
#7213 = PLANE('',#7214);
#7214 = AXIS2_PLACEMENT_3D('',#7215,#7216,#7217);
#7215 = CARTESIAN_POINT('',(170.352159,-94.637672,1.51));
#7216 = DIRECTION('',(0.923879891131,0.382682566578,-0.));
#7217 = DIRECTION('',(0.382682566578,-0.923879891131,0.));
#7218 = ADVANCED_FACE('',(#7219),#7244,.T.);
#7219 = FACE_BOUND('',#7220,.T.);
#7220 = EDGE_LOOP('',(#7221,#7222,#7230,#7238));
#7221 = ORIENTED_EDGE('',*,*,#7200,.T.);
#7222 = ORIENTED_EDGE('',*,*,#7223,.T.);
#7223 = EDGE_CURVE('',#7193,#7224,#7226,.T.);
#7224 = VERTEX_POINT('',#7225);
#7225 = CARTESIAN_POINT('',(171.225775,-95.263337,1.545));
#7226 = LINE('',#7227,#7228);
#7227 = CARTESIAN_POINT('',(170.701302,-95.48058,1.545));
#7228 = VECTOR('',#7229,1.);
#7229 = DIRECTION('',(0.923880049245,0.382682184856,0.));
#7230 = ORIENTED_EDGE('',*,*,#7231,.F.);
#7231 = EDGE_CURVE('',#7232,#7224,#7234,.T.);
#7232 = VERTEX_POINT('',#7233);
#7233 = CARTESIAN_POINT('',(171.225775,-95.263337,1.51));
#7234 = LINE('',#7235,#7236);
#7235 = CARTESIAN_POINT('',(171.225775,-95.263337,1.51));
#7236 = VECTOR('',#7237,1.);
#7237 = DIRECTION('',(0.,0.,1.));
#7238 = ORIENTED_EDGE('',*,*,#7239,.F.);
#7239 = EDGE_CURVE('',#7201,#7232,#7240,.T.);
#7240 = LINE('',#7241,#7242);
#7241 = CARTESIAN_POINT('',(170.701302,-95.48058,1.51));
#7242 = VECTOR('',#7243,1.);
#7243 = DIRECTION('',(0.923880049245,0.382682184856,0.));
#7244 = PLANE('',#7245);
#7245 = AXIS2_PLACEMENT_3D('',#7246,#7247,#7248);
#7246 = CARTESIAN_POINT('',(170.701302,-95.48058,1.51));
#7247 = DIRECTION('',(-0.382682184856,0.923880049245,0.));
#7248 = DIRECTION('',(0.923880049245,0.382682184856,0.));
#7249 = ADVANCED_FACE('',(#7250),#7277,.T.);
#7250 = FACE_BOUND('',#7251,.T.);
#7251 = EDGE_LOOP('',(#7252,#7253,#7262,#7270));
#7252 = ORIENTED_EDGE('',*,*,#7231,.T.);
#7253 = ORIENTED_EDGE('',*,*,#7254,.T.);
#7254 = EDGE_CURVE('',#7224,#7255,#7257,.T.);
#7255 = VERTEX_POINT('',#7256);
#7256 = CARTESIAN_POINT('',(171.391489,-95.340611,1.545));
#7257 = CIRCLE('',#7258,0.123999768591);
#7258 = AXIS2_PLACEMENT_3D('',#7259,#7260,#7261);
#7259 = CARTESIAN_POINT('',(171.27322807467,-95.37789767525,1.545));
#7260 = DIRECTION('',(0.,0.,-1.));
#7261 = DIRECTION('',(-0.382686800245,0.923878137483,0.));
#7262 = ORIENTED_EDGE('',*,*,#7263,.F.);
#7263 = EDGE_CURVE('',#7264,#7255,#7266,.T.);
#7264 = VERTEX_POINT('',#7265);
#7265 = CARTESIAN_POINT('',(171.391489,-95.340611,1.51));
#7266 = LINE('',#7267,#7268);
#7267 = CARTESIAN_POINT('',(171.391489,-95.340611,1.51));
#7268 = VECTOR('',#7269,1.);
#7269 = DIRECTION('',(0.,0.,1.));
#7270 = ORIENTED_EDGE('',*,*,#7271,.F.);
#7271 = EDGE_CURVE('',#7232,#7264,#7272,.T.);
#7272 = CIRCLE('',#7273,0.123999768591);
#7273 = AXIS2_PLACEMENT_3D('',#7274,#7275,#7276);
#7274 = CARTESIAN_POINT('',(171.27322807467,-95.37789767525,1.51));
#7275 = DIRECTION('',(0.,0.,-1.));
#7276 = DIRECTION('',(-0.382686800245,0.923878137483,0.));
#7277 = CYLINDRICAL_SURFACE('',#7278,0.123999768591);
#7278 = AXIS2_PLACEMENT_3D('',#7279,#7280,#7281);
#7279 = CARTESIAN_POINT('',(171.27322807467,-95.37789767525,1.51));
#7280 = DIRECTION('',(0.,0.,-1.));
#7281 = DIRECTION('',(-0.382686800245,0.923878137483,0.));
#7282 = ADVANCED_FACE('',(#7283),#7308,.T.);
#7283 = FACE_BOUND('',#7284,.T.);
#7284 = EDGE_LOOP('',(#7285,#7286,#7294,#7302));
#7285 = ORIENTED_EDGE('',*,*,#7263,.T.);
#7286 = ORIENTED_EDGE('',*,*,#7287,.T.);
#7287 = EDGE_CURVE('',#7255,#7288,#7290,.T.);
#7288 = VERTEX_POINT('',#7289);
#7289 = CARTESIAN_POINT('',(171.5777,-95.931321,1.545));
#7290 = LINE('',#7291,#7292);
#7291 = CARTESIAN_POINT('',(171.391489,-95.340611,1.545));
#7292 = VECTOR('',#7293,1.);
#7293 = DIRECTION('',(0.300648308292,-0.953735075753,0.));
#7294 = ORIENTED_EDGE('',*,*,#7295,.F.);
#7295 = EDGE_CURVE('',#7296,#7288,#7298,.T.);
#7296 = VERTEX_POINT('',#7297);
#7297 = CARTESIAN_POINT('',(171.5777,-95.931321,1.51));
#7298 = LINE('',#7299,#7300);
#7299 = CARTESIAN_POINT('',(171.5777,-95.931321,1.51));
#7300 = VECTOR('',#7301,1.);
#7301 = DIRECTION('',(0.,0.,1.));
#7302 = ORIENTED_EDGE('',*,*,#7303,.F.);
#7303 = EDGE_CURVE('',#7264,#7296,#7304,.T.);
#7304 = LINE('',#7305,#7306);
#7305 = CARTESIAN_POINT('',(171.391489,-95.340611,1.51));
#7306 = VECTOR('',#7307,1.);
#7307 = DIRECTION('',(0.300648308292,-0.953735075753,0.));
#7308 = PLANE('',#7309);
#7309 = AXIS2_PLACEMENT_3D('',#7310,#7311,#7312);
#7310 = CARTESIAN_POINT('',(171.391489,-95.340611,1.51));
#7311 = DIRECTION('',(0.953735075753,0.300648308292,-0.));
#7312 = DIRECTION('',(0.300648308292,-0.953735075753,0.));
#7313 = ADVANCED_FACE('',(#7314),#7341,.T.);
#7314 = FACE_BOUND('',#7315,.T.);
#7315 = EDGE_LOOP('',(#7316,#7317,#7326,#7334));
#7316 = ORIENTED_EDGE('',*,*,#7295,.T.);
#7317 = ORIENTED_EDGE('',*,*,#7318,.T.);
#7318 = EDGE_CURVE('',#7288,#7319,#7321,.T.);
#7319 = VERTEX_POINT('',#7320);
#7320 = CARTESIAN_POINT('',(172.394741,-101.226,1.545));
#7321 = CIRCLE('',#7322,19.974688577013);
#7322 = AXIS2_PLACEMENT_3D('',#7323,#7324,#7325);
#7323 = CARTESIAN_POINT('',(152.42350653342,-101.5974534016,1.545));
#7324 = DIRECTION('',(0.,0.,-1.));
#7325 = DIRECTION('',(0.95892325894,0.283665619108,0.));
#7326 = ORIENTED_EDGE('',*,*,#7327,.F.);
#7327 = EDGE_CURVE('',#7328,#7319,#7330,.T.);
#7328 = VERTEX_POINT('',#7329);
#7329 = CARTESIAN_POINT('',(172.394741,-101.226,1.51));
#7330 = LINE('',#7331,#7332);
#7331 = CARTESIAN_POINT('',(172.394741,-101.226,1.51));
#7332 = VECTOR('',#7333,1.);
#7333 = DIRECTION('',(0.,0.,1.));
#7334 = ORIENTED_EDGE('',*,*,#7335,.F.);
#7335 = EDGE_CURVE('',#7296,#7328,#7336,.T.);
#7336 = CIRCLE('',#7337,19.974688577013);
#7337 = AXIS2_PLACEMENT_3D('',#7338,#7339,#7340);
#7338 = CARTESIAN_POINT('',(152.42350653342,-101.5974534016,1.51));
#7339 = DIRECTION('',(0.,0.,-1.));
#7340 = DIRECTION('',(0.95892325894,0.283665619108,0.));
#7341 = CYLINDRICAL_SURFACE('',#7342,19.974688577013);
#7342 = AXIS2_PLACEMENT_3D('',#7343,#7344,#7345);
#7343 = CARTESIAN_POINT('',(152.42350653342,-101.5974534016,1.51));
#7344 = DIRECTION('',(0.,0.,-1.));
#7345 = DIRECTION('',(0.95892325894,0.283665619108,0.));
#7346 = ADVANCED_FACE('',(#7347),#7372,.T.);
#7347 = FACE_BOUND('',#7348,.T.);
#7348 = EDGE_LOOP('',(#7349,#7350,#7358,#7366));
#7349 = ORIENTED_EDGE('',*,*,#7327,.T.);
#7350 = ORIENTED_EDGE('',*,*,#7351,.T.);
#7351 = EDGE_CURVE('',#7319,#7352,#7354,.T.);
#7352 = VERTEX_POINT('',#7353);
#7353 = CARTESIAN_POINT('',(172.375056,-101.293039,1.545));
#7354 = LINE('',#7355,#7356);
#7355 = CARTESIAN_POINT('',(172.394741,-101.226,1.545));
#7356 = VECTOR('',#7357,1.);
#7357 = DIRECTION('',(-0.281740114026,-0.959490754593,0.));
#7358 = ORIENTED_EDGE('',*,*,#7359,.F.);
#7359 = EDGE_CURVE('',#7360,#7352,#7362,.T.);
#7360 = VERTEX_POINT('',#7361);
#7361 = CARTESIAN_POINT('',(172.375056,-101.293039,1.51));
#7362 = LINE('',#7363,#7364);
#7363 = CARTESIAN_POINT('',(172.375056,-101.293039,1.51));
#7364 = VECTOR('',#7365,1.);
#7365 = DIRECTION('',(0.,0.,1.));
#7366 = ORIENTED_EDGE('',*,*,#7367,.F.);
#7367 = EDGE_CURVE('',#7328,#7360,#7368,.T.);
#7368 = LINE('',#7369,#7370);
#7369 = CARTESIAN_POINT('',(172.394741,-101.226,1.51));
#7370 = VECTOR('',#7371,1.);
#7371 = DIRECTION('',(-0.281740114026,-0.959490754593,0.));
#7372 = PLANE('',#7373);
#7373 = AXIS2_PLACEMENT_3D('',#7374,#7375,#7376);
#7374 = CARTESIAN_POINT('',(172.394741,-101.226,1.51));
#7375 = DIRECTION('',(0.959490754593,-0.281740114026,0.));
#7376 = DIRECTION('',(-0.281740114026,-0.959490754593,0.));
#7377 = ADVANCED_FACE('',(#7378),#7403,.T.);
#7378 = FACE_BOUND('',#7379,.T.);
#7379 = EDGE_LOOP('',(#7380,#7381,#7389,#7397));
#7380 = ORIENTED_EDGE('',*,*,#7359,.T.);
#7381 = ORIENTED_EDGE('',*,*,#7382,.T.);
#7382 = EDGE_CURVE('',#7352,#7383,#7385,.T.);
#7383 = VERTEX_POINT('',#7384);
#7384 = CARTESIAN_POINT('',(172.322252,-101.338794,1.545));
#7385 = LINE('',#7386,#7387);
#7386 = CARTESIAN_POINT('',(172.375056,-101.293039,1.545));
#7387 = VECTOR('',#7388,1.);
#7388 = DIRECTION('',(-0.755749053432,-0.654861335122,0.));
#7389 = ORIENTED_EDGE('',*,*,#7390,.F.);
#7390 = EDGE_CURVE('',#7391,#7383,#7393,.T.);
#7391 = VERTEX_POINT('',#7392);
#7392 = CARTESIAN_POINT('',(172.322252,-101.338794,1.51));
#7393 = LINE('',#7394,#7395);
#7394 = CARTESIAN_POINT('',(172.322252,-101.338794,1.51));
#7395 = VECTOR('',#7396,1.);
#7396 = DIRECTION('',(0.,0.,1.));
#7397 = ORIENTED_EDGE('',*,*,#7398,.F.);
#7398 = EDGE_CURVE('',#7360,#7391,#7399,.T.);
#7399 = LINE('',#7400,#7401);
#7400 = CARTESIAN_POINT('',(172.375056,-101.293039,1.51));
#7401 = VECTOR('',#7402,1.);
#7402 = DIRECTION('',(-0.755749053432,-0.654861335122,0.));
#7403 = PLANE('',#7404);
#7404 = AXIS2_PLACEMENT_3D('',#7405,#7406,#7407);
#7405 = CARTESIAN_POINT('',(172.375056,-101.293039,1.51));
#7406 = DIRECTION('',(0.654861335122,-0.755749053432,0.));
#7407 = DIRECTION('',(-0.755749053432,-0.654861335122,0.));
#7408 = ADVANCED_FACE('',(#7409),#7434,.T.);
#7409 = FACE_BOUND('',#7410,.T.);
#7410 = EDGE_LOOP('',(#7411,#7412,#7420,#7428));
#7411 = ORIENTED_EDGE('',*,*,#7390,.T.);
#7412 = ORIENTED_EDGE('',*,*,#7413,.T.);
#7413 = EDGE_CURVE('',#7383,#7414,#7416,.T.);
#7414 = VERTEX_POINT('',#7415);
#7415 = CARTESIAN_POINT('',(172.270741,-101.35,1.545));
#7416 = LINE('',#7417,#7418);
#7417 = CARTESIAN_POINT('',(172.322252,-101.338794,1.545));
#7418 = VECTOR('',#7419,1.);
#7419 = DIRECTION('',(-0.977145022575,-0.212573763332,0.));
#7420 = ORIENTED_EDGE('',*,*,#7421,.F.);
#7421 = EDGE_CURVE('',#7422,#7414,#7424,.T.);
#7422 = VERTEX_POINT('',#7423);
#7423 = CARTESIAN_POINT('',(172.270741,-101.35,1.51));
#7424 = LINE('',#7425,#7426);
#7425 = CARTESIAN_POINT('',(172.270741,-101.35,1.51));
#7426 = VECTOR('',#7427,1.);
#7427 = DIRECTION('',(0.,0.,1.));
#7428 = ORIENTED_EDGE('',*,*,#7429,.F.);
#7429 = EDGE_CURVE('',#7391,#7422,#7430,.T.);
#7430 = LINE('',#7431,#7432);
#7431 = CARTESIAN_POINT('',(172.322252,-101.338794,1.51));
#7432 = VECTOR('',#7433,1.);
#7433 = DIRECTION('',(-0.977145022575,-0.212573763332,0.));
#7434 = PLANE('',#7435);
#7435 = AXIS2_PLACEMENT_3D('',#7436,#7437,#7438);
#7436 = CARTESIAN_POINT('',(172.322252,-101.338794,1.51));
#7437 = DIRECTION('',(0.212573763332,-0.977145022575,0.));
#7438 = DIRECTION('',(-0.977145022575,-0.212573763332,0.));
#7439 = ADVANCED_FACE('',(#7440),#7465,.T.);
#7440 = FACE_BOUND('',#7441,.T.);
#7441 = EDGE_LOOP('',(#7442,#7443,#7451,#7459));
#7442 = ORIENTED_EDGE('',*,*,#7421,.T.);
#7443 = ORIENTED_EDGE('',*,*,#7444,.T.);
#7444 = EDGE_CURVE('',#7414,#7445,#7447,.T.);
#7445 = VERTEX_POINT('',#7446);
#7446 = CARTESIAN_POINT('',(170.5245,-101.35,1.545));
#7447 = LINE('',#7448,#7449);
#7448 = CARTESIAN_POINT('',(172.270741,-101.35,1.545));
#7449 = VECTOR('',#7450,1.);
#7450 = DIRECTION('',(-1.,0.,0.));
#7451 = ORIENTED_EDGE('',*,*,#7452,.F.);
#7452 = EDGE_CURVE('',#7453,#7445,#7455,.T.);
#7453 = VERTEX_POINT('',#7454);
#7454 = CARTESIAN_POINT('',(170.5245,-101.35,1.51));
#7455 = LINE('',#7456,#7457);
#7456 = CARTESIAN_POINT('',(170.5245,-101.35,1.51));
#7457 = VECTOR('',#7458,1.);
#7458 = DIRECTION('',(0.,0.,1.));
#7459 = ORIENTED_EDGE('',*,*,#7460,.F.);
#7460 = EDGE_CURVE('',#7422,#7453,#7461,.T.);
#7461 = LINE('',#7462,#7463);
#7462 = CARTESIAN_POINT('',(172.270741,-101.35,1.51));
#7463 = VECTOR('',#7464,1.);
#7464 = DIRECTION('',(-1.,0.,0.));
#7465 = PLANE('',#7466);
#7466 = AXIS2_PLACEMENT_3D('',#7467,#7468,#7469);
#7467 = CARTESIAN_POINT('',(172.270741,-101.35,1.51));
#7468 = DIRECTION('',(0.,-1.,0.));
#7469 = DIRECTION('',(-1.,0.,0.));
#7470 = ADVANCED_FACE('',(#7471),#7498,.T.);
#7471 = FACE_BOUND('',#7472,.T.);
#7472 = EDGE_LOOP('',(#7473,#7474,#7483,#7491));
#7473 = ORIENTED_EDGE('',*,*,#7452,.T.);
#7474 = ORIENTED_EDGE('',*,*,#7475,.T.);
#7475 = EDGE_CURVE('',#7445,#7476,#7478,.T.);
#7476 = VERTEX_POINT('',#7477);
#7477 = CARTESIAN_POINT('',(170.4005,-101.226,1.545));
#7478 = CIRCLE('',#7479,0.124001618184);
#7479 = AXIS2_PLACEMENT_3D('',#7480,#7481,#7482);
#7480 = CARTESIAN_POINT('',(170.52450161817,-101.2259983818,1.545));
#7481 = DIRECTION('',(0.,0.,-1.));
#7482 = DIRECTION('',(-1.304961793624E-05,-0.999999999915,-0.));
#7483 = ORIENTED_EDGE('',*,*,#7484,.F.);
#7484 = EDGE_CURVE('',#7485,#7476,#7487,.T.);
#7485 = VERTEX_POINT('',#7486);
#7486 = CARTESIAN_POINT('',(170.4005,-101.226,1.51));
#7487 = LINE('',#7488,#7489);
#7488 = CARTESIAN_POINT('',(170.4005,-101.226,1.51));
#7489 = VECTOR('',#7490,1.);
#7490 = DIRECTION('',(0.,0.,1.));
#7491 = ORIENTED_EDGE('',*,*,#7492,.F.);
#7492 = EDGE_CURVE('',#7453,#7485,#7493,.T.);
#7493 = CIRCLE('',#7494,0.124001618184);
#7494 = AXIS2_PLACEMENT_3D('',#7495,#7496,#7497);
#7495 = CARTESIAN_POINT('',(170.52450161817,-101.2259983818,1.51));
#7496 = DIRECTION('',(0.,0.,-1.));
#7497 = DIRECTION('',(-1.304961793624E-05,-0.999999999915,-0.));
#7498 = CYLINDRICAL_SURFACE('',#7499,0.124001618184);
#7499 = AXIS2_PLACEMENT_3D('',#7500,#7501,#7502);
#7500 = CARTESIAN_POINT('',(170.52450161817,-101.2259983818,1.51));
#7501 = DIRECTION('',(0.,0.,-1.));
#7502 = DIRECTION('',(-1.304961793624E-05,-0.999999999915,-0.));
#7503 = ADVANCED_FACE('',(#7504),#7529,.T.);
#7504 = FACE_BOUND('',#7505,.T.);
#7505 = EDGE_LOOP('',(#7506,#7507,#7515,#7523));
#7506 = ORIENTED_EDGE('',*,*,#7484,.T.);
#7507 = ORIENTED_EDGE('',*,*,#7508,.T.);
#7508 = EDGE_CURVE('',#7476,#7509,#7511,.T.);
#7509 = VERTEX_POINT('',#7510);
#7510 = CARTESIAN_POINT('',(170.362086,-100.353234,1.545));
#7511 = LINE('',#7512,#7513);
#7512 = CARTESIAN_POINT('',(170.4005,-101.226,1.545));
#7513 = VECTOR('',#7514,1.);
#7514 = DIRECTION('',(-4.397151745808E-02,0.999032785074,0.));
#7515 = ORIENTED_EDGE('',*,*,#7516,.F.);
#7516 = EDGE_CURVE('',#7517,#7509,#7519,.T.);
#7517 = VERTEX_POINT('',#7518);
#7518 = CARTESIAN_POINT('',(170.362086,-100.353234,1.51));
#7519 = LINE('',#7520,#7521);
#7520 = CARTESIAN_POINT('',(170.362086,-100.353234,1.51));
#7521 = VECTOR('',#7522,1.);
#7522 = DIRECTION('',(0.,0.,1.));
#7523 = ORIENTED_EDGE('',*,*,#7524,.F.);
#7524 = EDGE_CURVE('',#7485,#7517,#7525,.T.);
#7525 = LINE('',#7526,#7527);
#7526 = CARTESIAN_POINT('',(170.4005,-101.226,1.51));
#7527 = VECTOR('',#7528,1.);
#7528 = DIRECTION('',(-4.397151745808E-02,0.999032785074,0.));
#7529 = PLANE('',#7530);
#7530 = AXIS2_PLACEMENT_3D('',#7531,#7532,#7533);
#7531 = CARTESIAN_POINT('',(170.4005,-101.226,1.51));
#7532 = DIRECTION('',(-0.999032785074,-4.397151745808E-02,0.));
#7533 = DIRECTION('',(-4.397151745808E-02,0.999032785074,0.));
#7534 = ADVANCED_FACE('',(#7535),#7562,.F.);
#7535 = FACE_BOUND('',#7536,.T.);
#7536 = EDGE_LOOP('',(#7537,#7538,#7547,#7555));
#7537 = ORIENTED_EDGE('',*,*,#7516,.T.);
#7538 = ORIENTED_EDGE('',*,*,#7539,.T.);
#7539 = EDGE_CURVE('',#7509,#7540,#7542,.T.);
#7540 = VERTEX_POINT('',#7541);
#7541 = CARTESIAN_POINT('',(169.599531,-96.273921,1.545));
#7542 = CIRCLE('',#7543,18.005318200729);
#7543 = AXIS2_PLACEMENT_3D('',#7544,#7545,#7546);
#7544 = CARTESIAN_POINT('',(152.39998537296,-101.599999645,1.545));
#7545 = DIRECTION('',(0.,0.,1.));
#7546 = DIRECTION('',(0.997599732856,6.924429944052E-02,-0.));
#7547 = ORIENTED_EDGE('',*,*,#7548,.F.);
#7548 = EDGE_CURVE('',#7549,#7540,#7551,.T.);
#7549 = VERTEX_POINT('',#7550);
#7550 = CARTESIAN_POINT('',(169.599531,-96.273921,1.51));
#7551 = LINE('',#7552,#7553);
#7552 = CARTESIAN_POINT('',(169.599531,-96.273921,1.51));
#7553 = VECTOR('',#7554,1.);
#7554 = DIRECTION('',(0.,0.,1.));
#7555 = ORIENTED_EDGE('',*,*,#7556,.F.);
#7556 = EDGE_CURVE('',#7517,#7549,#7557,.T.);
#7557 = CIRCLE('',#7558,18.005318200729);
#7558 = AXIS2_PLACEMENT_3D('',#7559,#7560,#7561);
#7559 = CARTESIAN_POINT('',(152.39998537296,-101.599999645,1.51));
#7560 = DIRECTION('',(0.,0.,1.));
#7561 = DIRECTION('',(0.997599732856,6.924429944052E-02,-0.));
#7562 = CYLINDRICAL_SURFACE('',#7563,18.005318200729);
#7563 = AXIS2_PLACEMENT_3D('',#7564,#7565,#7566);
#7564 = CARTESIAN_POINT('',(152.39998537296,-101.599999645,1.51));
#7565 = DIRECTION('',(-0.,-0.,-1.));
#7566 = DIRECTION('',(0.997599732856,6.924429944052E-02,-0.));
#7567 = ADVANCED_FACE('',(#7568),#7593,.T.);
#7568 = FACE_BOUND('',#7569,.T.);
#7569 = EDGE_LOOP('',(#7570,#7571,#7579,#7587));
#7570 = ORIENTED_EDGE('',*,*,#7548,.T.);
#7571 = ORIENTED_EDGE('',*,*,#7572,.T.);
#7572 = EDGE_CURVE('',#7540,#7573,#7575,.T.);
#7573 = VERTEX_POINT('',#7574);
#7574 = CARTESIAN_POINT('',(169.536113,-96.084707,1.545));
#7575 = LINE('',#7576,#7577);
#7576 = CARTESIAN_POINT('',(169.599531,-96.273921,1.545));
#7577 = VECTOR('',#7578,1.);
#7578 = DIRECTION('',(-0.31779078426,0.948160860529,0.));
#7579 = ORIENTED_EDGE('',*,*,#7580,.F.);
#7580 = EDGE_CURVE('',#7581,#7573,#7583,.T.);
#7581 = VERTEX_POINT('',#7582);
#7582 = CARTESIAN_POINT('',(169.536113,-96.084707,1.51));
#7583 = LINE('',#7584,#7585);
#7584 = CARTESIAN_POINT('',(169.536113,-96.084707,1.51));
#7585 = VECTOR('',#7586,1.);
#7586 = DIRECTION('',(0.,0.,1.));
#7587 = ORIENTED_EDGE('',*,*,#7588,.F.);
#7588 = EDGE_CURVE('',#7549,#7581,#7589,.T.);
#7589 = LINE('',#7590,#7591);
#7590 = CARTESIAN_POINT('',(169.599531,-96.273921,1.51));
#7591 = VECTOR('',#7592,1.);
#7592 = DIRECTION('',(-0.31779078426,0.948160860529,0.));
#7593 = PLANE('',#7594);
#7594 = AXIS2_PLACEMENT_3D('',#7595,#7596,#7597);
#7595 = CARTESIAN_POINT('',(169.599531,-96.273921,1.51));
#7596 = DIRECTION('',(-0.948160860529,-0.31779078426,0.));
#7597 = DIRECTION('',(-0.31779078426,0.948160860529,0.));
#7598 = ADVANCED_FACE('',(#7599),#7626,.T.);
#7599 = FACE_BOUND('',#7600,.T.);
#7600 = EDGE_LOOP('',(#7601,#7602,#7611,#7619));
#7601 = ORIENTED_EDGE('',*,*,#7580,.T.);
#7602 = ORIENTED_EDGE('',*,*,#7603,.T.);
#7603 = EDGE_CURVE('',#7573,#7604,#7606,.T.);
#7604 = VERTEX_POINT('',#7605);
#7605 = CARTESIAN_POINT('',(169.618753,-95.926323,1.545));
#7606 = CIRCLE('',#7607,0.124000755904);
#7607 = AXIS2_PLACEMENT_3D('',#7608,#7609,#7610);
#7608 = CARTESIAN_POINT('',(169.65368592346,-96.0453014784,1.545));
#7609 = DIRECTION('',(0.,0.,-1.));
#7610 = DIRECTION('',(-0.948162957629,-0.317784527282,-0.));
#7611 = ORIENTED_EDGE('',*,*,#7612,.F.);
#7612 = EDGE_CURVE('',#7613,#7604,#7615,.T.);
#7613 = VERTEX_POINT('',#7614);
#7614 = CARTESIAN_POINT('',(169.618753,-95.926323,1.51));
#7615 = LINE('',#7616,#7617);
#7616 = CARTESIAN_POINT('',(169.618753,-95.926323,1.51));
#7617 = VECTOR('',#7618,1.);
#7618 = DIRECTION('',(0.,0.,1.));
#7619 = ORIENTED_EDGE('',*,*,#7620,.F.);
#7620 = EDGE_CURVE('',#7581,#7613,#7621,.T.);
#7621 = CIRCLE('',#7622,0.124000755904);
#7622 = AXIS2_PLACEMENT_3D('',#7623,#7624,#7625);
#7623 = CARTESIAN_POINT('',(169.65368592346,-96.0453014784,1.51));
#7624 = DIRECTION('',(0.,0.,-1.));
#7625 = DIRECTION('',(-0.948162957629,-0.317784527282,-0.));
#7626 = CYLINDRICAL_SURFACE('',#7627,0.124000755904);
#7627 = AXIS2_PLACEMENT_3D('',#7628,#7629,#7630);
#7628 = CARTESIAN_POINT('',(169.65368592346,-96.0453014784,1.51));
#7629 = DIRECTION('',(0.,0.,-1.));
#7630 = DIRECTION('',(-0.948162957629,-0.317784527282,-0.));
#7631 = ADVANCED_FACE('',(#7632),#7657,.T.);
#7632 = FACE_BOUND('',#7633,.T.);
#7633 = EDGE_LOOP('',(#7634,#7635,#7643,#7651));
#7634 = ORIENTED_EDGE('',*,*,#7612,.T.);
#7635 = ORIENTED_EDGE('',*,*,#7636,.T.);
#7636 = EDGE_CURVE('',#7604,#7637,#7639,.T.);
#7637 = VERTEX_POINT('',#7638);
#7638 = CARTESIAN_POINT('',(170.239363,-95.671921,1.545));
#7639 = LINE('',#7640,#7641);
#7640 = CARTESIAN_POINT('',(169.618753,-95.926323,1.545));
#7641 = VECTOR('',#7642,1.);
#7642 = DIRECTION('',(0.925277074257,0.379291887409,0.));
#7643 = ORIENTED_EDGE('',*,*,#7644,.F.);
#7644 = EDGE_CURVE('',#7645,#7637,#7647,.T.);
#7645 = VERTEX_POINT('',#7646);
#7646 = CARTESIAN_POINT('',(170.239363,-95.671921,1.51));
#7647 = LINE('',#7648,#7649);
#7648 = CARTESIAN_POINT('',(170.239363,-95.671921,1.51));
#7649 = VECTOR('',#7650,1.);
#7650 = DIRECTION('',(0.,0.,1.));
#7651 = ORIENTED_EDGE('',*,*,#7652,.F.);
#7652 = EDGE_CURVE('',#7613,#7645,#7653,.T.);
#7653 = LINE('',#7654,#7655);
#7654 = CARTESIAN_POINT('',(169.618753,-95.926323,1.51));
#7655 = VECTOR('',#7656,1.);
#7656 = DIRECTION('',(0.925277074257,0.379291887409,0.));
#7657 = PLANE('',#7658);
#7658 = AXIS2_PLACEMENT_3D('',#7659,#7660,#7661);
#7659 = CARTESIAN_POINT('',(169.618753,-95.926323,1.51));
#7660 = DIRECTION('',(-0.379291887409,0.925277074257,0.));
#7661 = DIRECTION('',(0.925277074257,0.379291887409,0.));
#7662 = ADVANCED_FACE('',(#7663),#7679,.T.);
#7663 = FACE_BOUND('',#7664,.T.);
#7664 = EDGE_LOOP('',(#7665,#7666,#7672,#7673));
#7665 = ORIENTED_EDGE('',*,*,#7644,.T.);
#7666 = ORIENTED_EDGE('',*,*,#7667,.T.);
#7667 = EDGE_CURVE('',#7637,#7152,#7668,.T.);
#7668 = LINE('',#7669,#7670);
#7669 = CARTESIAN_POINT('',(170.239363,-95.671921,1.545));
#7670 = VECTOR('',#7671,1.);
#7671 = DIRECTION('',(-0.382683341611,0.923879570103,0.));
#7672 = ORIENTED_EDGE('',*,*,#7149,.F.);
#7673 = ORIENTED_EDGE('',*,*,#7674,.F.);
#7674 = EDGE_CURVE('',#7645,#7150,#7675,.T.);
#7675 = LINE('',#7676,#7677);
#7676 = CARTESIAN_POINT('',(170.239363,-95.671921,1.51));
#7677 = VECTOR('',#7678,1.);
#7678 = DIRECTION('',(-0.382683341611,0.923879570103,0.));
#7679 = PLANE('',#7680);
#7680 = AXIS2_PLACEMENT_3D('',#7681,#7682,#7683);
#7681 = CARTESIAN_POINT('',(170.239363,-95.671921,1.51));
#7682 = DIRECTION('',(-0.923879570103,-0.382683341611,0.));
#7683 = DIRECTION('',(-0.382683341611,0.923879570103,0.));
#7684 = ADVANCED_FACE('',(#7685),#7704,.F.);
#7685 = FACE_BOUND('',#7686,.T.);
#7686 = EDGE_LOOP('',(#7687,#7688,#7689,#7690,#7691,#7692,#7693,#7694,
    #7695,#7696,#7697,#7698,#7699,#7700,#7701,#7702,#7703));
#7687 = ORIENTED_EDGE('',*,*,#7176,.T.);
#7688 = ORIENTED_EDGE('',*,*,#7208,.T.);
#7689 = ORIENTED_EDGE('',*,*,#7239,.T.);
#7690 = ORIENTED_EDGE('',*,*,#7271,.T.);
#7691 = ORIENTED_EDGE('',*,*,#7303,.T.);
#7692 = ORIENTED_EDGE('',*,*,#7335,.T.);
#7693 = ORIENTED_EDGE('',*,*,#7367,.T.);
#7694 = ORIENTED_EDGE('',*,*,#7398,.T.);
#7695 = ORIENTED_EDGE('',*,*,#7429,.T.);
#7696 = ORIENTED_EDGE('',*,*,#7460,.T.);
#7697 = ORIENTED_EDGE('',*,*,#7492,.T.);
#7698 = ORIENTED_EDGE('',*,*,#7524,.T.);
#7699 = ORIENTED_EDGE('',*,*,#7556,.T.);
#7700 = ORIENTED_EDGE('',*,*,#7588,.T.);
#7701 = ORIENTED_EDGE('',*,*,#7620,.T.);
#7702 = ORIENTED_EDGE('',*,*,#7652,.T.);
#7703 = ORIENTED_EDGE('',*,*,#7674,.T.);
#7704 = PLANE('',#7705);
#7705 = AXIS2_PLACEMENT_3D('',#7706,#7707,#7708);
#7706 = CARTESIAN_POINT('',(0.,0.,1.51));
#7707 = DIRECTION('',(0.,0.,1.));
#7708 = DIRECTION('',(1.,0.,-0.));
#7709 = ADVANCED_FACE('',(#7710),#7729,.T.);
#7710 = FACE_BOUND('',#7711,.F.);
#7711 = EDGE_LOOP('',(#7712,#7713,#7714,#7715,#7716,#7717,#7718,#7719,
    #7720,#7721,#7722,#7723,#7724,#7725,#7726,#7727,#7728));
#7712 = ORIENTED_EDGE('',*,*,#7159,.T.);
#7713 = ORIENTED_EDGE('',*,*,#7192,.T.);
#7714 = ORIENTED_EDGE('',*,*,#7223,.T.);
#7715 = ORIENTED_EDGE('',*,*,#7254,.T.);
#7716 = ORIENTED_EDGE('',*,*,#7287,.T.);
#7717 = ORIENTED_EDGE('',*,*,#7318,.T.);
#7718 = ORIENTED_EDGE('',*,*,#7351,.T.);
#7719 = ORIENTED_EDGE('',*,*,#7382,.T.);
#7720 = ORIENTED_EDGE('',*,*,#7413,.T.);
#7721 = ORIENTED_EDGE('',*,*,#7444,.T.);
#7722 = ORIENTED_EDGE('',*,*,#7475,.T.);
#7723 = ORIENTED_EDGE('',*,*,#7508,.T.);
#7724 = ORIENTED_EDGE('',*,*,#7539,.T.);
#7725 = ORIENTED_EDGE('',*,*,#7572,.T.);
#7726 = ORIENTED_EDGE('',*,*,#7603,.T.);
#7727 = ORIENTED_EDGE('',*,*,#7636,.T.);
#7728 = ORIENTED_EDGE('',*,*,#7667,.T.);
#7729 = PLANE('',#7730);
#7730 = AXIS2_PLACEMENT_3D('',#7731,#7732,#7733);
#7731 = CARTESIAN_POINT('',(0.,0.,1.545));
#7732 = DIRECTION('',(0.,0.,1.));
#7733 = DIRECTION('',(1.,0.,-0.));
#7734 = MANIFOLD_SOLID_BREP('',#7735);
#7735 = CLOSED_SHELL('',(#7736,#7776,#7809,#7840,#7873,#7904,#7937,#7968
    ,#7999,#8032,#8063,#8094,#8127,#8158,#8191,#8222,#8253,#8275,#8300)
  );
#7736 = ADVANCED_FACE('',(#7737),#7771,.T.);
#7737 = FACE_BOUND('',#7738,.T.);
#7738 = EDGE_LOOP('',(#7739,#7749,#7757,#7765));
#7739 = ORIENTED_EDGE('',*,*,#7740,.T.);
#7740 = EDGE_CURVE('',#7741,#7743,#7745,.T.);
#7741 = VERTEX_POINT('',#7742);
#7742 = CARTESIAN_POINT('',(165.392729,-88.960823,1.51));
#7743 = VERTEX_POINT('',#7744);
#7744 = CARTESIAN_POINT('',(165.392729,-88.960823,1.545));
#7745 = LINE('',#7746,#7747);
#7746 = CARTESIAN_POINT('',(165.392729,-88.960823,1.51));
#7747 = VECTOR('',#7748,1.);
#7748 = DIRECTION('',(0.,0.,1.));
#7749 = ORIENTED_EDGE('',*,*,#7750,.T.);
#7750 = EDGE_CURVE('',#7743,#7751,#7753,.T.);
#7751 = VERTEX_POINT('',#7752);
#7752 = CARTESIAN_POINT('',(166.627515,-87.726037,1.545));
#7753 = LINE('',#7754,#7755);
#7754 = CARTESIAN_POINT('',(165.392729,-88.960823,1.545));
#7755 = VECTOR('',#7756,1.);
#7756 = DIRECTION('',(0.707106781187,0.707106781187,0.));
#7757 = ORIENTED_EDGE('',*,*,#7758,.F.);
#7758 = EDGE_CURVE('',#7759,#7751,#7761,.T.);
#7759 = VERTEX_POINT('',#7760);
#7760 = CARTESIAN_POINT('',(166.627515,-87.726037,1.51));
#7761 = LINE('',#7762,#7763);
#7762 = CARTESIAN_POINT('',(166.627515,-87.726037,1.51));
#7763 = VECTOR('',#7764,1.);
#7764 = DIRECTION('',(0.,0.,1.));
#7765 = ORIENTED_EDGE('',*,*,#7766,.F.);
#7766 = EDGE_CURVE('',#7741,#7759,#7767,.T.);
#7767 = LINE('',#7768,#7769);
#7768 = CARTESIAN_POINT('',(165.392729,-88.960823,1.51));
#7769 = VECTOR('',#7770,1.);
#7770 = DIRECTION('',(0.707106781187,0.707106781187,0.));
#7771 = PLANE('',#7772);
#7772 = AXIS2_PLACEMENT_3D('',#7773,#7774,#7775);
#7773 = CARTESIAN_POINT('',(165.392729,-88.960823,1.51));
#7774 = DIRECTION('',(-0.707106781187,0.707106781187,0.));
#7775 = DIRECTION('',(0.707106781187,0.707106781187,0.));
#7776 = ADVANCED_FACE('',(#7777),#7804,.T.);
#7777 = FACE_BOUND('',#7778,.T.);
#7778 = EDGE_LOOP('',(#7779,#7780,#7789,#7797));
#7779 = ORIENTED_EDGE('',*,*,#7758,.T.);
#7780 = ORIENTED_EDGE('',*,*,#7781,.T.);
#7781 = EDGE_CURVE('',#7751,#7782,#7784,.T.);
#7782 = VERTEX_POINT('',#7783);
#7783 = CARTESIAN_POINT('',(166.802873,-87.72604,1.545));
#7784 = CIRCLE('',#7785,0.123996558063);
#7785 = AXIS2_PLACEMENT_3D('',#7786,#7787,#7788);
#7786 = CARTESIAN_POINT('',(166.7151925,-87.81371711407,1.545));
#7787 = DIRECTION('',(0.,0.,-1.));
#7788 = DIRECTION('',(-0.707096240223,0.707117321993,0.));
#7789 = ORIENTED_EDGE('',*,*,#7790,.F.);
#7790 = EDGE_CURVE('',#7791,#7782,#7793,.T.);
#7791 = VERTEX_POINT('',#7792);
#7792 = CARTESIAN_POINT('',(166.802873,-87.72604,1.51));
#7793 = LINE('',#7794,#7795);
#7794 = CARTESIAN_POINT('',(166.802873,-87.72604,1.51));
#7795 = VECTOR('',#7796,1.);
#7796 = DIRECTION('',(0.,0.,1.));
#7797 = ORIENTED_EDGE('',*,*,#7798,.F.);
#7798 = EDGE_CURVE('',#7759,#7791,#7799,.T.);
#7799 = CIRCLE('',#7800,0.123996558063);
#7800 = AXIS2_PLACEMENT_3D('',#7801,#7802,#7803);
#7801 = CARTESIAN_POINT('',(166.7151925,-87.81371711407,1.51));
#7802 = DIRECTION('',(0.,0.,-1.));
#7803 = DIRECTION('',(-0.707096240223,0.707117321993,0.));
#7804 = CYLINDRICAL_SURFACE('',#7805,0.123996558063);
#7805 = AXIS2_PLACEMENT_3D('',#7806,#7807,#7808);
#7806 = CARTESIAN_POINT('',(166.7151925,-87.81371711407,1.51));
#7807 = DIRECTION('',(0.,0.,-1.));
#7808 = DIRECTION('',(-0.707096240223,0.707117321993,0.));
#7809 = ADVANCED_FACE('',(#7810),#7835,.T.);
#7810 = FACE_BOUND('',#7811,.T.);
#7811 = EDGE_LOOP('',(#7812,#7813,#7821,#7829));
#7812 = ORIENTED_EDGE('',*,*,#7790,.T.);
#7813 = ORIENTED_EDGE('',*,*,#7814,.T.);
#7814 = EDGE_CURVE('',#7782,#7815,#7817,.T.);
#7815 = VERTEX_POINT('',#7816);
#7816 = CARTESIAN_POINT('',(167.465357,-88.447899,1.545));
#7817 = LINE('',#7818,#7819);
#7818 = CARTESIAN_POINT('',(166.802873,-87.72604,1.545));
#7819 = VECTOR('',#7820,1.);
#7820 = DIRECTION('',(0.676157062881,-0.73675750849,0.));
#7821 = ORIENTED_EDGE('',*,*,#7822,.F.);
#7822 = EDGE_CURVE('',#7823,#7815,#7825,.T.);
#7823 = VERTEX_POINT('',#7824);
#7824 = CARTESIAN_POINT('',(167.465357,-88.447899,1.51));
#7825 = LINE('',#7826,#7827);
#7826 = CARTESIAN_POINT('',(167.465357,-88.447899,1.51));
#7827 = VECTOR('',#7828,1.);
#7828 = DIRECTION('',(0.,0.,1.));
#7829 = ORIENTED_EDGE('',*,*,#7830,.F.);
#7830 = EDGE_CURVE('',#7791,#7823,#7831,.T.);
#7831 = LINE('',#7832,#7833);
#7832 = CARTESIAN_POINT('',(166.802873,-87.72604,1.51));
#7833 = VECTOR('',#7834,1.);
#7834 = DIRECTION('',(0.676157062881,-0.73675750849,0.));
#7835 = PLANE('',#7836);
#7836 = AXIS2_PLACEMENT_3D('',#7837,#7838,#7839);
#7837 = CARTESIAN_POINT('',(166.802873,-87.72604,1.51));
#7838 = DIRECTION('',(0.73675750849,0.676157062881,-0.));
#7839 = DIRECTION('',(0.676157062881,-0.73675750849,0.));
#7840 = ADVANCED_FACE('',(#7841),#7868,.T.);
#7841 = FACE_BOUND('',#7842,.T.);
#7842 = EDGE_LOOP('',(#7843,#7844,#7853,#7861));
#7843 = ORIENTED_EDGE('',*,*,#7822,.T.);
#7844 = ORIENTED_EDGE('',*,*,#7845,.T.);
#7845 = EDGE_CURVE('',#7815,#7846,#7848,.T.);
#7846 = VERTEX_POINT('',#7847);
#7847 = CARTESIAN_POINT('',(169.970503,-92.050402,1.545));
#7848 = CIRCLE('',#7849,20.002520049189);
#7849 = AXIS2_PLACEMENT_3D('',#7850,#7851,#7852);
#7850 = CARTESIAN_POINT('',(152.39482537055,-101.6000807476,1.545));
#7851 = DIRECTION('',(0.,0.,-1.));
#7852 = DIRECTION('',(0.753431647232,0.657526237461,0.));
#7853 = ORIENTED_EDGE('',*,*,#7854,.F.);
#7854 = EDGE_CURVE('',#7855,#7846,#7857,.T.);
#7855 = VERTEX_POINT('',#7856);
#7856 = CARTESIAN_POINT('',(169.970503,-92.050402,1.51));
#7857 = LINE('',#7858,#7859);
#7858 = CARTESIAN_POINT('',(169.970503,-92.050402,1.51));
#7859 = VECTOR('',#7860,1.);
#7860 = DIRECTION('',(0.,0.,1.));
#7861 = ORIENTED_EDGE('',*,*,#7862,.F.);
#7862 = EDGE_CURVE('',#7823,#7855,#7863,.T.);
#7863 = CIRCLE('',#7864,20.002520049189);
#7864 = AXIS2_PLACEMENT_3D('',#7865,#7866,#7867);
#7865 = CARTESIAN_POINT('',(152.39482537055,-101.6000807476,1.51));
#7866 = DIRECTION('',(0.,0.,-1.));
#7867 = DIRECTION('',(0.753431647232,0.657526237461,0.));
#7868 = CYLINDRICAL_SURFACE('',#7869,20.002520049189);
#7869 = AXIS2_PLACEMENT_3D('',#7870,#7871,#7872);
#7870 = CARTESIAN_POINT('',(152.39482537055,-101.6000807476,1.51));
#7871 = DIRECTION('',(0.,0.,-1.));
#7872 = DIRECTION('',(0.753431647232,0.657526237461,0.));
#7873 = ADVANCED_FACE('',(#7874),#7899,.T.);
#7874 = FACE_BOUND('',#7875,.T.);
#7875 = EDGE_LOOP('',(#7876,#7877,#7885,#7893));
#7876 = ORIENTED_EDGE('',*,*,#7854,.T.);
#7877 = ORIENTED_EDGE('',*,*,#7878,.T.);
#7878 = EDGE_CURVE('',#7846,#7879,#7881,.T.);
#7879 = VERTEX_POINT('',#7880);
#7880 = CARTESIAN_POINT('',(170.255067,-92.597044,1.545));
#7881 = LINE('',#7882,#7883);
#7882 = CARTESIAN_POINT('',(169.970503,-92.050402,1.545));
#7883 = VECTOR('',#7884,1.);
#7884 = DIRECTION('',(0.461748851148,-0.887010709328,0.));
#7885 = ORIENTED_EDGE('',*,*,#7886,.F.);
#7886 = EDGE_CURVE('',#7887,#7879,#7889,.T.);
#7887 = VERTEX_POINT('',#7888);
#7888 = CARTESIAN_POINT('',(170.255067,-92.597044,1.51));
#7889 = LINE('',#7890,#7891);
#7890 = CARTESIAN_POINT('',(170.255067,-92.597044,1.51));
#7891 = VECTOR('',#7892,1.);
#7892 = DIRECTION('',(0.,0.,1.));
#7893 = ORIENTED_EDGE('',*,*,#7894,.F.);
#7894 = EDGE_CURVE('',#7855,#7887,#7895,.T.);
#7895 = LINE('',#7896,#7897);
#7896 = CARTESIAN_POINT('',(169.970503,-92.050402,1.51));
#7897 = VECTOR('',#7898,1.);
#7898 = DIRECTION('',(0.461748851148,-0.887010709328,0.));
#7899 = PLANE('',#7900);
#7900 = AXIS2_PLACEMENT_3D('',#7901,#7902,#7903);
#7901 = CARTESIAN_POINT('',(169.970503,-92.050402,1.51));
#7902 = DIRECTION('',(0.887010709328,0.461748851148,-0.));
#7903 = DIRECTION('',(0.461748851148,-0.887010709328,0.));
#7904 = ADVANCED_FACE('',(#7905),#7932,.T.);
#7905 = FACE_BOUND('',#7906,.T.);
#7906 = EDGE_LOOP('',(#7907,#7908,#7917,#7925));
#7907 = ORIENTED_EDGE('',*,*,#7886,.T.);
#7908 = ORIENTED_EDGE('',*,*,#7909,.T.);
#7909 = EDGE_CURVE('',#7879,#7910,#7912,.T.);
#7910 = VERTEX_POINT('',#7911);
#7911 = CARTESIAN_POINT('',(170.192531,-92.768862,1.545));
#7912 = CIRCLE('',#7913,0.124000330207);
#7913 = AXIS2_PLACEMENT_3D('',#7914,#7915,#7916);
#7914 = CARTESIAN_POINT('',(170.14507735048,-92.65430095496,1.545));
#7915 = DIRECTION('',(0.,0.,-1.));
#7916 = DIRECTION('',(0.887010940436,0.461748407195,0.));
#7917 = ORIENTED_EDGE('',*,*,#7918,.F.);
#7918 = EDGE_CURVE('',#7919,#7910,#7921,.T.);
#7919 = VERTEX_POINT('',#7920);
#7920 = CARTESIAN_POINT('',(170.192531,-92.768862,1.51));
#7921 = LINE('',#7922,#7923);
#7922 = CARTESIAN_POINT('',(170.192531,-92.768862,1.51));
#7923 = VECTOR('',#7924,1.);
#7924 = DIRECTION('',(0.,0.,1.));
#7925 = ORIENTED_EDGE('',*,*,#7926,.F.);
#7926 = EDGE_CURVE('',#7887,#7919,#7927,.T.);
#7927 = CIRCLE('',#7928,0.124000330207);
#7928 = AXIS2_PLACEMENT_3D('',#7929,#7930,#7931);
#7929 = CARTESIAN_POINT('',(170.14507735048,-92.65430095496,1.51));
#7930 = DIRECTION('',(0.,0.,-1.));
#7931 = DIRECTION('',(0.887010940436,0.461748407195,0.));
#7932 = CYLINDRICAL_SURFACE('',#7933,0.124000330207);
#7933 = AXIS2_PLACEMENT_3D('',#7934,#7935,#7936);
#7934 = CARTESIAN_POINT('',(170.14507735048,-92.65430095496,1.51));
#7935 = DIRECTION('',(0.,0.,-1.));
#7936 = DIRECTION('',(0.887010940436,0.461748407195,0.));
#7937 = ADVANCED_FACE('',(#7938),#7963,.T.);
#7938 = FACE_BOUND('',#7939,.T.);
#7939 = EDGE_LOOP('',(#7940,#7941,#7949,#7957));
#7940 = ORIENTED_EDGE('',*,*,#7918,.T.);
#7941 = ORIENTED_EDGE('',*,*,#7942,.T.);
#7942 = EDGE_CURVE('',#7910,#7943,#7945,.T.);
#7943 = VERTEX_POINT('',#7944);
#7944 = CARTESIAN_POINT('',(169.668057,-92.986107,1.545));
#7945 = LINE('',#7946,#7947);
#7946 = CARTESIAN_POINT('',(170.192531,-92.768862,1.545));
#7947 = VECTOR('',#7948,1.);
#7948 = DIRECTION('',(-0.923879061622,-0.382684569191,0.));
#7949 = ORIENTED_EDGE('',*,*,#7950,.F.);
#7950 = EDGE_CURVE('',#7951,#7943,#7953,.T.);
#7951 = VERTEX_POINT('',#7952);
#7952 = CARTESIAN_POINT('',(169.668057,-92.986107,1.51));
#7953 = LINE('',#7954,#7955);
#7954 = CARTESIAN_POINT('',(169.668057,-92.986107,1.51));
#7955 = VECTOR('',#7956,1.);
#7956 = DIRECTION('',(0.,0.,1.));
#7957 = ORIENTED_EDGE('',*,*,#7958,.F.);
#7958 = EDGE_CURVE('',#7919,#7951,#7959,.T.);
#7959 = LINE('',#7960,#7961);
#7960 = CARTESIAN_POINT('',(170.192531,-92.768862,1.51));
#7961 = VECTOR('',#7962,1.);
#7962 = DIRECTION('',(-0.923879061622,-0.382684569191,0.));
#7963 = PLANE('',#7964);
#7964 = AXIS2_PLACEMENT_3D('',#7965,#7966,#7967);
#7965 = CARTESIAN_POINT('',(170.192531,-92.768862,1.51));
#7966 = DIRECTION('',(0.382684569191,-0.923879061622,0.));
#7967 = DIRECTION('',(-0.923879061622,-0.382684569191,0.));
#7968 = ADVANCED_FACE('',(#7969),#7994,.T.);
#7969 = FACE_BOUND('',#7970,.T.);
#7970 = EDGE_LOOP('',(#7971,#7972,#7980,#7988));
#7971 = ORIENTED_EDGE('',*,*,#7950,.T.);
#7972 = ORIENTED_EDGE('',*,*,#7973,.T.);
#7973 = EDGE_CURVE('',#7943,#7974,#7976,.T.);
#7974 = VERTEX_POINT('',#7975);
#7975 = CARTESIAN_POINT('',(170.017202,-93.829015,1.545));
#7976 = LINE('',#7977,#7978);
#7977 = CARTESIAN_POINT('',(169.668057,-92.986107,1.545));
#7978 = VECTOR('',#7979,1.);
#7979 = DIRECTION('',(0.382684437673,-0.923879116098,0.));
#7980 = ORIENTED_EDGE('',*,*,#7981,.F.);
#7981 = EDGE_CURVE('',#7982,#7974,#7984,.T.);
#7982 = VERTEX_POINT('',#7983);
#7983 = CARTESIAN_POINT('',(170.017202,-93.829015,1.51));
#7984 = LINE('',#7985,#7986);
#7985 = CARTESIAN_POINT('',(170.017202,-93.829015,1.51));
#7986 = VECTOR('',#7987,1.);
#7987 = DIRECTION('',(0.,0.,1.));
#7988 = ORIENTED_EDGE('',*,*,#7989,.F.);
#7989 = EDGE_CURVE('',#7951,#7982,#7990,.T.);
#7990 = LINE('',#7991,#7992);
#7991 = CARTESIAN_POINT('',(169.668057,-92.986107,1.51));
#7992 = VECTOR('',#7993,1.);
#7993 = DIRECTION('',(0.382684437673,-0.923879116098,0.));
#7994 = PLANE('',#7995);
#7995 = AXIS2_PLACEMENT_3D('',#7996,#7997,#7998);
#7996 = CARTESIAN_POINT('',(169.668057,-92.986107,1.51));
#7997 = DIRECTION('',(0.923879116098,0.382684437673,-0.));
#7998 = DIRECTION('',(0.382684437673,-0.923879116098,0.));
#7999 = ADVANCED_FACE('',(#8000),#8027,.F.);
#8000 = FACE_BOUND('',#8001,.T.);
#8001 = EDGE_LOOP('',(#8002,#8003,#8012,#8020));
#8002 = ORIENTED_EDGE('',*,*,#7981,.T.);
#8003 = ORIENTED_EDGE('',*,*,#8004,.T.);
#8004 = EDGE_CURVE('',#7974,#8005,#8007,.T.);
#8005 = VERTEX_POINT('',#8006);
#8006 = CARTESIAN_POINT('',(169.555262,-94.020357,1.545));
#8007 = CIRCLE('',#8008,0.502055192605);
#8008 = AXIS2_PLACEMENT_3D('',#8009,#8010,#8011);
#8009 = CARTESIAN_POINT('',(169.95284642988,-94.32692842321,1.545));
#8010 = DIRECTION('',(0.,0.,1.));
#8011 = DIRECTION('',(0.128184253563,0.991750370375,-0.));
#8012 = ORIENTED_EDGE('',*,*,#8013,.F.);
#8013 = EDGE_CURVE('',#8014,#8005,#8016,.T.);
#8014 = VERTEX_POINT('',#8015);
#8015 = CARTESIAN_POINT('',(169.555262,-94.020357,1.51));
#8016 = LINE('',#8017,#8018);
#8017 = CARTESIAN_POINT('',(169.555262,-94.020357,1.51));
#8018 = VECTOR('',#8019,1.);
#8019 = DIRECTION('',(0.,0.,1.));
#8020 = ORIENTED_EDGE('',*,*,#8021,.F.);
#8021 = EDGE_CURVE('',#7982,#8014,#8022,.T.);
#8022 = CIRCLE('',#8023,0.502055192605);
#8023 = AXIS2_PLACEMENT_3D('',#8024,#8025,#8026);
#8024 = CARTESIAN_POINT('',(169.95284642988,-94.32692842321,1.51));
#8025 = DIRECTION('',(0.,0.,1.));
#8026 = DIRECTION('',(0.128184253563,0.991750370375,-0.));
#8027 = CYLINDRICAL_SURFACE('',#8028,0.502055192605);
#8028 = AXIS2_PLACEMENT_3D('',#8029,#8030,#8031);
#8029 = CARTESIAN_POINT('',(169.95284642988,-94.32692842321,1.51));
#8030 = DIRECTION('',(-0.,-0.,-1.));
#8031 = DIRECTION('',(0.128184253563,0.991750370375,-0.));
#8032 = ADVANCED_FACE('',(#8033),#8058,.T.);
#8033 = FACE_BOUND('',#8034,.T.);
#8034 = EDGE_LOOP('',(#8035,#8036,#8044,#8052));
#8035 = ORIENTED_EDGE('',*,*,#8013,.T.);
#8036 = ORIENTED_EDGE('',*,*,#8037,.T.);
#8037 = EDGE_CURVE('',#8005,#8038,#8040,.T.);
#8038 = VERTEX_POINT('',#8039);
#8039 = CARTESIAN_POINT('',(169.206117,-93.177447,1.545));
#8040 = LINE('',#8041,#8042);
#8041 = CARTESIAN_POINT('',(169.555262,-94.020357,1.545));
#8042 = VECTOR('',#8043,1.);
#8043 = DIRECTION('',(-0.38268366264,0.923879437128,0.));
#8044 = ORIENTED_EDGE('',*,*,#8045,.F.);
#8045 = EDGE_CURVE('',#8046,#8038,#8048,.T.);
#8046 = VERTEX_POINT('',#8047);
#8047 = CARTESIAN_POINT('',(169.206117,-93.177447,1.51));
#8048 = LINE('',#8049,#8050);
#8049 = CARTESIAN_POINT('',(169.206117,-93.177447,1.51));
#8050 = VECTOR('',#8051,1.);
#8051 = DIRECTION('',(0.,0.,1.));
#8052 = ORIENTED_EDGE('',*,*,#8053,.F.);
#8053 = EDGE_CURVE('',#8014,#8046,#8054,.T.);
#8054 = LINE('',#8055,#8056);
#8055 = CARTESIAN_POINT('',(169.555262,-94.020357,1.51));
#8056 = VECTOR('',#8057,1.);
#8057 = DIRECTION('',(-0.38268366264,0.923879437128,0.));
#8058 = PLANE('',#8059);
#8059 = AXIS2_PLACEMENT_3D('',#8060,#8061,#8062);
#8060 = CARTESIAN_POINT('',(169.555262,-94.020357,1.51));
#8061 = DIRECTION('',(-0.923879437128,-0.38268366264,0.));
#8062 = DIRECTION('',(-0.38268366264,0.923879437128,0.));
#8063 = ADVANCED_FACE('',(#8064),#8089,.T.);
#8064 = FACE_BOUND('',#8065,.T.);
#8065 = EDGE_LOOP('',(#8066,#8067,#8075,#8083));
#8066 = ORIENTED_EDGE('',*,*,#8045,.T.);
#8067 = ORIENTED_EDGE('',*,*,#8068,.T.);
#8068 = EDGE_CURVE('',#8038,#8069,#8071,.T.);
#8069 = VERTEX_POINT('',#8070);
#8070 = CARTESIAN_POINT('',(168.587385,-93.436401,1.545));
#8071 = LINE('',#8072,#8073);
#8072 = CARTESIAN_POINT('',(169.206117,-93.177447,1.545));
#8073 = VECTOR('',#8074,1.);
#8074 = DIRECTION('',(-0.922467587667,-0.386074539052,0.));
#8075 = ORIENTED_EDGE('',*,*,#8076,.F.);
#8076 = EDGE_CURVE('',#8077,#8069,#8079,.T.);
#8077 = VERTEX_POINT('',#8078);
#8078 = CARTESIAN_POINT('',(168.587385,-93.436401,1.51));
#8079 = LINE('',#8080,#8081);
#8080 = CARTESIAN_POINT('',(168.587385,-93.436401,1.51));
#8081 = VECTOR('',#8082,1.);
#8082 = DIRECTION('',(0.,0.,1.));
#8083 = ORIENTED_EDGE('',*,*,#8084,.F.);
#8084 = EDGE_CURVE('',#8046,#8077,#8085,.T.);
#8085 = LINE('',#8086,#8087);
#8086 = CARTESIAN_POINT('',(169.206117,-93.177447,1.51));
#8087 = VECTOR('',#8088,1.);
#8088 = DIRECTION('',(-0.922467587667,-0.386074539052,0.));
#8089 = PLANE('',#8090);
#8090 = AXIS2_PLACEMENT_3D('',#8091,#8092,#8093);
#8091 = CARTESIAN_POINT('',(169.206117,-93.177447,1.51));
#8092 = DIRECTION('',(0.386074539052,-0.922467587667,0.));
#8093 = DIRECTION('',(-0.922467587667,-0.386074539052,0.));
#8094 = ADVANCED_FACE('',(#8095),#8122,.T.);
#8095 = FACE_BOUND('',#8096,.T.);
#8096 = EDGE_LOOP('',(#8097,#8098,#8107,#8115));
#8097 = ORIENTED_EDGE('',*,*,#8076,.T.);
#8098 = ORIENTED_EDGE('',*,*,#8099,.T.);
#8099 = EDGE_CURVE('',#8069,#8100,#8102,.T.);
#8100 = VERTEX_POINT('',#8101);
#8101 = CARTESIAN_POINT('',(168.416962,-93.382839,1.545));
#8102 = CIRCLE('',#8103,0.123998840643);
#8103 = AXIS2_PLACEMENT_3D('',#8104,#8105,#8106);
#8104 = CARTESIAN_POINT('',(168.52796139872,-93.32756833903,1.545));
#8105 = DIRECTION('',(-0.,0.,-1.));
#8106 = DIRECTION('',(0.47922707153,-0.877690955811,-0.));
#8107 = ORIENTED_EDGE('',*,*,#8108,.F.);
#8108 = EDGE_CURVE('',#8109,#8100,#8111,.T.);
#8109 = VERTEX_POINT('',#8110);
#8110 = CARTESIAN_POINT('',(168.416962,-93.382839,1.51));
#8111 = LINE('',#8112,#8113);
#8112 = CARTESIAN_POINT('',(168.416962,-93.382839,1.51));
#8113 = VECTOR('',#8114,1.);
#8114 = DIRECTION('',(0.,0.,1.));
#8115 = ORIENTED_EDGE('',*,*,#8116,.F.);
#8116 = EDGE_CURVE('',#8077,#8109,#8117,.T.);
#8117 = CIRCLE('',#8118,0.123998840643);
#8118 = AXIS2_PLACEMENT_3D('',#8119,#8120,#8121);
#8119 = CARTESIAN_POINT('',(168.52796139872,-93.32756833903,1.51));
#8120 = DIRECTION('',(-0.,0.,-1.));
#8121 = DIRECTION('',(0.47922707153,-0.877690955811,-0.));
#8122 = CYLINDRICAL_SURFACE('',#8123,0.123998840643);
#8123 = AXIS2_PLACEMENT_3D('',#8124,#8125,#8126);
#8124 = CARTESIAN_POINT('',(168.52796139872,-93.32756833903,1.51));
#8125 = DIRECTION('',(-0.,0.,-1.));
#8126 = DIRECTION('',(0.47922707153,-0.877690955811,-0.));
#8127 = ADVANCED_FACE('',(#8128),#8153,.T.);
#8128 = FACE_BOUND('',#8129,.T.);
#8129 = EDGE_LOOP('',(#8130,#8131,#8139,#8147));
#8130 = ORIENTED_EDGE('',*,*,#8108,.T.);
#8131 = ORIENTED_EDGE('',*,*,#8132,.T.);
#8132 = EDGE_CURVE('',#8100,#8133,#8135,.T.);
#8133 = VERTEX_POINT('',#8134);
#8134 = CARTESIAN_POINT('',(168.328022,-93.204223,1.545));
#8135 = LINE('',#8136,#8137);
#8136 = CARTESIAN_POINT('',(168.416962,-93.382839,1.545));
#8137 = VECTOR('',#8138,1.);
#8138 = DIRECTION('',(-0.445737552636,0.895163691271,0.));
#8139 = ORIENTED_EDGE('',*,*,#8140,.F.);
#8140 = EDGE_CURVE('',#8141,#8133,#8143,.T.);
#8141 = VERTEX_POINT('',#8142);
#8142 = CARTESIAN_POINT('',(168.328022,-93.204223,1.51));
#8143 = LINE('',#8144,#8145);
#8144 = CARTESIAN_POINT('',(168.328022,-93.204223,1.51));
#8145 = VECTOR('',#8146,1.);
#8146 = DIRECTION('',(0.,0.,1.));
#8147 = ORIENTED_EDGE('',*,*,#8148,.F.);
#8148 = EDGE_CURVE('',#8109,#8141,#8149,.T.);
#8149 = LINE('',#8150,#8151);
#8150 = CARTESIAN_POINT('',(168.416962,-93.382839,1.51));
#8151 = VECTOR('',#8152,1.);
#8152 = DIRECTION('',(-0.445737552636,0.895163691271,0.));
#8153 = PLANE('',#8154);
#8154 = AXIS2_PLACEMENT_3D('',#8155,#8156,#8157);
#8155 = CARTESIAN_POINT('',(168.416962,-93.382839,1.51));
#8156 = DIRECTION('',(-0.895163691271,-0.445737552636,0.));
#8157 = DIRECTION('',(-0.445737552636,0.895163691271,0.));
#8158 = ADVANCED_FACE('',(#8159),#8186,.F.);
#8159 = FACE_BOUND('',#8160,.T.);
#8160 = EDGE_LOOP('',(#8161,#8162,#8171,#8179));
#8161 = ORIENTED_EDGE('',*,*,#8140,.T.);
#8162 = ORIENTED_EDGE('',*,*,#8163,.T.);
#8163 = EDGE_CURVE('',#8133,#8164,#8166,.T.);
#8164 = VERTEX_POINT('',#8165);
#8165 = CARTESIAN_POINT('',(165.392733,-89.13618,1.545));
#8166 = CIRCLE('',#8167,17.95868783236);
#8167 = AXIS2_PLACEMENT_3D('',#8168,#8169,#8170);
#8168 = CARTESIAN_POINT('',(152.43972652281,-101.5753958861,1.545));
#8169 = DIRECTION('',(0.,0.,1.));
#8170 = DIRECTION('',(0.884713606334,0.466134996292,-0.));
#8171 = ORIENTED_EDGE('',*,*,#8172,.F.);
#8172 = EDGE_CURVE('',#8173,#8164,#8175,.T.);
#8173 = VERTEX_POINT('',#8174);
#8174 = CARTESIAN_POINT('',(165.392733,-89.13618,1.51));
#8175 = LINE('',#8176,#8177);
#8176 = CARTESIAN_POINT('',(165.392733,-89.13618,1.51));
#8177 = VECTOR('',#8178,1.);
#8178 = DIRECTION('',(0.,0.,1.));
#8179 = ORIENTED_EDGE('',*,*,#8180,.F.);
#8180 = EDGE_CURVE('',#8141,#8173,#8181,.T.);
#8181 = CIRCLE('',#8182,17.95868783236);
#8182 = AXIS2_PLACEMENT_3D('',#8183,#8184,#8185);
#8183 = CARTESIAN_POINT('',(152.43972652281,-101.5753958861,1.51));
#8184 = DIRECTION('',(0.,0.,1.));
#8185 = DIRECTION('',(0.884713606334,0.466134996292,-0.));
#8186 = CYLINDRICAL_SURFACE('',#8187,17.95868783236);
#8187 = AXIS2_PLACEMENT_3D('',#8188,#8189,#8190);
#8188 = CARTESIAN_POINT('',(152.43972652281,-101.5753958861,1.51));
#8189 = DIRECTION('',(-0.,-0.,-1.));
#8190 = DIRECTION('',(0.884713606334,0.466134996292,-0.));
#8191 = ADVANCED_FACE('',(#8192),#8217,.T.);
#8192 = FACE_BOUND('',#8193,.T.);
#8193 = EDGE_LOOP('',(#8194,#8195,#8203,#8211));
#8194 = ORIENTED_EDGE('',*,*,#8172,.T.);
#8195 = ORIENTED_EDGE('',*,*,#8196,.T.);
#8196 = EDGE_CURVE('',#8164,#8197,#8199,.T.);
#8197 = VERTEX_POINT('',#8198);
#8198 = CARTESIAN_POINT('',(165.359248,-89.074857,1.545));
#8199 = LINE('',#8200,#8201);
#8200 = CARTESIAN_POINT('',(165.392733,-89.13618,1.545));
#8201 = VECTOR('',#8202,1.);
#8202 = DIRECTION('',(-0.479250184514,0.877678335521,0.));
#8203 = ORIENTED_EDGE('',*,*,#8204,.F.);
#8204 = EDGE_CURVE('',#8205,#8197,#8207,.T.);
#8205 = VERTEX_POINT('',#8206);
#8206 = CARTESIAN_POINT('',(165.359248,-89.074857,1.51));
#8207 = LINE('',#8208,#8209);
#8208 = CARTESIAN_POINT('',(165.359248,-89.074857,1.51));
#8209 = VECTOR('',#8210,1.);
#8210 = DIRECTION('',(0.,0.,1.));
#8211 = ORIENTED_EDGE('',*,*,#8212,.F.);
#8212 = EDGE_CURVE('',#8173,#8205,#8213,.T.);
#8213 = LINE('',#8214,#8215);
#8214 = CARTESIAN_POINT('',(165.392733,-89.13618,1.51));
#8215 = VECTOR('',#8216,1.);
#8216 = DIRECTION('',(-0.479250184514,0.877678335521,0.));
#8217 = PLANE('',#8218);
#8218 = AXIS2_PLACEMENT_3D('',#8219,#8220,#8221);
#8219 = CARTESIAN_POINT('',(165.392733,-89.13618,1.51));
#8220 = DIRECTION('',(-0.877678335521,-0.479250184514,0.));
#8221 = DIRECTION('',(-0.479250184514,0.877678335521,0.));
#8222 = ADVANCED_FACE('',(#8223),#8248,.T.);
#8223 = FACE_BOUND('',#8224,.T.);
#8224 = EDGE_LOOP('',(#8225,#8226,#8234,#8242));
#8225 = ORIENTED_EDGE('',*,*,#8204,.T.);
#8226 = ORIENTED_EDGE('',*,*,#8227,.T.);
#8227 = EDGE_CURVE('',#8197,#8228,#8230,.T.);
#8228 = VERTEX_POINT('',#8229);
#8229 = CARTESIAN_POINT('',(165.364232,-89.005165,1.545));
#8230 = LINE('',#8231,#8232);
#8231 = CARTESIAN_POINT('',(165.359248,-89.074857,1.545));
#8232 = VECTOR('',#8233,1.);
#8233 = DIRECTION('',(7.133248759996E-02,0.997452593466,0.));
#8234 = ORIENTED_EDGE('',*,*,#8235,.F.);
#8235 = EDGE_CURVE('',#8236,#8228,#8238,.T.);
#8236 = VERTEX_POINT('',#8237);
#8237 = CARTESIAN_POINT('',(165.364232,-89.005165,1.51));
#8238 = LINE('',#8239,#8240);
#8239 = CARTESIAN_POINT('',(165.364232,-89.005165,1.51));
#8240 = VECTOR('',#8241,1.);
#8241 = DIRECTION('',(0.,0.,1.));
#8242 = ORIENTED_EDGE('',*,*,#8243,.F.);
#8243 = EDGE_CURVE('',#8205,#8236,#8244,.T.);
#8244 = LINE('',#8245,#8246);
#8245 = CARTESIAN_POINT('',(165.359248,-89.074857,1.51));
#8246 = VECTOR('',#8247,1.);
#8247 = DIRECTION('',(7.133248759996E-02,0.997452593466,0.));
#8248 = PLANE('',#8249);
#8249 = AXIS2_PLACEMENT_3D('',#8250,#8251,#8252);
#8250 = CARTESIAN_POINT('',(165.359248,-89.074857,1.51));
#8251 = DIRECTION('',(-0.997452593466,7.133248759996E-02,0.));
#8252 = DIRECTION('',(7.133248759996E-02,0.997452593466,0.));
#8253 = ADVANCED_FACE('',(#8254),#8270,.T.);
#8254 = FACE_BOUND('',#8255,.T.);
#8255 = EDGE_LOOP('',(#8256,#8257,#8263,#8264));
#8256 = ORIENTED_EDGE('',*,*,#8235,.T.);
#8257 = ORIENTED_EDGE('',*,*,#8258,.T.);
#8258 = EDGE_CURVE('',#8228,#7743,#8259,.T.);
#8259 = LINE('',#8260,#8261);
#8260 = CARTESIAN_POINT('',(165.364232,-89.005165,1.545));
#8261 = VECTOR('',#8262,1.);
#8262 = DIRECTION('',(0.540642521962,0.841252437409,0.));
#8263 = ORIENTED_EDGE('',*,*,#7740,.F.);
#8264 = ORIENTED_EDGE('',*,*,#8265,.F.);
#8265 = EDGE_CURVE('',#8236,#7741,#8266,.T.);
#8266 = LINE('',#8267,#8268);
#8267 = CARTESIAN_POINT('',(165.364232,-89.005165,1.51));
#8268 = VECTOR('',#8269,1.);
#8269 = DIRECTION('',(0.540642521962,0.841252437409,0.));
#8270 = PLANE('',#8271);
#8271 = AXIS2_PLACEMENT_3D('',#8272,#8273,#8274);
#8272 = CARTESIAN_POINT('',(165.364232,-89.005165,1.51));
#8273 = DIRECTION('',(-0.841252437409,0.540642521962,0.));
#8274 = DIRECTION('',(0.540642521962,0.841252437409,0.));
#8275 = ADVANCED_FACE('',(#8276),#8295,.F.);
#8276 = FACE_BOUND('',#8277,.T.);
#8277 = EDGE_LOOP('',(#8278,#8279,#8280,#8281,#8282,#8283,#8284,#8285,
    #8286,#8287,#8288,#8289,#8290,#8291,#8292,#8293,#8294));
#8278 = ORIENTED_EDGE('',*,*,#7766,.T.);
#8279 = ORIENTED_EDGE('',*,*,#7798,.T.);
#8280 = ORIENTED_EDGE('',*,*,#7830,.T.);
#8281 = ORIENTED_EDGE('',*,*,#7862,.T.);
#8282 = ORIENTED_EDGE('',*,*,#7894,.T.);
#8283 = ORIENTED_EDGE('',*,*,#7926,.T.);
#8284 = ORIENTED_EDGE('',*,*,#7958,.T.);
#8285 = ORIENTED_EDGE('',*,*,#7989,.T.);
#8286 = ORIENTED_EDGE('',*,*,#8021,.T.);
#8287 = ORIENTED_EDGE('',*,*,#8053,.T.);
#8288 = ORIENTED_EDGE('',*,*,#8084,.T.);
#8289 = ORIENTED_EDGE('',*,*,#8116,.T.);
#8290 = ORIENTED_EDGE('',*,*,#8148,.T.);
#8291 = ORIENTED_EDGE('',*,*,#8180,.T.);
#8292 = ORIENTED_EDGE('',*,*,#8212,.T.);
#8293 = ORIENTED_EDGE('',*,*,#8243,.T.);
#8294 = ORIENTED_EDGE('',*,*,#8265,.T.);
#8295 = PLANE('',#8296);
#8296 = AXIS2_PLACEMENT_3D('',#8297,#8298,#8299);
#8297 = CARTESIAN_POINT('',(0.,0.,1.51));
#8298 = DIRECTION('',(0.,0.,1.));
#8299 = DIRECTION('',(1.,0.,-0.));
#8300 = ADVANCED_FACE('',(#8301),#8320,.T.);
#8301 = FACE_BOUND('',#8302,.F.);
#8302 = EDGE_LOOP('',(#8303,#8304,#8305,#8306,#8307,#8308,#8309,#8310,
    #8311,#8312,#8313,#8314,#8315,#8316,#8317,#8318,#8319));
#8303 = ORIENTED_EDGE('',*,*,#7750,.T.);
#8304 = ORIENTED_EDGE('',*,*,#7781,.T.);
#8305 = ORIENTED_EDGE('',*,*,#7814,.T.);
#8306 = ORIENTED_EDGE('',*,*,#7845,.T.);
#8307 = ORIENTED_EDGE('',*,*,#7878,.T.);
#8308 = ORIENTED_EDGE('',*,*,#7909,.T.);
#8309 = ORIENTED_EDGE('',*,*,#7942,.T.);
#8310 = ORIENTED_EDGE('',*,*,#7973,.T.);
#8311 = ORIENTED_EDGE('',*,*,#8004,.T.);
#8312 = ORIENTED_EDGE('',*,*,#8037,.T.);
#8313 = ORIENTED_EDGE('',*,*,#8068,.T.);
#8314 = ORIENTED_EDGE('',*,*,#8099,.T.);
#8315 = ORIENTED_EDGE('',*,*,#8132,.T.);
#8316 = ORIENTED_EDGE('',*,*,#8163,.T.);
#8317 = ORIENTED_EDGE('',*,*,#8196,.T.);
#8318 = ORIENTED_EDGE('',*,*,#8227,.T.);
#8319 = ORIENTED_EDGE('',*,*,#8258,.T.);
#8320 = PLANE('',#8321);
#8321 = AXIS2_PLACEMENT_3D('',#8322,#8323,#8324);
#8322 = CARTESIAN_POINT('',(0.,0.,1.545));
#8323 = DIRECTION('',(0.,0.,1.));
#8324 = DIRECTION('',(1.,0.,-0.));
#8325 = MANIFOLD_SOLID_BREP('',#8326);
#8326 = CLOSED_SHELL('',(#8327,#8369,#8400,#8433,#8464,#8495,#8526,#8557
    ,#8590,#8621,#8654,#8685,#8718,#8749,#8780,#8813,#8844,#8866,#8891)
  );
#8327 = ADVANCED_FACE('',(#8328),#8364,.T.);
#8328 = FACE_BOUND('',#8329,.T.);
#8329 = EDGE_LOOP('',(#8330,#8340,#8349,#8357));
#8330 = ORIENTED_EDGE('',*,*,#8331,.T.);
#8331 = EDGE_CURVE('',#8332,#8334,#8336,.T.);
#8332 = VERTEX_POINT('',#8333);
#8333 = CARTESIAN_POINT('',(161.231137,-83.807468,1.51));
#8334 = VERTEX_POINT('',#8335);
#8335 = CARTESIAN_POINT('',(161.231137,-83.807468,1.545));
#8336 = LINE('',#8337,#8338);
#8337 = CARTESIAN_POINT('',(161.231137,-83.807468,1.51));
#8338 = VECTOR('',#8339,1.);
#8339 = DIRECTION('',(0.,0.,1.));
#8340 = ORIENTED_EDGE('',*,*,#8341,.T.);
#8341 = EDGE_CURVE('',#8334,#8342,#8344,.T.);
#8342 = VERTEX_POINT('',#8343);
#8343 = CARTESIAN_POINT('',(161.402954,-83.744931,1.545));
#8344 = CIRCLE('',#8345,0.124000459661);
#8345 = AXIS2_PLACEMENT_3D('',#8346,#8347,#8348);
#8346 = CARTESIAN_POINT('',(161.34569827393,-83.85492143517,1.545));
#8347 = DIRECTION('',(0.,0.,-1.));
#8348 = DIRECTION('',(-0.923877816679,0.382687574725,0.));
#8349 = ORIENTED_EDGE('',*,*,#8350,.F.);
#8350 = EDGE_CURVE('',#8351,#8342,#8353,.T.);
#8351 = VERTEX_POINT('',#8352);
#8352 = CARTESIAN_POINT('',(161.402954,-83.744931,1.51));
#8353 = LINE('',#8354,#8355);
#8354 = CARTESIAN_POINT('',(161.402954,-83.744931,1.51));
#8355 = VECTOR('',#8356,1.);
#8356 = DIRECTION('',(0.,0.,1.));
#8357 = ORIENTED_EDGE('',*,*,#8358,.F.);
#8358 = EDGE_CURVE('',#8332,#8351,#8359,.T.);
#8359 = CIRCLE('',#8360,0.124000459661);
#8360 = AXIS2_PLACEMENT_3D('',#8361,#8362,#8363);
#8361 = CARTESIAN_POINT('',(161.34569827393,-83.85492143517,1.51));
#8362 = DIRECTION('',(0.,0.,-1.));
#8363 = DIRECTION('',(-0.923877816679,0.382687574725,0.));
#8364 = CYLINDRICAL_SURFACE('',#8365,0.124000459661);
#8365 = AXIS2_PLACEMENT_3D('',#8366,#8367,#8368);
#8366 = CARTESIAN_POINT('',(161.34569827393,-83.85492143517,1.51));
#8367 = DIRECTION('',(0.,0.,-1.));
#8368 = DIRECTION('',(-0.923877816679,0.382687574725,0.));
#8369 = ADVANCED_FACE('',(#8370),#8395,.T.);
#8370 = FACE_BOUND('',#8371,.T.);
#8371 = EDGE_LOOP('',(#8372,#8373,#8381,#8389));
#8372 = ORIENTED_EDGE('',*,*,#8350,.T.);
#8373 = ORIENTED_EDGE('',*,*,#8374,.T.);
#8374 = EDGE_CURVE('',#8342,#8375,#8377,.T.);
#8375 = VERTEX_POINT('',#8376);
#8376 = CARTESIAN_POINT('',(161.952254,-84.030918,1.545));
#8377 = LINE('',#8378,#8379);
#8378 = CARTESIAN_POINT('',(161.402954,-83.744931,1.545));
#8379 = VECTOR('',#8380,1.);
#8380 = DIRECTION('',(0.886984695196,-0.461798820362,0.));
#8381 = ORIENTED_EDGE('',*,*,#8382,.F.);
#8382 = EDGE_CURVE('',#8383,#8375,#8385,.T.);
#8383 = VERTEX_POINT('',#8384);
#8384 = CARTESIAN_POINT('',(161.952254,-84.030918,1.51));
#8385 = LINE('',#8386,#8387);
#8386 = CARTESIAN_POINT('',(161.952254,-84.030918,1.51));
#8387 = VECTOR('',#8388,1.);
#8388 = DIRECTION('',(0.,0.,1.));
#8389 = ORIENTED_EDGE('',*,*,#8390,.F.);
#8390 = EDGE_CURVE('',#8351,#8383,#8391,.T.);
#8391 = LINE('',#8392,#8393);
#8392 = CARTESIAN_POINT('',(161.402954,-83.744931,1.51));
#8393 = VECTOR('',#8394,1.);
#8394 = DIRECTION('',(0.886984695196,-0.461798820362,0.));
#8395 = PLANE('',#8396);
#8396 = AXIS2_PLACEMENT_3D('',#8397,#8398,#8399);
#8397 = CARTESIAN_POINT('',(161.402954,-83.744931,1.51));
#8398 = DIRECTION('',(0.461798820362,0.886984695196,-0.));
#8399 = DIRECTION('',(0.886984695196,-0.461798820362,0.));
#8400 = ADVANCED_FACE('',(#8401),#8428,.T.);
#8401 = FACE_BOUND('',#8402,.T.);
#8402 = EDGE_LOOP('',(#8403,#8404,#8413,#8421));
#8403 = ORIENTED_EDGE('',*,*,#8382,.T.);
#8404 = ORIENTED_EDGE('',*,*,#8405,.T.);
#8405 = EDGE_CURVE('',#8375,#8406,#8408,.T.);
#8406 = VERTEX_POINT('',#8407);
#8407 = CARTESIAN_POINT('',(166.273958,-87.197125,1.545));
#8408 = CIRCLE('',#8409,19.97457873139);
#8409 = AXIS2_PLACEMENT_3D('',#8410,#8411,#8412);
#8410 = CARTESIAN_POINT('',(152.41487755953,-101.5814805587,1.545));
#8411 = DIRECTION('',(0.,0.,-1.));
#8412 = DIRECTION('',(0.477475723955,0.878644941392,0.));
#8413 = ORIENTED_EDGE('',*,*,#8414,.F.);
#8414 = EDGE_CURVE('',#8415,#8406,#8417,.T.);
#8415 = VERTEX_POINT('',#8416);
#8416 = CARTESIAN_POINT('',(166.273958,-87.197125,1.51));
#8417 = LINE('',#8418,#8419);
#8418 = CARTESIAN_POINT('',(166.273958,-87.197125,1.51));
#8419 = VECTOR('',#8420,1.);
#8420 = DIRECTION('',(0.,0.,1.));
#8421 = ORIENTED_EDGE('',*,*,#8422,.F.);
#8422 = EDGE_CURVE('',#8383,#8415,#8423,.T.);
#8423 = CIRCLE('',#8424,19.97457873139);
#8424 = AXIS2_PLACEMENT_3D('',#8425,#8426,#8427);
#8425 = CARTESIAN_POINT('',(152.41487755953,-101.5814805587,1.51));
#8426 = DIRECTION('',(0.,0.,-1.));
#8427 = DIRECTION('',(0.477475723955,0.878644941392,0.));
#8428 = CYLINDRICAL_SURFACE('',#8429,19.97457873139);
#8429 = AXIS2_PLACEMENT_3D('',#8430,#8431,#8432);
#8430 = CARTESIAN_POINT('',(152.41487755953,-101.5814805587,1.51));
#8431 = DIRECTION('',(0.,0.,-1.));
#8432 = DIRECTION('',(0.477475723955,0.878644941392,0.));
#8433 = ADVANCED_FACE('',(#8434),#8459,.T.);
#8434 = FACE_BOUND('',#8435,.T.);
#8435 = EDGE_LOOP('',(#8436,#8437,#8445,#8453));
#8436 = ORIENTED_EDGE('',*,*,#8414,.T.);
#8437 = ORIENTED_EDGE('',*,*,#8438,.T.);
#8438 = EDGE_CURVE('',#8406,#8439,#8441,.T.);
#8439 = VERTEX_POINT('',#8440);
#8440 = CARTESIAN_POINT('',(166.307443,-87.258448,1.545));
#8441 = LINE('',#8442,#8443);
#8442 = CARTESIAN_POINT('',(166.273958,-87.197125,1.545));
#8443 = VECTOR('',#8444,1.);
#8444 = DIRECTION('',(0.479250184514,-0.877678335521,0.));
#8445 = ORIENTED_EDGE('',*,*,#8446,.F.);
#8446 = EDGE_CURVE('',#8447,#8439,#8449,.T.);
#8447 = VERTEX_POINT('',#8448);
#8448 = CARTESIAN_POINT('',(166.307443,-87.258448,1.51));
#8449 = LINE('',#8450,#8451);
#8450 = CARTESIAN_POINT('',(166.307443,-87.258448,1.51));
#8451 = VECTOR('',#8452,1.);
#8452 = DIRECTION('',(0.,0.,1.));
#8453 = ORIENTED_EDGE('',*,*,#8454,.F.);
#8454 = EDGE_CURVE('',#8415,#8447,#8455,.T.);
#8455 = LINE('',#8456,#8457);
#8456 = CARTESIAN_POINT('',(166.273958,-87.197125,1.51));
#8457 = VECTOR('',#8458,1.);
#8458 = DIRECTION('',(0.479250184514,-0.877678335521,0.));
#8459 = PLANE('',#8460);
#8460 = AXIS2_PLACEMENT_3D('',#8461,#8462,#8463);
#8461 = CARTESIAN_POINT('',(166.273958,-87.197125,1.51));
#8462 = DIRECTION('',(0.877678335521,0.479250184514,-0.));
#8463 = DIRECTION('',(0.479250184514,-0.877678335521,0.));
#8464 = ADVANCED_FACE('',(#8465),#8490,.T.);
#8465 = FACE_BOUND('',#8466,.T.);
#8466 = EDGE_LOOP('',(#8467,#8468,#8476,#8484));
#8467 = ORIENTED_EDGE('',*,*,#8446,.T.);
#8468 = ORIENTED_EDGE('',*,*,#8469,.T.);
#8469 = EDGE_CURVE('',#8439,#8470,#8472,.T.);
#8470 = VERTEX_POINT('',#8471);
#8471 = CARTESIAN_POINT('',(166.302459,-87.32814,1.545));
#8472 = LINE('',#8473,#8474);
#8473 = CARTESIAN_POINT('',(166.307443,-87.258448,1.545));
#8474 = VECTOR('',#8475,1.);
#8475 = DIRECTION('',(-7.133248760035E-02,-0.997452593466,0.));
#8476 = ORIENTED_EDGE('',*,*,#8477,.F.);
#8477 = EDGE_CURVE('',#8478,#8470,#8480,.T.);
#8478 = VERTEX_POINT('',#8479);
#8479 = CARTESIAN_POINT('',(166.302459,-87.32814,1.51));
#8480 = LINE('',#8481,#8482);
#8481 = CARTESIAN_POINT('',(166.302459,-87.32814,1.51));
#8482 = VECTOR('',#8483,1.);
#8483 = DIRECTION('',(0.,0.,1.));
#8484 = ORIENTED_EDGE('',*,*,#8485,.F.);
#8485 = EDGE_CURVE('',#8447,#8478,#8486,.T.);
#8486 = LINE('',#8487,#8488);
#8487 = CARTESIAN_POINT('',(166.307443,-87.258448,1.51));
#8488 = VECTOR('',#8489,1.);
#8489 = DIRECTION('',(-7.133248760035E-02,-0.997452593466,0.));
#8490 = PLANE('',#8491);
#8491 = AXIS2_PLACEMENT_3D('',#8492,#8493,#8494);
#8492 = CARTESIAN_POINT('',(166.307443,-87.258448,1.51));
#8493 = DIRECTION('',(0.997452593466,-7.133248760035E-02,0.));
#8494 = DIRECTION('',(-7.133248760035E-02,-0.997452593466,0.));
#8495 = ADVANCED_FACE('',(#8496),#8521,.T.);
#8496 = FACE_BOUND('',#8497,.T.);
#8497 = EDGE_LOOP('',(#8498,#8499,#8507,#8515));
#8498 = ORIENTED_EDGE('',*,*,#8477,.T.);
#8499 = ORIENTED_EDGE('',*,*,#8500,.T.);
#8500 = EDGE_CURVE('',#8470,#8501,#8503,.T.);
#8501 = VERTEX_POINT('',#8502);
#8502 = CARTESIAN_POINT('',(166.273958,-87.372487,1.545));
#8503 = LINE('',#8504,#8505);
#8504 = CARTESIAN_POINT('',(166.302459,-87.32814,1.545));
#8505 = VECTOR('',#8506,1.);
#8506 = DIRECTION('',(-0.540653083035,-0.841245650095,0.));
#8507 = ORIENTED_EDGE('',*,*,#8508,.F.);
#8508 = EDGE_CURVE('',#8509,#8501,#8511,.T.);
#8509 = VERTEX_POINT('',#8510);
#8510 = CARTESIAN_POINT('',(166.273958,-87.372487,1.51));
#8511 = LINE('',#8512,#8513);
#8512 = CARTESIAN_POINT('',(166.273958,-87.372487,1.51));
#8513 = VECTOR('',#8514,1.);
#8514 = DIRECTION('',(0.,0.,1.));
#8515 = ORIENTED_EDGE('',*,*,#8516,.F.);
#8516 = EDGE_CURVE('',#8478,#8509,#8517,.T.);
#8517 = LINE('',#8518,#8519);
#8518 = CARTESIAN_POINT('',(166.302459,-87.32814,1.51));
#8519 = VECTOR('',#8520,1.);
#8520 = DIRECTION('',(-0.540653083035,-0.841245650095,0.));
#8521 = PLANE('',#8522);
#8522 = AXIS2_PLACEMENT_3D('',#8523,#8524,#8525);
#8523 = CARTESIAN_POINT('',(166.302459,-87.32814,1.51));
#8524 = DIRECTION('',(0.841245650095,-0.540653083035,0.));
#8525 = DIRECTION('',(-0.540653083035,-0.841245650095,0.));
#8526 = ADVANCED_FACE('',(#8527),#8552,.T.);
#8527 = FACE_BOUND('',#8528,.T.);
#8528 = EDGE_LOOP('',(#8529,#8530,#8538,#8546));
#8529 = ORIENTED_EDGE('',*,*,#8508,.T.);
#8530 = ORIENTED_EDGE('',*,*,#8531,.T.);
#8531 = EDGE_CURVE('',#8501,#8532,#8534,.T.);
#8532 = VERTEX_POINT('',#8533);
#8533 = CARTESIAN_POINT('',(165.03918,-88.607266,1.545));
#8534 = LINE('',#8535,#8536);
#8535 = CARTESIAN_POINT('',(166.273958,-87.372487,1.545));
#8536 = VECTOR('',#8537,1.);
#8537 = DIRECTION('',(-0.707106494857,-0.707107067516,0.));
#8538 = ORIENTED_EDGE('',*,*,#8539,.F.);
#8539 = EDGE_CURVE('',#8540,#8532,#8542,.T.);
#8540 = VERTEX_POINT('',#8541);
#8541 = CARTESIAN_POINT('',(165.03918,-88.607266,1.51));
#8542 = LINE('',#8543,#8544);
#8543 = CARTESIAN_POINT('',(165.03918,-88.607266,1.51));
#8544 = VECTOR('',#8545,1.);
#8545 = DIRECTION('',(0.,0.,1.));
#8546 = ORIENTED_EDGE('',*,*,#8547,.F.);
#8547 = EDGE_CURVE('',#8509,#8540,#8548,.T.);
#8548 = LINE('',#8549,#8550);
#8549 = CARTESIAN_POINT('',(166.273958,-87.372487,1.51));
#8550 = VECTOR('',#8551,1.);
#8551 = DIRECTION('',(-0.707106494857,-0.707107067516,0.));
#8552 = PLANE('',#8553);
#8553 = AXIS2_PLACEMENT_3D('',#8554,#8555,#8556);
#8554 = CARTESIAN_POINT('',(166.273958,-87.372487,1.51));
#8555 = DIRECTION('',(0.707107067516,-0.707106494857,0.));
#8556 = DIRECTION('',(-0.707106494857,-0.707107067516,0.));
#8557 = ADVANCED_FACE('',(#8558),#8585,.T.);
#8558 = FACE_BOUND('',#8559,.T.);
#8559 = EDGE_LOOP('',(#8560,#8561,#8570,#8578));
#8560 = ORIENTED_EDGE('',*,*,#8539,.T.);
#8561 = ORIENTED_EDGE('',*,*,#8562,.T.);
#8562 = EDGE_CURVE('',#8532,#8563,#8565,.T.);
#8563 = VERTEX_POINT('',#8564);
#8564 = CARTESIAN_POINT('',(164.863818,-88.607266,1.545));
#8565 = CIRCLE('',#8566,0.123999361632);
#8566 = AXIS2_PLACEMENT_3D('',#8567,#8568,#8569);
#8567 = CARTESIAN_POINT('',(164.951499,-88.51958542105,1.545));
#8568 = DIRECTION('',(-0.,0.,-1.));
#8569 = DIRECTION('',(0.707108478993,-0.707105083376,-0.));
#8570 = ORIENTED_EDGE('',*,*,#8571,.F.);
#8571 = EDGE_CURVE('',#8572,#8563,#8574,.T.);
#8572 = VERTEX_POINT('',#8573);
#8573 = CARTESIAN_POINT('',(164.863818,-88.607266,1.51));
#8574 = LINE('',#8575,#8576);
#8575 = CARTESIAN_POINT('',(164.863818,-88.607266,1.51));
#8576 = VECTOR('',#8577,1.);
#8577 = DIRECTION('',(0.,0.,1.));
#8578 = ORIENTED_EDGE('',*,*,#8579,.F.);
#8579 = EDGE_CURVE('',#8540,#8572,#8580,.T.);
#8580 = CIRCLE('',#8581,0.123999361632);
#8581 = AXIS2_PLACEMENT_3D('',#8582,#8583,#8584);
#8582 = CARTESIAN_POINT('',(164.951499,-88.51958542105,1.51));
#8583 = DIRECTION('',(-0.,0.,-1.));
#8584 = DIRECTION('',(0.707108478993,-0.707105083376,-0.));
#8585 = CYLINDRICAL_SURFACE('',#8586,0.123999361632);
#8586 = AXIS2_PLACEMENT_3D('',#8587,#8588,#8589);
#8587 = CARTESIAN_POINT('',(164.951499,-88.51958542105,1.51));
#8588 = DIRECTION('',(-0.,0.,-1.));
#8589 = DIRECTION('',(0.707108478993,-0.707105083376,-0.));
#8590 = ADVANCED_FACE('',(#8591),#8616,.T.);
#8591 = FACE_BOUND('',#8592,.T.);
#8592 = EDGE_LOOP('',(#8593,#8594,#8602,#8610));
#8593 = ORIENTED_EDGE('',*,*,#8571,.T.);
#8594 = ORIENTED_EDGE('',*,*,#8595,.T.);
#8595 = EDGE_CURVE('',#8563,#8596,#8598,.T.);
#8596 = VERTEX_POINT('',#8597);
#8597 = CARTESIAN_POINT('',(164.219516,-88.01729,1.545));
#8598 = LINE('',#8599,#8600);
#8599 = CARTESIAN_POINT('',(164.863818,-88.607266,1.545));
#8600 = VECTOR('',#8601,1.);
#8601 = DIRECTION('',(-0.737515621998,0.67533007286,0.));
#8602 = ORIENTED_EDGE('',*,*,#8603,.F.);
#8603 = EDGE_CURVE('',#8604,#8596,#8606,.T.);
#8604 = VERTEX_POINT('',#8605);
#8605 = CARTESIAN_POINT('',(164.219516,-88.01729,1.51));
#8606 = LINE('',#8607,#8608);
#8607 = CARTESIAN_POINT('',(164.219516,-88.01729,1.51));
#8608 = VECTOR('',#8609,1.);
#8609 = DIRECTION('',(0.,0.,1.));
#8610 = ORIENTED_EDGE('',*,*,#8611,.F.);
#8611 = EDGE_CURVE('',#8572,#8604,#8612,.T.);
#8612 = LINE('',#8613,#8614);
#8613 = CARTESIAN_POINT('',(164.863818,-88.607266,1.51));
#8614 = VECTOR('',#8615,1.);
#8615 = DIRECTION('',(-0.737515621998,0.67533007286,0.));
#8616 = PLANE('',#8617);
#8617 = AXIS2_PLACEMENT_3D('',#8618,#8619,#8620);
#8618 = CARTESIAN_POINT('',(164.863818,-88.607266,1.51));
#8619 = DIRECTION('',(-0.67533007286,-0.737515621998,0.));
#8620 = DIRECTION('',(-0.737515621998,0.67533007286,0.));
#8621 = ADVANCED_FACE('',(#8622),#8649,.F.);
#8622 = FACE_BOUND('',#8623,.T.);
#8623 = EDGE_LOOP('',(#8624,#8625,#8634,#8642));
#8624 = ORIENTED_EDGE('',*,*,#8603,.T.);
#8625 = ORIENTED_EDGE('',*,*,#8626,.T.);
#8626 = EDGE_CURVE('',#8596,#8627,#8629,.T.);
#8627 = VERTEX_POINT('',#8628);
#8628 = CARTESIAN_POINT('',(160.795776,-85.671977,1.545));
#8629 = CIRCLE('',#8630,18.005278185087);
#8630 = AXIS2_PLACEMENT_3D('',#8631,#8632,#8633);
#8631 = CARTESIAN_POINT('',(152.40001446893,-101.5999784702,1.545));
#8632 = DIRECTION('',(0.,0.,1.));
#8633 = DIRECTION('',(0.656446482502,0.754372597336,-0.));
#8634 = ORIENTED_EDGE('',*,*,#8635,.F.);
#8635 = EDGE_CURVE('',#8636,#8627,#8638,.T.);
#8636 = VERTEX_POINT('',#8637);
#8637 = CARTESIAN_POINT('',(160.795776,-85.671977,1.51));
#8638 = LINE('',#8639,#8640);
#8639 = CARTESIAN_POINT('',(160.795776,-85.671977,1.51));
#8640 = VECTOR('',#8641,1.);
#8641 = DIRECTION('',(0.,0.,1.));
#8642 = ORIENTED_EDGE('',*,*,#8643,.F.);
#8643 = EDGE_CURVE('',#8604,#8636,#8644,.T.);
#8644 = CIRCLE('',#8645,18.005278185087);
#8645 = AXIS2_PLACEMENT_3D('',#8646,#8647,#8648);
#8646 = CARTESIAN_POINT('',(152.40001446893,-101.5999784702,1.51));
#8647 = DIRECTION('',(0.,0.,1.));
#8648 = DIRECTION('',(0.656446482502,0.754372597336,-0.));
#8649 = CYLINDRICAL_SURFACE('',#8650,18.005278185087);
#8650 = AXIS2_PLACEMENT_3D('',#8651,#8652,#8653);
#8651 = CARTESIAN_POINT('',(152.40001446893,-101.5999784702,1.51));
#8652 = DIRECTION('',(-0.,-0.,-1.));
#8653 = DIRECTION('',(0.656446482502,0.754372597336,-0.));
#8654 = ADVANCED_FACE('',(#8655),#8680,.T.);
#8655 = FACE_BOUND('',#8656,.T.);
#8656 = EDGE_LOOP('',(#8657,#8658,#8666,#8674));
#8657 = ORIENTED_EDGE('',*,*,#8635,.T.);
#8658 = ORIENTED_EDGE('',*,*,#8659,.T.);
#8659 = EDGE_CURVE('',#8627,#8660,#8662,.T.);
#8660 = VERTEX_POINT('',#8661);
#8661 = CARTESIAN_POINT('',(160.61716,-85.583037,1.545));
#8662 = LINE('',#8663,#8664);
#8663 = CARTESIAN_POINT('',(160.795776,-85.671977,1.545));
#8664 = VECTOR('',#8665,1.);
#8665 = DIRECTION('',(-0.895163691271,0.445737552636,0.));
#8666 = ORIENTED_EDGE('',*,*,#8667,.F.);
#8667 = EDGE_CURVE('',#8668,#8660,#8670,.T.);
#8668 = VERTEX_POINT('',#8669);
#8669 = CARTESIAN_POINT('',(160.61716,-85.583037,1.51));
#8670 = LINE('',#8671,#8672);
#8671 = CARTESIAN_POINT('',(160.61716,-85.583037,1.51));
#8672 = VECTOR('',#8673,1.);
#8673 = DIRECTION('',(0.,0.,1.));
#8674 = ORIENTED_EDGE('',*,*,#8675,.F.);
#8675 = EDGE_CURVE('',#8636,#8668,#8676,.T.);
#8676 = LINE('',#8677,#8678);
#8677 = CARTESIAN_POINT('',(160.795776,-85.671977,1.51));
#8678 = VECTOR('',#8679,1.);
#8679 = DIRECTION('',(-0.895163691271,0.445737552636,0.));
#8680 = PLANE('',#8681);
#8681 = AXIS2_PLACEMENT_3D('',#8682,#8683,#8684);
#8682 = CARTESIAN_POINT('',(160.795776,-85.671977,1.51));
#8683 = DIRECTION('',(-0.445737552636,-0.895163691271,0.));
#8684 = DIRECTION('',(-0.895163691271,0.445737552636,0.));
#8685 = ADVANCED_FACE('',(#8686),#8713,.T.);
#8686 = FACE_BOUND('',#8687,.T.);
#8687 = EDGE_LOOP('',(#8688,#8689,#8698,#8706));
#8688 = ORIENTED_EDGE('',*,*,#8667,.T.);
#8689 = ORIENTED_EDGE('',*,*,#8690,.T.);
#8690 = EDGE_CURVE('',#8660,#8691,#8693,.T.);
#8691 = VERTEX_POINT('',#8692);
#8692 = CARTESIAN_POINT('',(160.563601,-85.412608,1.545));
#8693 = CIRCLE('',#8694,0.123999546686);
#8694 = AXIS2_PLACEMENT_3D('',#8695,#8696,#8697);
#8695 = CARTESIAN_POINT('',(160.67243141486,-85.47203718794,1.545));
#8696 = DIRECTION('',(0.,0.,-1.));
#8697 = DIRECTION('',(-0.445738846145,-0.89516304718,-0.));
#8698 = ORIENTED_EDGE('',*,*,#8699,.F.);
#8699 = EDGE_CURVE('',#8700,#8691,#8702,.T.);
#8700 = VERTEX_POINT('',#8701);
#8701 = CARTESIAN_POINT('',(160.563601,-85.412608,1.51));
#8702 = LINE('',#8703,#8704);
#8703 = CARTESIAN_POINT('',(160.563601,-85.412608,1.51));
#8704 = VECTOR('',#8705,1.);
#8705 = DIRECTION('',(0.,0.,1.));
#8706 = ORIENTED_EDGE('',*,*,#8707,.F.);
#8707 = EDGE_CURVE('',#8668,#8700,#8708,.T.);
#8708 = CIRCLE('',#8709,0.123999546686);
#8709 = AXIS2_PLACEMENT_3D('',#8710,#8711,#8712);
#8710 = CARTESIAN_POINT('',(160.67243141486,-85.47203718794,1.51));
#8711 = DIRECTION('',(0.,0.,-1.));
#8712 = DIRECTION('',(-0.445738846145,-0.89516304718,-0.));
#8713 = CYLINDRICAL_SURFACE('',#8714,0.123999546686);
#8714 = AXIS2_PLACEMENT_3D('',#8715,#8716,#8717);
#8715 = CARTESIAN_POINT('',(160.67243141486,-85.47203718794,1.51));
#8716 = DIRECTION('',(0.,0.,-1.));
#8717 = DIRECTION('',(-0.445738846145,-0.89516304718,-0.));
#8718 = ADVANCED_FACE('',(#8719),#8744,.T.);
#8719 = FACE_BOUND('',#8720,.T.);
#8720 = EDGE_LOOP('',(#8721,#8722,#8730,#8738));
#8721 = ORIENTED_EDGE('',*,*,#8699,.T.);
#8722 = ORIENTED_EDGE('',*,*,#8723,.T.);
#8723 = EDGE_CURVE('',#8691,#8724,#8726,.T.);
#8724 = VERTEX_POINT('',#8725);
#8725 = CARTESIAN_POINT('',(160.822551,-84.793881,1.545));
#8726 = LINE('',#8727,#8728);
#8727 = CARTESIAN_POINT('',(160.563601,-85.412608,1.545));
#8728 = VECTOR('',#8729,1.);
#8729 = DIRECTION('',(0.386072119179,0.922468600437,0.));
#8730 = ORIENTED_EDGE('',*,*,#8731,.F.);
#8731 = EDGE_CURVE('',#8732,#8724,#8734,.T.);
#8732 = VERTEX_POINT('',#8733);
#8733 = CARTESIAN_POINT('',(160.822551,-84.793881,1.51));
#8734 = LINE('',#8735,#8736);
#8735 = CARTESIAN_POINT('',(160.822551,-84.793881,1.51));
#8736 = VECTOR('',#8737,1.);
#8737 = DIRECTION('',(0.,0.,1.));
#8738 = ORIENTED_EDGE('',*,*,#8739,.F.);
#8739 = EDGE_CURVE('',#8700,#8732,#8740,.T.);
#8740 = LINE('',#8741,#8742);
#8741 = CARTESIAN_POINT('',(160.563601,-85.412608,1.51));
#8742 = VECTOR('',#8743,1.);
#8743 = DIRECTION('',(0.386072119179,0.922468600437,0.));
#8744 = PLANE('',#8745);
#8745 = AXIS2_PLACEMENT_3D('',#8746,#8747,#8748);
#8746 = CARTESIAN_POINT('',(160.563601,-85.412608,1.51));
#8747 = DIRECTION('',(-0.922468600437,0.386072119179,0.));
#8748 = DIRECTION('',(0.386072119179,0.922468600437,0.));
#8749 = ADVANCED_FACE('',(#8750),#8775,.T.);
#8750 = FACE_BOUND('',#8751,.T.);
#8751 = EDGE_LOOP('',(#8752,#8753,#8761,#8769));
#8752 = ORIENTED_EDGE('',*,*,#8731,.T.);
#8753 = ORIENTED_EDGE('',*,*,#8754,.T.);
#8754 = EDGE_CURVE('',#8724,#8755,#8757,.T.);
#8755 = VERTEX_POINT('',#8756);
#8756 = CARTESIAN_POINT('',(159.979642,-84.444737,1.545));
#8757 = LINE('',#8758,#8759);
#8758 = CARTESIAN_POINT('',(160.822551,-84.793881,1.545));
#8759 = VECTOR('',#8760,1.);
#8760 = DIRECTION('',(-0.92387966413,0.38268311461,0.));
#8761 = ORIENTED_EDGE('',*,*,#8762,.F.);
#8762 = EDGE_CURVE('',#8763,#8755,#8765,.T.);
#8763 = VERTEX_POINT('',#8764);
#8764 = CARTESIAN_POINT('',(159.979642,-84.444737,1.51));
#8765 = LINE('',#8766,#8767);
#8766 = CARTESIAN_POINT('',(159.979642,-84.444737,1.51));
#8767 = VECTOR('',#8768,1.);
#8768 = DIRECTION('',(0.,0.,1.));
#8769 = ORIENTED_EDGE('',*,*,#8770,.F.);
#8770 = EDGE_CURVE('',#8732,#8763,#8771,.T.);
#8771 = LINE('',#8772,#8773);
#8772 = CARTESIAN_POINT('',(160.822551,-84.793881,1.51));
#8773 = VECTOR('',#8774,1.);
#8774 = DIRECTION('',(-0.92387966413,0.38268311461,0.));
#8775 = PLANE('',#8776);
#8776 = AXIS2_PLACEMENT_3D('',#8777,#8778,#8779);
#8777 = CARTESIAN_POINT('',(160.822551,-84.793881,1.51));
#8778 = DIRECTION('',(-0.38268311461,-0.92387966413,0.));
#8779 = DIRECTION('',(-0.92387966413,0.38268311461,0.));
#8780 = ADVANCED_FACE('',(#8781),#8808,.F.);
#8781 = FACE_BOUND('',#8782,.T.);
#8782 = EDGE_LOOP('',(#8783,#8784,#8793,#8801));
#8783 = ORIENTED_EDGE('',*,*,#8762,.T.);
#8784 = ORIENTED_EDGE('',*,*,#8785,.T.);
#8785 = EDGE_CURVE('',#8755,#8786,#8788,.T.);
#8786 = VERTEX_POINT('',#8787);
#8787 = CARTESIAN_POINT('',(160.170985,-83.982797,1.545));
#8788 = CIRCLE('',#8789,0.502050394476);
#8789 = AXIS2_PLACEMENT_3D('',#8790,#8791,#8792);
#8790 = CARTESIAN_POINT('',(159.67307659787,-84.04715398626,1.545));
#8791 = DIRECTION('',(0.,0.,1.));
#8792 = DIRECTION('',(0.610626752819,-0.791918536682,0.));
#8793 = ORIENTED_EDGE('',*,*,#8794,.F.);
#8794 = EDGE_CURVE('',#8795,#8786,#8797,.T.);
#8795 = VERTEX_POINT('',#8796);
#8796 = CARTESIAN_POINT('',(160.170985,-83.982797,1.51));
#8797 = LINE('',#8798,#8799);
#8798 = CARTESIAN_POINT('',(160.170985,-83.982797,1.51));
#8799 = VECTOR('',#8800,1.);
#8800 = DIRECTION('',(0.,0.,1.));
#8801 = ORIENTED_EDGE('',*,*,#8802,.F.);
#8802 = EDGE_CURVE('',#8763,#8795,#8803,.T.);
#8803 = CIRCLE('',#8804,0.502050394476);
#8804 = AXIS2_PLACEMENT_3D('',#8805,#8806,#8807);
#8805 = CARTESIAN_POINT('',(159.67307659787,-84.04715398626,1.51));
#8806 = DIRECTION('',(0.,0.,1.));
#8807 = DIRECTION('',(0.610626752819,-0.791918536682,0.));
#8808 = CYLINDRICAL_SURFACE('',#8809,0.502050394476);
#8809 = AXIS2_PLACEMENT_3D('',#8810,#8811,#8812);
#8810 = CARTESIAN_POINT('',(159.67307659787,-84.04715398626,1.51));
#8811 = DIRECTION('',(-0.,-0.,-1.));
#8812 = DIRECTION('',(0.610626752819,-0.791918536682,0.));
#8813 = ADVANCED_FACE('',(#8814),#8839,.T.);
#8814 = FACE_BOUND('',#8815,.T.);
#8815 = EDGE_LOOP('',(#8816,#8817,#8825,#8833));
#8816 = ORIENTED_EDGE('',*,*,#8794,.T.);
#8817 = ORIENTED_EDGE('',*,*,#8818,.T.);
#8818 = EDGE_CURVE('',#8786,#8819,#8821,.T.);
#8819 = VERTEX_POINT('',#8820);
#8820 = CARTESIAN_POINT('',(161.013891,-84.331941,1.545));
#8821 = LINE('',#8822,#8823);
#8822 = CARTESIAN_POINT('',(160.170985,-83.982797,1.545));
#8823 = VECTOR('',#8824,1.);
#8824 = DIRECTION('',(0.923879182585,-0.382684277161,0.));
#8825 = ORIENTED_EDGE('',*,*,#8826,.F.);
#8826 = EDGE_CURVE('',#8827,#8819,#8829,.T.);
#8827 = VERTEX_POINT('',#8828);
#8828 = CARTESIAN_POINT('',(161.013891,-84.331941,1.51));
#8829 = LINE('',#8830,#8831);
#8830 = CARTESIAN_POINT('',(161.013891,-84.331941,1.51));
#8831 = VECTOR('',#8832,1.);
#8832 = DIRECTION('',(0.,0.,1.));
#8833 = ORIENTED_EDGE('',*,*,#8834,.F.);
#8834 = EDGE_CURVE('',#8795,#8827,#8835,.T.);
#8835 = LINE('',#8836,#8837);
#8836 = CARTESIAN_POINT('',(160.170985,-83.982797,1.51));
#8837 = VECTOR('',#8838,1.);
#8838 = DIRECTION('',(0.923879182585,-0.382684277161,0.));
#8839 = PLANE('',#8840);
#8840 = AXIS2_PLACEMENT_3D('',#8841,#8842,#8843);
#8841 = CARTESIAN_POINT('',(160.170985,-83.982797,1.51));
#8842 = DIRECTION('',(0.382684277161,0.923879182585,-0.));
#8843 = DIRECTION('',(0.923879182585,-0.382684277161,0.));
#8844 = ADVANCED_FACE('',(#8845),#8861,.T.);
#8845 = FACE_BOUND('',#8846,.T.);
#8846 = EDGE_LOOP('',(#8847,#8848,#8854,#8855));
#8847 = ORIENTED_EDGE('',*,*,#8826,.T.);
#8848 = ORIENTED_EDGE('',*,*,#8849,.T.);
#8849 = EDGE_CURVE('',#8819,#8334,#8850,.T.);
#8850 = LINE('',#8851,#8852);
#8851 = CARTESIAN_POINT('',(161.013891,-84.331941,1.545));
#8852 = VECTOR('',#8853,1.);
#8853 = DIRECTION('',(0.382686695552,0.923878180848,0.));
#8854 = ORIENTED_EDGE('',*,*,#8331,.F.);
#8855 = ORIENTED_EDGE('',*,*,#8856,.F.);
#8856 = EDGE_CURVE('',#8827,#8332,#8857,.T.);
#8857 = LINE('',#8858,#8859);
#8858 = CARTESIAN_POINT('',(161.013891,-84.331941,1.51));
#8859 = VECTOR('',#8860,1.);
#8860 = DIRECTION('',(0.382686695552,0.923878180848,0.));
#8861 = PLANE('',#8862);
#8862 = AXIS2_PLACEMENT_3D('',#8863,#8864,#8865);
#8863 = CARTESIAN_POINT('',(161.013891,-84.331941,1.51));
#8864 = DIRECTION('',(-0.923878180848,0.382686695552,0.));
#8865 = DIRECTION('',(0.382686695552,0.923878180848,0.));
#8866 = ADVANCED_FACE('',(#8867),#8886,.F.);
#8867 = FACE_BOUND('',#8868,.T.);
#8868 = EDGE_LOOP('',(#8869,#8870,#8871,#8872,#8873,#8874,#8875,#8876,
    #8877,#8878,#8879,#8880,#8881,#8882,#8883,#8884,#8885));
#8869 = ORIENTED_EDGE('',*,*,#8358,.T.);
#8870 = ORIENTED_EDGE('',*,*,#8390,.T.);
#8871 = ORIENTED_EDGE('',*,*,#8422,.T.);
#8872 = ORIENTED_EDGE('',*,*,#8454,.T.);
#8873 = ORIENTED_EDGE('',*,*,#8485,.T.);
#8874 = ORIENTED_EDGE('',*,*,#8516,.T.);
#8875 = ORIENTED_EDGE('',*,*,#8547,.T.);
#8876 = ORIENTED_EDGE('',*,*,#8579,.T.);
#8877 = ORIENTED_EDGE('',*,*,#8611,.T.);
#8878 = ORIENTED_EDGE('',*,*,#8643,.T.);
#8879 = ORIENTED_EDGE('',*,*,#8675,.T.);
#8880 = ORIENTED_EDGE('',*,*,#8707,.T.);
#8881 = ORIENTED_EDGE('',*,*,#8739,.T.);
#8882 = ORIENTED_EDGE('',*,*,#8770,.T.);
#8883 = ORIENTED_EDGE('',*,*,#8802,.T.);
#8884 = ORIENTED_EDGE('',*,*,#8834,.T.);
#8885 = ORIENTED_EDGE('',*,*,#8856,.T.);
#8886 = PLANE('',#8887);
#8887 = AXIS2_PLACEMENT_3D('',#8888,#8889,#8890);
#8888 = CARTESIAN_POINT('',(0.,0.,1.51));
#8889 = DIRECTION('',(0.,0.,1.));
#8890 = DIRECTION('',(1.,0.,-0.));
#8891 = ADVANCED_FACE('',(#8892),#8911,.T.);
#8892 = FACE_BOUND('',#8893,.F.);
#8893 = EDGE_LOOP('',(#8894,#8895,#8896,#8897,#8898,#8899,#8900,#8901,
    #8902,#8903,#8904,#8905,#8906,#8907,#8908,#8909,#8910));
#8894 = ORIENTED_EDGE('',*,*,#8341,.T.);
#8895 = ORIENTED_EDGE('',*,*,#8374,.T.);
#8896 = ORIENTED_EDGE('',*,*,#8405,.T.);
#8897 = ORIENTED_EDGE('',*,*,#8438,.T.);
#8898 = ORIENTED_EDGE('',*,*,#8469,.T.);
#8899 = ORIENTED_EDGE('',*,*,#8500,.T.);
#8900 = ORIENTED_EDGE('',*,*,#8531,.T.);
#8901 = ORIENTED_EDGE('',*,*,#8562,.T.);
#8902 = ORIENTED_EDGE('',*,*,#8595,.T.);
#8903 = ORIENTED_EDGE('',*,*,#8626,.T.);
#8904 = ORIENTED_EDGE('',*,*,#8659,.T.);
#8905 = ORIENTED_EDGE('',*,*,#8690,.T.);
#8906 = ORIENTED_EDGE('',*,*,#8723,.T.);
#8907 = ORIENTED_EDGE('',*,*,#8754,.T.);
#8908 = ORIENTED_EDGE('',*,*,#8785,.T.);
#8909 = ORIENTED_EDGE('',*,*,#8818,.T.);
#8910 = ORIENTED_EDGE('',*,*,#8849,.T.);
#8911 = PLANE('',#8912);
#8912 = AXIS2_PLACEMENT_3D('',#8913,#8914,#8915);
#8913 = CARTESIAN_POINT('',(0.,0.,1.545));
#8914 = DIRECTION('',(0.,0.,1.));
#8915 = DIRECTION('',(1.,0.,-0.));
#8916 = MANIFOLD_SOLID_BREP('',#8917);
#8917 = CLOSED_SHELL('',(#8918,#8960,#8991,#9024,#9055,#9086,#9117,#9148
    ,#9181,#9212,#9243,#9276,#9307,#9338,#9371,#9402,#9435,#9466,#9497,
    #9528,#9550,#9578));
#8918 = ADVANCED_FACE('',(#8919),#8955,.T.);
#8919 = FACE_BOUND('',#8920,.T.);
#8920 = EDGE_LOOP('',(#8921,#8931,#8940,#8948));
#8921 = ORIENTED_EDGE('',*,*,#8922,.T.);
#8922 = EDGE_CURVE('',#8923,#8925,#8927,.T.);
#8923 = VERTEX_POINT('',#8924);
#8924 = CARTESIAN_POINT('',(152.65,-81.729259,1.51));
#8925 = VERTEX_POINT('',#8926);
#8926 = CARTESIAN_POINT('',(152.65,-81.729259,1.545));
#8927 = LINE('',#8928,#8929);
#8928 = CARTESIAN_POINT('',(152.65,-81.729259,1.51));
#8929 = VECTOR('',#8930,1.);
#8930 = DIRECTION('',(0.,0.,1.));
#8931 = ORIENTED_EDGE('',*,*,#8932,.T.);
#8932 = EDGE_CURVE('',#8925,#8933,#8935,.T.);
#8933 = VERTEX_POINT('',#8934);
#8934 = CARTESIAN_POINT('',(152.774,-81.605259,1.545));
#8935 = CIRCLE('',#8936,0.124001618184);
#8936 = AXIS2_PLACEMENT_3D('',#8937,#8938,#8939);
#8937 = CARTESIAN_POINT('',(152.77400161817,-81.72926061817,1.545));
#8938 = DIRECTION('',(0.,0.,-1.));
#8939 = DIRECTION('',(-0.999999999915,1.304961770704E-05,0.));
#8940 = ORIENTED_EDGE('',*,*,#8941,.F.);
#8941 = EDGE_CURVE('',#8942,#8933,#8944,.T.);
#8942 = VERTEX_POINT('',#8943);
#8943 = CARTESIAN_POINT('',(152.774,-81.605259,1.51));
#8944 = LINE('',#8945,#8946);
#8945 = CARTESIAN_POINT('',(152.774,-81.605259,1.51));
#8946 = VECTOR('',#8947,1.);
#8947 = DIRECTION('',(0.,0.,1.));
#8948 = ORIENTED_EDGE('',*,*,#8949,.F.);
#8949 = EDGE_CURVE('',#8923,#8942,#8950,.T.);
#8950 = CIRCLE('',#8951,0.124001618184);
#8951 = AXIS2_PLACEMENT_3D('',#8952,#8953,#8954);
#8952 = CARTESIAN_POINT('',(152.77400161817,-81.72926061817,1.51));
#8953 = DIRECTION('',(0.,0.,-1.));
#8954 = DIRECTION('',(-0.999999999915,1.304961770704E-05,0.));
#8955 = CYLINDRICAL_SURFACE('',#8956,0.124001618184);
#8956 = AXIS2_PLACEMENT_3D('',#8957,#8958,#8959);
#8957 = CARTESIAN_POINT('',(152.77400161817,-81.72926061817,1.51));
#8958 = DIRECTION('',(0.,0.,-1.));
#8959 = DIRECTION('',(-0.999999999915,1.304961770704E-05,0.));
#8960 = ADVANCED_FACE('',(#8961),#8986,.T.);
#8961 = FACE_BOUND('',#8962,.T.);
#8962 = EDGE_LOOP('',(#8963,#8964,#8972,#8980));
#8963 = ORIENTED_EDGE('',*,*,#8941,.T.);
#8964 = ORIENTED_EDGE('',*,*,#8965,.T.);
#8965 = EDGE_CURVE('',#8933,#8966,#8968,.T.);
#8966 = VERTEX_POINT('',#8967);
#8967 = CARTESIAN_POINT('',(152.838989,-81.605376,1.545));
#8968 = LINE('',#8969,#8970);
#8969 = CARTESIAN_POINT('',(152.774,-81.605259,1.545));
#8970 = VECTOR('',#8971,1.);
#8971 = DIRECTION('',(0.999998379455,-1.800301749517E-03,0.));
#8972 = ORIENTED_EDGE('',*,*,#8973,.F.);
#8973 = EDGE_CURVE('',#8974,#8966,#8976,.T.);
#8974 = VERTEX_POINT('',#8975);
#8975 = CARTESIAN_POINT('',(152.838989,-81.605376,1.51));
#8976 = LINE('',#8977,#8978);
#8977 = CARTESIAN_POINT('',(152.838989,-81.605376,1.51));
#8978 = VECTOR('',#8979,1.);
#8979 = DIRECTION('',(0.,0.,1.));
#8980 = ORIENTED_EDGE('',*,*,#8981,.F.);
#8981 = EDGE_CURVE('',#8942,#8974,#8982,.T.);
#8982 = LINE('',#8983,#8984);
#8983 = CARTESIAN_POINT('',(152.774,-81.605259,1.51));
#8984 = VECTOR('',#8985,1.);
#8985 = DIRECTION('',(0.999998379455,-1.800301749517E-03,0.));
#8986 = PLANE('',#8987);
#8987 = AXIS2_PLACEMENT_3D('',#8988,#8989,#8990);
#8988 = CARTESIAN_POINT('',(152.774,-81.605259,1.51));
#8989 = DIRECTION('',(1.800301749517E-03,0.999998379455,-0.));
#8990 = DIRECTION('',(0.999998379455,-1.800301749517E-03,0.));
#8991 = ADVANCED_FACE('',(#8992),#9019,.T.);
#8992 = FACE_BOUND('',#8993,.T.);
#8993 = EDGE_LOOP('',(#8994,#8995,#9004,#9012));
#8994 = ORIENTED_EDGE('',*,*,#8973,.T.);
#8995 = ORIENTED_EDGE('',*,*,#8996,.T.);
#8996 = EDGE_CURVE('',#8966,#8997,#8999,.T.);
#8997 = VERTEX_POINT('',#8998);
#8998 = CARTESIAN_POINT('',(155.500911,-81.843582,1.545));
#8999 = CIRCLE('',#9000,20.238985047953);
#9000 = AXIS2_PLACEMENT_3D('',#9001,#9002,#9003);
#9001 = CARTESIAN_POINT('',(152.36997916623,-101.8389259986,1.545));
#9002 = DIRECTION('',(0.,0.,-1.));
#9003 = DIRECTION('',(2.317358467597E-02,0.999731456429,0.));
#9004 = ORIENTED_EDGE('',*,*,#9005,.F.);
#9005 = EDGE_CURVE('',#9006,#8997,#9008,.T.);
#9006 = VERTEX_POINT('',#9007);
#9007 = CARTESIAN_POINT('',(155.500911,-81.843582,1.51));
#9008 = LINE('',#9009,#9010);
#9009 = CARTESIAN_POINT('',(155.500911,-81.843582,1.51));
#9010 = VECTOR('',#9011,1.);
#9011 = DIRECTION('',(0.,0.,1.));
#9012 = ORIENTED_EDGE('',*,*,#9013,.F.);
#9013 = EDGE_CURVE('',#8974,#9006,#9014,.T.);
#9014 = CIRCLE('',#9015,20.238985047953);
#9015 = AXIS2_PLACEMENT_3D('',#9016,#9017,#9018);
#9016 = CARTESIAN_POINT('',(152.36997916623,-101.8389259986,1.51));
#9017 = DIRECTION('',(0.,0.,-1.));
#9018 = DIRECTION('',(2.317358467597E-02,0.999731456429,0.));
#9019 = CYLINDRICAL_SURFACE('',#9020,20.238985047953);
#9020 = AXIS2_PLACEMENT_3D('',#9021,#9022,#9023);
#9021 = CARTESIAN_POINT('',(152.36997916623,-101.8389259986,1.51));
#9022 = DIRECTION('',(0.,0.,-1.));
#9023 = DIRECTION('',(2.317358467597E-02,0.999731456429,0.));
#9024 = ADVANCED_FACE('',(#9025),#9050,.T.);
#9025 = FACE_BOUND('',#9026,.T.);
#9026 = EDGE_LOOP('',(#9027,#9028,#9036,#9044));
#9027 = ORIENTED_EDGE('',*,*,#9005,.T.);
#9028 = ORIENTED_EDGE('',*,*,#9029,.T.);
#9029 = EDGE_CURVE('',#8997,#9030,#9032,.T.);
#9030 = VERTEX_POINT('',#9031);
#9031 = CARTESIAN_POINT('',(156.366295,-81.999103,1.545));
#9032 = LINE('',#9033,#9034);
#9033 = CARTESIAN_POINT('',(155.500911,-81.843582,1.545));
#9034 = VECTOR('',#9035,1.);
#9035 = DIRECTION('',(0.98423248715,-0.176879651847,0.));
#9036 = ORIENTED_EDGE('',*,*,#9037,.F.);
#9037 = EDGE_CURVE('',#9038,#9030,#9040,.T.);
#9038 = VERTEX_POINT('',#9039);
#9039 = CARTESIAN_POINT('',(156.366295,-81.999103,1.51));
#9040 = LINE('',#9041,#9042);
#9041 = CARTESIAN_POINT('',(156.366295,-81.999103,1.51));
#9042 = VECTOR('',#9043,1.);
#9043 = DIRECTION('',(0.,0.,1.));
#9044 = ORIENTED_EDGE('',*,*,#9045,.F.);
#9045 = EDGE_CURVE('',#9006,#9038,#9046,.T.);
#9046 = LINE('',#9047,#9048);
#9047 = CARTESIAN_POINT('',(155.500911,-81.843582,1.51));
#9048 = VECTOR('',#9049,1.);
#9049 = DIRECTION('',(0.98423248715,-0.176879651847,0.));
#9050 = PLANE('',#9051);
#9051 = AXIS2_PLACEMENT_3D('',#9052,#9053,#9054);
#9052 = CARTESIAN_POINT('',(155.500911,-81.843582,1.51));
#9053 = DIRECTION('',(0.176879651847,0.98423248715,-0.));
#9054 = DIRECTION('',(0.98423248715,-0.176879651847,0.));
#9055 = ADVANCED_FACE('',(#9056),#9081,.T.);
#9056 = FACE_BOUND('',#9057,.T.);
#9057 = EDGE_LOOP('',(#9058,#9059,#9067,#9075));
#9058 = ORIENTED_EDGE('',*,*,#9037,.T.);
#9059 = ORIENTED_EDGE('',*,*,#9060,.T.);
#9060 = EDGE_CURVE('',#9030,#9061,#9063,.T.);
#9061 = VERTEX_POINT('',#9062);
#9062 = CARTESIAN_POINT('',(157.22383,-82.192462,1.545));
#9063 = LINE('',#9064,#9065);
#9064 = CARTESIAN_POINT('',(156.366295,-81.999103,1.545));
#9065 = VECTOR('',#9066,1.);
#9066 = DIRECTION('',(0.975508885696,-0.219960028021,0.));
#9067 = ORIENTED_EDGE('',*,*,#9068,.F.);
#9068 = EDGE_CURVE('',#9069,#9061,#9071,.T.);
#9069 = VERTEX_POINT('',#9070);
#9070 = CARTESIAN_POINT('',(157.22383,-82.192462,1.51));
#9071 = LINE('',#9072,#9073);
#9072 = CARTESIAN_POINT('',(157.22383,-82.192462,1.51));
#9073 = VECTOR('',#9074,1.);
#9074 = DIRECTION('',(0.,0.,1.));
#9075 = ORIENTED_EDGE('',*,*,#9076,.F.);
#9076 = EDGE_CURVE('',#9038,#9069,#9077,.T.);
#9077 = LINE('',#9078,#9079);
#9078 = CARTESIAN_POINT('',(156.366295,-81.999103,1.51));
#9079 = VECTOR('',#9080,1.);
#9080 = DIRECTION('',(0.975508885696,-0.219960028021,0.));
#9081 = PLANE('',#9082);
#9082 = AXIS2_PLACEMENT_3D('',#9083,#9084,#9085);
#9083 = CARTESIAN_POINT('',(156.366295,-81.999103,1.51));
#9084 = DIRECTION('',(0.219960028021,0.975508885696,-0.));
#9085 = DIRECTION('',(0.975508885696,-0.219960028021,0.));
#9086 = ADVANCED_FACE('',(#9087),#9112,.T.);
#9087 = FACE_BOUND('',#9088,.T.);
#9088 = EDGE_LOOP('',(#9089,#9090,#9098,#9106));
#9089 = ORIENTED_EDGE('',*,*,#9068,.T.);
#9090 = ORIENTED_EDGE('',*,*,#9091,.T.);
#9091 = EDGE_CURVE('',#9061,#9092,#9094,.T.);
#9092 = VERTEX_POINT('',#9093);
#9093 = CARTESIAN_POINT('',(158.071529,-82.423158,1.545));
#9094 = LINE('',#9095,#9096);
#9095 = CARTESIAN_POINT('',(157.22383,-82.192462,1.545));
#9096 = VECTOR('',#9097,1.);
#9097 = DIRECTION('',(0.964906601288,-0.262593318254,0.));
#9098 = ORIENTED_EDGE('',*,*,#9099,.F.);
#9099 = EDGE_CURVE('',#9100,#9092,#9102,.T.);
#9100 = VERTEX_POINT('',#9101);
#9101 = CARTESIAN_POINT('',(158.071529,-82.423158,1.51));
#9102 = LINE('',#9103,#9104);
#9103 = CARTESIAN_POINT('',(158.071529,-82.423158,1.51));
#9104 = VECTOR('',#9105,1.);
#9105 = DIRECTION('',(0.,0.,1.));
#9106 = ORIENTED_EDGE('',*,*,#9107,.F.);
#9107 = EDGE_CURVE('',#9069,#9100,#9108,.T.);
#9108 = LINE('',#9109,#9110);
#9109 = CARTESIAN_POINT('',(157.22383,-82.192462,1.51));
#9110 = VECTOR('',#9111,1.);
#9111 = DIRECTION('',(0.964906601288,-0.262593318254,0.));
#9112 = PLANE('',#9113);
#9113 = AXIS2_PLACEMENT_3D('',#9114,#9115,#9116);
#9114 = CARTESIAN_POINT('',(157.22383,-82.192462,1.51));
#9115 = DIRECTION('',(0.262593318254,0.964906601288,-0.));
#9116 = DIRECTION('',(0.964906601288,-0.262593318254,0.));
#9117 = ADVANCED_FACE('',(#9118),#9143,.T.);
#9118 = FACE_BOUND('',#9119,.T.);
#9119 = EDGE_LOOP('',(#9120,#9121,#9129,#9137));
#9120 = ORIENTED_EDGE('',*,*,#9099,.T.);
#9121 = ORIENTED_EDGE('',*,*,#9122,.T.);
#9122 = EDGE_CURVE('',#9092,#9123,#9125,.T.);
#9123 = VERTEX_POINT('',#9124);
#9124 = CARTESIAN_POINT('',(158.659389,-82.60851,1.545));
#9125 = LINE('',#9126,#9127);
#9126 = CARTESIAN_POINT('',(158.071529,-82.423158,1.545));
#9127 = VECTOR('',#9128,1.);
#9128 = DIRECTION('',(0.953716739529,-0.300706469406,0.));
#9129 = ORIENTED_EDGE('',*,*,#9130,.F.);
#9130 = EDGE_CURVE('',#9131,#9123,#9133,.T.);
#9131 = VERTEX_POINT('',#9132);
#9132 = CARTESIAN_POINT('',(158.659389,-82.60851,1.51));
#9133 = LINE('',#9134,#9135);
#9134 = CARTESIAN_POINT('',(158.659389,-82.60851,1.51));
#9135 = VECTOR('',#9136,1.);
#9136 = DIRECTION('',(0.,0.,1.));
#9137 = ORIENTED_EDGE('',*,*,#9138,.F.);
#9138 = EDGE_CURVE('',#9100,#9131,#9139,.T.);
#9139 = LINE('',#9140,#9141);
#9140 = CARTESIAN_POINT('',(158.071529,-82.423158,1.51));
#9141 = VECTOR('',#9142,1.);
#9142 = DIRECTION('',(0.953716739529,-0.300706469406,0.));
#9143 = PLANE('',#9144);
#9144 = AXIS2_PLACEMENT_3D('',#9145,#9146,#9147);
#9145 = CARTESIAN_POINT('',(158.071529,-82.423158,1.51));
#9146 = DIRECTION('',(0.300706469406,0.953716739529,-0.));
#9147 = DIRECTION('',(0.953716739529,-0.300706469406,0.));
#9148 = ADVANCED_FACE('',(#9149),#9176,.T.);
#9149 = FACE_BOUND('',#9150,.T.);
#9150 = EDGE_LOOP('',(#9151,#9152,#9161,#9169));
#9151 = ORIENTED_EDGE('',*,*,#9130,.T.);
#9152 = ORIENTED_EDGE('',*,*,#9153,.T.);
#9153 = EDGE_CURVE('',#9123,#9154,#9156,.T.);
#9154 = VERTEX_POINT('',#9155);
#9155 = CARTESIAN_POINT('',(158.736662,-82.774223,1.545));
#9156 = CIRCLE('',#9157,0.123998813493);
#9157 = AXIS2_PLACEMENT_3D('',#9158,#9159,#9160);
#9158 = CARTESIAN_POINT('',(158.62210235516,-82.72676993347,1.545));
#9159 = DIRECTION('',(0.,0.,-1.));
#9160 = DIRECTION('',(0.300701625966,0.95371826665,0.));
#9161 = ORIENTED_EDGE('',*,*,#9162,.F.);
#9162 = EDGE_CURVE('',#9163,#9154,#9165,.T.);
#9163 = VERTEX_POINT('',#9164);
#9164 = CARTESIAN_POINT('',(158.736662,-82.774223,1.51));
#9165 = LINE('',#9166,#9167);
#9166 = CARTESIAN_POINT('',(158.736662,-82.774223,1.51));
#9167 = VECTOR('',#9168,1.);
#9168 = DIRECTION('',(0.,0.,1.));
#9169 = ORIENTED_EDGE('',*,*,#9170,.F.);
#9170 = EDGE_CURVE('',#9131,#9163,#9171,.T.);
#9171 = CIRCLE('',#9172,0.123998813493);
#9172 = AXIS2_PLACEMENT_3D('',#9173,#9174,#9175);
#9173 = CARTESIAN_POINT('',(158.62210235516,-82.72676993347,1.51));
#9174 = DIRECTION('',(0.,0.,-1.));
#9175 = DIRECTION('',(0.300701625966,0.95371826665,0.));
#9176 = CYLINDRICAL_SURFACE('',#9177,0.123998813493);
#9177 = AXIS2_PLACEMENT_3D('',#9178,#9179,#9180);
#9178 = CARTESIAN_POINT('',(158.62210235516,-82.72676993347,1.51));
#9179 = DIRECTION('',(0.,0.,-1.));
#9180 = DIRECTION('',(0.300701625966,0.95371826665,0.));
#9181 = ADVANCED_FACE('',(#9182),#9207,.T.);
#9182 = FACE_BOUND('',#9183,.T.);
#9183 = EDGE_LOOP('',(#9184,#9185,#9193,#9201));
#9184 = ORIENTED_EDGE('',*,*,#9162,.T.);
#9185 = ORIENTED_EDGE('',*,*,#9186,.T.);
#9186 = EDGE_CURVE('',#9154,#9187,#9189,.T.);
#9187 = VERTEX_POINT('',#9188);
#9188 = CARTESIAN_POINT('',(158.519417,-83.298695,1.545));
#9189 = LINE('',#9190,#9191);
#9190 = CARTESIAN_POINT('',(158.736662,-82.774223,1.545));
#9191 = VECTOR('',#9192,1.);
#9192 = DIRECTION('',(-0.382685814791,-0.923878545675,0.));
#9193 = ORIENTED_EDGE('',*,*,#9194,.F.);
#9194 = EDGE_CURVE('',#9195,#9187,#9197,.T.);
#9195 = VERTEX_POINT('',#9196);
#9196 = CARTESIAN_POINT('',(158.519417,-83.298695,1.51));
#9197 = LINE('',#9198,#9199);
#9198 = CARTESIAN_POINT('',(158.519417,-83.298695,1.51));
#9199 = VECTOR('',#9200,1.);
#9200 = DIRECTION('',(0.,0.,1.));
#9201 = ORIENTED_EDGE('',*,*,#9202,.F.);
#9202 = EDGE_CURVE('',#9163,#9195,#9203,.T.);
#9203 = LINE('',#9204,#9205);
#9204 = CARTESIAN_POINT('',(158.736662,-82.774223,1.51));
#9205 = VECTOR('',#9206,1.);
#9206 = DIRECTION('',(-0.382685814791,-0.923878545675,0.));
#9207 = PLANE('',#9208);
#9208 = AXIS2_PLACEMENT_3D('',#9209,#9210,#9211);
#9209 = CARTESIAN_POINT('',(158.736662,-82.774223,1.51));
#9210 = DIRECTION('',(0.923878545675,-0.382685814791,0.));
#9211 = DIRECTION('',(-0.382685814791,-0.923878545675,0.));
#9212 = ADVANCED_FACE('',(#9213),#9238,.T.);
#9213 = FACE_BOUND('',#9214,.T.);
#9214 = EDGE_LOOP('',(#9215,#9216,#9224,#9232));
#9215 = ORIENTED_EDGE('',*,*,#9194,.T.);
#9216 = ORIENTED_EDGE('',*,*,#9217,.T.);
#9217 = EDGE_CURVE('',#9187,#9218,#9220,.T.);
#9218 = VERTEX_POINT('',#9219);
#9219 = CARTESIAN_POINT('',(159.362327,-83.64784,1.545));
#9220 = LINE('',#9221,#9222);
#9221 = CARTESIAN_POINT('',(158.519417,-83.298695,1.545));
#9222 = VECTOR('',#9223,1.);
#9223 = DIRECTION('',(0.923879437128,-0.38268366264,0.));
#9224 = ORIENTED_EDGE('',*,*,#9225,.F.);
#9225 = EDGE_CURVE('',#9226,#9218,#9228,.T.);
#9226 = VERTEX_POINT('',#9227);
#9227 = CARTESIAN_POINT('',(159.362327,-83.64784,1.51));
#9228 = LINE('',#9229,#9230);
#9229 = CARTESIAN_POINT('',(159.362327,-83.64784,1.51));
#9230 = VECTOR('',#9231,1.);
#9231 = DIRECTION('',(0.,0.,1.));
#9232 = ORIENTED_EDGE('',*,*,#9233,.F.);
#9233 = EDGE_CURVE('',#9195,#9226,#9234,.T.);
#9234 = LINE('',#9235,#9236);
#9235 = CARTESIAN_POINT('',(158.519417,-83.298695,1.51));
#9236 = VECTOR('',#9237,1.);
#9237 = DIRECTION('',(0.923879437128,-0.38268366264,0.));
#9238 = PLANE('',#9239);
#9239 = AXIS2_PLACEMENT_3D('',#9240,#9241,#9242);
#9240 = CARTESIAN_POINT('',(158.519417,-83.298695,1.51));
#9241 = DIRECTION('',(0.38268366264,0.923879437128,-0.));
#9242 = DIRECTION('',(0.923879437128,-0.38268366264,0.));
#9243 = ADVANCED_FACE('',(#9244),#9271,.F.);
#9244 = FACE_BOUND('',#9245,.T.);
#9245 = EDGE_LOOP('',(#9246,#9247,#9256,#9264));
#9246 = ORIENTED_EDGE('',*,*,#9225,.T.);
#9247 = ORIENTED_EDGE('',*,*,#9248,.T.);
#9248 = EDGE_CURVE('',#9218,#9249,#9251,.T.);
#9249 = VERTEX_POINT('',#9250);
#9250 = CARTESIAN_POINT('',(159.170985,-84.109779,1.545));
#9251 = CIRCLE('',#9252,0.502054709972);
#9252 = AXIS2_PLACEMENT_3D('',#9253,#9254,#9255);
#9253 = CARTESIAN_POINT('',(159.66889802657,-84.04542412628,1.545));
#9254 = DIRECTION('',(0.,0.,1.));
#9255 = DIRECTION('',(-0.610632706926,0.791913945598,0.));
#9256 = ORIENTED_EDGE('',*,*,#9257,.F.);
#9257 = EDGE_CURVE('',#9258,#9249,#9260,.T.);
#9258 = VERTEX_POINT('',#9259);
#9259 = CARTESIAN_POINT('',(159.170985,-84.109779,1.51));
#9260 = LINE('',#9261,#9262);
#9261 = CARTESIAN_POINT('',(159.170985,-84.109779,1.51));
#9262 = VECTOR('',#9263,1.);
#9263 = DIRECTION('',(0.,0.,1.));
#9264 = ORIENTED_EDGE('',*,*,#9265,.F.);
#9265 = EDGE_CURVE('',#9226,#9258,#9266,.T.);
#9266 = CIRCLE('',#9267,0.502054709972);
#9267 = AXIS2_PLACEMENT_3D('',#9268,#9269,#9270);
#9268 = CARTESIAN_POINT('',(159.66889802657,-84.04542412628,1.51));
#9269 = DIRECTION('',(0.,0.,1.));
#9270 = DIRECTION('',(-0.610632706926,0.791913945598,0.));
#9271 = CYLINDRICAL_SURFACE('',#9272,0.502054709972);
#9272 = AXIS2_PLACEMENT_3D('',#9273,#9274,#9275);
#9273 = CARTESIAN_POINT('',(159.66889802657,-84.04542412628,1.51));
#9274 = DIRECTION('',(-0.,-0.,-1.));
#9275 = DIRECTION('',(-0.610632706926,0.791913945598,0.));
#9276 = ADVANCED_FACE('',(#9277),#9302,.T.);
#9277 = FACE_BOUND('',#9278,.T.);
#9278 = EDGE_LOOP('',(#9279,#9280,#9288,#9296));
#9279 = ORIENTED_EDGE('',*,*,#9257,.T.);
#9280 = ORIENTED_EDGE('',*,*,#9281,.T.);
#9281 = EDGE_CURVE('',#9249,#9282,#9284,.T.);
#9282 = VERTEX_POINT('',#9283);
#9283 = CARTESIAN_POINT('',(158.328077,-83.760635,1.545));
#9284 = LINE('',#9285,#9286);
#9285 = CARTESIAN_POINT('',(159.170985,-84.109779,1.545));
#9286 = VECTOR('',#9287,1.);
#9287 = DIRECTION('',(-0.923879503615,0.382683502126,0.));
#9288 = ORIENTED_EDGE('',*,*,#9289,.F.);
#9289 = EDGE_CURVE('',#9290,#9282,#9292,.T.);
#9290 = VERTEX_POINT('',#9291);
#9291 = CARTESIAN_POINT('',(158.328077,-83.760635,1.51));
#9292 = LINE('',#9293,#9294);
#9293 = CARTESIAN_POINT('',(158.328077,-83.760635,1.51));
#9294 = VECTOR('',#9295,1.);
#9295 = DIRECTION('',(0.,0.,1.));
#9296 = ORIENTED_EDGE('',*,*,#9297,.F.);
#9297 = EDGE_CURVE('',#9258,#9290,#9298,.T.);
#9298 = LINE('',#9299,#9300);
#9299 = CARTESIAN_POINT('',(159.170985,-84.109779,1.51));
#9300 = VECTOR('',#9301,1.);
#9301 = DIRECTION('',(-0.923879503615,0.382683502126,0.));
#9302 = PLANE('',#9303);
#9303 = AXIS2_PLACEMENT_3D('',#9304,#9305,#9306);
#9304 = CARTESIAN_POINT('',(159.170985,-84.109779,1.51));
#9305 = DIRECTION('',(-0.382683502126,-0.923879503615,0.));
#9306 = DIRECTION('',(-0.923879503615,0.382683502126,0.));
#9307 = ADVANCED_FACE('',(#9308),#9333,.T.);
#9308 = FACE_BOUND('',#9309,.T.);
#9309 = EDGE_LOOP('',(#9310,#9311,#9319,#9327));
#9310 = ORIENTED_EDGE('',*,*,#9289,.T.);
#9311 = ORIENTED_EDGE('',*,*,#9312,.T.);
#9312 = EDGE_CURVE('',#9282,#9313,#9315,.T.);
#9313 = VERTEX_POINT('',#9314);
#9314 = CARTESIAN_POINT('',(158.073674,-84.381252,1.545));
#9315 = LINE('',#9316,#9317);
#9316 = CARTESIAN_POINT('',(158.328077,-83.760635,1.545));
#9317 = VECTOR('',#9318,1.);
#9318 = DIRECTION('',(-0.379289501203,-0.925278052413,0.));
#9319 = ORIENTED_EDGE('',*,*,#9320,.F.);
#9320 = EDGE_CURVE('',#9321,#9313,#9323,.T.);
#9321 = VERTEX_POINT('',#9322);
#9322 = CARTESIAN_POINT('',(158.073674,-84.381252,1.51));
#9323 = LINE('',#9324,#9325);
#9324 = CARTESIAN_POINT('',(158.073674,-84.381252,1.51));
#9325 = VECTOR('',#9326,1.);
#9326 = DIRECTION('',(0.,0.,1.));
#9327 = ORIENTED_EDGE('',*,*,#9328,.F.);
#9328 = EDGE_CURVE('',#9290,#9321,#9329,.T.);
#9329 = LINE('',#9330,#9331);
#9330 = CARTESIAN_POINT('',(158.328077,-83.760635,1.51));
#9331 = VECTOR('',#9332,1.);
#9332 = DIRECTION('',(-0.379289501203,-0.925278052413,0.));
#9333 = PLANE('',#9334);
#9334 = AXIS2_PLACEMENT_3D('',#9335,#9336,#9337);
#9335 = CARTESIAN_POINT('',(158.328077,-83.760635,1.51));
#9336 = DIRECTION('',(0.925278052413,-0.379289501203,0.));
#9337 = DIRECTION('',(-0.379289501203,-0.925278052413,0.));
#9338 = ADVANCED_FACE('',(#9339),#9366,.T.);
#9339 = FACE_BOUND('',#9340,.T.);
#9340 = EDGE_LOOP('',(#9341,#9342,#9351,#9359));
#9341 = ORIENTED_EDGE('',*,*,#9320,.T.);
#9342 = ORIENTED_EDGE('',*,*,#9343,.T.);
#9343 = EDGE_CURVE('',#9313,#9344,#9346,.T.);
#9344 = VERTEX_POINT('',#9345);
#9345 = CARTESIAN_POINT('',(157.915292,-84.463886,1.545));
#9346 = CIRCLE('',#9347,0.124000221435);
#9347 = AXIS2_PLACEMENT_3D('',#9348,#9349,#9350);
#9348 = CARTESIAN_POINT('',(157.95469766117,-84.346313687,1.545));
#9349 = DIRECTION('',(0.,0.,-1.));
#9350 = DIRECTION('',(0.959484890032,-0.281760085533,0.));
#9351 = ORIENTED_EDGE('',*,*,#9352,.F.);
#9352 = EDGE_CURVE('',#9353,#9344,#9355,.T.);
#9353 = VERTEX_POINT('',#9354);
#9354 = CARTESIAN_POINT('',(157.915292,-84.463886,1.51));
#9355 = LINE('',#9356,#9357);
#9356 = CARTESIAN_POINT('',(157.915292,-84.463886,1.51));
#9357 = VECTOR('',#9358,1.);
#9358 = DIRECTION('',(0.,0.,1.));
#9359 = ORIENTED_EDGE('',*,*,#9360,.F.);
#9360 = EDGE_CURVE('',#9321,#9353,#9361,.T.);
#9361 = CIRCLE('',#9362,0.124000221435);
#9362 = AXIS2_PLACEMENT_3D('',#9363,#9364,#9365);
#9363 = CARTESIAN_POINT('',(157.95469766117,-84.346313687,1.51));
#9364 = DIRECTION('',(0.,0.,-1.));
#9365 = DIRECTION('',(0.959484890032,-0.281760085533,0.));
#9366 = CYLINDRICAL_SURFACE('',#9367,0.124000221435);
#9367 = AXIS2_PLACEMENT_3D('',#9368,#9369,#9370);
#9368 = CARTESIAN_POINT('',(157.95469766117,-84.346313687,1.51));
#9369 = DIRECTION('',(0.,0.,-1.));
#9370 = DIRECTION('',(0.959484890032,-0.281760085533,0.));
#9371 = ADVANCED_FACE('',(#9372),#9397,.T.);
#9372 = FACE_BOUND('',#9373,.T.);
#9373 = EDGE_LOOP('',(#9374,#9375,#9383,#9391));
#9374 = ORIENTED_EDGE('',*,*,#9352,.T.);
#9375 = ORIENTED_EDGE('',*,*,#9376,.T.);
#9376 = EDGE_CURVE('',#9344,#9377,#9379,.T.);
#9377 = VERTEX_POINT('',#9378);
#9378 = CARTESIAN_POINT('',(157.72607,-84.400466,1.545));
#9379 = LINE('',#9380,#9381);
#9380 = CARTESIAN_POINT('',(157.915292,-84.463886,1.545));
#9381 = VECTOR('',#9382,1.);
#9382 = DIRECTION('',(-0.948161889222,0.317787715036,0.));
#9383 = ORIENTED_EDGE('',*,*,#9384,.F.);
#9384 = EDGE_CURVE('',#9385,#9377,#9387,.T.);
#9385 = VERTEX_POINT('',#9386);
#9386 = CARTESIAN_POINT('',(157.72607,-84.400466,1.51));
#9387 = LINE('',#9388,#9389);
#9388 = CARTESIAN_POINT('',(157.72607,-84.400466,1.51));
#9389 = VECTOR('',#9390,1.);
#9390 = DIRECTION('',(0.,0.,1.));
#9391 = ORIENTED_EDGE('',*,*,#9392,.F.);
#9392 = EDGE_CURVE('',#9353,#9385,#9393,.T.);
#9393 = LINE('',#9394,#9395);
#9394 = CARTESIAN_POINT('',(157.915292,-84.463886,1.51));
#9395 = VECTOR('',#9396,1.);
#9396 = DIRECTION('',(-0.948161889222,0.317787715036,0.));
#9397 = PLANE('',#9398);
#9398 = AXIS2_PLACEMENT_3D('',#9399,#9400,#9401);
#9399 = CARTESIAN_POINT('',(157.915292,-84.463886,1.51));
#9400 = DIRECTION('',(-0.317787715036,-0.948161889222,0.));
#9401 = DIRECTION('',(-0.948161889222,0.317787715036,0.));
#9402 = ADVANCED_FACE('',(#9403),#9430,.F.);
#9403 = FACE_BOUND('',#9404,.T.);
#9404 = EDGE_LOOP('',(#9405,#9406,#9415,#9423));
#9405 = ORIENTED_EDGE('',*,*,#9384,.T.);
#9406 = ORIENTED_EDGE('',*,*,#9407,.T.);
#9407 = EDGE_CURVE('',#9377,#9408,#9410,.T.);
#9408 = VERTEX_POINT('',#9409);
#9409 = CARTESIAN_POINT('',(152.774,-83.5995,1.545));
#9410 = CIRCLE('',#9411,17.958676942161);
#9411 = AXIS2_PLACEMENT_3D('',#9412,#9413,#9414);
#9412 = CARTESIAN_POINT('',(152.41070260579,-101.5545018801,1.545));
#9413 = DIRECTION('',(0.,0.,1.));
#9414 = DIRECTION('',(0.295977672037,0.955194858474,-0.));
#9415 = ORIENTED_EDGE('',*,*,#9416,.F.);
#9416 = EDGE_CURVE('',#9417,#9408,#9419,.T.);
#9417 = VERTEX_POINT('',#9418);
#9418 = CARTESIAN_POINT('',(152.774,-83.5995,1.51));
#9419 = LINE('',#9420,#9421);
#9420 = CARTESIAN_POINT('',(152.774,-83.5995,1.51));
#9421 = VECTOR('',#9422,1.);
#9422 = DIRECTION('',(0.,0.,1.));
#9423 = ORIENTED_EDGE('',*,*,#9424,.F.);
#9424 = EDGE_CURVE('',#9385,#9417,#9425,.T.);
#9425 = CIRCLE('',#9426,17.958676942161);
#9426 = AXIS2_PLACEMENT_3D('',#9427,#9428,#9429);
#9427 = CARTESIAN_POINT('',(152.41070260579,-101.5545018801,1.51));
#9428 = DIRECTION('',(0.,0.,1.));
#9429 = DIRECTION('',(0.295977672037,0.955194858474,-0.));
#9430 = CYLINDRICAL_SURFACE('',#9431,17.958676942161);
#9431 = AXIS2_PLACEMENT_3D('',#9432,#9433,#9434);
#9432 = CARTESIAN_POINT('',(152.41070260579,-101.5545018801,1.51));
#9433 = DIRECTION('',(-0.,-0.,-1.));
#9434 = DIRECTION('',(0.295977672037,0.955194858474,-0.));
#9435 = ADVANCED_FACE('',(#9436),#9461,.T.);
#9436 = FACE_BOUND('',#9437,.T.);
#9437 = EDGE_LOOP('',(#9438,#9439,#9447,#9455));
#9438 = ORIENTED_EDGE('',*,*,#9416,.T.);
#9439 = ORIENTED_EDGE('',*,*,#9440,.T.);
#9440 = EDGE_CURVE('',#9408,#9441,#9443,.T.);
#9441 = VERTEX_POINT('',#9442);
#9442 = CARTESIAN_POINT('',(152.706961,-83.579815,1.545));
#9443 = LINE('',#9444,#9445);
#9444 = CARTESIAN_POINT('',(152.774,-83.5995,1.545));
#9445 = VECTOR('',#9446,1.);
#9446 = DIRECTION('',(-0.959490754593,0.281740114026,0.));
#9447 = ORIENTED_EDGE('',*,*,#9448,.F.);
#9448 = EDGE_CURVE('',#9449,#9441,#9451,.T.);
#9449 = VERTEX_POINT('',#9450);
#9450 = CARTESIAN_POINT('',(152.706961,-83.579815,1.51));
#9451 = LINE('',#9452,#9453);
#9452 = CARTESIAN_POINT('',(152.706961,-83.579815,1.51));
#9453 = VECTOR('',#9454,1.);
#9454 = DIRECTION('',(0.,0.,1.));
#9455 = ORIENTED_EDGE('',*,*,#9456,.F.);
#9456 = EDGE_CURVE('',#9417,#9449,#9457,.T.);
#9457 = LINE('',#9458,#9459);
#9458 = CARTESIAN_POINT('',(152.774,-83.5995,1.51));
#9459 = VECTOR('',#9460,1.);
#9460 = DIRECTION('',(-0.959490754593,0.281740114026,0.));
#9461 = PLANE('',#9462);
#9462 = AXIS2_PLACEMENT_3D('',#9463,#9464,#9465);
#9463 = CARTESIAN_POINT('',(152.774,-83.5995,1.51));
#9464 = DIRECTION('',(-0.281740114026,-0.959490754593,0.));
#9465 = DIRECTION('',(-0.959490754593,0.281740114026,0.));
#9466 = ADVANCED_FACE('',(#9467),#9492,.T.);
#9467 = FACE_BOUND('',#9468,.T.);
#9468 = EDGE_LOOP('',(#9469,#9470,#9478,#9486));
#9469 = ORIENTED_EDGE('',*,*,#9448,.T.);
#9470 = ORIENTED_EDGE('',*,*,#9471,.T.);
#9471 = EDGE_CURVE('',#9441,#9472,#9474,.T.);
#9472 = VERTEX_POINT('',#9473);
#9473 = CARTESIAN_POINT('',(152.661206,-83.527011,1.545));
#9474 = LINE('',#9475,#9476);
#9475 = CARTESIAN_POINT('',(152.706961,-83.579815,1.545));
#9476 = VECTOR('',#9477,1.);
#9477 = DIRECTION('',(-0.654861335122,0.755749053431,0.));
#9478 = ORIENTED_EDGE('',*,*,#9479,.F.);
#9479 = EDGE_CURVE('',#9480,#9472,#9482,.T.);
#9480 = VERTEX_POINT('',#9481);
#9481 = CARTESIAN_POINT('',(152.661206,-83.527011,1.51));
#9482 = LINE('',#9483,#9484);
#9483 = CARTESIAN_POINT('',(152.661206,-83.527011,1.51));
#9484 = VECTOR('',#9485,1.);
#9485 = DIRECTION('',(0.,0.,1.));
#9486 = ORIENTED_EDGE('',*,*,#9487,.F.);
#9487 = EDGE_CURVE('',#9449,#9480,#9488,.T.);
#9488 = LINE('',#9489,#9490);
#9489 = CARTESIAN_POINT('',(152.706961,-83.579815,1.51));
#9490 = VECTOR('',#9491,1.);
#9491 = DIRECTION('',(-0.654861335122,0.755749053431,0.));
#9492 = PLANE('',#9493);
#9493 = AXIS2_PLACEMENT_3D('',#9494,#9495,#9496);
#9494 = CARTESIAN_POINT('',(152.706961,-83.579815,1.51));
#9495 = DIRECTION('',(-0.755749053431,-0.654861335122,0.));
#9496 = DIRECTION('',(-0.654861335122,0.755749053431,0.));
#9497 = ADVANCED_FACE('',(#9498),#9523,.T.);
#9498 = FACE_BOUND('',#9499,.T.);
#9499 = EDGE_LOOP('',(#9500,#9501,#9509,#9517));
#9500 = ORIENTED_EDGE('',*,*,#9479,.T.);
#9501 = ORIENTED_EDGE('',*,*,#9502,.T.);
#9502 = EDGE_CURVE('',#9472,#9503,#9505,.T.);
#9503 = VERTEX_POINT('',#9504);
#9504 = CARTESIAN_POINT('',(152.65,-83.4755,1.545));
#9505 = LINE('',#9506,#9507);
#9506 = CARTESIAN_POINT('',(152.661206,-83.527011,1.545));
#9507 = VECTOR('',#9508,1.);
#9508 = DIRECTION('',(-0.212573763331,0.977145022575,0.));
#9509 = ORIENTED_EDGE('',*,*,#9510,.F.);
#9510 = EDGE_CURVE('',#9511,#9503,#9513,.T.);
#9511 = VERTEX_POINT('',#9512);
#9512 = CARTESIAN_POINT('',(152.65,-83.4755,1.51));
#9513 = LINE('',#9514,#9515);
#9514 = CARTESIAN_POINT('',(152.65,-83.4755,1.51));
#9515 = VECTOR('',#9516,1.);
#9516 = DIRECTION('',(0.,0.,1.));
#9517 = ORIENTED_EDGE('',*,*,#9518,.F.);
#9518 = EDGE_CURVE('',#9480,#9511,#9519,.T.);
#9519 = LINE('',#9520,#9521);
#9520 = CARTESIAN_POINT('',(152.661206,-83.527011,1.51));
#9521 = VECTOR('',#9522,1.);
#9522 = DIRECTION('',(-0.212573763331,0.977145022575,0.));
#9523 = PLANE('',#9524);
#9524 = AXIS2_PLACEMENT_3D('',#9525,#9526,#9527);
#9525 = CARTESIAN_POINT('',(152.661206,-83.527011,1.51));
#9526 = DIRECTION('',(-0.977145022575,-0.212573763331,0.));
#9527 = DIRECTION('',(-0.212573763331,0.977145022575,0.));
#9528 = ADVANCED_FACE('',(#9529),#9545,.T.);
#9529 = FACE_BOUND('',#9530,.T.);
#9530 = EDGE_LOOP('',(#9531,#9532,#9538,#9539));
#9531 = ORIENTED_EDGE('',*,*,#9510,.T.);
#9532 = ORIENTED_EDGE('',*,*,#9533,.T.);
#9533 = EDGE_CURVE('',#9503,#8925,#9534,.T.);
#9534 = LINE('',#9535,#9536);
#9535 = CARTESIAN_POINT('',(152.65,-83.4755,1.545));
#9536 = VECTOR('',#9537,1.);
#9537 = DIRECTION('',(0.,1.,0.));
#9538 = ORIENTED_EDGE('',*,*,#8922,.F.);
#9539 = ORIENTED_EDGE('',*,*,#9540,.F.);
#9540 = EDGE_CURVE('',#9511,#8923,#9541,.T.);
#9541 = LINE('',#9542,#9543);
#9542 = CARTESIAN_POINT('',(152.65,-83.4755,1.51));
#9543 = VECTOR('',#9544,1.);
#9544 = DIRECTION('',(0.,1.,0.));
#9545 = PLANE('',#9546);
#9546 = AXIS2_PLACEMENT_3D('',#9547,#9548,#9549);
#9547 = CARTESIAN_POINT('',(152.65,-83.4755,1.51));
#9548 = DIRECTION('',(-1.,0.,0.));
#9549 = DIRECTION('',(0.,1.,0.));
#9550 = ADVANCED_FACE('',(#9551),#9573,.F.);
#9551 = FACE_BOUND('',#9552,.T.);
#9552 = EDGE_LOOP('',(#9553,#9554,#9555,#9556,#9557,#9558,#9559,#9560,
    #9561,#9562,#9563,#9564,#9565,#9566,#9567,#9568,#9569,#9570,#9571,
    #9572));
#9553 = ORIENTED_EDGE('',*,*,#8949,.T.);
#9554 = ORIENTED_EDGE('',*,*,#8981,.T.);
#9555 = ORIENTED_EDGE('',*,*,#9013,.T.);
#9556 = ORIENTED_EDGE('',*,*,#9045,.T.);
#9557 = ORIENTED_EDGE('',*,*,#9076,.T.);
#9558 = ORIENTED_EDGE('',*,*,#9107,.T.);
#9559 = ORIENTED_EDGE('',*,*,#9138,.T.);
#9560 = ORIENTED_EDGE('',*,*,#9170,.T.);
#9561 = ORIENTED_EDGE('',*,*,#9202,.T.);
#9562 = ORIENTED_EDGE('',*,*,#9233,.T.);
#9563 = ORIENTED_EDGE('',*,*,#9265,.T.);
#9564 = ORIENTED_EDGE('',*,*,#9297,.T.);
#9565 = ORIENTED_EDGE('',*,*,#9328,.T.);
#9566 = ORIENTED_EDGE('',*,*,#9360,.T.);
#9567 = ORIENTED_EDGE('',*,*,#9392,.T.);
#9568 = ORIENTED_EDGE('',*,*,#9424,.T.);
#9569 = ORIENTED_EDGE('',*,*,#9456,.T.);
#9570 = ORIENTED_EDGE('',*,*,#9487,.T.);
#9571 = ORIENTED_EDGE('',*,*,#9518,.T.);
#9572 = ORIENTED_EDGE('',*,*,#9540,.T.);
#9573 = PLANE('',#9574);
#9574 = AXIS2_PLACEMENT_3D('',#9575,#9576,#9577);
#9575 = CARTESIAN_POINT('',(0.,0.,1.51));
#9576 = DIRECTION('',(0.,0.,1.));
#9577 = DIRECTION('',(1.,0.,-0.));
#9578 = ADVANCED_FACE('',(#9579),#9601,.T.);
#9579 = FACE_BOUND('',#9580,.F.);
#9580 = EDGE_LOOP('',(#9581,#9582,#9583,#9584,#9585,#9586,#9587,#9588,
    #9589,#9590,#9591,#9592,#9593,#9594,#9595,#9596,#9597,#9598,#9599,
    #9600));
#9581 = ORIENTED_EDGE('',*,*,#8932,.T.);
#9582 = ORIENTED_EDGE('',*,*,#8965,.T.);
#9583 = ORIENTED_EDGE('',*,*,#8996,.T.);
#9584 = ORIENTED_EDGE('',*,*,#9029,.T.);
#9585 = ORIENTED_EDGE('',*,*,#9060,.T.);
#9586 = ORIENTED_EDGE('',*,*,#9091,.T.);
#9587 = ORIENTED_EDGE('',*,*,#9122,.T.);
#9588 = ORIENTED_EDGE('',*,*,#9153,.T.);
#9589 = ORIENTED_EDGE('',*,*,#9186,.T.);
#9590 = ORIENTED_EDGE('',*,*,#9217,.T.);
#9591 = ORIENTED_EDGE('',*,*,#9248,.T.);
#9592 = ORIENTED_EDGE('',*,*,#9281,.T.);
#9593 = ORIENTED_EDGE('',*,*,#9312,.T.);
#9594 = ORIENTED_EDGE('',*,*,#9343,.T.);
#9595 = ORIENTED_EDGE('',*,*,#9376,.T.);
#9596 = ORIENTED_EDGE('',*,*,#9407,.T.);
#9597 = ORIENTED_EDGE('',*,*,#9440,.T.);
#9598 = ORIENTED_EDGE('',*,*,#9471,.T.);
#9599 = ORIENTED_EDGE('',*,*,#9502,.T.);
#9600 = ORIENTED_EDGE('',*,*,#9533,.T.);
#9601 = PLANE('',#9602);
#9602 = AXIS2_PLACEMENT_3D('',#9603,#9604,#9605);
#9603 = CARTESIAN_POINT('',(0.,0.,1.545));
#9604 = DIRECTION('',(0.,0.,1.));
#9605 = DIRECTION('',(1.,0.,-0.));
#9606 = ( GEOMETRIC_REPRESENTATION_CONTEXT(3) 
GLOBAL_UNCERTAINTY_ASSIGNED_CONTEXT((#9610)) 
GLOBAL_UNIT_ASSIGNED_CONTEXT((#9607,#9608,#9609)) REPRESENTATION_CONTEXT
('Context #1','3D Context with UNIT and UNCERTAINTY') );
#9607 = ( LENGTH_UNIT() NAMED_UNIT(*) SI_UNIT(.MILLI.,.METRE.) );
#9608 = ( NAMED_UNIT(*) PLANE_ANGLE_UNIT() SI_UNIT($,.RADIAN.) );
#9609 = ( NAMED_UNIT(*) SI_UNIT($,.STERADIAN.) SOLID_ANGLE_UNIT() );
#9610 = UNCERTAINTY_MEASURE_WITH_UNIT(LENGTH_MEASURE(1.E-07),#9607,
  'distance_accuracy_value','confusion accuracy');
#9611 = CONTEXT_DEPENDENT_SHAPE_REPRESENTATION(#9612,#9614);
#9612 = ( REPRESENTATION_RELATIONSHIP('','',#44,#10) 
REPRESENTATION_RELATIONSHIP_WITH_TRANSFORMATION(#9613) 
SHAPE_REPRESENTATION_RELATIONSHIP() );
#9613 = ITEM_DEFINED_TRANSFORMATION('','',#11,#15);
#9614 = PRODUCT_DEFINITION_SHAPE('Placement','Placement of an item',
  #9615);
#9615 = NEXT_ASSEMBLY_USAGE_OCCURRENCE('1','=>[0:1:1:2]','',#5,#39,$);
#9616 = PRODUCT_RELATED_PRODUCT_CATEGORY('part',$,(#41));
#9617 = SHAPE_DEFINITION_REPRESENTATION(#9618,#9624);
#9618 = PRODUCT_DEFINITION_SHAPE('','',#9619);
#9619 = PRODUCT_DEFINITION('design','',#9620,#9623);
#9620 = PRODUCT_DEFINITION_FORMATION('','',#9621);
#9621 = PRODUCT('mounted_cap_sense_v1_pad','mounted_cap_sense_v1_pad',''
  ,(#9622));
#9622 = PRODUCT_CONTEXT('',#2,'mechanical');
#9623 = PRODUCT_DEFINITION_CONTEXT('part definition',#2,'design');
#9624 = SHAPE_REPRESENTATION('',(#11,#9625,#9814,#10003,#10095,#10284,
    #10473,#10565,#10754,#10943,#11035,#11224,#11413,#11505,#11694,
    #11883,#11975,#12164,#12353,#12445,#12634,#12823,#12915,#13104,
    #13293),#13385);
#9625 = MANIFOLD_SOLID_BREP('',#9626);
#9626 = CLOSED_SHELL('',(#9627,#9667,#9698,#9729,#9757,#9785,#9797));
#9627 = ADVANCED_FACE('',(#9628),#9662,.T.);
#9628 = FACE_BOUND('',#9629,.T.);
#9629 = EDGE_LOOP('',(#9630,#9640,#9648,#9656));
#9630 = ORIENTED_EDGE('',*,*,#9631,.T.);
#9631 = EDGE_CURVE('',#9632,#9634,#9636,.T.);
#9632 = VERTEX_POINT('',#9633);
#9633 = CARTESIAN_POINT('',(144.668998,-85.156868,1.51));
#9634 = VERTEX_POINT('',#9635);
#9635 = CARTESIAN_POINT('',(144.668998,-85.156868,1.55));
#9636 = LINE('',#9637,#9638);
#9637 = CARTESIAN_POINT('',(144.668998,-85.156868,1.51));
#9638 = VECTOR('',#9639,1.);
#9639 = DIRECTION('',(0.,0.,1.));
#9640 = ORIENTED_EDGE('',*,*,#9641,.T.);
#9641 = EDGE_CURVE('',#9634,#9642,#9644,.T.);
#9642 = VERTEX_POINT('',#9643);
#9643 = CARTESIAN_POINT('',(144.018436,-83.586272,1.55));
#9644 = LINE('',#9645,#9646);
#9645 = CARTESIAN_POINT('',(144.668998,-85.156868,1.55));
#9646 = VECTOR('',#9647,1.);
#9647 = DIRECTION('',(-0.382683349917,0.923879566662,0.));
#9648 = ORIENTED_EDGE('',*,*,#9649,.F.);
#9649 = EDGE_CURVE('',#9650,#9642,#9652,.T.);
#9650 = VERTEX_POINT('',#9651);
#9651 = CARTESIAN_POINT('',(144.018436,-83.586272,1.51));
#9652 = LINE('',#9653,#9654);
#9653 = CARTESIAN_POINT('',(144.018436,-83.586272,1.51));
#9654 = VECTOR('',#9655,1.);
#9655 = DIRECTION('',(0.,0.,1.));
#9656 = ORIENTED_EDGE('',*,*,#9657,.F.);
#9657 = EDGE_CURVE('',#9632,#9650,#9658,.T.);
#9658 = LINE('',#9659,#9660);
#9659 = CARTESIAN_POINT('',(144.668998,-85.156868,1.51));
#9660 = VECTOR('',#9661,1.);
#9661 = DIRECTION('',(-0.382683349917,0.923879566662,0.));
#9662 = PLANE('',#9663);
#9663 = AXIS2_PLACEMENT_3D('',#9664,#9665,#9666);
#9664 = CARTESIAN_POINT('',(144.668998,-85.156868,1.51));
#9665 = DIRECTION('',(-0.923879566662,-0.382683349917,0.));
#9666 = DIRECTION('',(-0.382683349917,0.923879566662,0.));
#9667 = ADVANCED_FACE('',(#9668),#9693,.T.);
#9668 = FACE_BOUND('',#9669,.T.);
#9669 = EDGE_LOOP('',(#9670,#9680,#9686,#9687));
#9670 = ORIENTED_EDGE('',*,*,#9671,.T.);
#9671 = EDGE_CURVE('',#9672,#9674,#9676,.T.);
#9672 = VERTEX_POINT('',#9673);
#9673 = CARTESIAN_POINT('',(146.239594,-84.506306,1.51));
#9674 = VERTEX_POINT('',#9675);
#9675 = CARTESIAN_POINT('',(146.239594,-84.506306,1.55));
#9676 = LINE('',#9677,#9678);
#9677 = CARTESIAN_POINT('',(146.239594,-84.506306,1.51));
#9678 = VECTOR('',#9679,1.);
#9679 = DIRECTION('',(0.,0.,1.));
#9680 = ORIENTED_EDGE('',*,*,#9681,.T.);
#9681 = EDGE_CURVE('',#9674,#9634,#9682,.T.);
#9682 = LINE('',#9683,#9684);
#9683 = CARTESIAN_POINT('',(146.239594,-84.506306,1.55));
#9684 = VECTOR('',#9685,1.);
#9685 = DIRECTION('',(-0.923879566662,-0.382683349917,0.));
#9686 = ORIENTED_EDGE('',*,*,#9631,.F.);
#9687 = ORIENTED_EDGE('',*,*,#9688,.F.);
#9688 = EDGE_CURVE('',#9672,#9632,#9689,.T.);
#9689 = LINE('',#9690,#9691);
#9690 = CARTESIAN_POINT('',(146.239594,-84.506306,1.51));
#9691 = VECTOR('',#9692,1.);
#9692 = DIRECTION('',(-0.923879566662,-0.382683349917,0.));
#9693 = PLANE('',#9694);
#9694 = AXIS2_PLACEMENT_3D('',#9695,#9696,#9697);
#9695 = CARTESIAN_POINT('',(146.239594,-84.506306,1.51));
#9696 = DIRECTION('',(0.382683349917,-0.923879566662,0.));
#9697 = DIRECTION('',(-0.923879566662,-0.382683349917,0.));
#9698 = ADVANCED_FACE('',(#9699),#9724,.T.);
#9699 = FACE_BOUND('',#9700,.T.);
#9700 = EDGE_LOOP('',(#9701,#9702,#9710,#9718));
#9701 = ORIENTED_EDGE('',*,*,#9649,.T.);
#9702 = ORIENTED_EDGE('',*,*,#9703,.T.);
#9703 = EDGE_CURVE('',#9642,#9704,#9706,.T.);
#9704 = VERTEX_POINT('',#9705);
#9705 = CARTESIAN_POINT('',(145.589032,-82.93571,1.55));
#9706 = LINE('',#9707,#9708);
#9707 = CARTESIAN_POINT('',(144.018436,-83.586272,1.55));
#9708 = VECTOR('',#9709,1.);
#9709 = DIRECTION('',(0.923879566662,0.382683349917,0.));
#9710 = ORIENTED_EDGE('',*,*,#9711,.F.);
#9711 = EDGE_CURVE('',#9712,#9704,#9714,.T.);
#9712 = VERTEX_POINT('',#9713);
#9713 = CARTESIAN_POINT('',(145.589032,-82.93571,1.51));
#9714 = LINE('',#9715,#9716);
#9715 = CARTESIAN_POINT('',(145.589032,-82.93571,1.51));
#9716 = VECTOR('',#9717,1.);
#9717 = DIRECTION('',(0.,0.,1.));
#9718 = ORIENTED_EDGE('',*,*,#9719,.F.);
#9719 = EDGE_CURVE('',#9650,#9712,#9720,.T.);
#9720 = LINE('',#9721,#9722);
#9721 = CARTESIAN_POINT('',(144.018436,-83.586272,1.51));
#9722 = VECTOR('',#9723,1.);
#9723 = DIRECTION('',(0.923879566662,0.382683349917,0.));
#9724 = PLANE('',#9725);
#9725 = AXIS2_PLACEMENT_3D('',#9726,#9727,#9728);
#9726 = CARTESIAN_POINT('',(144.018436,-83.586272,1.51));
#9727 = DIRECTION('',(-0.382683349917,0.923879566662,0.));
#9728 = DIRECTION('',(0.923879566662,0.382683349917,0.));
#9729 = ADVANCED_FACE('',(#9730,#9741),#9752,.F.);
#9730 = FACE_BOUND('',#9731,.F.);
#9731 = EDGE_LOOP('',(#9732,#9733,#9734,#9740));
#9732 = ORIENTED_EDGE('',*,*,#9657,.F.);
#9733 = ORIENTED_EDGE('',*,*,#9688,.F.);
#9734 = ORIENTED_EDGE('',*,*,#9735,.F.);
#9735 = EDGE_CURVE('',#9712,#9672,#9736,.T.);
#9736 = LINE('',#9737,#9738);
#9737 = CARTESIAN_POINT('',(145.589032,-82.93571,1.51));
#9738 = VECTOR('',#9739,1.);
#9739 = DIRECTION('',(0.382683349917,-0.923879566662,0.));
#9740 = ORIENTED_EDGE('',*,*,#9719,.F.);
#9741 = FACE_BOUND('',#9742,.F.);
#9742 = EDGE_LOOP('',(#9743));
#9743 = ORIENTED_EDGE('',*,*,#9744,.T.);
#9744 = EDGE_CURVE('',#9745,#9745,#9747,.T.);
#9745 = VERTEX_POINT('',#9746);
#9746 = CARTESIAN_POINT('',(145.129015,-84.521289,1.51));
#9747 = CIRCLE('',#9748,0.475);
#9748 = AXIS2_PLACEMENT_3D('',#9749,#9750,#9751);
#9749 = CARTESIAN_POINT('',(145.129015,-84.046289,1.51));
#9750 = DIRECTION('',(-0.,0.,-1.));
#9751 = DIRECTION('',(5.983517774822E-14,-1.,-0.));
#9752 = PLANE('',#9753);
#9753 = AXIS2_PLACEMENT_3D('',#9754,#9755,#9756);
#9754 = CARTESIAN_POINT('',(0.,0.,1.51));
#9755 = DIRECTION('',(0.,0.,1.));
#9756 = DIRECTION('',(1.,0.,-0.));
#9757 = ADVANCED_FACE('',(#9758,#9769),#9780,.T.);
#9758 = FACE_BOUND('',#9759,.T.);
#9759 = EDGE_LOOP('',(#9760,#9761,#9762,#9768));
#9760 = ORIENTED_EDGE('',*,*,#9641,.F.);
#9761 = ORIENTED_EDGE('',*,*,#9681,.F.);
#9762 = ORIENTED_EDGE('',*,*,#9763,.F.);
#9763 = EDGE_CURVE('',#9704,#9674,#9764,.T.);
#9764 = LINE('',#9765,#9766);
#9765 = CARTESIAN_POINT('',(145.589032,-82.93571,1.55));
#9766 = VECTOR('',#9767,1.);
#9767 = DIRECTION('',(0.382683349917,-0.923879566662,0.));
#9768 = ORIENTED_EDGE('',*,*,#9703,.F.);
#9769 = FACE_BOUND('',#9770,.T.);
#9770 = EDGE_LOOP('',(#9771));
#9771 = ORIENTED_EDGE('',*,*,#9772,.T.);
#9772 = EDGE_CURVE('',#9773,#9773,#9775,.T.);
#9773 = VERTEX_POINT('',#9774);
#9774 = CARTESIAN_POINT('',(145.129015,-84.521289,1.55));
#9775 = CIRCLE('',#9776,0.475);
#9776 = AXIS2_PLACEMENT_3D('',#9777,#9778,#9779);
#9777 = CARTESIAN_POINT('',(145.129015,-84.046289,1.55));
#9778 = DIRECTION('',(-0.,0.,-1.));
#9779 = DIRECTION('',(5.983517774822E-14,-1.,-0.));
#9780 = PLANE('',#9781);
#9781 = AXIS2_PLACEMENT_3D('',#9782,#9783,#9784);
#9782 = CARTESIAN_POINT('',(0.,0.,1.55));
#9783 = DIRECTION('',(0.,0.,1.));
#9784 = DIRECTION('',(1.,0.,-0.));
#9785 = ADVANCED_FACE('',(#9786),#9792,.T.);
#9786 = FACE_BOUND('',#9787,.T.);
#9787 = EDGE_LOOP('',(#9788,#9789,#9790,#9791));
#9788 = ORIENTED_EDGE('',*,*,#9711,.T.);
#9789 = ORIENTED_EDGE('',*,*,#9763,.T.);
#9790 = ORIENTED_EDGE('',*,*,#9671,.F.);
#9791 = ORIENTED_EDGE('',*,*,#9735,.F.);
#9792 = PLANE('',#9793);
#9793 = AXIS2_PLACEMENT_3D('',#9794,#9795,#9796);
#9794 = CARTESIAN_POINT('',(145.589032,-82.93571,1.51));
#9795 = DIRECTION('',(0.923879566662,0.382683349917,-0.));
#9796 = DIRECTION('',(0.382683349917,-0.923879566662,0.));
#9797 = ADVANCED_FACE('',(#9798),#9809,.F.);
#9798 = FACE_BOUND('',#9799,.T.);
#9799 = EDGE_LOOP('',(#9800,#9801,#9807,#9808));
#9800 = ORIENTED_EDGE('',*,*,#9744,.T.);
#9801 = ORIENTED_EDGE('',*,*,#9802,.T.);
#9802 = EDGE_CURVE('',#9745,#9773,#9803,.T.);
#9803 = LINE('',#9804,#9805);
#9804 = CARTESIAN_POINT('',(145.129015,-84.521289,-4.6E-02));
#9805 = VECTOR('',#9806,1.);
#9806 = DIRECTION('',(0.,0.,1.));
#9807 = ORIENTED_EDGE('',*,*,#9772,.F.);
#9808 = ORIENTED_EDGE('',*,*,#9802,.F.);
#9809 = CYLINDRICAL_SURFACE('',#9810,0.475);
#9810 = AXIS2_PLACEMENT_3D('',#9811,#9812,#9813);
#9811 = CARTESIAN_POINT('',(145.129015,-84.046289,-4.6E-02));
#9812 = DIRECTION('',(-0.,0.,-1.));
#9813 = DIRECTION('',(5.983517774822E-14,-1.,-0.));
#9814 = MANIFOLD_SOLID_BREP('',#9815);
#9815 = CLOSED_SHELL('',(#9816,#9856,#9887,#9918,#9946,#9974,#9986));
#9816 = ADVANCED_FACE('',(#9817),#9851,.F.);
#9817 = FACE_BOUND('',#9818,.F.);
#9818 = EDGE_LOOP('',(#9819,#9829,#9837,#9845));
#9819 = ORIENTED_EDGE('',*,*,#9820,.T.);
#9820 = EDGE_CURVE('',#9821,#9823,#9825,.T.);
#9821 = VERTEX_POINT('',#9822);
#9822 = CARTESIAN_POINT('',(144.668998,-85.156868,0.));
#9823 = VERTEX_POINT('',#9824);
#9824 = CARTESIAN_POINT('',(144.668998,-85.156868,-4.E-02));
#9825 = LINE('',#9826,#9827);
#9826 = CARTESIAN_POINT('',(144.668998,-85.156868,0.));
#9827 = VECTOR('',#9828,1.);
#9828 = DIRECTION('',(0.,0.,-1.));
#9829 = ORIENTED_EDGE('',*,*,#9830,.T.);
#9830 = EDGE_CURVE('',#9823,#9831,#9833,.T.);
#9831 = VERTEX_POINT('',#9832);
#9832 = CARTESIAN_POINT('',(144.018436,-83.586272,-4.E-02));
#9833 = LINE('',#9834,#9835);
#9834 = CARTESIAN_POINT('',(144.668998,-85.156868,-4.E-02));
#9835 = VECTOR('',#9836,1.);
#9836 = DIRECTION('',(-0.382683349917,0.923879566662,0.));
#9837 = ORIENTED_EDGE('',*,*,#9838,.F.);
#9838 = EDGE_CURVE('',#9839,#9831,#9841,.T.);
#9839 = VERTEX_POINT('',#9840);
#9840 = CARTESIAN_POINT('',(144.018436,-83.586272,0.));
#9841 = LINE('',#9842,#9843);
#9842 = CARTESIAN_POINT('',(144.018436,-83.586272,0.));
#9843 = VECTOR('',#9844,1.);
#9844 = DIRECTION('',(0.,0.,-1.));
#9845 = ORIENTED_EDGE('',*,*,#9846,.F.);
#9846 = EDGE_CURVE('',#9821,#9839,#9847,.T.);
#9847 = LINE('',#9848,#9849);
#9848 = CARTESIAN_POINT('',(144.668998,-85.156868,0.));
#9849 = VECTOR('',#9850,1.);
#9850 = DIRECTION('',(-0.382683349917,0.923879566662,0.));
#9851 = PLANE('',#9852);
#9852 = AXIS2_PLACEMENT_3D('',#9853,#9854,#9855);
#9853 = CARTESIAN_POINT('',(144.668998,-85.156868,0.));
#9854 = DIRECTION('',(0.923879566662,0.382683349917,0.));
#9855 = DIRECTION('',(-0.382683349917,0.923879566662,0.));
#9856 = ADVANCED_FACE('',(#9857),#9882,.F.);
#9857 = FACE_BOUND('',#9858,.F.);
#9858 = EDGE_LOOP('',(#9859,#9869,#9875,#9876));
#9859 = ORIENTED_EDGE('',*,*,#9860,.T.);
#9860 = EDGE_CURVE('',#9861,#9863,#9865,.T.);
#9861 = VERTEX_POINT('',#9862);
#9862 = CARTESIAN_POINT('',(146.239594,-84.506306,0.));
#9863 = VERTEX_POINT('',#9864);
#9864 = CARTESIAN_POINT('',(146.239594,-84.506306,-4.E-02));
#9865 = LINE('',#9866,#9867);
#9866 = CARTESIAN_POINT('',(146.239594,-84.506306,0.));
#9867 = VECTOR('',#9868,1.);
#9868 = DIRECTION('',(0.,0.,-1.));
#9869 = ORIENTED_EDGE('',*,*,#9870,.T.);
#9870 = EDGE_CURVE('',#9863,#9823,#9871,.T.);
#9871 = LINE('',#9872,#9873);
#9872 = CARTESIAN_POINT('',(146.239594,-84.506306,-4.E-02));
#9873 = VECTOR('',#9874,1.);
#9874 = DIRECTION('',(-0.923879566662,-0.382683349917,0.));
#9875 = ORIENTED_EDGE('',*,*,#9820,.F.);
#9876 = ORIENTED_EDGE('',*,*,#9877,.F.);
#9877 = EDGE_CURVE('',#9861,#9821,#9878,.T.);
#9878 = LINE('',#9879,#9880);
#9879 = CARTESIAN_POINT('',(146.239594,-84.506306,0.));
#9880 = VECTOR('',#9881,1.);
#9881 = DIRECTION('',(-0.923879566662,-0.382683349917,0.));
#9882 = PLANE('',#9883);
#9883 = AXIS2_PLACEMENT_3D('',#9884,#9885,#9886);
#9884 = CARTESIAN_POINT('',(146.239594,-84.506306,0.));
#9885 = DIRECTION('',(-0.382683349917,0.923879566662,0.));
#9886 = DIRECTION('',(-0.923879566662,-0.382683349917,0.));
#9887 = ADVANCED_FACE('',(#9888),#9913,.F.);
#9888 = FACE_BOUND('',#9889,.F.);
#9889 = EDGE_LOOP('',(#9890,#9891,#9899,#9907));
#9890 = ORIENTED_EDGE('',*,*,#9838,.T.);
#9891 = ORIENTED_EDGE('',*,*,#9892,.T.);
#9892 = EDGE_CURVE('',#9831,#9893,#9895,.T.);
#9893 = VERTEX_POINT('',#9894);
#9894 = CARTESIAN_POINT('',(145.589032,-82.93571,-4.E-02));
#9895 = LINE('',#9896,#9897);
#9896 = CARTESIAN_POINT('',(144.018436,-83.586272,-4.E-02));
#9897 = VECTOR('',#9898,1.);
#9898 = DIRECTION('',(0.923879566662,0.382683349917,0.));
#9899 = ORIENTED_EDGE('',*,*,#9900,.F.);
#9900 = EDGE_CURVE('',#9901,#9893,#9903,.T.);
#9901 = VERTEX_POINT('',#9902);
#9902 = CARTESIAN_POINT('',(145.589032,-82.93571,0.));
#9903 = LINE('',#9904,#9905);
#9904 = CARTESIAN_POINT('',(145.589032,-82.93571,0.));
#9905 = VECTOR('',#9906,1.);
#9906 = DIRECTION('',(0.,0.,-1.));
#9907 = ORIENTED_EDGE('',*,*,#9908,.F.);
#9908 = EDGE_CURVE('',#9839,#9901,#9909,.T.);
#9909 = LINE('',#9910,#9911);
#9910 = CARTESIAN_POINT('',(144.018436,-83.586272,0.));
#9911 = VECTOR('',#9912,1.);
#9912 = DIRECTION('',(0.923879566662,0.382683349917,0.));
#9913 = PLANE('',#9914);
#9914 = AXIS2_PLACEMENT_3D('',#9915,#9916,#9917);
#9915 = CARTESIAN_POINT('',(144.018436,-83.586272,0.));
#9916 = DIRECTION('',(0.382683349917,-0.923879566662,0.));
#9917 = DIRECTION('',(0.923879566662,0.382683349917,0.));
#9918 = ADVANCED_FACE('',(#9919,#9930),#9941,.F.);
#9919 = FACE_BOUND('',#9920,.F.);
#9920 = EDGE_LOOP('',(#9921,#9922,#9923,#9929));
#9921 = ORIENTED_EDGE('',*,*,#9846,.T.);
#9922 = ORIENTED_EDGE('',*,*,#9908,.T.);
#9923 = ORIENTED_EDGE('',*,*,#9924,.T.);
#9924 = EDGE_CURVE('',#9901,#9861,#9925,.T.);
#9925 = LINE('',#9926,#9927);
#9926 = CARTESIAN_POINT('',(145.589032,-82.93571,0.));
#9927 = VECTOR('',#9928,1.);
#9928 = DIRECTION('',(0.382683349917,-0.923879566662,0.));
#9929 = ORIENTED_EDGE('',*,*,#9877,.T.);
#9930 = FACE_BOUND('',#9931,.F.);
#9931 = EDGE_LOOP('',(#9932));
#9932 = ORIENTED_EDGE('',*,*,#9933,.F.);
#9933 = EDGE_CURVE('',#9934,#9934,#9936,.T.);
#9934 = VERTEX_POINT('',#9935);
#9935 = CARTESIAN_POINT('',(145.129015,-84.521289,0.));
#9936 = CIRCLE('',#9937,0.475);
#9937 = AXIS2_PLACEMENT_3D('',#9938,#9939,#9940);
#9938 = CARTESIAN_POINT('',(145.129015,-84.046289,0.));
#9939 = DIRECTION('',(-0.,0.,-1.));
#9940 = DIRECTION('',(5.983517774822E-14,-1.,-0.));
#9941 = PLANE('',#9942);
#9942 = AXIS2_PLACEMENT_3D('',#9943,#9944,#9945);
#9943 = CARTESIAN_POINT('',(0.,0.,0.));
#9944 = DIRECTION('',(-0.,-0.,-1.));
#9945 = DIRECTION('',(-1.,0.,0.));
#9946 = ADVANCED_FACE('',(#9947,#9958),#9969,.T.);
#9947 = FACE_BOUND('',#9948,.T.);
#9948 = EDGE_LOOP('',(#9949,#9950,#9951,#9957));
#9949 = ORIENTED_EDGE('',*,*,#9830,.T.);
#9950 = ORIENTED_EDGE('',*,*,#9892,.T.);
#9951 = ORIENTED_EDGE('',*,*,#9952,.T.);
#9952 = EDGE_CURVE('',#9893,#9863,#9953,.T.);
#9953 = LINE('',#9954,#9955);
#9954 = CARTESIAN_POINT('',(145.589032,-82.93571,-4.E-02));
#9955 = VECTOR('',#9956,1.);
#9956 = DIRECTION('',(0.382683349917,-0.923879566662,0.));
#9957 = ORIENTED_EDGE('',*,*,#9870,.T.);
#9958 = FACE_BOUND('',#9959,.T.);
#9959 = EDGE_LOOP('',(#9960));
#9960 = ORIENTED_EDGE('',*,*,#9961,.F.);
#9961 = EDGE_CURVE('',#9962,#9962,#9964,.T.);
#9962 = VERTEX_POINT('',#9963);
#9963 = CARTESIAN_POINT('',(145.129015,-84.521289,-4.E-02));
#9964 = CIRCLE('',#9965,0.475);
#9965 = AXIS2_PLACEMENT_3D('',#9966,#9967,#9968);
#9966 = CARTESIAN_POINT('',(145.129015,-84.046289,-4.E-02));
#9967 = DIRECTION('',(-0.,0.,-1.));
#9968 = DIRECTION('',(5.983517774822E-14,-1.,-0.));
#9969 = PLANE('',#9970);
#9970 = AXIS2_PLACEMENT_3D('',#9971,#9972,#9973);
#9971 = CARTESIAN_POINT('',(0.,0.,-4.E-02));
#9972 = DIRECTION('',(-0.,-0.,-1.));
#9973 = DIRECTION('',(-1.,0.,0.));
#9974 = ADVANCED_FACE('',(#9975),#9981,.F.);
#9975 = FACE_BOUND('',#9976,.F.);
#9976 = EDGE_LOOP('',(#9977,#9978,#9979,#9980));
#9977 = ORIENTED_EDGE('',*,*,#9900,.T.);
#9978 = ORIENTED_EDGE('',*,*,#9952,.T.);
#9979 = ORIENTED_EDGE('',*,*,#9860,.F.);
#9980 = ORIENTED_EDGE('',*,*,#9924,.F.);
#9981 = PLANE('',#9982);
#9982 = AXIS2_PLACEMENT_3D('',#9983,#9984,#9985);
#9983 = CARTESIAN_POINT('',(145.589032,-82.93571,0.));
#9984 = DIRECTION('',(-0.923879566662,-0.382683349917,-0.));
#9985 = DIRECTION('',(0.382683349917,-0.923879566662,0.));
#9986 = ADVANCED_FACE('',(#9987),#9998,.F.);
#9987 = FACE_BOUND('',#9988,.T.);
#9988 = EDGE_LOOP('',(#9989,#9990,#9996,#9997));
#9989 = ORIENTED_EDGE('',*,*,#9961,.T.);
#9990 = ORIENTED_EDGE('',*,*,#9991,.T.);
#9991 = EDGE_CURVE('',#9962,#9934,#9992,.T.);
#9992 = LINE('',#9993,#9994);
#9993 = CARTESIAN_POINT('',(145.129015,-84.521289,-4.6E-02));
#9994 = VECTOR('',#9995,1.);
#9995 = DIRECTION('',(0.,0.,1.));
#9996 = ORIENTED_EDGE('',*,*,#9933,.F.);
#9997 = ORIENTED_EDGE('',*,*,#9991,.F.);
#9998 = CYLINDRICAL_SURFACE('',#9999,0.475);
#9999 = AXIS2_PLACEMENT_3D('',#10000,#10001,#10002);
#10000 = CARTESIAN_POINT('',(145.129015,-84.046289,-4.6E-02));
#10001 = DIRECTION('',(-0.,0.,-1.));
#10002 = DIRECTION('',(5.983517774822E-14,-1.,-0.));
#10003 = MANIFOLD_SOLID_BREP('',#10004);
#10004 = CLOSED_SHELL('',(#10005,#10038,#10058,#10078));
#10005 = ADVANCED_FACE('',(#10006),#10033,.T.);
#10006 = FACE_BOUND('',#10007,.F.);
#10007 = EDGE_LOOP('',(#10008,#10018,#10025,#10026));
#10008 = ORIENTED_EDGE('',*,*,#10009,.T.);
#10009 = EDGE_CURVE('',#10010,#10012,#10014,.T.);
#10010 = VERTEX_POINT('',#10011);
#10011 = CARTESIAN_POINT('',(145.129015,-84.546289,-4.E-02));
#10012 = VERTEX_POINT('',#10013);
#10013 = CARTESIAN_POINT('',(145.129015,-84.546289,1.55));
#10014 = LINE('',#10015,#10016);
#10015 = CARTESIAN_POINT('',(145.129015,-84.546289,-4.E-02));
#10016 = VECTOR('',#10017,1.);
#10017 = DIRECTION('',(0.,0.,1.));
#10018 = ORIENTED_EDGE('',*,*,#10019,.T.);
#10019 = EDGE_CURVE('',#10012,#10012,#10020,.T.);
#10020 = CIRCLE('',#10021,0.5);
#10021 = AXIS2_PLACEMENT_3D('',#10022,#10023,#10024);
#10022 = CARTESIAN_POINT('',(145.129015,-84.046289,1.55));
#10023 = DIRECTION('',(0.,0.,1.));
#10024 = DIRECTION('',(-0.,-1.,0.));
#10025 = ORIENTED_EDGE('',*,*,#10009,.F.);
#10026 = ORIENTED_EDGE('',*,*,#10027,.F.);
#10027 = EDGE_CURVE('',#10010,#10010,#10028,.T.);
#10028 = CIRCLE('',#10029,0.5);
#10029 = AXIS2_PLACEMENT_3D('',#10030,#10031,#10032);
#10030 = CARTESIAN_POINT('',(145.129015,-84.046289,-4.E-02));
#10031 = DIRECTION('',(0.,0.,1.));
#10032 = DIRECTION('',(-0.,-1.,0.));
#10033 = CYLINDRICAL_SURFACE('',#10034,0.5);
#10034 = AXIS2_PLACEMENT_3D('',#10035,#10036,#10037);
#10035 = CARTESIAN_POINT('',(145.129015,-84.046289,-4.E-02));
#10036 = DIRECTION('',(-0.,-0.,-1.));
#10037 = DIRECTION('',(-0.,-1.,0.));
#10038 = ADVANCED_FACE('',(#10039,#10042),#10053,.F.);
#10039 = FACE_BOUND('',#10040,.F.);
#10040 = EDGE_LOOP('',(#10041));
#10041 = ORIENTED_EDGE('',*,*,#10027,.T.);
#10042 = FACE_BOUND('',#10043,.F.);
#10043 = EDGE_LOOP('',(#10044));
#10044 = ORIENTED_EDGE('',*,*,#10045,.T.);
#10045 = EDGE_CURVE('',#10046,#10046,#10048,.T.);
#10046 = VERTEX_POINT('',#10047);
#10047 = CARTESIAN_POINT('',(145.129015,-84.521289,-4.E-02));
#10048 = CIRCLE('',#10049,0.475);
#10049 = AXIS2_PLACEMENT_3D('',#10050,#10051,#10052);
#10050 = CARTESIAN_POINT('',(145.129015,-84.046289,-4.E-02));
#10051 = DIRECTION('',(-0.,0.,-1.));
#10052 = DIRECTION('',(5.983517774822E-14,-1.,-0.));
#10053 = PLANE('',#10054);
#10054 = AXIS2_PLACEMENT_3D('',#10055,#10056,#10057);
#10055 = CARTESIAN_POINT('',(145.129015,-84.546289,-4.E-02));
#10056 = DIRECTION('',(0.,0.,1.));
#10057 = DIRECTION('',(1.,0.,-0.));
#10058 = ADVANCED_FACE('',(#10059,#10062),#10073,.T.);
#10059 = FACE_BOUND('',#10060,.T.);
#10060 = EDGE_LOOP('',(#10061));
#10061 = ORIENTED_EDGE('',*,*,#10019,.T.);
#10062 = FACE_BOUND('',#10063,.T.);
#10063 = EDGE_LOOP('',(#10064));
#10064 = ORIENTED_EDGE('',*,*,#10065,.T.);
#10065 = EDGE_CURVE('',#10066,#10066,#10068,.T.);
#10066 = VERTEX_POINT('',#10067);
#10067 = CARTESIAN_POINT('',(145.129015,-84.521289,1.55));
#10068 = CIRCLE('',#10069,0.475);
#10069 = AXIS2_PLACEMENT_3D('',#10070,#10071,#10072);
#10070 = CARTESIAN_POINT('',(145.129015,-84.046289,1.55));
#10071 = DIRECTION('',(-0.,0.,-1.));
#10072 = DIRECTION('',(5.983517774822E-14,-1.,-0.));
#10073 = PLANE('',#10074);
#10074 = AXIS2_PLACEMENT_3D('',#10075,#10076,#10077);
#10075 = CARTESIAN_POINT('',(145.129015,-84.546289,1.55));
#10076 = DIRECTION('',(0.,0.,1.));
#10077 = DIRECTION('',(1.,0.,-0.));
#10078 = ADVANCED_FACE('',(#10079),#10090,.F.);
#10079 = FACE_BOUND('',#10080,.T.);
#10080 = EDGE_LOOP('',(#10081,#10082,#10088,#10089));
#10081 = ORIENTED_EDGE('',*,*,#10045,.T.);
#10082 = ORIENTED_EDGE('',*,*,#10083,.T.);
#10083 = EDGE_CURVE('',#10046,#10066,#10084,.T.);
#10084 = LINE('',#10085,#10086);
#10085 = CARTESIAN_POINT('',(145.129015,-84.521289,-4.6E-02));
#10086 = VECTOR('',#10087,1.);
#10087 = DIRECTION('',(0.,0.,1.));
#10088 = ORIENTED_EDGE('',*,*,#10065,.F.);
#10089 = ORIENTED_EDGE('',*,*,#10083,.F.);
#10090 = CYLINDRICAL_SURFACE('',#10091,0.475);
#10091 = AXIS2_PLACEMENT_3D('',#10092,#10093,#10094);
#10092 = CARTESIAN_POINT('',(145.129015,-84.046289,-4.6E-02));
#10093 = DIRECTION('',(-0.,0.,-1.));
#10094 = DIRECTION('',(5.983517774822E-14,-1.,-0.));
#10095 = MANIFOLD_SOLID_BREP('',#10096);
#10096 = CLOSED_SHELL('',(#10097,#10137,#10168,#10199,#10227,#10255,
    #10267));
#10097 = ADVANCED_FACE('',(#10098),#10132,.T.);
#10098 = FACE_BOUND('',#10099,.T.);
#10099 = EDGE_LOOP('',(#10100,#10110,#10118,#10126));
#10100 = ORIENTED_EDGE('',*,*,#10101,.T.);
#10101 = EDGE_CURVE('',#10102,#10104,#10106,.T.);
#10102 = VERTEX_POINT('',#10103);
#10103 = CARTESIAN_POINT('',(135.306306,-95.439594,1.51));
#10104 = VERTEX_POINT('',#10105);
#10105 = CARTESIAN_POINT('',(135.306306,-95.439594,1.55));
#10106 = LINE('',#10107,#10108);
#10107 = CARTESIAN_POINT('',(135.306306,-95.439594,1.51));
#10108 = VECTOR('',#10109,1.);
#10109 = DIRECTION('',(0.,0.,1.));
#10110 = ORIENTED_EDGE('',*,*,#10111,.T.);
#10111 = EDGE_CURVE('',#10104,#10112,#10114,.T.);
#10112 = VERTEX_POINT('',#10113);
#10113 = CARTESIAN_POINT('',(133.73571,-94.789032,1.55));
#10114 = LINE('',#10115,#10116);
#10115 = CARTESIAN_POINT('',(135.306306,-95.439594,1.55));
#10116 = VECTOR('',#10117,1.);
#10117 = DIRECTION('',(-0.923879566662,0.382683349917,0.));
#10118 = ORIENTED_EDGE('',*,*,#10119,.F.);
#10119 = EDGE_CURVE('',#10120,#10112,#10122,.T.);
#10120 = VERTEX_POINT('',#10121);
#10121 = CARTESIAN_POINT('',(133.73571,-94.789032,1.51));
#10122 = LINE('',#10123,#10124);
#10123 = CARTESIAN_POINT('',(133.73571,-94.789032,1.51));
#10124 = VECTOR('',#10125,1.);
#10125 = DIRECTION('',(0.,0.,1.));
#10126 = ORIENTED_EDGE('',*,*,#10127,.F.);
#10127 = EDGE_CURVE('',#10102,#10120,#10128,.T.);
#10128 = LINE('',#10129,#10130);
#10129 = CARTESIAN_POINT('',(135.306306,-95.439594,1.51));
#10130 = VECTOR('',#10131,1.);
#10131 = DIRECTION('',(-0.923879566662,0.382683349917,0.));
#10132 = PLANE('',#10133);
#10133 = AXIS2_PLACEMENT_3D('',#10134,#10135,#10136);
#10134 = CARTESIAN_POINT('',(135.306306,-95.439594,1.51));
#10135 = DIRECTION('',(-0.382683349917,-0.923879566662,0.));
#10136 = DIRECTION('',(-0.923879566662,0.382683349917,0.));
#10137 = ADVANCED_FACE('',(#10138),#10163,.T.);
#10138 = FACE_BOUND('',#10139,.T.);
#10139 = EDGE_LOOP('',(#10140,#10150,#10156,#10157));
#10140 = ORIENTED_EDGE('',*,*,#10141,.T.);
#10141 = EDGE_CURVE('',#10142,#10144,#10146,.T.);
#10142 = VERTEX_POINT('',#10143);
#10143 = CARTESIAN_POINT('',(135.956868,-93.868998,1.51));
#10144 = VERTEX_POINT('',#10145);
#10145 = CARTESIAN_POINT('',(135.956868,-93.868998,1.55));
#10146 = LINE('',#10147,#10148);
#10147 = CARTESIAN_POINT('',(135.956868,-93.868998,1.51));
#10148 = VECTOR('',#10149,1.);
#10149 = DIRECTION('',(0.,0.,1.));
#10150 = ORIENTED_EDGE('',*,*,#10151,.T.);
#10151 = EDGE_CURVE('',#10144,#10104,#10152,.T.);
#10152 = LINE('',#10153,#10154);
#10153 = CARTESIAN_POINT('',(135.956868,-93.868998,1.55));
#10154 = VECTOR('',#10155,1.);
#10155 = DIRECTION('',(-0.382683349917,-0.923879566662,0.));
#10156 = ORIENTED_EDGE('',*,*,#10101,.F.);
#10157 = ORIENTED_EDGE('',*,*,#10158,.F.);
#10158 = EDGE_CURVE('',#10142,#10102,#10159,.T.);
#10159 = LINE('',#10160,#10161);
#10160 = CARTESIAN_POINT('',(135.956868,-93.868998,1.51));
#10161 = VECTOR('',#10162,1.);
#10162 = DIRECTION('',(-0.382683349917,-0.923879566662,0.));
#10163 = PLANE('',#10164);
#10164 = AXIS2_PLACEMENT_3D('',#10165,#10166,#10167);
#10165 = CARTESIAN_POINT('',(135.956868,-93.868998,1.51));
#10166 = DIRECTION('',(0.923879566662,-0.382683349917,0.));
#10167 = DIRECTION('',(-0.382683349917,-0.923879566662,0.));
#10168 = ADVANCED_FACE('',(#10169),#10194,.T.);
#10169 = FACE_BOUND('',#10170,.T.);
#10170 = EDGE_LOOP('',(#10171,#10172,#10180,#10188));
#10171 = ORIENTED_EDGE('',*,*,#10119,.T.);
#10172 = ORIENTED_EDGE('',*,*,#10173,.T.);
#10173 = EDGE_CURVE('',#10112,#10174,#10176,.T.);
#10174 = VERTEX_POINT('',#10175);
#10175 = CARTESIAN_POINT('',(134.386272,-93.218436,1.55));
#10176 = LINE('',#10177,#10178);
#10177 = CARTESIAN_POINT('',(133.73571,-94.789032,1.55));
#10178 = VECTOR('',#10179,1.);
#10179 = DIRECTION('',(0.382683349917,0.923879566662,0.));
#10180 = ORIENTED_EDGE('',*,*,#10181,.F.);
#10181 = EDGE_CURVE('',#10182,#10174,#10184,.T.);
#10182 = VERTEX_POINT('',#10183);
#10183 = CARTESIAN_POINT('',(134.386272,-93.218436,1.51));
#10184 = LINE('',#10185,#10186);
#10185 = CARTESIAN_POINT('',(134.386272,-93.218436,1.51));
#10186 = VECTOR('',#10187,1.);
#10187 = DIRECTION('',(0.,0.,1.));
#10188 = ORIENTED_EDGE('',*,*,#10189,.F.);
#10189 = EDGE_CURVE('',#10120,#10182,#10190,.T.);
#10190 = LINE('',#10191,#10192);
#10191 = CARTESIAN_POINT('',(133.73571,-94.789032,1.51));
#10192 = VECTOR('',#10193,1.);
#10193 = DIRECTION('',(0.382683349917,0.923879566662,0.));
#10194 = PLANE('',#10195);
#10195 = AXIS2_PLACEMENT_3D('',#10196,#10197,#10198);
#10196 = CARTESIAN_POINT('',(133.73571,-94.789032,1.51));
#10197 = DIRECTION('',(-0.923879566662,0.382683349917,0.));
#10198 = DIRECTION('',(0.382683349917,0.923879566662,0.));
#10199 = ADVANCED_FACE('',(#10200,#10211),#10222,.F.);
#10200 = FACE_BOUND('',#10201,.F.);
#10201 = EDGE_LOOP('',(#10202,#10203,#10204,#10210));
#10202 = ORIENTED_EDGE('',*,*,#10127,.F.);
#10203 = ORIENTED_EDGE('',*,*,#10158,.F.);
#10204 = ORIENTED_EDGE('',*,*,#10205,.F.);
#10205 = EDGE_CURVE('',#10182,#10142,#10206,.T.);
#10206 = LINE('',#10207,#10208);
#10207 = CARTESIAN_POINT('',(134.386272,-93.218436,1.51));
#10208 = VECTOR('',#10209,1.);
#10209 = DIRECTION('',(0.923879566662,-0.382683349917,0.));
#10210 = ORIENTED_EDGE('',*,*,#10189,.F.);
#10211 = FACE_BOUND('',#10212,.F.);
#10212 = EDGE_LOOP('',(#10213));
#10213 = ORIENTED_EDGE('',*,*,#10214,.T.);
#10214 = EDGE_CURVE('',#10215,#10215,#10217,.T.);
#10215 = VERTEX_POINT('',#10216);
#10216 = CARTESIAN_POINT('',(134.846289,-94.804015,1.51));
#10217 = CIRCLE('',#10218,0.475);
#10218 = AXIS2_PLACEMENT_3D('',#10219,#10220,#10221);
#10219 = CARTESIAN_POINT('',(134.846289,-94.329015,1.51));
#10220 = DIRECTION('',(-0.,0.,-1.));
#10221 = DIRECTION('',(-0.,-1.,0.));
#10222 = PLANE('',#10223);
#10223 = AXIS2_PLACEMENT_3D('',#10224,#10225,#10226);
#10224 = CARTESIAN_POINT('',(0.,0.,1.51));
#10225 = DIRECTION('',(0.,0.,1.));
#10226 = DIRECTION('',(1.,0.,-0.));
#10227 = ADVANCED_FACE('',(#10228,#10239),#10250,.T.);
#10228 = FACE_BOUND('',#10229,.T.);
#10229 = EDGE_LOOP('',(#10230,#10231,#10232,#10238));
#10230 = ORIENTED_EDGE('',*,*,#10111,.F.);
#10231 = ORIENTED_EDGE('',*,*,#10151,.F.);
#10232 = ORIENTED_EDGE('',*,*,#10233,.F.);
#10233 = EDGE_CURVE('',#10174,#10144,#10234,.T.);
#10234 = LINE('',#10235,#10236);
#10235 = CARTESIAN_POINT('',(134.386272,-93.218436,1.55));
#10236 = VECTOR('',#10237,1.);
#10237 = DIRECTION('',(0.923879566662,-0.382683349917,0.));
#10238 = ORIENTED_EDGE('',*,*,#10173,.F.);
#10239 = FACE_BOUND('',#10240,.T.);
#10240 = EDGE_LOOP('',(#10241));
#10241 = ORIENTED_EDGE('',*,*,#10242,.T.);
#10242 = EDGE_CURVE('',#10243,#10243,#10245,.T.);
#10243 = VERTEX_POINT('',#10244);
#10244 = CARTESIAN_POINT('',(134.846289,-94.804015,1.55));
#10245 = CIRCLE('',#10246,0.475);
#10246 = AXIS2_PLACEMENT_3D('',#10247,#10248,#10249);
#10247 = CARTESIAN_POINT('',(134.846289,-94.329015,1.55));
#10248 = DIRECTION('',(-0.,0.,-1.));
#10249 = DIRECTION('',(-0.,-1.,0.));
#10250 = PLANE('',#10251);
#10251 = AXIS2_PLACEMENT_3D('',#10252,#10253,#10254);
#10252 = CARTESIAN_POINT('',(0.,0.,1.55));
#10253 = DIRECTION('',(0.,0.,1.));
#10254 = DIRECTION('',(1.,0.,-0.));
#10255 = ADVANCED_FACE('',(#10256),#10262,.T.);
#10256 = FACE_BOUND('',#10257,.T.);
#10257 = EDGE_LOOP('',(#10258,#10259,#10260,#10261));
#10258 = ORIENTED_EDGE('',*,*,#10181,.T.);
#10259 = ORIENTED_EDGE('',*,*,#10233,.T.);
#10260 = ORIENTED_EDGE('',*,*,#10141,.F.);
#10261 = ORIENTED_EDGE('',*,*,#10205,.F.);
#10262 = PLANE('',#10263);
#10263 = AXIS2_PLACEMENT_3D('',#10264,#10265,#10266);
#10264 = CARTESIAN_POINT('',(134.386272,-93.218436,1.51));
#10265 = DIRECTION('',(0.382683349917,0.923879566662,-0.));
#10266 = DIRECTION('',(0.923879566662,-0.382683349917,0.));
#10267 = ADVANCED_FACE('',(#10268),#10279,.F.);
#10268 = FACE_BOUND('',#10269,.T.);
#10269 = EDGE_LOOP('',(#10270,#10271,#10277,#10278));
#10270 = ORIENTED_EDGE('',*,*,#10214,.T.);
#10271 = ORIENTED_EDGE('',*,*,#10272,.T.);
#10272 = EDGE_CURVE('',#10215,#10243,#10273,.T.);
#10273 = LINE('',#10274,#10275);
#10274 = CARTESIAN_POINT('',(134.846289,-94.804015,-4.6E-02));
#10275 = VECTOR('',#10276,1.);
#10276 = DIRECTION('',(0.,0.,1.));
#10277 = ORIENTED_EDGE('',*,*,#10242,.F.);
#10278 = ORIENTED_EDGE('',*,*,#10272,.F.);
#10279 = CYLINDRICAL_SURFACE('',#10280,0.475);
#10280 = AXIS2_PLACEMENT_3D('',#10281,#10282,#10283);
#10281 = CARTESIAN_POINT('',(134.846289,-94.329015,-4.6E-02));
#10282 = DIRECTION('',(-0.,-0.,-1.));
#10283 = DIRECTION('',(-0.,-1.,0.));
#10284 = MANIFOLD_SOLID_BREP('',#10285);
#10285 = CLOSED_SHELL('',(#10286,#10326,#10357,#10388,#10416,#10444,
    #10456));
#10286 = ADVANCED_FACE('',(#10287),#10321,.F.);
#10287 = FACE_BOUND('',#10288,.F.);
#10288 = EDGE_LOOP('',(#10289,#10299,#10307,#10315));
#10289 = ORIENTED_EDGE('',*,*,#10290,.T.);
#10290 = EDGE_CURVE('',#10291,#10293,#10295,.T.);
#10291 = VERTEX_POINT('',#10292);
#10292 = CARTESIAN_POINT('',(135.306306,-95.439594,0.));
#10293 = VERTEX_POINT('',#10294);
#10294 = CARTESIAN_POINT('',(135.306306,-95.439594,-4.E-02));
#10295 = LINE('',#10296,#10297);
#10296 = CARTESIAN_POINT('',(135.306306,-95.439594,0.));
#10297 = VECTOR('',#10298,1.);
#10298 = DIRECTION('',(0.,0.,-1.));
#10299 = ORIENTED_EDGE('',*,*,#10300,.T.);
#10300 = EDGE_CURVE('',#10293,#10301,#10303,.T.);
#10301 = VERTEX_POINT('',#10302);
#10302 = CARTESIAN_POINT('',(133.73571,-94.789032,-4.E-02));
#10303 = LINE('',#10304,#10305);
#10304 = CARTESIAN_POINT('',(135.306306,-95.439594,-4.E-02));
#10305 = VECTOR('',#10306,1.);
#10306 = DIRECTION('',(-0.923879566662,0.382683349917,0.));
#10307 = ORIENTED_EDGE('',*,*,#10308,.F.);
#10308 = EDGE_CURVE('',#10309,#10301,#10311,.T.);
#10309 = VERTEX_POINT('',#10310);
#10310 = CARTESIAN_POINT('',(133.73571,-94.789032,0.));
#10311 = LINE('',#10312,#10313);
#10312 = CARTESIAN_POINT('',(133.73571,-94.789032,0.));
#10313 = VECTOR('',#10314,1.);
#10314 = DIRECTION('',(0.,0.,-1.));
#10315 = ORIENTED_EDGE('',*,*,#10316,.F.);
#10316 = EDGE_CURVE('',#10291,#10309,#10317,.T.);
#10317 = LINE('',#10318,#10319);
#10318 = CARTESIAN_POINT('',(135.306306,-95.439594,0.));
#10319 = VECTOR('',#10320,1.);
#10320 = DIRECTION('',(-0.923879566662,0.382683349917,0.));
#10321 = PLANE('',#10322);
#10322 = AXIS2_PLACEMENT_3D('',#10323,#10324,#10325);
#10323 = CARTESIAN_POINT('',(135.306306,-95.439594,0.));
#10324 = DIRECTION('',(0.382683349917,0.923879566662,0.));
#10325 = DIRECTION('',(-0.923879566662,0.382683349917,0.));
#10326 = ADVANCED_FACE('',(#10327),#10352,.F.);
#10327 = FACE_BOUND('',#10328,.F.);
#10328 = EDGE_LOOP('',(#10329,#10339,#10345,#10346));
#10329 = ORIENTED_EDGE('',*,*,#10330,.T.);
#10330 = EDGE_CURVE('',#10331,#10333,#10335,.T.);
#10331 = VERTEX_POINT('',#10332);
#10332 = CARTESIAN_POINT('',(135.956868,-93.868998,0.));
#10333 = VERTEX_POINT('',#10334);
#10334 = CARTESIAN_POINT('',(135.956868,-93.868998,-4.E-02));
#10335 = LINE('',#10336,#10337);
#10336 = CARTESIAN_POINT('',(135.956868,-93.868998,0.));
#10337 = VECTOR('',#10338,1.);
#10338 = DIRECTION('',(0.,0.,-1.));
#10339 = ORIENTED_EDGE('',*,*,#10340,.T.);
#10340 = EDGE_CURVE('',#10333,#10293,#10341,.T.);
#10341 = LINE('',#10342,#10343);
#10342 = CARTESIAN_POINT('',(135.956868,-93.868998,-4.E-02));
#10343 = VECTOR('',#10344,1.);
#10344 = DIRECTION('',(-0.382683349917,-0.923879566662,0.));
#10345 = ORIENTED_EDGE('',*,*,#10290,.F.);
#10346 = ORIENTED_EDGE('',*,*,#10347,.F.);
#10347 = EDGE_CURVE('',#10331,#10291,#10348,.T.);
#10348 = LINE('',#10349,#10350);
#10349 = CARTESIAN_POINT('',(135.956868,-93.868998,0.));
#10350 = VECTOR('',#10351,1.);
#10351 = DIRECTION('',(-0.382683349917,-0.923879566662,0.));
#10352 = PLANE('',#10353);
#10353 = AXIS2_PLACEMENT_3D('',#10354,#10355,#10356);
#10354 = CARTESIAN_POINT('',(135.956868,-93.868998,0.));
#10355 = DIRECTION('',(-0.923879566662,0.382683349917,0.));
#10356 = DIRECTION('',(-0.382683349917,-0.923879566662,0.));
#10357 = ADVANCED_FACE('',(#10358),#10383,.F.);
#10358 = FACE_BOUND('',#10359,.F.);
#10359 = EDGE_LOOP('',(#10360,#10361,#10369,#10377));
#10360 = ORIENTED_EDGE('',*,*,#10308,.T.);
#10361 = ORIENTED_EDGE('',*,*,#10362,.T.);
#10362 = EDGE_CURVE('',#10301,#10363,#10365,.T.);
#10363 = VERTEX_POINT('',#10364);
#10364 = CARTESIAN_POINT('',(134.386272,-93.218436,-4.E-02));
#10365 = LINE('',#10366,#10367);
#10366 = CARTESIAN_POINT('',(133.73571,-94.789032,-4.E-02));
#10367 = VECTOR('',#10368,1.);
#10368 = DIRECTION('',(0.382683349917,0.923879566662,0.));
#10369 = ORIENTED_EDGE('',*,*,#10370,.F.);
#10370 = EDGE_CURVE('',#10371,#10363,#10373,.T.);
#10371 = VERTEX_POINT('',#10372);
#10372 = CARTESIAN_POINT('',(134.386272,-93.218436,0.));
#10373 = LINE('',#10374,#10375);
#10374 = CARTESIAN_POINT('',(134.386272,-93.218436,0.));
#10375 = VECTOR('',#10376,1.);
#10376 = DIRECTION('',(0.,0.,-1.));
#10377 = ORIENTED_EDGE('',*,*,#10378,.F.);
#10378 = EDGE_CURVE('',#10309,#10371,#10379,.T.);
#10379 = LINE('',#10380,#10381);
#10380 = CARTESIAN_POINT('',(133.73571,-94.789032,0.));
#10381 = VECTOR('',#10382,1.);
#10382 = DIRECTION('',(0.382683349917,0.923879566662,0.));
#10383 = PLANE('',#10384);
#10384 = AXIS2_PLACEMENT_3D('',#10385,#10386,#10387);
#10385 = CARTESIAN_POINT('',(133.73571,-94.789032,0.));
#10386 = DIRECTION('',(0.923879566662,-0.382683349917,0.));
#10387 = DIRECTION('',(0.382683349917,0.923879566662,0.));
#10388 = ADVANCED_FACE('',(#10389,#10400),#10411,.F.);
#10389 = FACE_BOUND('',#10390,.F.);
#10390 = EDGE_LOOP('',(#10391,#10392,#10393,#10399));
#10391 = ORIENTED_EDGE('',*,*,#10316,.T.);
#10392 = ORIENTED_EDGE('',*,*,#10378,.T.);
#10393 = ORIENTED_EDGE('',*,*,#10394,.T.);
#10394 = EDGE_CURVE('',#10371,#10331,#10395,.T.);
#10395 = LINE('',#10396,#10397);
#10396 = CARTESIAN_POINT('',(134.386272,-93.218436,0.));
#10397 = VECTOR('',#10398,1.);
#10398 = DIRECTION('',(0.923879566662,-0.382683349917,0.));
#10399 = ORIENTED_EDGE('',*,*,#10347,.T.);
#10400 = FACE_BOUND('',#10401,.F.);
#10401 = EDGE_LOOP('',(#10402));
#10402 = ORIENTED_EDGE('',*,*,#10403,.F.);
#10403 = EDGE_CURVE('',#10404,#10404,#10406,.T.);
#10404 = VERTEX_POINT('',#10405);
#10405 = CARTESIAN_POINT('',(134.846289,-94.804015,0.));
#10406 = CIRCLE('',#10407,0.475);
#10407 = AXIS2_PLACEMENT_3D('',#10408,#10409,#10410);
#10408 = CARTESIAN_POINT('',(134.846289,-94.329015,0.));
#10409 = DIRECTION('',(-0.,0.,-1.));
#10410 = DIRECTION('',(-0.,-1.,0.));
#10411 = PLANE('',#10412);
#10412 = AXIS2_PLACEMENT_3D('',#10413,#10414,#10415);
#10413 = CARTESIAN_POINT('',(0.,0.,0.));
#10414 = DIRECTION('',(-0.,-0.,-1.));
#10415 = DIRECTION('',(-1.,0.,0.));
#10416 = ADVANCED_FACE('',(#10417,#10428),#10439,.T.);
#10417 = FACE_BOUND('',#10418,.T.);
#10418 = EDGE_LOOP('',(#10419,#10420,#10421,#10427));
#10419 = ORIENTED_EDGE('',*,*,#10300,.T.);
#10420 = ORIENTED_EDGE('',*,*,#10362,.T.);
#10421 = ORIENTED_EDGE('',*,*,#10422,.T.);
#10422 = EDGE_CURVE('',#10363,#10333,#10423,.T.);
#10423 = LINE('',#10424,#10425);
#10424 = CARTESIAN_POINT('',(134.386272,-93.218436,-4.E-02));
#10425 = VECTOR('',#10426,1.);
#10426 = DIRECTION('',(0.923879566662,-0.382683349917,0.));
#10427 = ORIENTED_EDGE('',*,*,#10340,.T.);
#10428 = FACE_BOUND('',#10429,.T.);
#10429 = EDGE_LOOP('',(#10430));
#10430 = ORIENTED_EDGE('',*,*,#10431,.F.);
#10431 = EDGE_CURVE('',#10432,#10432,#10434,.T.);
#10432 = VERTEX_POINT('',#10433);
#10433 = CARTESIAN_POINT('',(134.846289,-94.804015,-4.E-02));
#10434 = CIRCLE('',#10435,0.475);
#10435 = AXIS2_PLACEMENT_3D('',#10436,#10437,#10438);
#10436 = CARTESIAN_POINT('',(134.846289,-94.329015,-4.E-02));
#10437 = DIRECTION('',(-0.,0.,-1.));
#10438 = DIRECTION('',(-0.,-1.,0.));
#10439 = PLANE('',#10440);
#10440 = AXIS2_PLACEMENT_3D('',#10441,#10442,#10443);
#10441 = CARTESIAN_POINT('',(0.,0.,-4.E-02));
#10442 = DIRECTION('',(-0.,-0.,-1.));
#10443 = DIRECTION('',(-1.,0.,0.));
#10444 = ADVANCED_FACE('',(#10445),#10451,.F.);
#10445 = FACE_BOUND('',#10446,.F.);
#10446 = EDGE_LOOP('',(#10447,#10448,#10449,#10450));
#10447 = ORIENTED_EDGE('',*,*,#10370,.T.);
#10448 = ORIENTED_EDGE('',*,*,#10422,.T.);
#10449 = ORIENTED_EDGE('',*,*,#10330,.F.);
#10450 = ORIENTED_EDGE('',*,*,#10394,.F.);
#10451 = PLANE('',#10452);
#10452 = AXIS2_PLACEMENT_3D('',#10453,#10454,#10455);
#10453 = CARTESIAN_POINT('',(134.386272,-93.218436,0.));
#10454 = DIRECTION('',(-0.382683349917,-0.923879566662,-0.));
#10455 = DIRECTION('',(0.923879566662,-0.382683349917,0.));
#10456 = ADVANCED_FACE('',(#10457),#10468,.F.);
#10457 = FACE_BOUND('',#10458,.T.);
#10458 = EDGE_LOOP('',(#10459,#10460,#10466,#10467));
#10459 = ORIENTED_EDGE('',*,*,#10431,.T.);
#10460 = ORIENTED_EDGE('',*,*,#10461,.T.);
#10461 = EDGE_CURVE('',#10432,#10404,#10462,.T.);
#10462 = LINE('',#10463,#10464);
#10463 = CARTESIAN_POINT('',(134.846289,-94.804015,-4.6E-02));
#10464 = VECTOR('',#10465,1.);
#10465 = DIRECTION('',(0.,0.,1.));
#10466 = ORIENTED_EDGE('',*,*,#10403,.F.);
#10467 = ORIENTED_EDGE('',*,*,#10461,.F.);
#10468 = CYLINDRICAL_SURFACE('',#10469,0.475);
#10469 = AXIS2_PLACEMENT_3D('',#10470,#10471,#10472);
#10470 = CARTESIAN_POINT('',(134.846289,-94.329015,-4.6E-02));
#10471 = DIRECTION('',(-0.,-0.,-1.));
#10472 = DIRECTION('',(-0.,-1.,0.));
#10473 = MANIFOLD_SOLID_BREP('',#10474);
#10474 = CLOSED_SHELL('',(#10475,#10508,#10528,#10548));
#10475 = ADVANCED_FACE('',(#10476),#10503,.T.);
#10476 = FACE_BOUND('',#10477,.F.);
#10477 = EDGE_LOOP('',(#10478,#10488,#10495,#10496));
#10478 = ORIENTED_EDGE('',*,*,#10479,.T.);
#10479 = EDGE_CURVE('',#10480,#10482,#10484,.T.);
#10480 = VERTEX_POINT('',#10481);
#10481 = CARTESIAN_POINT('',(134.846289,-94.829015,-4.E-02));
#10482 = VERTEX_POINT('',#10483);
#10483 = CARTESIAN_POINT('',(134.846289,-94.829015,1.55));
#10484 = LINE('',#10485,#10486);
#10485 = CARTESIAN_POINT('',(134.846289,-94.829015,-4.E-02));
#10486 = VECTOR('',#10487,1.);
#10487 = DIRECTION('',(0.,0.,1.));
#10488 = ORIENTED_EDGE('',*,*,#10489,.T.);
#10489 = EDGE_CURVE('',#10482,#10482,#10490,.T.);
#10490 = CIRCLE('',#10491,0.5);
#10491 = AXIS2_PLACEMENT_3D('',#10492,#10493,#10494);
#10492 = CARTESIAN_POINT('',(134.846289,-94.329015,1.55));
#10493 = DIRECTION('',(0.,0.,1.));
#10494 = DIRECTION('',(-0.,-1.,0.));
#10495 = ORIENTED_EDGE('',*,*,#10479,.F.);
#10496 = ORIENTED_EDGE('',*,*,#10497,.F.);
#10497 = EDGE_CURVE('',#10480,#10480,#10498,.T.);
#10498 = CIRCLE('',#10499,0.5);
#10499 = AXIS2_PLACEMENT_3D('',#10500,#10501,#10502);
#10500 = CARTESIAN_POINT('',(134.846289,-94.329015,-4.E-02));
#10501 = DIRECTION('',(0.,0.,1.));
#10502 = DIRECTION('',(-0.,-1.,0.));
#10503 = CYLINDRICAL_SURFACE('',#10504,0.5);
#10504 = AXIS2_PLACEMENT_3D('',#10505,#10506,#10507);
#10505 = CARTESIAN_POINT('',(134.846289,-94.329015,-4.E-02));
#10506 = DIRECTION('',(-0.,-0.,-1.));
#10507 = DIRECTION('',(-0.,-1.,0.));
#10508 = ADVANCED_FACE('',(#10509,#10512),#10523,.F.);
#10509 = FACE_BOUND('',#10510,.F.);
#10510 = EDGE_LOOP('',(#10511));
#10511 = ORIENTED_EDGE('',*,*,#10497,.T.);
#10512 = FACE_BOUND('',#10513,.F.);
#10513 = EDGE_LOOP('',(#10514));
#10514 = ORIENTED_EDGE('',*,*,#10515,.T.);
#10515 = EDGE_CURVE('',#10516,#10516,#10518,.T.);
#10516 = VERTEX_POINT('',#10517);
#10517 = CARTESIAN_POINT('',(134.846289,-94.804015,-4.E-02));
#10518 = CIRCLE('',#10519,0.475);
#10519 = AXIS2_PLACEMENT_3D('',#10520,#10521,#10522);
#10520 = CARTESIAN_POINT('',(134.846289,-94.329015,-4.E-02));
#10521 = DIRECTION('',(-0.,0.,-1.));
#10522 = DIRECTION('',(-0.,-1.,0.));
#10523 = PLANE('',#10524);
#10524 = AXIS2_PLACEMENT_3D('',#10525,#10526,#10527);
#10525 = CARTESIAN_POINT('',(134.846289,-94.829015,-4.E-02));
#10526 = DIRECTION('',(0.,0.,1.));
#10527 = DIRECTION('',(1.,0.,-0.));
#10528 = ADVANCED_FACE('',(#10529,#10532),#10543,.T.);
#10529 = FACE_BOUND('',#10530,.T.);
#10530 = EDGE_LOOP('',(#10531));
#10531 = ORIENTED_EDGE('',*,*,#10489,.T.);
#10532 = FACE_BOUND('',#10533,.T.);
#10533 = EDGE_LOOP('',(#10534));
#10534 = ORIENTED_EDGE('',*,*,#10535,.T.);
#10535 = EDGE_CURVE('',#10536,#10536,#10538,.T.);
#10536 = VERTEX_POINT('',#10537);
#10537 = CARTESIAN_POINT('',(134.846289,-94.804015,1.55));
#10538 = CIRCLE('',#10539,0.475);
#10539 = AXIS2_PLACEMENT_3D('',#10540,#10541,#10542);
#10540 = CARTESIAN_POINT('',(134.846289,-94.329015,1.55));
#10541 = DIRECTION('',(-0.,0.,-1.));
#10542 = DIRECTION('',(-0.,-1.,0.));
#10543 = PLANE('',#10544);
#10544 = AXIS2_PLACEMENT_3D('',#10545,#10546,#10547);
#10545 = CARTESIAN_POINT('',(134.846289,-94.829015,1.55));
#10546 = DIRECTION('',(0.,0.,1.));
#10547 = DIRECTION('',(1.,0.,-0.));
#10548 = ADVANCED_FACE('',(#10549),#10560,.F.);
#10549 = FACE_BOUND('',#10550,.T.);
#10550 = EDGE_LOOP('',(#10551,#10552,#10558,#10559));
#10551 = ORIENTED_EDGE('',*,*,#10515,.T.);
#10552 = ORIENTED_EDGE('',*,*,#10553,.T.);
#10553 = EDGE_CURVE('',#10516,#10536,#10554,.T.);
#10554 = LINE('',#10555,#10556);
#10555 = CARTESIAN_POINT('',(134.846289,-94.804015,-4.6E-02));
#10556 = VECTOR('',#10557,1.);
#10557 = DIRECTION('',(0.,0.,1.));
#10558 = ORIENTED_EDGE('',*,*,#10535,.F.);
#10559 = ORIENTED_EDGE('',*,*,#10553,.F.);
#10560 = CYLINDRICAL_SURFACE('',#10561,0.475);
#10561 = AXIS2_PLACEMENT_3D('',#10562,#10563,#10564);
#10562 = CARTESIAN_POINT('',(134.846289,-94.329015,-4.6E-02));
#10563 = DIRECTION('',(-0.,-0.,-1.));
#10564 = DIRECTION('',(-0.,-1.,0.));
#10565 = MANIFOLD_SOLID_BREP('',#10566);
#10566 = CLOSED_SHELL('',(#10567,#10607,#10638,#10669,#10697,#10725,
    #10737));
#10567 = ADVANCED_FACE('',(#10568),#10602,.T.);
#10568 = FACE_BOUND('',#10569,.T.);
#10569 = EDGE_LOOP('',(#10570,#10580,#10588,#10596));
#10570 = ORIENTED_EDGE('',*,*,#10571,.T.);
#10571 = EDGE_CURVE('',#10572,#10574,#10576,.T.);
#10572 = VERTEX_POINT('',#10573);
#10573 = CARTESIAN_POINT('',(134.386272,-109.981564,1.51));
#10574 = VERTEX_POINT('',#10575);
#10575 = CARTESIAN_POINT('',(134.386272,-109.981564,1.55));
#10576 = LINE('',#10577,#10578);
#10577 = CARTESIAN_POINT('',(134.386272,-109.981564,1.51));
#10578 = VECTOR('',#10579,1.);
#10579 = DIRECTION('',(0.,0.,1.));
#10580 = ORIENTED_EDGE('',*,*,#10581,.T.);
#10581 = EDGE_CURVE('',#10574,#10582,#10584,.T.);
#10582 = VERTEX_POINT('',#10583);
#10583 = CARTESIAN_POINT('',(133.73571,-108.410968,1.55));
#10584 = LINE('',#10585,#10586);
#10585 = CARTESIAN_POINT('',(134.386272,-109.981564,1.55));
#10586 = VECTOR('',#10587,1.);
#10587 = DIRECTION('',(-0.382683349917,0.923879566662,0.));
#10588 = ORIENTED_EDGE('',*,*,#10589,.F.);
#10589 = EDGE_CURVE('',#10590,#10582,#10592,.T.);
#10590 = VERTEX_POINT('',#10591);
#10591 = CARTESIAN_POINT('',(133.73571,-108.410968,1.51));
#10592 = LINE('',#10593,#10594);
#10593 = CARTESIAN_POINT('',(133.73571,-108.410968,1.51));
#10594 = VECTOR('',#10595,1.);
#10595 = DIRECTION('',(0.,0.,1.));
#10596 = ORIENTED_EDGE('',*,*,#10597,.F.);
#10597 = EDGE_CURVE('',#10572,#10590,#10598,.T.);
#10598 = LINE('',#10599,#10600);
#10599 = CARTESIAN_POINT('',(134.386272,-109.981564,1.51));
#10600 = VECTOR('',#10601,1.);
#10601 = DIRECTION('',(-0.382683349917,0.923879566662,0.));
#10602 = PLANE('',#10603);
#10603 = AXIS2_PLACEMENT_3D('',#10604,#10605,#10606);
#10604 = CARTESIAN_POINT('',(134.386272,-109.981564,1.51));
#10605 = DIRECTION('',(-0.923879566662,-0.382683349917,0.));
#10606 = DIRECTION('',(-0.382683349917,0.923879566662,0.));
#10607 = ADVANCED_FACE('',(#10608),#10633,.T.);
#10608 = FACE_BOUND('',#10609,.T.);
#10609 = EDGE_LOOP('',(#10610,#10620,#10626,#10627));
#10610 = ORIENTED_EDGE('',*,*,#10611,.T.);
#10611 = EDGE_CURVE('',#10612,#10614,#10616,.T.);
#10612 = VERTEX_POINT('',#10613);
#10613 = CARTESIAN_POINT('',(135.956868,-109.331002,1.51));
#10614 = VERTEX_POINT('',#10615);
#10615 = CARTESIAN_POINT('',(135.956868,-109.331002,1.55));
#10616 = LINE('',#10617,#10618);
#10617 = CARTESIAN_POINT('',(135.956868,-109.331002,1.51));
#10618 = VECTOR('',#10619,1.);
#10619 = DIRECTION('',(0.,0.,1.));
#10620 = ORIENTED_EDGE('',*,*,#10621,.T.);
#10621 = EDGE_CURVE('',#10614,#10574,#10622,.T.);
#10622 = LINE('',#10623,#10624);
#10623 = CARTESIAN_POINT('',(135.956868,-109.331002,1.55));
#10624 = VECTOR('',#10625,1.);
#10625 = DIRECTION('',(-0.923879566662,-0.382683349917,0.));
#10626 = ORIENTED_EDGE('',*,*,#10571,.F.);
#10627 = ORIENTED_EDGE('',*,*,#10628,.F.);
#10628 = EDGE_CURVE('',#10612,#10572,#10629,.T.);
#10629 = LINE('',#10630,#10631);
#10630 = CARTESIAN_POINT('',(135.956868,-109.331002,1.51));
#10631 = VECTOR('',#10632,1.);
#10632 = DIRECTION('',(-0.923879566662,-0.382683349917,0.));
#10633 = PLANE('',#10634);
#10634 = AXIS2_PLACEMENT_3D('',#10635,#10636,#10637);
#10635 = CARTESIAN_POINT('',(135.956868,-109.331002,1.51));
#10636 = DIRECTION('',(0.382683349917,-0.923879566662,0.));
#10637 = DIRECTION('',(-0.923879566662,-0.382683349917,0.));
#10638 = ADVANCED_FACE('',(#10639),#10664,.T.);
#10639 = FACE_BOUND('',#10640,.T.);
#10640 = EDGE_LOOP('',(#10641,#10642,#10650,#10658));
#10641 = ORIENTED_EDGE('',*,*,#10589,.T.);
#10642 = ORIENTED_EDGE('',*,*,#10643,.T.);
#10643 = EDGE_CURVE('',#10582,#10644,#10646,.T.);
#10644 = VERTEX_POINT('',#10645);
#10645 = CARTESIAN_POINT('',(135.306306,-107.760406,1.55));
#10646 = LINE('',#10647,#10648);
#10647 = CARTESIAN_POINT('',(133.73571,-108.410968,1.55));
#10648 = VECTOR('',#10649,1.);
#10649 = DIRECTION('',(0.923879566662,0.382683349917,0.));
#10650 = ORIENTED_EDGE('',*,*,#10651,.F.);
#10651 = EDGE_CURVE('',#10652,#10644,#10654,.T.);
#10652 = VERTEX_POINT('',#10653);
#10653 = CARTESIAN_POINT('',(135.306306,-107.760406,1.51));
#10654 = LINE('',#10655,#10656);
#10655 = CARTESIAN_POINT('',(135.306306,-107.760406,1.51));
#10656 = VECTOR('',#10657,1.);
#10657 = DIRECTION('',(0.,0.,1.));
#10658 = ORIENTED_EDGE('',*,*,#10659,.F.);
#10659 = EDGE_CURVE('',#10590,#10652,#10660,.T.);
#10660 = LINE('',#10661,#10662);
#10661 = CARTESIAN_POINT('',(133.73571,-108.410968,1.51));
#10662 = VECTOR('',#10663,1.);
#10663 = DIRECTION('',(0.923879566662,0.382683349917,0.));
#10664 = PLANE('',#10665);
#10665 = AXIS2_PLACEMENT_3D('',#10666,#10667,#10668);
#10666 = CARTESIAN_POINT('',(133.73571,-108.410968,1.51));
#10667 = DIRECTION('',(-0.382683349917,0.923879566662,0.));
#10668 = DIRECTION('',(0.923879566662,0.382683349917,0.));
#10669 = ADVANCED_FACE('',(#10670,#10681),#10692,.F.);
#10670 = FACE_BOUND('',#10671,.F.);
#10671 = EDGE_LOOP('',(#10672,#10673,#10674,#10680));
#10672 = ORIENTED_EDGE('',*,*,#10597,.F.);
#10673 = ORIENTED_EDGE('',*,*,#10628,.F.);
#10674 = ORIENTED_EDGE('',*,*,#10675,.F.);
#10675 = EDGE_CURVE('',#10652,#10612,#10676,.T.);
#10676 = LINE('',#10677,#10678);
#10677 = CARTESIAN_POINT('',(135.306306,-107.760406,1.51));
#10678 = VECTOR('',#10679,1.);
#10679 = DIRECTION('',(0.382683349917,-0.923879566662,0.));
#10680 = ORIENTED_EDGE('',*,*,#10659,.F.);
#10681 = FACE_BOUND('',#10682,.F.);
#10682 = EDGE_LOOP('',(#10683));
#10683 = ORIENTED_EDGE('',*,*,#10684,.T.);
#10684 = EDGE_CURVE('',#10685,#10685,#10687,.T.);
#10685 = VERTEX_POINT('',#10686);
#10686 = CARTESIAN_POINT('',(134.846289,-109.345985,1.51));
#10687 = CIRCLE('',#10688,0.475);
#10688 = AXIS2_PLACEMENT_3D('',#10689,#10690,#10691);
#10689 = CARTESIAN_POINT('',(134.846289,-108.870985,1.51));
#10690 = DIRECTION('',(-0.,0.,-1.));
#10691 = DIRECTION('',(-0.,-1.,0.));
#10692 = PLANE('',#10693);
#10693 = AXIS2_PLACEMENT_3D('',#10694,#10695,#10696);
#10694 = CARTESIAN_POINT('',(0.,0.,1.51));
#10695 = DIRECTION('',(0.,0.,1.));
#10696 = DIRECTION('',(1.,0.,-0.));
#10697 = ADVANCED_FACE('',(#10698,#10709),#10720,.T.);
#10698 = FACE_BOUND('',#10699,.T.);
#10699 = EDGE_LOOP('',(#10700,#10701,#10702,#10708));
#10700 = ORIENTED_EDGE('',*,*,#10581,.F.);
#10701 = ORIENTED_EDGE('',*,*,#10621,.F.);
#10702 = ORIENTED_EDGE('',*,*,#10703,.F.);
#10703 = EDGE_CURVE('',#10644,#10614,#10704,.T.);
#10704 = LINE('',#10705,#10706);
#10705 = CARTESIAN_POINT('',(135.306306,-107.760406,1.55));
#10706 = VECTOR('',#10707,1.);
#10707 = DIRECTION('',(0.382683349917,-0.923879566662,0.));
#10708 = ORIENTED_EDGE('',*,*,#10643,.F.);
#10709 = FACE_BOUND('',#10710,.T.);
#10710 = EDGE_LOOP('',(#10711));
#10711 = ORIENTED_EDGE('',*,*,#10712,.T.);
#10712 = EDGE_CURVE('',#10713,#10713,#10715,.T.);
#10713 = VERTEX_POINT('',#10714);
#10714 = CARTESIAN_POINT('',(134.846289,-109.345985,1.55));
#10715 = CIRCLE('',#10716,0.475);
#10716 = AXIS2_PLACEMENT_3D('',#10717,#10718,#10719);
#10717 = CARTESIAN_POINT('',(134.846289,-108.870985,1.55));
#10718 = DIRECTION('',(-0.,0.,-1.));
#10719 = DIRECTION('',(-0.,-1.,0.));
#10720 = PLANE('',#10721);
#10721 = AXIS2_PLACEMENT_3D('',#10722,#10723,#10724);
#10722 = CARTESIAN_POINT('',(0.,0.,1.55));
#10723 = DIRECTION('',(0.,0.,1.));
#10724 = DIRECTION('',(1.,0.,-0.));
#10725 = ADVANCED_FACE('',(#10726),#10732,.T.);
#10726 = FACE_BOUND('',#10727,.T.);
#10727 = EDGE_LOOP('',(#10728,#10729,#10730,#10731));
#10728 = ORIENTED_EDGE('',*,*,#10651,.T.);
#10729 = ORIENTED_EDGE('',*,*,#10703,.T.);
#10730 = ORIENTED_EDGE('',*,*,#10611,.F.);
#10731 = ORIENTED_EDGE('',*,*,#10675,.F.);
#10732 = PLANE('',#10733);
#10733 = AXIS2_PLACEMENT_3D('',#10734,#10735,#10736);
#10734 = CARTESIAN_POINT('',(135.306306,-107.760406,1.51));
#10735 = DIRECTION('',(0.923879566662,0.382683349917,-0.));
#10736 = DIRECTION('',(0.382683349917,-0.923879566662,0.));
#10737 = ADVANCED_FACE('',(#10738),#10749,.F.);
#10738 = FACE_BOUND('',#10739,.T.);
#10739 = EDGE_LOOP('',(#10740,#10741,#10747,#10748));
#10740 = ORIENTED_EDGE('',*,*,#10684,.T.);
#10741 = ORIENTED_EDGE('',*,*,#10742,.T.);
#10742 = EDGE_CURVE('',#10685,#10713,#10743,.T.);
#10743 = LINE('',#10744,#10745);
#10744 = CARTESIAN_POINT('',(134.846289,-109.345985,-4.6E-02));
#10745 = VECTOR('',#10746,1.);
#10746 = DIRECTION('',(0.,0.,1.));
#10747 = ORIENTED_EDGE('',*,*,#10712,.F.);
#10748 = ORIENTED_EDGE('',*,*,#10742,.F.);
#10749 = CYLINDRICAL_SURFACE('',#10750,0.475);
#10750 = AXIS2_PLACEMENT_3D('',#10751,#10752,#10753);
#10751 = CARTESIAN_POINT('',(134.846289,-108.870985,-4.6E-02));
#10752 = DIRECTION('',(-0.,-0.,-1.));
#10753 = DIRECTION('',(-0.,-1.,0.));
#10754 = MANIFOLD_SOLID_BREP('',#10755);
#10755 = CLOSED_SHELL('',(#10756,#10796,#10827,#10858,#10886,#10914,
    #10926));
#10756 = ADVANCED_FACE('',(#10757),#10791,.F.);
#10757 = FACE_BOUND('',#10758,.F.);
#10758 = EDGE_LOOP('',(#10759,#10769,#10777,#10785));
#10759 = ORIENTED_EDGE('',*,*,#10760,.T.);
#10760 = EDGE_CURVE('',#10761,#10763,#10765,.T.);
#10761 = VERTEX_POINT('',#10762);
#10762 = CARTESIAN_POINT('',(134.386272,-109.981564,0.));
#10763 = VERTEX_POINT('',#10764);
#10764 = CARTESIAN_POINT('',(134.386272,-109.981564,-4.E-02));
#10765 = LINE('',#10766,#10767);
#10766 = CARTESIAN_POINT('',(134.386272,-109.981564,0.));
#10767 = VECTOR('',#10768,1.);
#10768 = DIRECTION('',(0.,0.,-1.));
#10769 = ORIENTED_EDGE('',*,*,#10770,.T.);
#10770 = EDGE_CURVE('',#10763,#10771,#10773,.T.);
#10771 = VERTEX_POINT('',#10772);
#10772 = CARTESIAN_POINT('',(133.73571,-108.410968,-4.E-02));
#10773 = LINE('',#10774,#10775);
#10774 = CARTESIAN_POINT('',(134.386272,-109.981564,-4.E-02));
#10775 = VECTOR('',#10776,1.);
#10776 = DIRECTION('',(-0.382683349917,0.923879566662,0.));
#10777 = ORIENTED_EDGE('',*,*,#10778,.F.);
#10778 = EDGE_CURVE('',#10779,#10771,#10781,.T.);
#10779 = VERTEX_POINT('',#10780);
#10780 = CARTESIAN_POINT('',(133.73571,-108.410968,0.));
#10781 = LINE('',#10782,#10783);
#10782 = CARTESIAN_POINT('',(133.73571,-108.410968,0.));
#10783 = VECTOR('',#10784,1.);
#10784 = DIRECTION('',(0.,0.,-1.));
#10785 = ORIENTED_EDGE('',*,*,#10786,.F.);
#10786 = EDGE_CURVE('',#10761,#10779,#10787,.T.);
#10787 = LINE('',#10788,#10789);
#10788 = CARTESIAN_POINT('',(134.386272,-109.981564,0.));
#10789 = VECTOR('',#10790,1.);
#10790 = DIRECTION('',(-0.382683349917,0.923879566662,0.));
#10791 = PLANE('',#10792);
#10792 = AXIS2_PLACEMENT_3D('',#10793,#10794,#10795);
#10793 = CARTESIAN_POINT('',(134.386272,-109.981564,0.));
#10794 = DIRECTION('',(0.923879566662,0.382683349917,0.));
#10795 = DIRECTION('',(-0.382683349917,0.923879566662,0.));
#10796 = ADVANCED_FACE('',(#10797),#10822,.F.);
#10797 = FACE_BOUND('',#10798,.F.);
#10798 = EDGE_LOOP('',(#10799,#10809,#10815,#10816));
#10799 = ORIENTED_EDGE('',*,*,#10800,.T.);
#10800 = EDGE_CURVE('',#10801,#10803,#10805,.T.);
#10801 = VERTEX_POINT('',#10802);
#10802 = CARTESIAN_POINT('',(135.956868,-109.331002,0.));
#10803 = VERTEX_POINT('',#10804);
#10804 = CARTESIAN_POINT('',(135.956868,-109.331002,-4.E-02));
#10805 = LINE('',#10806,#10807);
#10806 = CARTESIAN_POINT('',(135.956868,-109.331002,0.));
#10807 = VECTOR('',#10808,1.);
#10808 = DIRECTION('',(0.,0.,-1.));
#10809 = ORIENTED_EDGE('',*,*,#10810,.T.);
#10810 = EDGE_CURVE('',#10803,#10763,#10811,.T.);
#10811 = LINE('',#10812,#10813);
#10812 = CARTESIAN_POINT('',(135.956868,-109.331002,-4.E-02));
#10813 = VECTOR('',#10814,1.);
#10814 = DIRECTION('',(-0.923879566662,-0.382683349917,0.));
#10815 = ORIENTED_EDGE('',*,*,#10760,.F.);
#10816 = ORIENTED_EDGE('',*,*,#10817,.F.);
#10817 = EDGE_CURVE('',#10801,#10761,#10818,.T.);
#10818 = LINE('',#10819,#10820);
#10819 = CARTESIAN_POINT('',(135.956868,-109.331002,0.));
#10820 = VECTOR('',#10821,1.);
#10821 = DIRECTION('',(-0.923879566662,-0.382683349917,0.));
#10822 = PLANE('',#10823);
#10823 = AXIS2_PLACEMENT_3D('',#10824,#10825,#10826);
#10824 = CARTESIAN_POINT('',(135.956868,-109.331002,0.));
#10825 = DIRECTION('',(-0.382683349917,0.923879566662,0.));
#10826 = DIRECTION('',(-0.923879566662,-0.382683349917,0.));
#10827 = ADVANCED_FACE('',(#10828),#10853,.F.);
#10828 = FACE_BOUND('',#10829,.F.);
#10829 = EDGE_LOOP('',(#10830,#10831,#10839,#10847));
#10830 = ORIENTED_EDGE('',*,*,#10778,.T.);
#10831 = ORIENTED_EDGE('',*,*,#10832,.T.);
#10832 = EDGE_CURVE('',#10771,#10833,#10835,.T.);
#10833 = VERTEX_POINT('',#10834);
#10834 = CARTESIAN_POINT('',(135.306306,-107.760406,-4.E-02));
#10835 = LINE('',#10836,#10837);
#10836 = CARTESIAN_POINT('',(133.73571,-108.410968,-4.E-02));
#10837 = VECTOR('',#10838,1.);
#10838 = DIRECTION('',(0.923879566662,0.382683349917,0.));
#10839 = ORIENTED_EDGE('',*,*,#10840,.F.);
#10840 = EDGE_CURVE('',#10841,#10833,#10843,.T.);
#10841 = VERTEX_POINT('',#10842);
#10842 = CARTESIAN_POINT('',(135.306306,-107.760406,0.));
#10843 = LINE('',#10844,#10845);
#10844 = CARTESIAN_POINT('',(135.306306,-107.760406,0.));
#10845 = VECTOR('',#10846,1.);
#10846 = DIRECTION('',(0.,0.,-1.));
#10847 = ORIENTED_EDGE('',*,*,#10848,.F.);
#10848 = EDGE_CURVE('',#10779,#10841,#10849,.T.);
#10849 = LINE('',#10850,#10851);
#10850 = CARTESIAN_POINT('',(133.73571,-108.410968,0.));
#10851 = VECTOR('',#10852,1.);
#10852 = DIRECTION('',(0.923879566662,0.382683349917,0.));
#10853 = PLANE('',#10854);
#10854 = AXIS2_PLACEMENT_3D('',#10855,#10856,#10857);
#10855 = CARTESIAN_POINT('',(133.73571,-108.410968,0.));
#10856 = DIRECTION('',(0.382683349917,-0.923879566662,0.));
#10857 = DIRECTION('',(0.923879566662,0.382683349917,0.));
#10858 = ADVANCED_FACE('',(#10859,#10870),#10881,.F.);
#10859 = FACE_BOUND('',#10860,.F.);
#10860 = EDGE_LOOP('',(#10861,#10862,#10863,#10869));
#10861 = ORIENTED_EDGE('',*,*,#10786,.T.);
#10862 = ORIENTED_EDGE('',*,*,#10848,.T.);
#10863 = ORIENTED_EDGE('',*,*,#10864,.T.);
#10864 = EDGE_CURVE('',#10841,#10801,#10865,.T.);
#10865 = LINE('',#10866,#10867);
#10866 = CARTESIAN_POINT('',(135.306306,-107.760406,0.));
#10867 = VECTOR('',#10868,1.);
#10868 = DIRECTION('',(0.382683349917,-0.923879566662,0.));
#10869 = ORIENTED_EDGE('',*,*,#10817,.T.);
#10870 = FACE_BOUND('',#10871,.F.);
#10871 = EDGE_LOOP('',(#10872));
#10872 = ORIENTED_EDGE('',*,*,#10873,.F.);
#10873 = EDGE_CURVE('',#10874,#10874,#10876,.T.);
#10874 = VERTEX_POINT('',#10875);
#10875 = CARTESIAN_POINT('',(134.846289,-109.345985,0.));
#10876 = CIRCLE('',#10877,0.475);
#10877 = AXIS2_PLACEMENT_3D('',#10878,#10879,#10880);
#10878 = CARTESIAN_POINT('',(134.846289,-108.870985,0.));
#10879 = DIRECTION('',(-0.,0.,-1.));
#10880 = DIRECTION('',(-0.,-1.,0.));
#10881 = PLANE('',#10882);
#10882 = AXIS2_PLACEMENT_3D('',#10883,#10884,#10885);
#10883 = CARTESIAN_POINT('',(0.,0.,0.));
#10884 = DIRECTION('',(-0.,-0.,-1.));
#10885 = DIRECTION('',(-1.,0.,0.));
#10886 = ADVANCED_FACE('',(#10887,#10898),#10909,.T.);
#10887 = FACE_BOUND('',#10888,.T.);
#10888 = EDGE_LOOP('',(#10889,#10890,#10891,#10897));
#10889 = ORIENTED_EDGE('',*,*,#10770,.T.);
#10890 = ORIENTED_EDGE('',*,*,#10832,.T.);
#10891 = ORIENTED_EDGE('',*,*,#10892,.T.);
#10892 = EDGE_CURVE('',#10833,#10803,#10893,.T.);
#10893 = LINE('',#10894,#10895);
#10894 = CARTESIAN_POINT('',(135.306306,-107.760406,-4.E-02));
#10895 = VECTOR('',#10896,1.);
#10896 = DIRECTION('',(0.382683349917,-0.923879566662,0.));
#10897 = ORIENTED_EDGE('',*,*,#10810,.T.);
#10898 = FACE_BOUND('',#10899,.T.);
#10899 = EDGE_LOOP('',(#10900));
#10900 = ORIENTED_EDGE('',*,*,#10901,.F.);
#10901 = EDGE_CURVE('',#10902,#10902,#10904,.T.);
#10902 = VERTEX_POINT('',#10903);
#10903 = CARTESIAN_POINT('',(134.846289,-109.345985,-4.E-02));
#10904 = CIRCLE('',#10905,0.475);
#10905 = AXIS2_PLACEMENT_3D('',#10906,#10907,#10908);
#10906 = CARTESIAN_POINT('',(134.846289,-108.870985,-4.E-02));
#10907 = DIRECTION('',(-0.,0.,-1.));
#10908 = DIRECTION('',(-0.,-1.,0.));
#10909 = PLANE('',#10910);
#10910 = AXIS2_PLACEMENT_3D('',#10911,#10912,#10913);
#10911 = CARTESIAN_POINT('',(0.,0.,-4.E-02));
#10912 = DIRECTION('',(-0.,-0.,-1.));
#10913 = DIRECTION('',(-1.,0.,0.));
#10914 = ADVANCED_FACE('',(#10915),#10921,.F.);
#10915 = FACE_BOUND('',#10916,.F.);
#10916 = EDGE_LOOP('',(#10917,#10918,#10919,#10920));
#10917 = ORIENTED_EDGE('',*,*,#10840,.T.);
#10918 = ORIENTED_EDGE('',*,*,#10892,.T.);
#10919 = ORIENTED_EDGE('',*,*,#10800,.F.);
#10920 = ORIENTED_EDGE('',*,*,#10864,.F.);
#10921 = PLANE('',#10922);
#10922 = AXIS2_PLACEMENT_3D('',#10923,#10924,#10925);
#10923 = CARTESIAN_POINT('',(135.306306,-107.760406,0.));
#10924 = DIRECTION('',(-0.923879566662,-0.382683349917,-0.));
#10925 = DIRECTION('',(0.382683349917,-0.923879566662,0.));
#10926 = ADVANCED_FACE('',(#10927),#10938,.F.);
#10927 = FACE_BOUND('',#10928,.T.);
#10928 = EDGE_LOOP('',(#10929,#10930,#10936,#10937));
#10929 = ORIENTED_EDGE('',*,*,#10901,.T.);
#10930 = ORIENTED_EDGE('',*,*,#10931,.T.);
#10931 = EDGE_CURVE('',#10902,#10874,#10932,.T.);
#10932 = LINE('',#10933,#10934);
#10933 = CARTESIAN_POINT('',(134.846289,-109.345985,-4.6E-02));
#10934 = VECTOR('',#10935,1.);
#10935 = DIRECTION('',(0.,0.,1.));
#10936 = ORIENTED_EDGE('',*,*,#10873,.F.);
#10937 = ORIENTED_EDGE('',*,*,#10931,.F.);
#10938 = CYLINDRICAL_SURFACE('',#10939,0.475);
#10939 = AXIS2_PLACEMENT_3D('',#10940,#10941,#10942);
#10940 = CARTESIAN_POINT('',(134.846289,-108.870985,-4.6E-02));
#10941 = DIRECTION('',(-0.,-0.,-1.));
#10942 = DIRECTION('',(-0.,-1.,0.));
#10943 = MANIFOLD_SOLID_BREP('',#10944);
#10944 = CLOSED_SHELL('',(#10945,#10978,#10998,#11018));
#10945 = ADVANCED_FACE('',(#10946),#10973,.T.);
#10946 = FACE_BOUND('',#10947,.F.);
#10947 = EDGE_LOOP('',(#10948,#10958,#10965,#10966));
#10948 = ORIENTED_EDGE('',*,*,#10949,.T.);
#10949 = EDGE_CURVE('',#10950,#10952,#10954,.T.);
#10950 = VERTEX_POINT('',#10951);
#10951 = CARTESIAN_POINT('',(134.846289,-109.370985,-4.E-02));
#10952 = VERTEX_POINT('',#10953);
#10953 = CARTESIAN_POINT('',(134.846289,-109.370985,1.55));
#10954 = LINE('',#10955,#10956);
#10955 = CARTESIAN_POINT('',(134.846289,-109.370985,-4.E-02));
#10956 = VECTOR('',#10957,1.);
#10957 = DIRECTION('',(0.,0.,1.));
#10958 = ORIENTED_EDGE('',*,*,#10959,.T.);
#10959 = EDGE_CURVE('',#10952,#10952,#10960,.T.);
#10960 = CIRCLE('',#10961,0.5);
#10961 = AXIS2_PLACEMENT_3D('',#10962,#10963,#10964);
#10962 = CARTESIAN_POINT('',(134.846289,-108.870985,1.55));
#10963 = DIRECTION('',(0.,0.,1.));
#10964 = DIRECTION('',(-0.,-1.,0.));
#10965 = ORIENTED_EDGE('',*,*,#10949,.F.);
#10966 = ORIENTED_EDGE('',*,*,#10967,.F.);
#10967 = EDGE_CURVE('',#10950,#10950,#10968,.T.);
#10968 = CIRCLE('',#10969,0.5);
#10969 = AXIS2_PLACEMENT_3D('',#10970,#10971,#10972);
#10970 = CARTESIAN_POINT('',(134.846289,-108.870985,-4.E-02));
#10971 = DIRECTION('',(0.,0.,1.));
#10972 = DIRECTION('',(-0.,-1.,0.));
#10973 = CYLINDRICAL_SURFACE('',#10974,0.5);
#10974 = AXIS2_PLACEMENT_3D('',#10975,#10976,#10977);
#10975 = CARTESIAN_POINT('',(134.846289,-108.870985,-4.E-02));
#10976 = DIRECTION('',(-0.,-0.,-1.));
#10977 = DIRECTION('',(-0.,-1.,0.));
#10978 = ADVANCED_FACE('',(#10979,#10982),#10993,.F.);
#10979 = FACE_BOUND('',#10980,.F.);
#10980 = EDGE_LOOP('',(#10981));
#10981 = ORIENTED_EDGE('',*,*,#10967,.T.);
#10982 = FACE_BOUND('',#10983,.F.);
#10983 = EDGE_LOOP('',(#10984));
#10984 = ORIENTED_EDGE('',*,*,#10985,.T.);
#10985 = EDGE_CURVE('',#10986,#10986,#10988,.T.);
#10986 = VERTEX_POINT('',#10987);
#10987 = CARTESIAN_POINT('',(134.846289,-109.345985,-4.E-02));
#10988 = CIRCLE('',#10989,0.475);
#10989 = AXIS2_PLACEMENT_3D('',#10990,#10991,#10992);
#10990 = CARTESIAN_POINT('',(134.846289,-108.870985,-4.E-02));
#10991 = DIRECTION('',(-0.,0.,-1.));
#10992 = DIRECTION('',(-0.,-1.,0.));
#10993 = PLANE('',#10994);
#10994 = AXIS2_PLACEMENT_3D('',#10995,#10996,#10997);
#10995 = CARTESIAN_POINT('',(134.846289,-109.370985,-4.E-02));
#10996 = DIRECTION('',(0.,0.,1.));
#10997 = DIRECTION('',(1.,0.,-0.));
#10998 = ADVANCED_FACE('',(#10999,#11002),#11013,.T.);
#10999 = FACE_BOUND('',#11000,.T.);
#11000 = EDGE_LOOP('',(#11001));
#11001 = ORIENTED_EDGE('',*,*,#10959,.T.);
#11002 = FACE_BOUND('',#11003,.T.);
#11003 = EDGE_LOOP('',(#11004));
#11004 = ORIENTED_EDGE('',*,*,#11005,.T.);
#11005 = EDGE_CURVE('',#11006,#11006,#11008,.T.);
#11006 = VERTEX_POINT('',#11007);
#11007 = CARTESIAN_POINT('',(134.846289,-109.345985,1.55));
#11008 = CIRCLE('',#11009,0.475);
#11009 = AXIS2_PLACEMENT_3D('',#11010,#11011,#11012);
#11010 = CARTESIAN_POINT('',(134.846289,-108.870985,1.55));
#11011 = DIRECTION('',(-0.,0.,-1.));
#11012 = DIRECTION('',(-0.,-1.,0.));
#11013 = PLANE('',#11014);
#11014 = AXIS2_PLACEMENT_3D('',#11015,#11016,#11017);
#11015 = CARTESIAN_POINT('',(134.846289,-109.370985,1.55));
#11016 = DIRECTION('',(0.,0.,1.));
#11017 = DIRECTION('',(1.,0.,-0.));
#11018 = ADVANCED_FACE('',(#11019),#11030,.F.);
#11019 = FACE_BOUND('',#11020,.T.);
#11020 = EDGE_LOOP('',(#11021,#11022,#11028,#11029));
#11021 = ORIENTED_EDGE('',*,*,#10985,.T.);
#11022 = ORIENTED_EDGE('',*,*,#11023,.T.);
#11023 = EDGE_CURVE('',#10986,#11006,#11024,.T.);
#11024 = LINE('',#11025,#11026);
#11025 = CARTESIAN_POINT('',(134.846289,-109.345985,-4.6E-02));
#11026 = VECTOR('',#11027,1.);
#11027 = DIRECTION('',(0.,0.,1.));
#11028 = ORIENTED_EDGE('',*,*,#11005,.F.);
#11029 = ORIENTED_EDGE('',*,*,#11023,.F.);
#11030 = CYLINDRICAL_SURFACE('',#11031,0.475);
#11031 = AXIS2_PLACEMENT_3D('',#11032,#11033,#11034);
#11032 = CARTESIAN_POINT('',(134.846289,-108.870985,-4.6E-02));
#11033 = DIRECTION('',(-0.,-0.,-1.));
#11034 = DIRECTION('',(-0.,-1.,0.));
#11035 = MANIFOLD_SOLID_BREP('',#11036);
#11036 = CLOSED_SHELL('',(#11037,#11077,#11108,#11139,#11167,#11195,
    #11207));
#11037 = ADVANCED_FACE('',(#11038),#11072,.T.);
#11038 = FACE_BOUND('',#11039,.T.);
#11039 = EDGE_LOOP('',(#11040,#11050,#11058,#11066));
#11040 = ORIENTED_EDGE('',*,*,#11041,.T.);
#11041 = EDGE_CURVE('',#11042,#11044,#11046,.T.);
#11042 = VERTEX_POINT('',#11043);
#11043 = CARTESIAN_POINT('',(145.589032,-120.26429,1.51));
#11044 = VERTEX_POINT('',#11045);
#11045 = CARTESIAN_POINT('',(145.589032,-120.26429,1.55));
#11046 = LINE('',#11047,#11048);
#11047 = CARTESIAN_POINT('',(145.589032,-120.26429,1.51));
#11048 = VECTOR('',#11049,1.);
#11049 = DIRECTION('',(0.,0.,1.));
#11050 = ORIENTED_EDGE('',*,*,#11051,.T.);
#11051 = EDGE_CURVE('',#11044,#11052,#11054,.T.);
#11052 = VERTEX_POINT('',#11053);
#11053 = CARTESIAN_POINT('',(144.018436,-119.613728,1.55));
#11054 = LINE('',#11055,#11056);
#11055 = CARTESIAN_POINT('',(145.589032,-120.26429,1.55));
#11056 = VECTOR('',#11057,1.);
#11057 = DIRECTION('',(-0.923879566662,0.382683349917,0.));
#11058 = ORIENTED_EDGE('',*,*,#11059,.F.);
#11059 = EDGE_CURVE('',#11060,#11052,#11062,.T.);
#11060 = VERTEX_POINT('',#11061);
#11061 = CARTESIAN_POINT('',(144.018436,-119.613728,1.51));
#11062 = LINE('',#11063,#11064);
#11063 = CARTESIAN_POINT('',(144.018436,-119.613728,1.51));
#11064 = VECTOR('',#11065,1.);
#11065 = DIRECTION('',(0.,0.,1.));
#11066 = ORIENTED_EDGE('',*,*,#11067,.F.);
#11067 = EDGE_CURVE('',#11042,#11060,#11068,.T.);
#11068 = LINE('',#11069,#11070);
#11069 = CARTESIAN_POINT('',(145.589032,-120.26429,1.51));
#11070 = VECTOR('',#11071,1.);
#11071 = DIRECTION('',(-0.923879566662,0.382683349917,0.));
#11072 = PLANE('',#11073);
#11073 = AXIS2_PLACEMENT_3D('',#11074,#11075,#11076);
#11074 = CARTESIAN_POINT('',(145.589032,-120.26429,1.51));
#11075 = DIRECTION('',(-0.382683349917,-0.923879566662,0.));
#11076 = DIRECTION('',(-0.923879566662,0.382683349917,0.));
#11077 = ADVANCED_FACE('',(#11078),#11103,.T.);
#11078 = FACE_BOUND('',#11079,.T.);
#11079 = EDGE_LOOP('',(#11080,#11090,#11096,#11097));
#11080 = ORIENTED_EDGE('',*,*,#11081,.T.);
#11081 = EDGE_CURVE('',#11082,#11084,#11086,.T.);
#11082 = VERTEX_POINT('',#11083);
#11083 = CARTESIAN_POINT('',(146.239594,-118.693694,1.51));
#11084 = VERTEX_POINT('',#11085);
#11085 = CARTESIAN_POINT('',(146.239594,-118.693694,1.55));
#11086 = LINE('',#11087,#11088);
#11087 = CARTESIAN_POINT('',(146.239594,-118.693694,1.51));
#11088 = VECTOR('',#11089,1.);
#11089 = DIRECTION('',(0.,0.,1.));
#11090 = ORIENTED_EDGE('',*,*,#11091,.T.);
#11091 = EDGE_CURVE('',#11084,#11044,#11092,.T.);
#11092 = LINE('',#11093,#11094);
#11093 = CARTESIAN_POINT('',(146.239594,-118.693694,1.55));
#11094 = VECTOR('',#11095,1.);
#11095 = DIRECTION('',(-0.382683349917,-0.923879566662,0.));
#11096 = ORIENTED_EDGE('',*,*,#11041,.F.);
#11097 = ORIENTED_EDGE('',*,*,#11098,.F.);
#11098 = EDGE_CURVE('',#11082,#11042,#11099,.T.);
#11099 = LINE('',#11100,#11101);
#11100 = CARTESIAN_POINT('',(146.239594,-118.693694,1.51));
#11101 = VECTOR('',#11102,1.);
#11102 = DIRECTION('',(-0.382683349917,-0.923879566662,0.));
#11103 = PLANE('',#11104);
#11104 = AXIS2_PLACEMENT_3D('',#11105,#11106,#11107);
#11105 = CARTESIAN_POINT('',(146.239594,-118.693694,1.51));
#11106 = DIRECTION('',(0.923879566662,-0.382683349917,0.));
#11107 = DIRECTION('',(-0.382683349917,-0.923879566662,0.));
#11108 = ADVANCED_FACE('',(#11109),#11134,.T.);
#11109 = FACE_BOUND('',#11110,.T.);
#11110 = EDGE_LOOP('',(#11111,#11112,#11120,#11128));
#11111 = ORIENTED_EDGE('',*,*,#11059,.T.);
#11112 = ORIENTED_EDGE('',*,*,#11113,.T.);
#11113 = EDGE_CURVE('',#11052,#11114,#11116,.T.);
#11114 = VERTEX_POINT('',#11115);
#11115 = CARTESIAN_POINT('',(144.668998,-118.043132,1.55));
#11116 = LINE('',#11117,#11118);
#11117 = CARTESIAN_POINT('',(144.018436,-119.613728,1.55));
#11118 = VECTOR('',#11119,1.);
#11119 = DIRECTION('',(0.382683349917,0.923879566662,0.));
#11120 = ORIENTED_EDGE('',*,*,#11121,.F.);
#11121 = EDGE_CURVE('',#11122,#11114,#11124,.T.);
#11122 = VERTEX_POINT('',#11123);
#11123 = CARTESIAN_POINT('',(144.668998,-118.043132,1.51));
#11124 = LINE('',#11125,#11126);
#11125 = CARTESIAN_POINT('',(144.668998,-118.043132,1.51));
#11126 = VECTOR('',#11127,1.);
#11127 = DIRECTION('',(0.,0.,1.));
#11128 = ORIENTED_EDGE('',*,*,#11129,.F.);
#11129 = EDGE_CURVE('',#11060,#11122,#11130,.T.);
#11130 = LINE('',#11131,#11132);
#11131 = CARTESIAN_POINT('',(144.018436,-119.613728,1.51));
#11132 = VECTOR('',#11133,1.);
#11133 = DIRECTION('',(0.382683349917,0.923879566662,0.));
#11134 = PLANE('',#11135);
#11135 = AXIS2_PLACEMENT_3D('',#11136,#11137,#11138);
#11136 = CARTESIAN_POINT('',(144.018436,-119.613728,1.51));
#11137 = DIRECTION('',(-0.923879566662,0.382683349917,0.));
#11138 = DIRECTION('',(0.382683349917,0.923879566662,0.));
#11139 = ADVANCED_FACE('',(#11140,#11151),#11162,.F.);
#11140 = FACE_BOUND('',#11141,.F.);
#11141 = EDGE_LOOP('',(#11142,#11143,#11144,#11150));
#11142 = ORIENTED_EDGE('',*,*,#11067,.F.);
#11143 = ORIENTED_EDGE('',*,*,#11098,.F.);
#11144 = ORIENTED_EDGE('',*,*,#11145,.F.);
#11145 = EDGE_CURVE('',#11122,#11082,#11146,.T.);
#11146 = LINE('',#11147,#11148);
#11147 = CARTESIAN_POINT('',(144.668998,-118.043132,1.51));
#11148 = VECTOR('',#11149,1.);
#11149 = DIRECTION('',(0.923879566662,-0.382683349917,0.));
#11150 = ORIENTED_EDGE('',*,*,#11129,.F.);
#11151 = FACE_BOUND('',#11152,.F.);
#11152 = EDGE_LOOP('',(#11153));
#11153 = ORIENTED_EDGE('',*,*,#11154,.T.);
#11154 = EDGE_CURVE('',#11155,#11155,#11157,.T.);
#11155 = VERTEX_POINT('',#11156);
#11156 = CARTESIAN_POINT('',(145.129015,-119.628711,1.51));
#11157 = CIRCLE('',#11158,0.475);
#11158 = AXIS2_PLACEMENT_3D('',#11159,#11160,#11161);
#11159 = CARTESIAN_POINT('',(145.129015,-119.153711,1.51));
#11160 = DIRECTION('',(-0.,0.,-1.));
#11161 = DIRECTION('',(5.983517774822E-14,-1.,-0.));
#11162 = PLANE('',#11163);
#11163 = AXIS2_PLACEMENT_3D('',#11164,#11165,#11166);
#11164 = CARTESIAN_POINT('',(0.,0.,1.51));
#11165 = DIRECTION('',(0.,0.,1.));
#11166 = DIRECTION('',(1.,0.,-0.));
#11167 = ADVANCED_FACE('',(#11168,#11179),#11190,.T.);
#11168 = FACE_BOUND('',#11169,.T.);
#11169 = EDGE_LOOP('',(#11170,#11171,#11172,#11178));
#11170 = ORIENTED_EDGE('',*,*,#11051,.F.);
#11171 = ORIENTED_EDGE('',*,*,#11091,.F.);
#11172 = ORIENTED_EDGE('',*,*,#11173,.F.);
#11173 = EDGE_CURVE('',#11114,#11084,#11174,.T.);
#11174 = LINE('',#11175,#11176);
#11175 = CARTESIAN_POINT('',(144.668998,-118.043132,1.55));
#11176 = VECTOR('',#11177,1.);
#11177 = DIRECTION('',(0.923879566662,-0.382683349917,0.));
#11178 = ORIENTED_EDGE('',*,*,#11113,.F.);
#11179 = FACE_BOUND('',#11180,.T.);
#11180 = EDGE_LOOP('',(#11181));
#11181 = ORIENTED_EDGE('',*,*,#11182,.T.);
#11182 = EDGE_CURVE('',#11183,#11183,#11185,.T.);
#11183 = VERTEX_POINT('',#11184);
#11184 = CARTESIAN_POINT('',(145.129015,-119.628711,1.55));
#11185 = CIRCLE('',#11186,0.475);
#11186 = AXIS2_PLACEMENT_3D('',#11187,#11188,#11189);
#11187 = CARTESIAN_POINT('',(145.129015,-119.153711,1.55));
#11188 = DIRECTION('',(-0.,0.,-1.));
#11189 = DIRECTION('',(5.983517774822E-14,-1.,-0.));
#11190 = PLANE('',#11191);
#11191 = AXIS2_PLACEMENT_3D('',#11192,#11193,#11194);
#11192 = CARTESIAN_POINT('',(0.,0.,1.55));
#11193 = DIRECTION('',(0.,0.,1.));
#11194 = DIRECTION('',(1.,0.,-0.));
#11195 = ADVANCED_FACE('',(#11196),#11202,.T.);
#11196 = FACE_BOUND('',#11197,.T.);
#11197 = EDGE_LOOP('',(#11198,#11199,#11200,#11201));
#11198 = ORIENTED_EDGE('',*,*,#11121,.T.);
#11199 = ORIENTED_EDGE('',*,*,#11173,.T.);
#11200 = ORIENTED_EDGE('',*,*,#11081,.F.);
#11201 = ORIENTED_EDGE('',*,*,#11145,.F.);
#11202 = PLANE('',#11203);
#11203 = AXIS2_PLACEMENT_3D('',#11204,#11205,#11206);
#11204 = CARTESIAN_POINT('',(144.668998,-118.043132,1.51));
#11205 = DIRECTION('',(0.382683349917,0.923879566662,-0.));
#11206 = DIRECTION('',(0.923879566662,-0.382683349917,0.));
#11207 = ADVANCED_FACE('',(#11208),#11219,.F.);
#11208 = FACE_BOUND('',#11209,.T.);
#11209 = EDGE_LOOP('',(#11210,#11211,#11217,#11218));
#11210 = ORIENTED_EDGE('',*,*,#11154,.T.);
#11211 = ORIENTED_EDGE('',*,*,#11212,.T.);
#11212 = EDGE_CURVE('',#11155,#11183,#11213,.T.);
#11213 = LINE('',#11214,#11215);
#11214 = CARTESIAN_POINT('',(145.129015,-119.628711,-4.6E-02));
#11215 = VECTOR('',#11216,1.);
#11216 = DIRECTION('',(0.,0.,1.));
#11217 = ORIENTED_EDGE('',*,*,#11182,.F.);
#11218 = ORIENTED_EDGE('',*,*,#11212,.F.);
#11219 = CYLINDRICAL_SURFACE('',#11220,0.475);
#11220 = AXIS2_PLACEMENT_3D('',#11221,#11222,#11223);
#11221 = CARTESIAN_POINT('',(145.129015,-119.153711,-4.6E-02));
#11222 = DIRECTION('',(-0.,0.,-1.));
#11223 = DIRECTION('',(5.983517774822E-14,-1.,-0.));
#11224 = MANIFOLD_SOLID_BREP('',#11225);
#11225 = CLOSED_SHELL('',(#11226,#11266,#11297,#11328,#11356,#11384,
    #11396));
#11226 = ADVANCED_FACE('',(#11227),#11261,.F.);
#11227 = FACE_BOUND('',#11228,.F.);
#11228 = EDGE_LOOP('',(#11229,#11239,#11247,#11255));
#11229 = ORIENTED_EDGE('',*,*,#11230,.T.);
#11230 = EDGE_CURVE('',#11231,#11233,#11235,.T.);
#11231 = VERTEX_POINT('',#11232);
#11232 = CARTESIAN_POINT('',(145.589032,-120.26429,0.));
#11233 = VERTEX_POINT('',#11234);
#11234 = CARTESIAN_POINT('',(145.589032,-120.26429,-4.E-02));
#11235 = LINE('',#11236,#11237);
#11236 = CARTESIAN_POINT('',(145.589032,-120.26429,0.));
#11237 = VECTOR('',#11238,1.);
#11238 = DIRECTION('',(0.,0.,-1.));
#11239 = ORIENTED_EDGE('',*,*,#11240,.T.);
#11240 = EDGE_CURVE('',#11233,#11241,#11243,.T.);
#11241 = VERTEX_POINT('',#11242);
#11242 = CARTESIAN_POINT('',(144.018436,-119.613728,-4.E-02));
#11243 = LINE('',#11244,#11245);
#11244 = CARTESIAN_POINT('',(145.589032,-120.26429,-4.E-02));
#11245 = VECTOR('',#11246,1.);
#11246 = DIRECTION('',(-0.923879566662,0.382683349917,0.));
#11247 = ORIENTED_EDGE('',*,*,#11248,.F.);
#11248 = EDGE_CURVE('',#11249,#11241,#11251,.T.);
#11249 = VERTEX_POINT('',#11250);
#11250 = CARTESIAN_POINT('',(144.018436,-119.613728,0.));
#11251 = LINE('',#11252,#11253);
#11252 = CARTESIAN_POINT('',(144.018436,-119.613728,0.));
#11253 = VECTOR('',#11254,1.);
#11254 = DIRECTION('',(0.,0.,-1.));
#11255 = ORIENTED_EDGE('',*,*,#11256,.F.);
#11256 = EDGE_CURVE('',#11231,#11249,#11257,.T.);
#11257 = LINE('',#11258,#11259);
#11258 = CARTESIAN_POINT('',(145.589032,-120.26429,0.));
#11259 = VECTOR('',#11260,1.);
#11260 = DIRECTION('',(-0.923879566662,0.382683349917,0.));
#11261 = PLANE('',#11262);
#11262 = AXIS2_PLACEMENT_3D('',#11263,#11264,#11265);
#11263 = CARTESIAN_POINT('',(145.589032,-120.26429,0.));
#11264 = DIRECTION('',(0.382683349917,0.923879566662,0.));
#11265 = DIRECTION('',(-0.923879566662,0.382683349917,0.));
#11266 = ADVANCED_FACE('',(#11267),#11292,.F.);
#11267 = FACE_BOUND('',#11268,.F.);
#11268 = EDGE_LOOP('',(#11269,#11279,#11285,#11286));
#11269 = ORIENTED_EDGE('',*,*,#11270,.T.);
#11270 = EDGE_CURVE('',#11271,#11273,#11275,.T.);
#11271 = VERTEX_POINT('',#11272);
#11272 = CARTESIAN_POINT('',(146.239594,-118.693694,0.));
#11273 = VERTEX_POINT('',#11274);
#11274 = CARTESIAN_POINT('',(146.239594,-118.693694,-4.E-02));
#11275 = LINE('',#11276,#11277);
#11276 = CARTESIAN_POINT('',(146.239594,-118.693694,0.));
#11277 = VECTOR('',#11278,1.);
#11278 = DIRECTION('',(0.,0.,-1.));
#11279 = ORIENTED_EDGE('',*,*,#11280,.T.);
#11280 = EDGE_CURVE('',#11273,#11233,#11281,.T.);
#11281 = LINE('',#11282,#11283);
#11282 = CARTESIAN_POINT('',(146.239594,-118.693694,-4.E-02));
#11283 = VECTOR('',#11284,1.);
#11284 = DIRECTION('',(-0.382683349917,-0.923879566662,0.));
#11285 = ORIENTED_EDGE('',*,*,#11230,.F.);
#11286 = ORIENTED_EDGE('',*,*,#11287,.F.);
#11287 = EDGE_CURVE('',#11271,#11231,#11288,.T.);
#11288 = LINE('',#11289,#11290);
#11289 = CARTESIAN_POINT('',(146.239594,-118.693694,0.));
#11290 = VECTOR('',#11291,1.);
#11291 = DIRECTION('',(-0.382683349917,-0.923879566662,0.));
#11292 = PLANE('',#11293);
#11293 = AXIS2_PLACEMENT_3D('',#11294,#11295,#11296);
#11294 = CARTESIAN_POINT('',(146.239594,-118.693694,0.));
#11295 = DIRECTION('',(-0.923879566662,0.382683349917,0.));
#11296 = DIRECTION('',(-0.382683349917,-0.923879566662,0.));
#11297 = ADVANCED_FACE('',(#11298),#11323,.F.);
#11298 = FACE_BOUND('',#11299,.F.);
#11299 = EDGE_LOOP('',(#11300,#11301,#11309,#11317));
#11300 = ORIENTED_EDGE('',*,*,#11248,.T.);
#11301 = ORIENTED_EDGE('',*,*,#11302,.T.);
#11302 = EDGE_CURVE('',#11241,#11303,#11305,.T.);
#11303 = VERTEX_POINT('',#11304);
#11304 = CARTESIAN_POINT('',(144.668998,-118.043132,-4.E-02));
#11305 = LINE('',#11306,#11307);
#11306 = CARTESIAN_POINT('',(144.018436,-119.613728,-4.E-02));
#11307 = VECTOR('',#11308,1.);
#11308 = DIRECTION('',(0.382683349917,0.923879566662,0.));
#11309 = ORIENTED_EDGE('',*,*,#11310,.F.);
#11310 = EDGE_CURVE('',#11311,#11303,#11313,.T.);
#11311 = VERTEX_POINT('',#11312);
#11312 = CARTESIAN_POINT('',(144.668998,-118.043132,0.));
#11313 = LINE('',#11314,#11315);
#11314 = CARTESIAN_POINT('',(144.668998,-118.043132,0.));
#11315 = VECTOR('',#11316,1.);
#11316 = DIRECTION('',(0.,0.,-1.));
#11317 = ORIENTED_EDGE('',*,*,#11318,.F.);
#11318 = EDGE_CURVE('',#11249,#11311,#11319,.T.);
#11319 = LINE('',#11320,#11321);
#11320 = CARTESIAN_POINT('',(144.018436,-119.613728,0.));
#11321 = VECTOR('',#11322,1.);
#11322 = DIRECTION('',(0.382683349917,0.923879566662,0.));
#11323 = PLANE('',#11324);
#11324 = AXIS2_PLACEMENT_3D('',#11325,#11326,#11327);
#11325 = CARTESIAN_POINT('',(144.018436,-119.613728,0.));
#11326 = DIRECTION('',(0.923879566662,-0.382683349917,0.));
#11327 = DIRECTION('',(0.382683349917,0.923879566662,0.));
#11328 = ADVANCED_FACE('',(#11329,#11340),#11351,.F.);
#11329 = FACE_BOUND('',#11330,.F.);
#11330 = EDGE_LOOP('',(#11331,#11332,#11333,#11339));
#11331 = ORIENTED_EDGE('',*,*,#11256,.T.);
#11332 = ORIENTED_EDGE('',*,*,#11318,.T.);
#11333 = ORIENTED_EDGE('',*,*,#11334,.T.);
#11334 = EDGE_CURVE('',#11311,#11271,#11335,.T.);
#11335 = LINE('',#11336,#11337);
#11336 = CARTESIAN_POINT('',(144.668998,-118.043132,0.));
#11337 = VECTOR('',#11338,1.);
#11338 = DIRECTION('',(0.923879566662,-0.382683349917,0.));
#11339 = ORIENTED_EDGE('',*,*,#11287,.T.);
#11340 = FACE_BOUND('',#11341,.F.);
#11341 = EDGE_LOOP('',(#11342));
#11342 = ORIENTED_EDGE('',*,*,#11343,.F.);
#11343 = EDGE_CURVE('',#11344,#11344,#11346,.T.);
#11344 = VERTEX_POINT('',#11345);
#11345 = CARTESIAN_POINT('',(145.129015,-119.628711,0.));
#11346 = CIRCLE('',#11347,0.475);
#11347 = AXIS2_PLACEMENT_3D('',#11348,#11349,#11350);
#11348 = CARTESIAN_POINT('',(145.129015,-119.153711,0.));
#11349 = DIRECTION('',(-0.,0.,-1.));
#11350 = DIRECTION('',(5.983517774822E-14,-1.,-0.));
#11351 = PLANE('',#11352);
#11352 = AXIS2_PLACEMENT_3D('',#11353,#11354,#11355);
#11353 = CARTESIAN_POINT('',(0.,0.,0.));
#11354 = DIRECTION('',(-0.,-0.,-1.));
#11355 = DIRECTION('',(-1.,0.,0.));
#11356 = ADVANCED_FACE('',(#11357,#11368),#11379,.T.);
#11357 = FACE_BOUND('',#11358,.T.);
#11358 = EDGE_LOOP('',(#11359,#11360,#11361,#11367));
#11359 = ORIENTED_EDGE('',*,*,#11240,.T.);
#11360 = ORIENTED_EDGE('',*,*,#11302,.T.);
#11361 = ORIENTED_EDGE('',*,*,#11362,.T.);
#11362 = EDGE_CURVE('',#11303,#11273,#11363,.T.);
#11363 = LINE('',#11364,#11365);
#11364 = CARTESIAN_POINT('',(144.668998,-118.043132,-4.E-02));
#11365 = VECTOR('',#11366,1.);
#11366 = DIRECTION('',(0.923879566662,-0.382683349917,0.));
#11367 = ORIENTED_EDGE('',*,*,#11280,.T.);
#11368 = FACE_BOUND('',#11369,.T.);
#11369 = EDGE_LOOP('',(#11370));
#11370 = ORIENTED_EDGE('',*,*,#11371,.F.);
#11371 = EDGE_CURVE('',#11372,#11372,#11374,.T.);
#11372 = VERTEX_POINT('',#11373);
#11373 = CARTESIAN_POINT('',(145.129015,-119.628711,-4.E-02));
#11374 = CIRCLE('',#11375,0.475);
#11375 = AXIS2_PLACEMENT_3D('',#11376,#11377,#11378);
#11376 = CARTESIAN_POINT('',(145.129015,-119.153711,-4.E-02));
#11377 = DIRECTION('',(-0.,0.,-1.));
#11378 = DIRECTION('',(5.983517774822E-14,-1.,-0.));
#11379 = PLANE('',#11380);
#11380 = AXIS2_PLACEMENT_3D('',#11381,#11382,#11383);
#11381 = CARTESIAN_POINT('',(0.,0.,-4.E-02));
#11382 = DIRECTION('',(-0.,-0.,-1.));
#11383 = DIRECTION('',(-1.,0.,0.));
#11384 = ADVANCED_FACE('',(#11385),#11391,.F.);
#11385 = FACE_BOUND('',#11386,.F.);
#11386 = EDGE_LOOP('',(#11387,#11388,#11389,#11390));
#11387 = ORIENTED_EDGE('',*,*,#11310,.T.);
#11388 = ORIENTED_EDGE('',*,*,#11362,.T.);
#11389 = ORIENTED_EDGE('',*,*,#11270,.F.);
#11390 = ORIENTED_EDGE('',*,*,#11334,.F.);
#11391 = PLANE('',#11392);
#11392 = AXIS2_PLACEMENT_3D('',#11393,#11394,#11395);
#11393 = CARTESIAN_POINT('',(144.668998,-118.043132,0.));
#11394 = DIRECTION('',(-0.382683349917,-0.923879566662,-0.));
#11395 = DIRECTION('',(0.923879566662,-0.382683349917,0.));
#11396 = ADVANCED_FACE('',(#11397),#11408,.F.);
#11397 = FACE_BOUND('',#11398,.T.);
#11398 = EDGE_LOOP('',(#11399,#11400,#11406,#11407));
#11399 = ORIENTED_EDGE('',*,*,#11371,.T.);
#11400 = ORIENTED_EDGE('',*,*,#11401,.T.);
#11401 = EDGE_CURVE('',#11372,#11344,#11402,.T.);
#11402 = LINE('',#11403,#11404);
#11403 = CARTESIAN_POINT('',(145.129015,-119.628711,-4.6E-02));
#11404 = VECTOR('',#11405,1.);
#11405 = DIRECTION('',(0.,0.,1.));
#11406 = ORIENTED_EDGE('',*,*,#11343,.F.);
#11407 = ORIENTED_EDGE('',*,*,#11401,.F.);
#11408 = CYLINDRICAL_SURFACE('',#11409,0.475);
#11409 = AXIS2_PLACEMENT_3D('',#11410,#11411,#11412);
#11410 = CARTESIAN_POINT('',(145.129015,-119.153711,-4.6E-02));
#11411 = DIRECTION('',(-0.,0.,-1.));
#11412 = DIRECTION('',(5.983517774822E-14,-1.,-0.));
#11413 = MANIFOLD_SOLID_BREP('',#11414);
#11414 = CLOSED_SHELL('',(#11415,#11448,#11468,#11488));
#11415 = ADVANCED_FACE('',(#11416),#11443,.T.);
#11416 = FACE_BOUND('',#11417,.F.);
#11417 = EDGE_LOOP('',(#11418,#11428,#11435,#11436));
#11418 = ORIENTED_EDGE('',*,*,#11419,.T.);
#11419 = EDGE_CURVE('',#11420,#11422,#11424,.T.);
#11420 = VERTEX_POINT('',#11421);
#11421 = CARTESIAN_POINT('',(145.129015,-119.653711,-4.E-02));
#11422 = VERTEX_POINT('',#11423);
#11423 = CARTESIAN_POINT('',(145.129015,-119.653711,1.55));
#11424 = LINE('',#11425,#11426);
#11425 = CARTESIAN_POINT('',(145.129015,-119.653711,-4.E-02));
#11426 = VECTOR('',#11427,1.);
#11427 = DIRECTION('',(0.,0.,1.));
#11428 = ORIENTED_EDGE('',*,*,#11429,.T.);
#11429 = EDGE_CURVE('',#11422,#11422,#11430,.T.);
#11430 = CIRCLE('',#11431,0.5);
#11431 = AXIS2_PLACEMENT_3D('',#11432,#11433,#11434);
#11432 = CARTESIAN_POINT('',(145.129015,-119.153711,1.55));
#11433 = DIRECTION('',(0.,0.,1.));
#11434 = DIRECTION('',(-0.,-1.,0.));
#11435 = ORIENTED_EDGE('',*,*,#11419,.F.);
#11436 = ORIENTED_EDGE('',*,*,#11437,.F.);
#11437 = EDGE_CURVE('',#11420,#11420,#11438,.T.);
#11438 = CIRCLE('',#11439,0.5);
#11439 = AXIS2_PLACEMENT_3D('',#11440,#11441,#11442);
#11440 = CARTESIAN_POINT('',(145.129015,-119.153711,-4.E-02));
#11441 = DIRECTION('',(0.,0.,1.));
#11442 = DIRECTION('',(-0.,-1.,0.));
#11443 = CYLINDRICAL_SURFACE('',#11444,0.5);
#11444 = AXIS2_PLACEMENT_3D('',#11445,#11446,#11447);
#11445 = CARTESIAN_POINT('',(145.129015,-119.153711,-4.E-02));
#11446 = DIRECTION('',(-0.,-0.,-1.));
#11447 = DIRECTION('',(-0.,-1.,0.));
#11448 = ADVANCED_FACE('',(#11449,#11452),#11463,.F.);
#11449 = FACE_BOUND('',#11450,.F.);
#11450 = EDGE_LOOP('',(#11451));
#11451 = ORIENTED_EDGE('',*,*,#11437,.T.);
#11452 = FACE_BOUND('',#11453,.F.);
#11453 = EDGE_LOOP('',(#11454));
#11454 = ORIENTED_EDGE('',*,*,#11455,.T.);
#11455 = EDGE_CURVE('',#11456,#11456,#11458,.T.);
#11456 = VERTEX_POINT('',#11457);
#11457 = CARTESIAN_POINT('',(145.129015,-119.628711,-4.E-02));
#11458 = CIRCLE('',#11459,0.475);
#11459 = AXIS2_PLACEMENT_3D('',#11460,#11461,#11462);
#11460 = CARTESIAN_POINT('',(145.129015,-119.153711,-4.E-02));
#11461 = DIRECTION('',(-0.,0.,-1.));
#11462 = DIRECTION('',(5.983517774822E-14,-1.,-0.));
#11463 = PLANE('',#11464);
#11464 = AXIS2_PLACEMENT_3D('',#11465,#11466,#11467);
#11465 = CARTESIAN_POINT('',(145.129015,-119.653711,-4.E-02));
#11466 = DIRECTION('',(0.,0.,1.));
#11467 = DIRECTION('',(1.,0.,-0.));
#11468 = ADVANCED_FACE('',(#11469,#11472),#11483,.T.);
#11469 = FACE_BOUND('',#11470,.T.);
#11470 = EDGE_LOOP('',(#11471));
#11471 = ORIENTED_EDGE('',*,*,#11429,.T.);
#11472 = FACE_BOUND('',#11473,.T.);
#11473 = EDGE_LOOP('',(#11474));
#11474 = ORIENTED_EDGE('',*,*,#11475,.T.);
#11475 = EDGE_CURVE('',#11476,#11476,#11478,.T.);
#11476 = VERTEX_POINT('',#11477);
#11477 = CARTESIAN_POINT('',(145.129015,-119.628711,1.55));
#11478 = CIRCLE('',#11479,0.475);
#11479 = AXIS2_PLACEMENT_3D('',#11480,#11481,#11482);
#11480 = CARTESIAN_POINT('',(145.129015,-119.153711,1.55));
#11481 = DIRECTION('',(-0.,0.,-1.));
#11482 = DIRECTION('',(5.983517774822E-14,-1.,-0.));
#11483 = PLANE('',#11484);
#11484 = AXIS2_PLACEMENT_3D('',#11485,#11486,#11487);
#11485 = CARTESIAN_POINT('',(145.129015,-119.653711,1.55));
#11486 = DIRECTION('',(0.,0.,1.));
#11487 = DIRECTION('',(1.,0.,-0.));
#11488 = ADVANCED_FACE('',(#11489),#11500,.F.);
#11489 = FACE_BOUND('',#11490,.T.);
#11490 = EDGE_LOOP('',(#11491,#11492,#11498,#11499));
#11491 = ORIENTED_EDGE('',*,*,#11455,.T.);
#11492 = ORIENTED_EDGE('',*,*,#11493,.T.);
#11493 = EDGE_CURVE('',#11456,#11476,#11494,.T.);
#11494 = LINE('',#11495,#11496);
#11495 = CARTESIAN_POINT('',(145.129015,-119.628711,-4.6E-02));
#11496 = VECTOR('',#11497,1.);
#11497 = DIRECTION('',(0.,0.,1.));
#11498 = ORIENTED_EDGE('',*,*,#11475,.F.);
#11499 = ORIENTED_EDGE('',*,*,#11493,.F.);
#11500 = CYLINDRICAL_SURFACE('',#11501,0.475);
#11501 = AXIS2_PLACEMENT_3D('',#11502,#11503,#11504);
#11502 = CARTESIAN_POINT('',(145.129015,-119.153711,-4.6E-02));
#11503 = DIRECTION('',(-0.,0.,-1.));
#11504 = DIRECTION('',(5.983517774822E-14,-1.,-0.));
#11505 = MANIFOLD_SOLID_BREP('',#11506);
#11506 = CLOSED_SHELL('',(#11507,#11547,#11578,#11609,#11637,#11665,
    #11677));
#11507 = ADVANCED_FACE('',(#11508),#11542,.T.);
#11508 = FACE_BOUND('',#11509,.T.);
#11509 = EDGE_LOOP('',(#11510,#11520,#11528,#11536));
#11510 = ORIENTED_EDGE('',*,*,#11511,.T.);
#11511 = EDGE_CURVE('',#11512,#11514,#11516,.T.);
#11512 = VERTEX_POINT('',#11513);
#11513 = CARTESIAN_POINT('',(159.210968,-120.26429,1.51));
#11514 = VERTEX_POINT('',#11515);
#11515 = CARTESIAN_POINT('',(159.210968,-120.26429,1.55));
#11516 = LINE('',#11517,#11518);
#11517 = CARTESIAN_POINT('',(159.210968,-120.26429,1.51));
#11518 = VECTOR('',#11519,1.);
#11519 = DIRECTION('',(0.,0.,1.));
#11520 = ORIENTED_EDGE('',*,*,#11521,.T.);
#11521 = EDGE_CURVE('',#11514,#11522,#11524,.T.);
#11522 = VERTEX_POINT('',#11523);
#11523 = CARTESIAN_POINT('',(158.560406,-118.693694,1.55));
#11524 = LINE('',#11525,#11526);
#11525 = CARTESIAN_POINT('',(159.210968,-120.26429,1.55));
#11526 = VECTOR('',#11527,1.);
#11527 = DIRECTION('',(-0.382683349917,0.923879566662,0.));
#11528 = ORIENTED_EDGE('',*,*,#11529,.F.);
#11529 = EDGE_CURVE('',#11530,#11522,#11532,.T.);
#11530 = VERTEX_POINT('',#11531);
#11531 = CARTESIAN_POINT('',(158.560406,-118.693694,1.51));
#11532 = LINE('',#11533,#11534);
#11533 = CARTESIAN_POINT('',(158.560406,-118.693694,1.51));
#11534 = VECTOR('',#11535,1.);
#11535 = DIRECTION('',(0.,0.,1.));
#11536 = ORIENTED_EDGE('',*,*,#11537,.F.);
#11537 = EDGE_CURVE('',#11512,#11530,#11538,.T.);
#11538 = LINE('',#11539,#11540);
#11539 = CARTESIAN_POINT('',(159.210968,-120.26429,1.51));
#11540 = VECTOR('',#11541,1.);
#11541 = DIRECTION('',(-0.382683349917,0.923879566662,0.));
#11542 = PLANE('',#11543);
#11543 = AXIS2_PLACEMENT_3D('',#11544,#11545,#11546);
#11544 = CARTESIAN_POINT('',(159.210968,-120.26429,1.51));
#11545 = DIRECTION('',(-0.923879566662,-0.382683349917,0.));
#11546 = DIRECTION('',(-0.382683349917,0.923879566662,0.));
#11547 = ADVANCED_FACE('',(#11548),#11573,.T.);
#11548 = FACE_BOUND('',#11549,.T.);
#11549 = EDGE_LOOP('',(#11550,#11560,#11566,#11567));
#11550 = ORIENTED_EDGE('',*,*,#11551,.T.);
#11551 = EDGE_CURVE('',#11552,#11554,#11556,.T.);
#11552 = VERTEX_POINT('',#11553);
#11553 = CARTESIAN_POINT('',(160.781564,-119.613728,1.51));
#11554 = VERTEX_POINT('',#11555);
#11555 = CARTESIAN_POINT('',(160.781564,-119.613728,1.55));
#11556 = LINE('',#11557,#11558);
#11557 = CARTESIAN_POINT('',(160.781564,-119.613728,1.51));
#11558 = VECTOR('',#11559,1.);
#11559 = DIRECTION('',(0.,0.,1.));
#11560 = ORIENTED_EDGE('',*,*,#11561,.T.);
#11561 = EDGE_CURVE('',#11554,#11514,#11562,.T.);
#11562 = LINE('',#11563,#11564);
#11563 = CARTESIAN_POINT('',(160.781564,-119.613728,1.55));
#11564 = VECTOR('',#11565,1.);
#11565 = DIRECTION('',(-0.923879566662,-0.382683349917,0.));
#11566 = ORIENTED_EDGE('',*,*,#11511,.F.);
#11567 = ORIENTED_EDGE('',*,*,#11568,.F.);
#11568 = EDGE_CURVE('',#11552,#11512,#11569,.T.);
#11569 = LINE('',#11570,#11571);
#11570 = CARTESIAN_POINT('',(160.781564,-119.613728,1.51));
#11571 = VECTOR('',#11572,1.);
#11572 = DIRECTION('',(-0.923879566662,-0.382683349917,0.));
#11573 = PLANE('',#11574);
#11574 = AXIS2_PLACEMENT_3D('',#11575,#11576,#11577);
#11575 = CARTESIAN_POINT('',(160.781564,-119.613728,1.51));
#11576 = DIRECTION('',(0.382683349917,-0.923879566662,0.));
#11577 = DIRECTION('',(-0.923879566662,-0.382683349917,0.));
#11578 = ADVANCED_FACE('',(#11579),#11604,.T.);
#11579 = FACE_BOUND('',#11580,.T.);
#11580 = EDGE_LOOP('',(#11581,#11582,#11590,#11598));
#11581 = ORIENTED_EDGE('',*,*,#11529,.T.);
#11582 = ORIENTED_EDGE('',*,*,#11583,.T.);
#11583 = EDGE_CURVE('',#11522,#11584,#11586,.T.);
#11584 = VERTEX_POINT('',#11585);
#11585 = CARTESIAN_POINT('',(160.131002,-118.043132,1.55));
#11586 = LINE('',#11587,#11588);
#11587 = CARTESIAN_POINT('',(158.560406,-118.693694,1.55));
#11588 = VECTOR('',#11589,1.);
#11589 = DIRECTION('',(0.923879566662,0.382683349917,0.));
#11590 = ORIENTED_EDGE('',*,*,#11591,.F.);
#11591 = EDGE_CURVE('',#11592,#11584,#11594,.T.);
#11592 = VERTEX_POINT('',#11593);
#11593 = CARTESIAN_POINT('',(160.131002,-118.043132,1.51));
#11594 = LINE('',#11595,#11596);
#11595 = CARTESIAN_POINT('',(160.131002,-118.043132,1.51));
#11596 = VECTOR('',#11597,1.);
#11597 = DIRECTION('',(0.,0.,1.));
#11598 = ORIENTED_EDGE('',*,*,#11599,.F.);
#11599 = EDGE_CURVE('',#11530,#11592,#11600,.T.);
#11600 = LINE('',#11601,#11602);
#11601 = CARTESIAN_POINT('',(158.560406,-118.693694,1.51));
#11602 = VECTOR('',#11603,1.);
#11603 = DIRECTION('',(0.923879566662,0.382683349917,0.));
#11604 = PLANE('',#11605);
#11605 = AXIS2_PLACEMENT_3D('',#11606,#11607,#11608);
#11606 = CARTESIAN_POINT('',(158.560406,-118.693694,1.51));
#11607 = DIRECTION('',(-0.382683349917,0.923879566662,0.));
#11608 = DIRECTION('',(0.923879566662,0.382683349917,0.));
#11609 = ADVANCED_FACE('',(#11610,#11621),#11632,.F.);
#11610 = FACE_BOUND('',#11611,.F.);
#11611 = EDGE_LOOP('',(#11612,#11613,#11614,#11620));
#11612 = ORIENTED_EDGE('',*,*,#11537,.F.);
#11613 = ORIENTED_EDGE('',*,*,#11568,.F.);
#11614 = ORIENTED_EDGE('',*,*,#11615,.F.);
#11615 = EDGE_CURVE('',#11592,#11552,#11616,.T.);
#11616 = LINE('',#11617,#11618);
#11617 = CARTESIAN_POINT('',(160.131002,-118.043132,1.51));
#11618 = VECTOR('',#11619,1.);
#11619 = DIRECTION('',(0.382683349917,-0.923879566662,0.));
#11620 = ORIENTED_EDGE('',*,*,#11599,.F.);
#11621 = FACE_BOUND('',#11622,.F.);
#11622 = EDGE_LOOP('',(#11623));
#11623 = ORIENTED_EDGE('',*,*,#11624,.T.);
#11624 = EDGE_CURVE('',#11625,#11625,#11627,.T.);
#11625 = VERTEX_POINT('',#11626);
#11626 = CARTESIAN_POINT('',(159.670985,-119.628711,1.51));
#11627 = CIRCLE('',#11628,0.475);
#11628 = AXIS2_PLACEMENT_3D('',#11629,#11630,#11631);
#11629 = CARTESIAN_POINT('',(159.670985,-119.153711,1.51));
#11630 = DIRECTION('',(-0.,0.,-1.));
#11631 = DIRECTION('',(-0.,-1.,0.));
#11632 = PLANE('',#11633);
#11633 = AXIS2_PLACEMENT_3D('',#11634,#11635,#11636);
#11634 = CARTESIAN_POINT('',(0.,0.,1.51));
#11635 = DIRECTION('',(0.,0.,1.));
#11636 = DIRECTION('',(1.,0.,-0.));
#11637 = ADVANCED_FACE('',(#11638,#11649),#11660,.T.);
#11638 = FACE_BOUND('',#11639,.T.);
#11639 = EDGE_LOOP('',(#11640,#11641,#11642,#11648));
#11640 = ORIENTED_EDGE('',*,*,#11521,.F.);
#11641 = ORIENTED_EDGE('',*,*,#11561,.F.);
#11642 = ORIENTED_EDGE('',*,*,#11643,.F.);
#11643 = EDGE_CURVE('',#11584,#11554,#11644,.T.);
#11644 = LINE('',#11645,#11646);
#11645 = CARTESIAN_POINT('',(160.131002,-118.043132,1.55));
#11646 = VECTOR('',#11647,1.);
#11647 = DIRECTION('',(0.382683349917,-0.923879566662,0.));
#11648 = ORIENTED_EDGE('',*,*,#11583,.F.);
#11649 = FACE_BOUND('',#11650,.T.);
#11650 = EDGE_LOOP('',(#11651));
#11651 = ORIENTED_EDGE('',*,*,#11652,.T.);
#11652 = EDGE_CURVE('',#11653,#11653,#11655,.T.);
#11653 = VERTEX_POINT('',#11654);
#11654 = CARTESIAN_POINT('',(159.670985,-119.628711,1.55));
#11655 = CIRCLE('',#11656,0.475);
#11656 = AXIS2_PLACEMENT_3D('',#11657,#11658,#11659);
#11657 = CARTESIAN_POINT('',(159.670985,-119.153711,1.55));
#11658 = DIRECTION('',(-0.,0.,-1.));
#11659 = DIRECTION('',(-0.,-1.,0.));
#11660 = PLANE('',#11661);
#11661 = AXIS2_PLACEMENT_3D('',#11662,#11663,#11664);
#11662 = CARTESIAN_POINT('',(0.,0.,1.55));
#11663 = DIRECTION('',(0.,0.,1.));
#11664 = DIRECTION('',(1.,0.,-0.));
#11665 = ADVANCED_FACE('',(#11666),#11672,.T.);
#11666 = FACE_BOUND('',#11667,.T.);
#11667 = EDGE_LOOP('',(#11668,#11669,#11670,#11671));
#11668 = ORIENTED_EDGE('',*,*,#11591,.T.);
#11669 = ORIENTED_EDGE('',*,*,#11643,.T.);
#11670 = ORIENTED_EDGE('',*,*,#11551,.F.);
#11671 = ORIENTED_EDGE('',*,*,#11615,.F.);
#11672 = PLANE('',#11673);
#11673 = AXIS2_PLACEMENT_3D('',#11674,#11675,#11676);
#11674 = CARTESIAN_POINT('',(160.131002,-118.043132,1.51));
#11675 = DIRECTION('',(0.923879566662,0.382683349917,-0.));
#11676 = DIRECTION('',(0.382683349917,-0.923879566662,0.));
#11677 = ADVANCED_FACE('',(#11678),#11689,.F.);
#11678 = FACE_BOUND('',#11679,.T.);
#11679 = EDGE_LOOP('',(#11680,#11681,#11687,#11688));
#11680 = ORIENTED_EDGE('',*,*,#11624,.T.);
#11681 = ORIENTED_EDGE('',*,*,#11682,.T.);
#11682 = EDGE_CURVE('',#11625,#11653,#11683,.T.);
#11683 = LINE('',#11684,#11685);
#11684 = CARTESIAN_POINT('',(159.670985,-119.628711,-4.6E-02));
#11685 = VECTOR('',#11686,1.);
#11686 = DIRECTION('',(0.,0.,1.));
#11687 = ORIENTED_EDGE('',*,*,#11652,.F.);
#11688 = ORIENTED_EDGE('',*,*,#11682,.F.);
#11689 = CYLINDRICAL_SURFACE('',#11690,0.475);
#11690 = AXIS2_PLACEMENT_3D('',#11691,#11692,#11693);
#11691 = CARTESIAN_POINT('',(159.670985,-119.153711,-4.6E-02));
#11692 = DIRECTION('',(-0.,-0.,-1.));
#11693 = DIRECTION('',(-0.,-1.,0.));
#11694 = MANIFOLD_SOLID_BREP('',#11695);
#11695 = CLOSED_SHELL('',(#11696,#11736,#11767,#11798,#11826,#11854,
    #11866));
#11696 = ADVANCED_FACE('',(#11697),#11731,.F.);
#11697 = FACE_BOUND('',#11698,.F.);
#11698 = EDGE_LOOP('',(#11699,#11709,#11717,#11725));
#11699 = ORIENTED_EDGE('',*,*,#11700,.T.);
#11700 = EDGE_CURVE('',#11701,#11703,#11705,.T.);
#11701 = VERTEX_POINT('',#11702);
#11702 = CARTESIAN_POINT('',(159.210968,-120.26429,0.));
#11703 = VERTEX_POINT('',#11704);
#11704 = CARTESIAN_POINT('',(159.210968,-120.26429,-4.E-02));
#11705 = LINE('',#11706,#11707);
#11706 = CARTESIAN_POINT('',(159.210968,-120.26429,0.));
#11707 = VECTOR('',#11708,1.);
#11708 = DIRECTION('',(0.,0.,-1.));
#11709 = ORIENTED_EDGE('',*,*,#11710,.T.);
#11710 = EDGE_CURVE('',#11703,#11711,#11713,.T.);
#11711 = VERTEX_POINT('',#11712);
#11712 = CARTESIAN_POINT('',(158.560406,-118.693694,-4.E-02));
#11713 = LINE('',#11714,#11715);
#11714 = CARTESIAN_POINT('',(159.210968,-120.26429,-4.E-02));
#11715 = VECTOR('',#11716,1.);
#11716 = DIRECTION('',(-0.382683349917,0.923879566662,0.));
#11717 = ORIENTED_EDGE('',*,*,#11718,.F.);
#11718 = EDGE_CURVE('',#11719,#11711,#11721,.T.);
#11719 = VERTEX_POINT('',#11720);
#11720 = CARTESIAN_POINT('',(158.560406,-118.693694,0.));
#11721 = LINE('',#11722,#11723);
#11722 = CARTESIAN_POINT('',(158.560406,-118.693694,0.));
#11723 = VECTOR('',#11724,1.);
#11724 = DIRECTION('',(0.,0.,-1.));
#11725 = ORIENTED_EDGE('',*,*,#11726,.F.);
#11726 = EDGE_CURVE('',#11701,#11719,#11727,.T.);
#11727 = LINE('',#11728,#11729);
#11728 = CARTESIAN_POINT('',(159.210968,-120.26429,0.));
#11729 = VECTOR('',#11730,1.);
#11730 = DIRECTION('',(-0.382683349917,0.923879566662,0.));
#11731 = PLANE('',#11732);
#11732 = AXIS2_PLACEMENT_3D('',#11733,#11734,#11735);
#11733 = CARTESIAN_POINT('',(159.210968,-120.26429,0.));
#11734 = DIRECTION('',(0.923879566662,0.382683349917,0.));
#11735 = DIRECTION('',(-0.382683349917,0.923879566662,0.));
#11736 = ADVANCED_FACE('',(#11737),#11762,.F.);
#11737 = FACE_BOUND('',#11738,.F.);
#11738 = EDGE_LOOP('',(#11739,#11749,#11755,#11756));
#11739 = ORIENTED_EDGE('',*,*,#11740,.T.);
#11740 = EDGE_CURVE('',#11741,#11743,#11745,.T.);
#11741 = VERTEX_POINT('',#11742);
#11742 = CARTESIAN_POINT('',(160.781564,-119.613728,0.));
#11743 = VERTEX_POINT('',#11744);
#11744 = CARTESIAN_POINT('',(160.781564,-119.613728,-4.E-02));
#11745 = LINE('',#11746,#11747);
#11746 = CARTESIAN_POINT('',(160.781564,-119.613728,0.));
#11747 = VECTOR('',#11748,1.);
#11748 = DIRECTION('',(0.,0.,-1.));
#11749 = ORIENTED_EDGE('',*,*,#11750,.T.);
#11750 = EDGE_CURVE('',#11743,#11703,#11751,.T.);
#11751 = LINE('',#11752,#11753);
#11752 = CARTESIAN_POINT('',(160.781564,-119.613728,-4.E-02));
#11753 = VECTOR('',#11754,1.);
#11754 = DIRECTION('',(-0.923879566662,-0.382683349917,0.));
#11755 = ORIENTED_EDGE('',*,*,#11700,.F.);
#11756 = ORIENTED_EDGE('',*,*,#11757,.F.);
#11757 = EDGE_CURVE('',#11741,#11701,#11758,.T.);
#11758 = LINE('',#11759,#11760);
#11759 = CARTESIAN_POINT('',(160.781564,-119.613728,0.));
#11760 = VECTOR('',#11761,1.);
#11761 = DIRECTION('',(-0.923879566662,-0.382683349917,0.));
#11762 = PLANE('',#11763);
#11763 = AXIS2_PLACEMENT_3D('',#11764,#11765,#11766);
#11764 = CARTESIAN_POINT('',(160.781564,-119.613728,0.));
#11765 = DIRECTION('',(-0.382683349917,0.923879566662,0.));
#11766 = DIRECTION('',(-0.923879566662,-0.382683349917,0.));
#11767 = ADVANCED_FACE('',(#11768),#11793,.F.);
#11768 = FACE_BOUND('',#11769,.F.);
#11769 = EDGE_LOOP('',(#11770,#11771,#11779,#11787));
#11770 = ORIENTED_EDGE('',*,*,#11718,.T.);
#11771 = ORIENTED_EDGE('',*,*,#11772,.T.);
#11772 = EDGE_CURVE('',#11711,#11773,#11775,.T.);
#11773 = VERTEX_POINT('',#11774);
#11774 = CARTESIAN_POINT('',(160.131002,-118.043132,-4.E-02));
#11775 = LINE('',#11776,#11777);
#11776 = CARTESIAN_POINT('',(158.560406,-118.693694,-4.E-02));
#11777 = VECTOR('',#11778,1.);
#11778 = DIRECTION('',(0.923879566662,0.382683349917,0.));
#11779 = ORIENTED_EDGE('',*,*,#11780,.F.);
#11780 = EDGE_CURVE('',#11781,#11773,#11783,.T.);
#11781 = VERTEX_POINT('',#11782);
#11782 = CARTESIAN_POINT('',(160.131002,-118.043132,0.));
#11783 = LINE('',#11784,#11785);
#11784 = CARTESIAN_POINT('',(160.131002,-118.043132,0.));
#11785 = VECTOR('',#11786,1.);
#11786 = DIRECTION('',(0.,0.,-1.));
#11787 = ORIENTED_EDGE('',*,*,#11788,.F.);
#11788 = EDGE_CURVE('',#11719,#11781,#11789,.T.);
#11789 = LINE('',#11790,#11791);
#11790 = CARTESIAN_POINT('',(158.560406,-118.693694,0.));
#11791 = VECTOR('',#11792,1.);
#11792 = DIRECTION('',(0.923879566662,0.382683349917,0.));
#11793 = PLANE('',#11794);
#11794 = AXIS2_PLACEMENT_3D('',#11795,#11796,#11797);
#11795 = CARTESIAN_POINT('',(158.560406,-118.693694,0.));
#11796 = DIRECTION('',(0.382683349917,-0.923879566662,0.));
#11797 = DIRECTION('',(0.923879566662,0.382683349917,0.));
#11798 = ADVANCED_FACE('',(#11799,#11810),#11821,.F.);
#11799 = FACE_BOUND('',#11800,.F.);
#11800 = EDGE_LOOP('',(#11801,#11802,#11803,#11809));
#11801 = ORIENTED_EDGE('',*,*,#11726,.T.);
#11802 = ORIENTED_EDGE('',*,*,#11788,.T.);
#11803 = ORIENTED_EDGE('',*,*,#11804,.T.);
#11804 = EDGE_CURVE('',#11781,#11741,#11805,.T.);
#11805 = LINE('',#11806,#11807);
#11806 = CARTESIAN_POINT('',(160.131002,-118.043132,0.));
#11807 = VECTOR('',#11808,1.);
#11808 = DIRECTION('',(0.382683349917,-0.923879566662,0.));
#11809 = ORIENTED_EDGE('',*,*,#11757,.T.);
#11810 = FACE_BOUND('',#11811,.F.);
#11811 = EDGE_LOOP('',(#11812));
#11812 = ORIENTED_EDGE('',*,*,#11813,.F.);
#11813 = EDGE_CURVE('',#11814,#11814,#11816,.T.);
#11814 = VERTEX_POINT('',#11815);
#11815 = CARTESIAN_POINT('',(159.670985,-119.628711,0.));
#11816 = CIRCLE('',#11817,0.475);
#11817 = AXIS2_PLACEMENT_3D('',#11818,#11819,#11820);
#11818 = CARTESIAN_POINT('',(159.670985,-119.153711,0.));
#11819 = DIRECTION('',(-0.,0.,-1.));
#11820 = DIRECTION('',(-0.,-1.,0.));
#11821 = PLANE('',#11822);
#11822 = AXIS2_PLACEMENT_3D('',#11823,#11824,#11825);
#11823 = CARTESIAN_POINT('',(0.,0.,0.));
#11824 = DIRECTION('',(-0.,-0.,-1.));
#11825 = DIRECTION('',(-1.,0.,0.));
#11826 = ADVANCED_FACE('',(#11827,#11838),#11849,.T.);
#11827 = FACE_BOUND('',#11828,.T.);
#11828 = EDGE_LOOP('',(#11829,#11830,#11831,#11837));
#11829 = ORIENTED_EDGE('',*,*,#11710,.T.);
#11830 = ORIENTED_EDGE('',*,*,#11772,.T.);
#11831 = ORIENTED_EDGE('',*,*,#11832,.T.);
#11832 = EDGE_CURVE('',#11773,#11743,#11833,.T.);
#11833 = LINE('',#11834,#11835);
#11834 = CARTESIAN_POINT('',(160.131002,-118.043132,-4.E-02));
#11835 = VECTOR('',#11836,1.);
#11836 = DIRECTION('',(0.382683349917,-0.923879566662,0.));
#11837 = ORIENTED_EDGE('',*,*,#11750,.T.);
#11838 = FACE_BOUND('',#11839,.T.);
#11839 = EDGE_LOOP('',(#11840));
#11840 = ORIENTED_EDGE('',*,*,#11841,.F.);
#11841 = EDGE_CURVE('',#11842,#11842,#11844,.T.);
#11842 = VERTEX_POINT('',#11843);
#11843 = CARTESIAN_POINT('',(159.670985,-119.628711,-4.E-02));
#11844 = CIRCLE('',#11845,0.475);
#11845 = AXIS2_PLACEMENT_3D('',#11846,#11847,#11848);
#11846 = CARTESIAN_POINT('',(159.670985,-119.153711,-4.E-02));
#11847 = DIRECTION('',(-0.,0.,-1.));
#11848 = DIRECTION('',(-0.,-1.,0.));
#11849 = PLANE('',#11850);
#11850 = AXIS2_PLACEMENT_3D('',#11851,#11852,#11853);
#11851 = CARTESIAN_POINT('',(0.,0.,-4.E-02));
#11852 = DIRECTION('',(-0.,-0.,-1.));
#11853 = DIRECTION('',(-1.,0.,0.));
#11854 = ADVANCED_FACE('',(#11855),#11861,.F.);
#11855 = FACE_BOUND('',#11856,.F.);
#11856 = EDGE_LOOP('',(#11857,#11858,#11859,#11860));
#11857 = ORIENTED_EDGE('',*,*,#11780,.T.);
#11858 = ORIENTED_EDGE('',*,*,#11832,.T.);
#11859 = ORIENTED_EDGE('',*,*,#11740,.F.);
#11860 = ORIENTED_EDGE('',*,*,#11804,.F.);
#11861 = PLANE('',#11862);
#11862 = AXIS2_PLACEMENT_3D('',#11863,#11864,#11865);
#11863 = CARTESIAN_POINT('',(160.131002,-118.043132,0.));
#11864 = DIRECTION('',(-0.923879566662,-0.382683349917,-0.));
#11865 = DIRECTION('',(0.382683349917,-0.923879566662,0.));
#11866 = ADVANCED_FACE('',(#11867),#11878,.F.);
#11867 = FACE_BOUND('',#11868,.T.);
#11868 = EDGE_LOOP('',(#11869,#11870,#11876,#11877));
#11869 = ORIENTED_EDGE('',*,*,#11841,.T.);
#11870 = ORIENTED_EDGE('',*,*,#11871,.T.);
#11871 = EDGE_CURVE('',#11842,#11814,#11872,.T.);
#11872 = LINE('',#11873,#11874);
#11873 = CARTESIAN_POINT('',(159.670985,-119.628711,-4.6E-02));
#11874 = VECTOR('',#11875,1.);
#11875 = DIRECTION('',(0.,0.,1.));
#11876 = ORIENTED_EDGE('',*,*,#11813,.F.);
#11877 = ORIENTED_EDGE('',*,*,#11871,.F.);
#11878 = CYLINDRICAL_SURFACE('',#11879,0.475);
#11879 = AXIS2_PLACEMENT_3D('',#11880,#11881,#11882);
#11880 = CARTESIAN_POINT('',(159.670985,-119.153711,-4.6E-02));
#11881 = DIRECTION('',(-0.,-0.,-1.));
#11882 = DIRECTION('',(-0.,-1.,0.));
#11883 = MANIFOLD_SOLID_BREP('',#11884);
#11884 = CLOSED_SHELL('',(#11885,#11918,#11938,#11958));
#11885 = ADVANCED_FACE('',(#11886),#11913,.T.);
#11886 = FACE_BOUND('',#11887,.F.);
#11887 = EDGE_LOOP('',(#11888,#11898,#11905,#11906));
#11888 = ORIENTED_EDGE('',*,*,#11889,.T.);
#11889 = EDGE_CURVE('',#11890,#11892,#11894,.T.);
#11890 = VERTEX_POINT('',#11891);
#11891 = CARTESIAN_POINT('',(159.670985,-119.653711,-4.E-02));
#11892 = VERTEX_POINT('',#11893);
#11893 = CARTESIAN_POINT('',(159.670985,-119.653711,1.55));
#11894 = LINE('',#11895,#11896);
#11895 = CARTESIAN_POINT('',(159.670985,-119.653711,-4.E-02));
#11896 = VECTOR('',#11897,1.);
#11897 = DIRECTION('',(0.,0.,1.));
#11898 = ORIENTED_EDGE('',*,*,#11899,.T.);
#11899 = EDGE_CURVE('',#11892,#11892,#11900,.T.);
#11900 = CIRCLE('',#11901,0.5);
#11901 = AXIS2_PLACEMENT_3D('',#11902,#11903,#11904);
#11902 = CARTESIAN_POINT('',(159.670985,-119.153711,1.55));
#11903 = DIRECTION('',(0.,0.,1.));
#11904 = DIRECTION('',(-0.,-1.,0.));
#11905 = ORIENTED_EDGE('',*,*,#11889,.F.);
#11906 = ORIENTED_EDGE('',*,*,#11907,.F.);
#11907 = EDGE_CURVE('',#11890,#11890,#11908,.T.);
#11908 = CIRCLE('',#11909,0.5);
#11909 = AXIS2_PLACEMENT_3D('',#11910,#11911,#11912);
#11910 = CARTESIAN_POINT('',(159.670985,-119.153711,-4.E-02));
#11911 = DIRECTION('',(0.,0.,1.));
#11912 = DIRECTION('',(-0.,-1.,0.));
#11913 = CYLINDRICAL_SURFACE('',#11914,0.5);
#11914 = AXIS2_PLACEMENT_3D('',#11915,#11916,#11917);
#11915 = CARTESIAN_POINT('',(159.670985,-119.153711,-4.E-02));
#11916 = DIRECTION('',(-0.,-0.,-1.));
#11917 = DIRECTION('',(-0.,-1.,0.));
#11918 = ADVANCED_FACE('',(#11919,#11922),#11933,.F.);
#11919 = FACE_BOUND('',#11920,.F.);
#11920 = EDGE_LOOP('',(#11921));
#11921 = ORIENTED_EDGE('',*,*,#11907,.T.);
#11922 = FACE_BOUND('',#11923,.F.);
#11923 = EDGE_LOOP('',(#11924));
#11924 = ORIENTED_EDGE('',*,*,#11925,.T.);
#11925 = EDGE_CURVE('',#11926,#11926,#11928,.T.);
#11926 = VERTEX_POINT('',#11927);
#11927 = CARTESIAN_POINT('',(159.670985,-119.628711,-4.E-02));
#11928 = CIRCLE('',#11929,0.475);
#11929 = AXIS2_PLACEMENT_3D('',#11930,#11931,#11932);
#11930 = CARTESIAN_POINT('',(159.670985,-119.153711,-4.E-02));
#11931 = DIRECTION('',(-0.,0.,-1.));
#11932 = DIRECTION('',(-0.,-1.,0.));
#11933 = PLANE('',#11934);
#11934 = AXIS2_PLACEMENT_3D('',#11935,#11936,#11937);
#11935 = CARTESIAN_POINT('',(159.670985,-119.653711,-4.E-02));
#11936 = DIRECTION('',(0.,0.,1.));
#11937 = DIRECTION('',(1.,0.,-0.));
#11938 = ADVANCED_FACE('',(#11939,#11942),#11953,.T.);
#11939 = FACE_BOUND('',#11940,.T.);
#11940 = EDGE_LOOP('',(#11941));
#11941 = ORIENTED_EDGE('',*,*,#11899,.T.);
#11942 = FACE_BOUND('',#11943,.T.);
#11943 = EDGE_LOOP('',(#11944));
#11944 = ORIENTED_EDGE('',*,*,#11945,.T.);
#11945 = EDGE_CURVE('',#11946,#11946,#11948,.T.);
#11946 = VERTEX_POINT('',#11947);
#11947 = CARTESIAN_POINT('',(159.670985,-119.628711,1.55));
#11948 = CIRCLE('',#11949,0.475);
#11949 = AXIS2_PLACEMENT_3D('',#11950,#11951,#11952);
#11950 = CARTESIAN_POINT('',(159.670985,-119.153711,1.55));
#11951 = DIRECTION('',(-0.,0.,-1.));
#11952 = DIRECTION('',(-0.,-1.,0.));
#11953 = PLANE('',#11954);
#11954 = AXIS2_PLACEMENT_3D('',#11955,#11956,#11957);
#11955 = CARTESIAN_POINT('',(159.670985,-119.653711,1.55));
#11956 = DIRECTION('',(0.,0.,1.));
#11957 = DIRECTION('',(1.,0.,-0.));
#11958 = ADVANCED_FACE('',(#11959),#11970,.F.);
#11959 = FACE_BOUND('',#11960,.T.);
#11960 = EDGE_LOOP('',(#11961,#11962,#11968,#11969));
#11961 = ORIENTED_EDGE('',*,*,#11925,.T.);
#11962 = ORIENTED_EDGE('',*,*,#11963,.T.);
#11963 = EDGE_CURVE('',#11926,#11946,#11964,.T.);
#11964 = LINE('',#11965,#11966);
#11965 = CARTESIAN_POINT('',(159.670985,-119.628711,-4.6E-02));
#11966 = VECTOR('',#11967,1.);
#11967 = DIRECTION('',(0.,0.,1.));
#11968 = ORIENTED_EDGE('',*,*,#11945,.F.);
#11969 = ORIENTED_EDGE('',*,*,#11963,.F.);
#11970 = CYLINDRICAL_SURFACE('',#11971,0.475);
#11971 = AXIS2_PLACEMENT_3D('',#11972,#11973,#11974);
#11972 = CARTESIAN_POINT('',(159.670985,-119.153711,-4.6E-02));
#11973 = DIRECTION('',(-0.,-0.,-1.));
#11974 = DIRECTION('',(-0.,-1.,0.));
#11975 = MANIFOLD_SOLID_BREP('',#11976);
#11976 = CLOSED_SHELL('',(#11977,#12017,#12048,#12079,#12107,#12135,
    #12147));
#11977 = ADVANCED_FACE('',(#11978),#12012,.T.);
#11978 = FACE_BOUND('',#11979,.T.);
#11979 = EDGE_LOOP('',(#11980,#11990,#11998,#12006));
#11980 = ORIENTED_EDGE('',*,*,#11981,.T.);
#11981 = EDGE_CURVE('',#11982,#11984,#11986,.T.);
#11982 = VERTEX_POINT('',#11983);
#11983 = CARTESIAN_POINT('',(170.413728,-109.981564,1.51));
#11984 = VERTEX_POINT('',#11985);
#11985 = CARTESIAN_POINT('',(170.413728,-109.981564,1.55));
#11986 = LINE('',#11987,#11988);
#11987 = CARTESIAN_POINT('',(170.413728,-109.981564,1.51));
#11988 = VECTOR('',#11989,1.);
#11989 = DIRECTION('',(0.,0.,1.));
#11990 = ORIENTED_EDGE('',*,*,#11991,.T.);
#11991 = EDGE_CURVE('',#11984,#11992,#11994,.T.);
#11992 = VERTEX_POINT('',#11993);
#11993 = CARTESIAN_POINT('',(168.843132,-109.331002,1.55));
#11994 = LINE('',#11995,#11996);
#11995 = CARTESIAN_POINT('',(170.413728,-109.981564,1.55));
#11996 = VECTOR('',#11997,1.);
#11997 = DIRECTION('',(-0.923879566662,0.382683349917,0.));
#11998 = ORIENTED_EDGE('',*,*,#11999,.F.);
#11999 = EDGE_CURVE('',#12000,#11992,#12002,.T.);
#12000 = VERTEX_POINT('',#12001);
#12001 = CARTESIAN_POINT('',(168.843132,-109.331002,1.51));
#12002 = LINE('',#12003,#12004);
#12003 = CARTESIAN_POINT('',(168.843132,-109.331002,1.51));
#12004 = VECTOR('',#12005,1.);
#12005 = DIRECTION('',(0.,0.,1.));
#12006 = ORIENTED_EDGE('',*,*,#12007,.F.);
#12007 = EDGE_CURVE('',#11982,#12000,#12008,.T.);
#12008 = LINE('',#12009,#12010);
#12009 = CARTESIAN_POINT('',(170.413728,-109.981564,1.51));
#12010 = VECTOR('',#12011,1.);
#12011 = DIRECTION('',(-0.923879566662,0.382683349917,0.));
#12012 = PLANE('',#12013);
#12013 = AXIS2_PLACEMENT_3D('',#12014,#12015,#12016);
#12014 = CARTESIAN_POINT('',(170.413728,-109.981564,1.51));
#12015 = DIRECTION('',(-0.382683349917,-0.923879566662,0.));
#12016 = DIRECTION('',(-0.923879566662,0.382683349917,0.));
#12017 = ADVANCED_FACE('',(#12018),#12043,.T.);
#12018 = FACE_BOUND('',#12019,.T.);
#12019 = EDGE_LOOP('',(#12020,#12030,#12036,#12037));
#12020 = ORIENTED_EDGE('',*,*,#12021,.T.);
#12021 = EDGE_CURVE('',#12022,#12024,#12026,.T.);
#12022 = VERTEX_POINT('',#12023);
#12023 = CARTESIAN_POINT('',(171.06429,-108.410968,1.51));
#12024 = VERTEX_POINT('',#12025);
#12025 = CARTESIAN_POINT('',(171.06429,-108.410968,1.55));
#12026 = LINE('',#12027,#12028);
#12027 = CARTESIAN_POINT('',(171.06429,-108.410968,1.51));
#12028 = VECTOR('',#12029,1.);
#12029 = DIRECTION('',(0.,0.,1.));
#12030 = ORIENTED_EDGE('',*,*,#12031,.T.);
#12031 = EDGE_CURVE('',#12024,#11984,#12032,.T.);
#12032 = LINE('',#12033,#12034);
#12033 = CARTESIAN_POINT('',(171.06429,-108.410968,1.55));
#12034 = VECTOR('',#12035,1.);
#12035 = DIRECTION('',(-0.382683349917,-0.923879566662,0.));
#12036 = ORIENTED_EDGE('',*,*,#11981,.F.);
#12037 = ORIENTED_EDGE('',*,*,#12038,.F.);
#12038 = EDGE_CURVE('',#12022,#11982,#12039,.T.);
#12039 = LINE('',#12040,#12041);
#12040 = CARTESIAN_POINT('',(171.06429,-108.410968,1.51));
#12041 = VECTOR('',#12042,1.);
#12042 = DIRECTION('',(-0.382683349917,-0.923879566662,0.));
#12043 = PLANE('',#12044);
#12044 = AXIS2_PLACEMENT_3D('',#12045,#12046,#12047);
#12045 = CARTESIAN_POINT('',(171.06429,-108.410968,1.51));
#12046 = DIRECTION('',(0.923879566662,-0.382683349917,0.));
#12047 = DIRECTION('',(-0.382683349917,-0.923879566662,0.));
#12048 = ADVANCED_FACE('',(#12049),#12074,.T.);
#12049 = FACE_BOUND('',#12050,.T.);
#12050 = EDGE_LOOP('',(#12051,#12052,#12060,#12068));
#12051 = ORIENTED_EDGE('',*,*,#11999,.T.);
#12052 = ORIENTED_EDGE('',*,*,#12053,.T.);
#12053 = EDGE_CURVE('',#11992,#12054,#12056,.T.);
#12054 = VERTEX_POINT('',#12055);
#12055 = CARTESIAN_POINT('',(169.493694,-107.760406,1.55));
#12056 = LINE('',#12057,#12058);
#12057 = CARTESIAN_POINT('',(168.843132,-109.331002,1.55));
#12058 = VECTOR('',#12059,1.);
#12059 = DIRECTION('',(0.382683349917,0.923879566662,0.));
#12060 = ORIENTED_EDGE('',*,*,#12061,.F.);
#12061 = EDGE_CURVE('',#12062,#12054,#12064,.T.);
#12062 = VERTEX_POINT('',#12063);
#12063 = CARTESIAN_POINT('',(169.493694,-107.760406,1.51));
#12064 = LINE('',#12065,#12066);
#12065 = CARTESIAN_POINT('',(169.493694,-107.760406,1.51));
#12066 = VECTOR('',#12067,1.);
#12067 = DIRECTION('',(0.,0.,1.));
#12068 = ORIENTED_EDGE('',*,*,#12069,.F.);
#12069 = EDGE_CURVE('',#12000,#12062,#12070,.T.);
#12070 = LINE('',#12071,#12072);
#12071 = CARTESIAN_POINT('',(168.843132,-109.331002,1.51));
#12072 = VECTOR('',#12073,1.);
#12073 = DIRECTION('',(0.382683349917,0.923879566662,0.));
#12074 = PLANE('',#12075);
#12075 = AXIS2_PLACEMENT_3D('',#12076,#12077,#12078);
#12076 = CARTESIAN_POINT('',(168.843132,-109.331002,1.51));
#12077 = DIRECTION('',(-0.923879566662,0.382683349917,0.));
#12078 = DIRECTION('',(0.382683349917,0.923879566662,0.));
#12079 = ADVANCED_FACE('',(#12080,#12091),#12102,.F.);
#12080 = FACE_BOUND('',#12081,.F.);
#12081 = EDGE_LOOP('',(#12082,#12083,#12084,#12090));
#12082 = ORIENTED_EDGE('',*,*,#12007,.F.);
#12083 = ORIENTED_EDGE('',*,*,#12038,.F.);
#12084 = ORIENTED_EDGE('',*,*,#12085,.F.);
#12085 = EDGE_CURVE('',#12062,#12022,#12086,.T.);
#12086 = LINE('',#12087,#12088);
#12087 = CARTESIAN_POINT('',(169.493694,-107.760406,1.51));
#12088 = VECTOR('',#12089,1.);
#12089 = DIRECTION('',(0.923879566662,-0.382683349917,0.));
#12090 = ORIENTED_EDGE('',*,*,#12069,.F.);
#12091 = FACE_BOUND('',#12092,.F.);
#12092 = EDGE_LOOP('',(#12093));
#12093 = ORIENTED_EDGE('',*,*,#12094,.T.);
#12094 = EDGE_CURVE('',#12095,#12095,#12097,.T.);
#12095 = VERTEX_POINT('',#12096);
#12096 = CARTESIAN_POINT('',(169.953711,-109.345985,1.51));
#12097 = CIRCLE('',#12098,0.475);
#12098 = AXIS2_PLACEMENT_3D('',#12099,#12100,#12101);
#12099 = CARTESIAN_POINT('',(169.953711,-108.870985,1.51));
#12100 = DIRECTION('',(-0.,0.,-1.));
#12101 = DIRECTION('',(-0.,-1.,0.));
#12102 = PLANE('',#12103);
#12103 = AXIS2_PLACEMENT_3D('',#12104,#12105,#12106);
#12104 = CARTESIAN_POINT('',(0.,0.,1.51));
#12105 = DIRECTION('',(0.,0.,1.));
#12106 = DIRECTION('',(1.,0.,-0.));
#12107 = ADVANCED_FACE('',(#12108,#12119),#12130,.T.);
#12108 = FACE_BOUND('',#12109,.T.);
#12109 = EDGE_LOOP('',(#12110,#12111,#12112,#12118));
#12110 = ORIENTED_EDGE('',*,*,#11991,.F.);
#12111 = ORIENTED_EDGE('',*,*,#12031,.F.);
#12112 = ORIENTED_EDGE('',*,*,#12113,.F.);
#12113 = EDGE_CURVE('',#12054,#12024,#12114,.T.);
#12114 = LINE('',#12115,#12116);
#12115 = CARTESIAN_POINT('',(169.493694,-107.760406,1.55));
#12116 = VECTOR('',#12117,1.);
#12117 = DIRECTION('',(0.923879566662,-0.382683349917,0.));
#12118 = ORIENTED_EDGE('',*,*,#12053,.F.);
#12119 = FACE_BOUND('',#12120,.T.);
#12120 = EDGE_LOOP('',(#12121));
#12121 = ORIENTED_EDGE('',*,*,#12122,.T.);
#12122 = EDGE_CURVE('',#12123,#12123,#12125,.T.);
#12123 = VERTEX_POINT('',#12124);
#12124 = CARTESIAN_POINT('',(169.953711,-109.345985,1.55));
#12125 = CIRCLE('',#12126,0.475);
#12126 = AXIS2_PLACEMENT_3D('',#12127,#12128,#12129);
#12127 = CARTESIAN_POINT('',(169.953711,-108.870985,1.55));
#12128 = DIRECTION('',(-0.,0.,-1.));
#12129 = DIRECTION('',(-0.,-1.,0.));
#12130 = PLANE('',#12131);
#12131 = AXIS2_PLACEMENT_3D('',#12132,#12133,#12134);
#12132 = CARTESIAN_POINT('',(0.,0.,1.55));
#12133 = DIRECTION('',(0.,0.,1.));
#12134 = DIRECTION('',(1.,0.,-0.));
#12135 = ADVANCED_FACE('',(#12136),#12142,.T.);
#12136 = FACE_BOUND('',#12137,.T.);
#12137 = EDGE_LOOP('',(#12138,#12139,#12140,#12141));
#12138 = ORIENTED_EDGE('',*,*,#12061,.T.);
#12139 = ORIENTED_EDGE('',*,*,#12113,.T.);
#12140 = ORIENTED_EDGE('',*,*,#12021,.F.);
#12141 = ORIENTED_EDGE('',*,*,#12085,.F.);
#12142 = PLANE('',#12143);
#12143 = AXIS2_PLACEMENT_3D('',#12144,#12145,#12146);
#12144 = CARTESIAN_POINT('',(169.493694,-107.760406,1.51));
#12145 = DIRECTION('',(0.382683349917,0.923879566662,-0.));
#12146 = DIRECTION('',(0.923879566662,-0.382683349917,0.));
#12147 = ADVANCED_FACE('',(#12148),#12159,.F.);
#12148 = FACE_BOUND('',#12149,.T.);
#12149 = EDGE_LOOP('',(#12150,#12151,#12157,#12158));
#12150 = ORIENTED_EDGE('',*,*,#12094,.T.);
#12151 = ORIENTED_EDGE('',*,*,#12152,.T.);
#12152 = EDGE_CURVE('',#12095,#12123,#12153,.T.);
#12153 = LINE('',#12154,#12155);
#12154 = CARTESIAN_POINT('',(169.953711,-109.345985,-4.6E-02));
#12155 = VECTOR('',#12156,1.);
#12156 = DIRECTION('',(0.,0.,1.));
#12157 = ORIENTED_EDGE('',*,*,#12122,.F.);
#12158 = ORIENTED_EDGE('',*,*,#12152,.F.);
#12159 = CYLINDRICAL_SURFACE('',#12160,0.475);
#12160 = AXIS2_PLACEMENT_3D('',#12161,#12162,#12163);
#12161 = CARTESIAN_POINT('',(169.953711,-108.870985,-4.6E-02));
#12162 = DIRECTION('',(-0.,-0.,-1.));
#12163 = DIRECTION('',(-0.,-1.,0.));
#12164 = MANIFOLD_SOLID_BREP('',#12165);
#12165 = CLOSED_SHELL('',(#12166,#12206,#12237,#12268,#12296,#12324,
    #12336));
#12166 = ADVANCED_FACE('',(#12167),#12201,.F.);
#12167 = FACE_BOUND('',#12168,.F.);
#12168 = EDGE_LOOP('',(#12169,#12179,#12187,#12195));
#12169 = ORIENTED_EDGE('',*,*,#12170,.T.);
#12170 = EDGE_CURVE('',#12171,#12173,#12175,.T.);
#12171 = VERTEX_POINT('',#12172);
#12172 = CARTESIAN_POINT('',(170.413728,-109.981564,0.));
#12173 = VERTEX_POINT('',#12174);
#12174 = CARTESIAN_POINT('',(170.413728,-109.981564,-4.E-02));
#12175 = LINE('',#12176,#12177);
#12176 = CARTESIAN_POINT('',(170.413728,-109.981564,0.));
#12177 = VECTOR('',#12178,1.);
#12178 = DIRECTION('',(0.,0.,-1.));
#12179 = ORIENTED_EDGE('',*,*,#12180,.T.);
#12180 = EDGE_CURVE('',#12173,#12181,#12183,.T.);
#12181 = VERTEX_POINT('',#12182);
#12182 = CARTESIAN_POINT('',(168.843132,-109.331002,-4.E-02));
#12183 = LINE('',#12184,#12185);
#12184 = CARTESIAN_POINT('',(170.413728,-109.981564,-4.E-02));
#12185 = VECTOR('',#12186,1.);
#12186 = DIRECTION('',(-0.923879566662,0.382683349917,0.));
#12187 = ORIENTED_EDGE('',*,*,#12188,.F.);
#12188 = EDGE_CURVE('',#12189,#12181,#12191,.T.);
#12189 = VERTEX_POINT('',#12190);
#12190 = CARTESIAN_POINT('',(168.843132,-109.331002,0.));
#12191 = LINE('',#12192,#12193);
#12192 = CARTESIAN_POINT('',(168.843132,-109.331002,0.));
#12193 = VECTOR('',#12194,1.);
#12194 = DIRECTION('',(0.,0.,-1.));
#12195 = ORIENTED_EDGE('',*,*,#12196,.F.);
#12196 = EDGE_CURVE('',#12171,#12189,#12197,.T.);
#12197 = LINE('',#12198,#12199);
#12198 = CARTESIAN_POINT('',(170.413728,-109.981564,0.));
#12199 = VECTOR('',#12200,1.);
#12200 = DIRECTION('',(-0.923879566662,0.382683349917,0.));
#12201 = PLANE('',#12202);
#12202 = AXIS2_PLACEMENT_3D('',#12203,#12204,#12205);
#12203 = CARTESIAN_POINT('',(170.413728,-109.981564,0.));
#12204 = DIRECTION('',(0.382683349917,0.923879566662,0.));
#12205 = DIRECTION('',(-0.923879566662,0.382683349917,0.));
#12206 = ADVANCED_FACE('',(#12207),#12232,.F.);
#12207 = FACE_BOUND('',#12208,.F.);
#12208 = EDGE_LOOP('',(#12209,#12219,#12225,#12226));
#12209 = ORIENTED_EDGE('',*,*,#12210,.T.);
#12210 = EDGE_CURVE('',#12211,#12213,#12215,.T.);
#12211 = VERTEX_POINT('',#12212);
#12212 = CARTESIAN_POINT('',(171.06429,-108.410968,0.));
#12213 = VERTEX_POINT('',#12214);
#12214 = CARTESIAN_POINT('',(171.06429,-108.410968,-4.E-02));
#12215 = LINE('',#12216,#12217);
#12216 = CARTESIAN_POINT('',(171.06429,-108.410968,0.));
#12217 = VECTOR('',#12218,1.);
#12218 = DIRECTION('',(0.,0.,-1.));
#12219 = ORIENTED_EDGE('',*,*,#12220,.T.);
#12220 = EDGE_CURVE('',#12213,#12173,#12221,.T.);
#12221 = LINE('',#12222,#12223);
#12222 = CARTESIAN_POINT('',(171.06429,-108.410968,-4.E-02));
#12223 = VECTOR('',#12224,1.);
#12224 = DIRECTION('',(-0.382683349917,-0.923879566662,0.));
#12225 = ORIENTED_EDGE('',*,*,#12170,.F.);
#12226 = ORIENTED_EDGE('',*,*,#12227,.F.);
#12227 = EDGE_CURVE('',#12211,#12171,#12228,.T.);
#12228 = LINE('',#12229,#12230);
#12229 = CARTESIAN_POINT('',(171.06429,-108.410968,0.));
#12230 = VECTOR('',#12231,1.);
#12231 = DIRECTION('',(-0.382683349917,-0.923879566662,0.));
#12232 = PLANE('',#12233);
#12233 = AXIS2_PLACEMENT_3D('',#12234,#12235,#12236);
#12234 = CARTESIAN_POINT('',(171.06429,-108.410968,0.));
#12235 = DIRECTION('',(-0.923879566662,0.382683349917,0.));
#12236 = DIRECTION('',(-0.382683349917,-0.923879566662,0.));
#12237 = ADVANCED_FACE('',(#12238),#12263,.F.);
#12238 = FACE_BOUND('',#12239,.F.);
#12239 = EDGE_LOOP('',(#12240,#12241,#12249,#12257));
#12240 = ORIENTED_EDGE('',*,*,#12188,.T.);
#12241 = ORIENTED_EDGE('',*,*,#12242,.T.);
#12242 = EDGE_CURVE('',#12181,#12243,#12245,.T.);
#12243 = VERTEX_POINT('',#12244);
#12244 = CARTESIAN_POINT('',(169.493694,-107.760406,-4.E-02));
#12245 = LINE('',#12246,#12247);
#12246 = CARTESIAN_POINT('',(168.843132,-109.331002,-4.E-02));
#12247 = VECTOR('',#12248,1.);
#12248 = DIRECTION('',(0.382683349917,0.923879566662,0.));
#12249 = ORIENTED_EDGE('',*,*,#12250,.F.);
#12250 = EDGE_CURVE('',#12251,#12243,#12253,.T.);
#12251 = VERTEX_POINT('',#12252);
#12252 = CARTESIAN_POINT('',(169.493694,-107.760406,0.));
#12253 = LINE('',#12254,#12255);
#12254 = CARTESIAN_POINT('',(169.493694,-107.760406,0.));
#12255 = VECTOR('',#12256,1.);
#12256 = DIRECTION('',(0.,0.,-1.));
#12257 = ORIENTED_EDGE('',*,*,#12258,.F.);
#12258 = EDGE_CURVE('',#12189,#12251,#12259,.T.);
#12259 = LINE('',#12260,#12261);
#12260 = CARTESIAN_POINT('',(168.843132,-109.331002,0.));
#12261 = VECTOR('',#12262,1.);
#12262 = DIRECTION('',(0.382683349917,0.923879566662,0.));
#12263 = PLANE('',#12264);
#12264 = AXIS2_PLACEMENT_3D('',#12265,#12266,#12267);
#12265 = CARTESIAN_POINT('',(168.843132,-109.331002,0.));
#12266 = DIRECTION('',(0.923879566662,-0.382683349917,0.));
#12267 = DIRECTION('',(0.382683349917,0.923879566662,0.));
#12268 = ADVANCED_FACE('',(#12269,#12280),#12291,.F.);
#12269 = FACE_BOUND('',#12270,.F.);
#12270 = EDGE_LOOP('',(#12271,#12272,#12273,#12279));
#12271 = ORIENTED_EDGE('',*,*,#12196,.T.);
#12272 = ORIENTED_EDGE('',*,*,#12258,.T.);
#12273 = ORIENTED_EDGE('',*,*,#12274,.T.);
#12274 = EDGE_CURVE('',#12251,#12211,#12275,.T.);
#12275 = LINE('',#12276,#12277);
#12276 = CARTESIAN_POINT('',(169.493694,-107.760406,0.));
#12277 = VECTOR('',#12278,1.);
#12278 = DIRECTION('',(0.923879566662,-0.382683349917,0.));
#12279 = ORIENTED_EDGE('',*,*,#12227,.T.);
#12280 = FACE_BOUND('',#12281,.F.);
#12281 = EDGE_LOOP('',(#12282));
#12282 = ORIENTED_EDGE('',*,*,#12283,.F.);
#12283 = EDGE_CURVE('',#12284,#12284,#12286,.T.);
#12284 = VERTEX_POINT('',#12285);
#12285 = CARTESIAN_POINT('',(169.953711,-109.345985,0.));
#12286 = CIRCLE('',#12287,0.475);
#12287 = AXIS2_PLACEMENT_3D('',#12288,#12289,#12290);
#12288 = CARTESIAN_POINT('',(169.953711,-108.870985,0.));
#12289 = DIRECTION('',(-0.,0.,-1.));
#12290 = DIRECTION('',(-0.,-1.,0.));
#12291 = PLANE('',#12292);
#12292 = AXIS2_PLACEMENT_3D('',#12293,#12294,#12295);
#12293 = CARTESIAN_POINT('',(0.,0.,0.));
#12294 = DIRECTION('',(-0.,-0.,-1.));
#12295 = DIRECTION('',(-1.,0.,0.));
#12296 = ADVANCED_FACE('',(#12297,#12308),#12319,.T.);
#12297 = FACE_BOUND('',#12298,.T.);
#12298 = EDGE_LOOP('',(#12299,#12300,#12301,#12307));
#12299 = ORIENTED_EDGE('',*,*,#12180,.T.);
#12300 = ORIENTED_EDGE('',*,*,#12242,.T.);
#12301 = ORIENTED_EDGE('',*,*,#12302,.T.);
#12302 = EDGE_CURVE('',#12243,#12213,#12303,.T.);
#12303 = LINE('',#12304,#12305);
#12304 = CARTESIAN_POINT('',(169.493694,-107.760406,-4.E-02));
#12305 = VECTOR('',#12306,1.);
#12306 = DIRECTION('',(0.923879566662,-0.382683349917,0.));
#12307 = ORIENTED_EDGE('',*,*,#12220,.T.);
#12308 = FACE_BOUND('',#12309,.T.);
#12309 = EDGE_LOOP('',(#12310));
#12310 = ORIENTED_EDGE('',*,*,#12311,.F.);
#12311 = EDGE_CURVE('',#12312,#12312,#12314,.T.);
#12312 = VERTEX_POINT('',#12313);
#12313 = CARTESIAN_POINT('',(169.953711,-109.345985,-4.E-02));
#12314 = CIRCLE('',#12315,0.475);
#12315 = AXIS2_PLACEMENT_3D('',#12316,#12317,#12318);
#12316 = CARTESIAN_POINT('',(169.953711,-108.870985,-4.E-02));
#12317 = DIRECTION('',(-0.,0.,-1.));
#12318 = DIRECTION('',(-0.,-1.,0.));
#12319 = PLANE('',#12320);
#12320 = AXIS2_PLACEMENT_3D('',#12321,#12322,#12323);
#12321 = CARTESIAN_POINT('',(0.,0.,-4.E-02));
#12322 = DIRECTION('',(-0.,-0.,-1.));
#12323 = DIRECTION('',(-1.,0.,0.));
#12324 = ADVANCED_FACE('',(#12325),#12331,.F.);
#12325 = FACE_BOUND('',#12326,.F.);
#12326 = EDGE_LOOP('',(#12327,#12328,#12329,#12330));
#12327 = ORIENTED_EDGE('',*,*,#12250,.T.);
#12328 = ORIENTED_EDGE('',*,*,#12302,.T.);
#12329 = ORIENTED_EDGE('',*,*,#12210,.F.);
#12330 = ORIENTED_EDGE('',*,*,#12274,.F.);
#12331 = PLANE('',#12332);
#12332 = AXIS2_PLACEMENT_3D('',#12333,#12334,#12335);
#12333 = CARTESIAN_POINT('',(169.493694,-107.760406,0.));
#12334 = DIRECTION('',(-0.382683349917,-0.923879566662,-0.));
#12335 = DIRECTION('',(0.923879566662,-0.382683349917,0.));
#12336 = ADVANCED_FACE('',(#12337),#12348,.F.);
#12337 = FACE_BOUND('',#12338,.T.);
#12338 = EDGE_LOOP('',(#12339,#12340,#12346,#12347));
#12339 = ORIENTED_EDGE('',*,*,#12311,.T.);
#12340 = ORIENTED_EDGE('',*,*,#12341,.T.);
#12341 = EDGE_CURVE('',#12312,#12284,#12342,.T.);
#12342 = LINE('',#12343,#12344);
#12343 = CARTESIAN_POINT('',(169.953711,-109.345985,-4.6E-02));
#12344 = VECTOR('',#12345,1.);
#12345 = DIRECTION('',(0.,0.,1.));
#12346 = ORIENTED_EDGE('',*,*,#12283,.F.);
#12347 = ORIENTED_EDGE('',*,*,#12341,.F.);
#12348 = CYLINDRICAL_SURFACE('',#12349,0.475);
#12349 = AXIS2_PLACEMENT_3D('',#12350,#12351,#12352);
#12350 = CARTESIAN_POINT('',(169.953711,-108.870985,-4.6E-02));
#12351 = DIRECTION('',(-0.,-0.,-1.));
#12352 = DIRECTION('',(-0.,-1.,0.));
#12353 = MANIFOLD_SOLID_BREP('',#12354);
#12354 = CLOSED_SHELL('',(#12355,#12388,#12408,#12428));
#12355 = ADVANCED_FACE('',(#12356),#12383,.T.);
#12356 = FACE_BOUND('',#12357,.F.);
#12357 = EDGE_LOOP('',(#12358,#12368,#12375,#12376));
#12358 = ORIENTED_EDGE('',*,*,#12359,.T.);
#12359 = EDGE_CURVE('',#12360,#12362,#12364,.T.);
#12360 = VERTEX_POINT('',#12361);
#12361 = CARTESIAN_POINT('',(169.953711,-109.370985,-4.E-02));
#12362 = VERTEX_POINT('',#12363);
#12363 = CARTESIAN_POINT('',(169.953711,-109.370985,1.55));
#12364 = LINE('',#12365,#12366);
#12365 = CARTESIAN_POINT('',(169.953711,-109.370985,-4.E-02));
#12366 = VECTOR('',#12367,1.);
#12367 = DIRECTION('',(0.,0.,1.));
#12368 = ORIENTED_EDGE('',*,*,#12369,.T.);
#12369 = EDGE_CURVE('',#12362,#12362,#12370,.T.);
#12370 = CIRCLE('',#12371,0.5);
#12371 = AXIS2_PLACEMENT_3D('',#12372,#12373,#12374);
#12372 = CARTESIAN_POINT('',(169.953711,-108.870985,1.55));
#12373 = DIRECTION('',(0.,0.,1.));
#12374 = DIRECTION('',(-0.,-1.,0.));
#12375 = ORIENTED_EDGE('',*,*,#12359,.F.);
#12376 = ORIENTED_EDGE('',*,*,#12377,.F.);
#12377 = EDGE_CURVE('',#12360,#12360,#12378,.T.);
#12378 = CIRCLE('',#12379,0.5);
#12379 = AXIS2_PLACEMENT_3D('',#12380,#12381,#12382);
#12380 = CARTESIAN_POINT('',(169.953711,-108.870985,-4.E-02));
#12381 = DIRECTION('',(0.,0.,1.));
#12382 = DIRECTION('',(-0.,-1.,0.));
#12383 = CYLINDRICAL_SURFACE('',#12384,0.5);
#12384 = AXIS2_PLACEMENT_3D('',#12385,#12386,#12387);
#12385 = CARTESIAN_POINT('',(169.953711,-108.870985,-4.E-02));
#12386 = DIRECTION('',(-0.,-0.,-1.));
#12387 = DIRECTION('',(-0.,-1.,0.));
#12388 = ADVANCED_FACE('',(#12389,#12392),#12403,.F.);
#12389 = FACE_BOUND('',#12390,.F.);
#12390 = EDGE_LOOP('',(#12391));
#12391 = ORIENTED_EDGE('',*,*,#12377,.T.);
#12392 = FACE_BOUND('',#12393,.F.);
#12393 = EDGE_LOOP('',(#12394));
#12394 = ORIENTED_EDGE('',*,*,#12395,.T.);
#12395 = EDGE_CURVE('',#12396,#12396,#12398,.T.);
#12396 = VERTEX_POINT('',#12397);
#12397 = CARTESIAN_POINT('',(169.953711,-109.345985,-4.E-02));
#12398 = CIRCLE('',#12399,0.475);
#12399 = AXIS2_PLACEMENT_3D('',#12400,#12401,#12402);
#12400 = CARTESIAN_POINT('',(169.953711,-108.870985,-4.E-02));
#12401 = DIRECTION('',(-0.,0.,-1.));
#12402 = DIRECTION('',(-0.,-1.,0.));
#12403 = PLANE('',#12404);
#12404 = AXIS2_PLACEMENT_3D('',#12405,#12406,#12407);
#12405 = CARTESIAN_POINT('',(169.953711,-109.370985,-4.E-02));
#12406 = DIRECTION('',(0.,0.,1.));
#12407 = DIRECTION('',(1.,0.,-0.));
#12408 = ADVANCED_FACE('',(#12409,#12412),#12423,.T.);
#12409 = FACE_BOUND('',#12410,.T.);
#12410 = EDGE_LOOP('',(#12411));
#12411 = ORIENTED_EDGE('',*,*,#12369,.T.);
#12412 = FACE_BOUND('',#12413,.T.);
#12413 = EDGE_LOOP('',(#12414));
#12414 = ORIENTED_EDGE('',*,*,#12415,.T.);
#12415 = EDGE_CURVE('',#12416,#12416,#12418,.T.);
#12416 = VERTEX_POINT('',#12417);
#12417 = CARTESIAN_POINT('',(169.953711,-109.345985,1.55));
#12418 = CIRCLE('',#12419,0.475);
#12419 = AXIS2_PLACEMENT_3D('',#12420,#12421,#12422);
#12420 = CARTESIAN_POINT('',(169.953711,-108.870985,1.55));
#12421 = DIRECTION('',(-0.,0.,-1.));
#12422 = DIRECTION('',(-0.,-1.,0.));
#12423 = PLANE('',#12424);
#12424 = AXIS2_PLACEMENT_3D('',#12425,#12426,#12427);
#12425 = CARTESIAN_POINT('',(169.953711,-109.370985,1.55));
#12426 = DIRECTION('',(0.,0.,1.));
#12427 = DIRECTION('',(1.,0.,-0.));
#12428 = ADVANCED_FACE('',(#12429),#12440,.F.);
#12429 = FACE_BOUND('',#12430,.T.);
#12430 = EDGE_LOOP('',(#12431,#12432,#12438,#12439));
#12431 = ORIENTED_EDGE('',*,*,#12395,.T.);
#12432 = ORIENTED_EDGE('',*,*,#12433,.T.);
#12433 = EDGE_CURVE('',#12396,#12416,#12434,.T.);
#12434 = LINE('',#12435,#12436);
#12435 = CARTESIAN_POINT('',(169.953711,-109.345985,-4.6E-02));
#12436 = VECTOR('',#12437,1.);
#12437 = DIRECTION('',(0.,0.,1.));
#12438 = ORIENTED_EDGE('',*,*,#12415,.F.);
#12439 = ORIENTED_EDGE('',*,*,#12433,.F.);
#12440 = CYLINDRICAL_SURFACE('',#12441,0.475);
#12441 = AXIS2_PLACEMENT_3D('',#12442,#12443,#12444);
#12442 = CARTESIAN_POINT('',(169.953711,-108.870985,-4.6E-02));
#12443 = DIRECTION('',(-0.,-0.,-1.));
#12444 = DIRECTION('',(-0.,-1.,0.));
#12445 = MANIFOLD_SOLID_BREP('',#12446);
#12446 = CLOSED_SHELL('',(#12447,#12487,#12518,#12549,#12577,#12605,
    #12617));
#12447 = ADVANCED_FACE('',(#12448),#12482,.T.);
#12448 = FACE_BOUND('',#12449,.T.);
#12449 = EDGE_LOOP('',(#12450,#12460,#12468,#12476));
#12450 = ORIENTED_EDGE('',*,*,#12451,.T.);
#12451 = EDGE_CURVE('',#12452,#12454,#12456,.T.);
#12452 = VERTEX_POINT('',#12453);
#12453 = CARTESIAN_POINT('',(169.493694,-95.439594,1.51));
#12454 = VERTEX_POINT('',#12455);
#12455 = CARTESIAN_POINT('',(169.493694,-95.439594,1.55));
#12456 = LINE('',#12457,#12458);
#12457 = CARTESIAN_POINT('',(169.493694,-95.439594,1.51));
#12458 = VECTOR('',#12459,1.);
#12459 = DIRECTION('',(0.,0.,1.));
#12460 = ORIENTED_EDGE('',*,*,#12461,.T.);
#12461 = EDGE_CURVE('',#12454,#12462,#12464,.T.);
#12462 = VERTEX_POINT('',#12463);
#12463 = CARTESIAN_POINT('',(168.843132,-93.868998,1.55));
#12464 = LINE('',#12465,#12466);
#12465 = CARTESIAN_POINT('',(169.493694,-95.439594,1.55));
#12466 = VECTOR('',#12467,1.);
#12467 = DIRECTION('',(-0.382683349917,0.923879566662,0.));
#12468 = ORIENTED_EDGE('',*,*,#12469,.F.);
#12469 = EDGE_CURVE('',#12470,#12462,#12472,.T.);
#12470 = VERTEX_POINT('',#12471);
#12471 = CARTESIAN_POINT('',(168.843132,-93.868998,1.51));
#12472 = LINE('',#12473,#12474);
#12473 = CARTESIAN_POINT('',(168.843132,-93.868998,1.51));
#12474 = VECTOR('',#12475,1.);
#12475 = DIRECTION('',(0.,0.,1.));
#12476 = ORIENTED_EDGE('',*,*,#12477,.F.);
#12477 = EDGE_CURVE('',#12452,#12470,#12478,.T.);
#12478 = LINE('',#12479,#12480);
#12479 = CARTESIAN_POINT('',(169.493694,-95.439594,1.51));
#12480 = VECTOR('',#12481,1.);
#12481 = DIRECTION('',(-0.382683349917,0.923879566662,0.));
#12482 = PLANE('',#12483);
#12483 = AXIS2_PLACEMENT_3D('',#12484,#12485,#12486);
#12484 = CARTESIAN_POINT('',(169.493694,-95.439594,1.51));
#12485 = DIRECTION('',(-0.923879566662,-0.382683349917,0.));
#12486 = DIRECTION('',(-0.382683349917,0.923879566662,0.));
#12487 = ADVANCED_FACE('',(#12488),#12513,.T.);
#12488 = FACE_BOUND('',#12489,.T.);
#12489 = EDGE_LOOP('',(#12490,#12500,#12506,#12507));
#12490 = ORIENTED_EDGE('',*,*,#12491,.T.);
#12491 = EDGE_CURVE('',#12492,#12494,#12496,.T.);
#12492 = VERTEX_POINT('',#12493);
#12493 = CARTESIAN_POINT('',(171.06429,-94.789032,1.51));
#12494 = VERTEX_POINT('',#12495);
#12495 = CARTESIAN_POINT('',(171.06429,-94.789032,1.55));
#12496 = LINE('',#12497,#12498);
#12497 = CARTESIAN_POINT('',(171.06429,-94.789032,1.51));
#12498 = VECTOR('',#12499,1.);
#12499 = DIRECTION('',(0.,0.,1.));
#12500 = ORIENTED_EDGE('',*,*,#12501,.T.);
#12501 = EDGE_CURVE('',#12494,#12454,#12502,.T.);
#12502 = LINE('',#12503,#12504);
#12503 = CARTESIAN_POINT('',(171.06429,-94.789032,1.55));
#12504 = VECTOR('',#12505,1.);
#12505 = DIRECTION('',(-0.923879566662,-0.382683349917,0.));
#12506 = ORIENTED_EDGE('',*,*,#12451,.F.);
#12507 = ORIENTED_EDGE('',*,*,#12508,.F.);
#12508 = EDGE_CURVE('',#12492,#12452,#12509,.T.);
#12509 = LINE('',#12510,#12511);
#12510 = CARTESIAN_POINT('',(171.06429,-94.789032,1.51));
#12511 = VECTOR('',#12512,1.);
#12512 = DIRECTION('',(-0.923879566662,-0.382683349917,0.));
#12513 = PLANE('',#12514);
#12514 = AXIS2_PLACEMENT_3D('',#12515,#12516,#12517);
#12515 = CARTESIAN_POINT('',(171.06429,-94.789032,1.51));
#12516 = DIRECTION('',(0.382683349917,-0.923879566662,0.));
#12517 = DIRECTION('',(-0.923879566662,-0.382683349917,0.));
#12518 = ADVANCED_FACE('',(#12519),#12544,.T.);
#12519 = FACE_BOUND('',#12520,.T.);
#12520 = EDGE_LOOP('',(#12521,#12522,#12530,#12538));
#12521 = ORIENTED_EDGE('',*,*,#12469,.T.);
#12522 = ORIENTED_EDGE('',*,*,#12523,.T.);
#12523 = EDGE_CURVE('',#12462,#12524,#12526,.T.);
#12524 = VERTEX_POINT('',#12525);
#12525 = CARTESIAN_POINT('',(170.413728,-93.218436,1.55));
#12526 = LINE('',#12527,#12528);
#12527 = CARTESIAN_POINT('',(168.843132,-93.868998,1.55));
#12528 = VECTOR('',#12529,1.);
#12529 = DIRECTION('',(0.923879566662,0.382683349917,0.));
#12530 = ORIENTED_EDGE('',*,*,#12531,.F.);
#12531 = EDGE_CURVE('',#12532,#12524,#12534,.T.);
#12532 = VERTEX_POINT('',#12533);
#12533 = CARTESIAN_POINT('',(170.413728,-93.218436,1.51));
#12534 = LINE('',#12535,#12536);
#12535 = CARTESIAN_POINT('',(170.413728,-93.218436,1.51));
#12536 = VECTOR('',#12537,1.);
#12537 = DIRECTION('',(0.,0.,1.));
#12538 = ORIENTED_EDGE('',*,*,#12539,.F.);
#12539 = EDGE_CURVE('',#12470,#12532,#12540,.T.);
#12540 = LINE('',#12541,#12542);
#12541 = CARTESIAN_POINT('',(168.843132,-93.868998,1.51));
#12542 = VECTOR('',#12543,1.);
#12543 = DIRECTION('',(0.923879566662,0.382683349917,0.));
#12544 = PLANE('',#12545);
#12545 = AXIS2_PLACEMENT_3D('',#12546,#12547,#12548);
#12546 = CARTESIAN_POINT('',(168.843132,-93.868998,1.51));
#12547 = DIRECTION('',(-0.382683349917,0.923879566662,0.));
#12548 = DIRECTION('',(0.923879566662,0.382683349917,0.));
#12549 = ADVANCED_FACE('',(#12550,#12561),#12572,.F.);
#12550 = FACE_BOUND('',#12551,.F.);
#12551 = EDGE_LOOP('',(#12552,#12553,#12554,#12560));
#12552 = ORIENTED_EDGE('',*,*,#12477,.F.);
#12553 = ORIENTED_EDGE('',*,*,#12508,.F.);
#12554 = ORIENTED_EDGE('',*,*,#12555,.F.);
#12555 = EDGE_CURVE('',#12532,#12492,#12556,.T.);
#12556 = LINE('',#12557,#12558);
#12557 = CARTESIAN_POINT('',(170.413728,-93.218436,1.51));
#12558 = VECTOR('',#12559,1.);
#12559 = DIRECTION('',(0.382683349917,-0.923879566662,0.));
#12560 = ORIENTED_EDGE('',*,*,#12539,.F.);
#12561 = FACE_BOUND('',#12562,.F.);
#12562 = EDGE_LOOP('',(#12563));
#12563 = ORIENTED_EDGE('',*,*,#12564,.T.);
#12564 = EDGE_CURVE('',#12565,#12565,#12567,.T.);
#12565 = VERTEX_POINT('',#12566);
#12566 = CARTESIAN_POINT('',(169.953711,-94.804015,1.51));
#12567 = CIRCLE('',#12568,0.475);
#12568 = AXIS2_PLACEMENT_3D('',#12569,#12570,#12571);
#12569 = CARTESIAN_POINT('',(169.953711,-94.329015,1.51));
#12570 = DIRECTION('',(-0.,0.,-1.));
#12571 = DIRECTION('',(-0.,-1.,0.));
#12572 = PLANE('',#12573);
#12573 = AXIS2_PLACEMENT_3D('',#12574,#12575,#12576);
#12574 = CARTESIAN_POINT('',(0.,0.,1.51));
#12575 = DIRECTION('',(0.,0.,1.));
#12576 = DIRECTION('',(1.,0.,-0.));
#12577 = ADVANCED_FACE('',(#12578,#12589),#12600,.T.);
#12578 = FACE_BOUND('',#12579,.T.);
#12579 = EDGE_LOOP('',(#12580,#12581,#12582,#12588));
#12580 = ORIENTED_EDGE('',*,*,#12461,.F.);
#12581 = ORIENTED_EDGE('',*,*,#12501,.F.);
#12582 = ORIENTED_EDGE('',*,*,#12583,.F.);
#12583 = EDGE_CURVE('',#12524,#12494,#12584,.T.);
#12584 = LINE('',#12585,#12586);
#12585 = CARTESIAN_POINT('',(170.413728,-93.218436,1.55));
#12586 = VECTOR('',#12587,1.);
#12587 = DIRECTION('',(0.382683349917,-0.923879566662,0.));
#12588 = ORIENTED_EDGE('',*,*,#12523,.F.);
#12589 = FACE_BOUND('',#12590,.T.);
#12590 = EDGE_LOOP('',(#12591));
#12591 = ORIENTED_EDGE('',*,*,#12592,.T.);
#12592 = EDGE_CURVE('',#12593,#12593,#12595,.T.);
#12593 = VERTEX_POINT('',#12594);
#12594 = CARTESIAN_POINT('',(169.953711,-94.804015,1.55));
#12595 = CIRCLE('',#12596,0.475);
#12596 = AXIS2_PLACEMENT_3D('',#12597,#12598,#12599);
#12597 = CARTESIAN_POINT('',(169.953711,-94.329015,1.55));
#12598 = DIRECTION('',(-0.,0.,-1.));
#12599 = DIRECTION('',(-0.,-1.,0.));
#12600 = PLANE('',#12601);
#12601 = AXIS2_PLACEMENT_3D('',#12602,#12603,#12604);
#12602 = CARTESIAN_POINT('',(0.,0.,1.55));
#12603 = DIRECTION('',(0.,0.,1.));
#12604 = DIRECTION('',(1.,0.,-0.));
#12605 = ADVANCED_FACE('',(#12606),#12612,.T.);
#12606 = FACE_BOUND('',#12607,.T.);
#12607 = EDGE_LOOP('',(#12608,#12609,#12610,#12611));
#12608 = ORIENTED_EDGE('',*,*,#12531,.T.);
#12609 = ORIENTED_EDGE('',*,*,#12583,.T.);
#12610 = ORIENTED_EDGE('',*,*,#12491,.F.);
#12611 = ORIENTED_EDGE('',*,*,#12555,.F.);
#12612 = PLANE('',#12613);
#12613 = AXIS2_PLACEMENT_3D('',#12614,#12615,#12616);
#12614 = CARTESIAN_POINT('',(170.413728,-93.218436,1.51));
#12615 = DIRECTION('',(0.923879566662,0.382683349917,-0.));
#12616 = DIRECTION('',(0.382683349917,-0.923879566662,0.));
#12617 = ADVANCED_FACE('',(#12618),#12629,.F.);
#12618 = FACE_BOUND('',#12619,.T.);
#12619 = EDGE_LOOP('',(#12620,#12621,#12627,#12628));
#12620 = ORIENTED_EDGE('',*,*,#12564,.T.);
#12621 = ORIENTED_EDGE('',*,*,#12622,.T.);
#12622 = EDGE_CURVE('',#12565,#12593,#12623,.T.);
#12623 = LINE('',#12624,#12625);
#12624 = CARTESIAN_POINT('',(169.953711,-94.804015,-4.6E-02));
#12625 = VECTOR('',#12626,1.);
#12626 = DIRECTION('',(0.,0.,1.));
#12627 = ORIENTED_EDGE('',*,*,#12592,.F.);
#12628 = ORIENTED_EDGE('',*,*,#12622,.F.);
#12629 = CYLINDRICAL_SURFACE('',#12630,0.475);
#12630 = AXIS2_PLACEMENT_3D('',#12631,#12632,#12633);
#12631 = CARTESIAN_POINT('',(169.953711,-94.329015,-4.6E-02));
#12632 = DIRECTION('',(-0.,-0.,-1.));
#12633 = DIRECTION('',(-0.,-1.,0.));
#12634 = MANIFOLD_SOLID_BREP('',#12635);
#12635 = CLOSED_SHELL('',(#12636,#12676,#12707,#12738,#12766,#12794,
    #12806));
#12636 = ADVANCED_FACE('',(#12637),#12671,.F.);
#12637 = FACE_BOUND('',#12638,.F.);
#12638 = EDGE_LOOP('',(#12639,#12649,#12657,#12665));
#12639 = ORIENTED_EDGE('',*,*,#12640,.T.);
#12640 = EDGE_CURVE('',#12641,#12643,#12645,.T.);
#12641 = VERTEX_POINT('',#12642);
#12642 = CARTESIAN_POINT('',(169.493694,-95.439594,0.));
#12643 = VERTEX_POINT('',#12644);
#12644 = CARTESIAN_POINT('',(169.493694,-95.439594,-4.E-02));
#12645 = LINE('',#12646,#12647);
#12646 = CARTESIAN_POINT('',(169.493694,-95.439594,0.));
#12647 = VECTOR('',#12648,1.);
#12648 = DIRECTION('',(0.,0.,-1.));
#12649 = ORIENTED_EDGE('',*,*,#12650,.T.);
#12650 = EDGE_CURVE('',#12643,#12651,#12653,.T.);
#12651 = VERTEX_POINT('',#12652);
#12652 = CARTESIAN_POINT('',(168.843132,-93.868998,-4.E-02));
#12653 = LINE('',#12654,#12655);
#12654 = CARTESIAN_POINT('',(169.493694,-95.439594,-4.E-02));
#12655 = VECTOR('',#12656,1.);
#12656 = DIRECTION('',(-0.382683349917,0.923879566662,0.));
#12657 = ORIENTED_EDGE('',*,*,#12658,.F.);
#12658 = EDGE_CURVE('',#12659,#12651,#12661,.T.);
#12659 = VERTEX_POINT('',#12660);
#12660 = CARTESIAN_POINT('',(168.843132,-93.868998,0.));
#12661 = LINE('',#12662,#12663);
#12662 = CARTESIAN_POINT('',(168.843132,-93.868998,0.));
#12663 = VECTOR('',#12664,1.);
#12664 = DIRECTION('',(0.,0.,-1.));
#12665 = ORIENTED_EDGE('',*,*,#12666,.F.);
#12666 = EDGE_CURVE('',#12641,#12659,#12667,.T.);
#12667 = LINE('',#12668,#12669);
#12668 = CARTESIAN_POINT('',(169.493694,-95.439594,0.));
#12669 = VECTOR('',#12670,1.);
#12670 = DIRECTION('',(-0.382683349917,0.923879566662,0.));
#12671 = PLANE('',#12672);
#12672 = AXIS2_PLACEMENT_3D('',#12673,#12674,#12675);
#12673 = CARTESIAN_POINT('',(169.493694,-95.439594,0.));
#12674 = DIRECTION('',(0.923879566662,0.382683349917,0.));
#12675 = DIRECTION('',(-0.382683349917,0.923879566662,0.));
#12676 = ADVANCED_FACE('',(#12677),#12702,.F.);
#12677 = FACE_BOUND('',#12678,.F.);
#12678 = EDGE_LOOP('',(#12679,#12689,#12695,#12696));
#12679 = ORIENTED_EDGE('',*,*,#12680,.T.);
#12680 = EDGE_CURVE('',#12681,#12683,#12685,.T.);
#12681 = VERTEX_POINT('',#12682);
#12682 = CARTESIAN_POINT('',(171.06429,-94.789032,0.));
#12683 = VERTEX_POINT('',#12684);
#12684 = CARTESIAN_POINT('',(171.06429,-94.789032,-4.E-02));
#12685 = LINE('',#12686,#12687);
#12686 = CARTESIAN_POINT('',(171.06429,-94.789032,0.));
#12687 = VECTOR('',#12688,1.);
#12688 = DIRECTION('',(0.,0.,-1.));
#12689 = ORIENTED_EDGE('',*,*,#12690,.T.);
#12690 = EDGE_CURVE('',#12683,#12643,#12691,.T.);
#12691 = LINE('',#12692,#12693);
#12692 = CARTESIAN_POINT('',(171.06429,-94.789032,-4.E-02));
#12693 = VECTOR('',#12694,1.);
#12694 = DIRECTION('',(-0.923879566662,-0.382683349917,0.));
#12695 = ORIENTED_EDGE('',*,*,#12640,.F.);
#12696 = ORIENTED_EDGE('',*,*,#12697,.F.);
#12697 = EDGE_CURVE('',#12681,#12641,#12698,.T.);
#12698 = LINE('',#12699,#12700);
#12699 = CARTESIAN_POINT('',(171.06429,-94.789032,0.));
#12700 = VECTOR('',#12701,1.);
#12701 = DIRECTION('',(-0.923879566662,-0.382683349917,0.));
#12702 = PLANE('',#12703);
#12703 = AXIS2_PLACEMENT_3D('',#12704,#12705,#12706);
#12704 = CARTESIAN_POINT('',(171.06429,-94.789032,0.));
#12705 = DIRECTION('',(-0.382683349917,0.923879566662,0.));
#12706 = DIRECTION('',(-0.923879566662,-0.382683349917,0.));
#12707 = ADVANCED_FACE('',(#12708),#12733,.F.);
#12708 = FACE_BOUND('',#12709,.F.);
#12709 = EDGE_LOOP('',(#12710,#12711,#12719,#12727));
#12710 = ORIENTED_EDGE('',*,*,#12658,.T.);
#12711 = ORIENTED_EDGE('',*,*,#12712,.T.);
#12712 = EDGE_CURVE('',#12651,#12713,#12715,.T.);
#12713 = VERTEX_POINT('',#12714);
#12714 = CARTESIAN_POINT('',(170.413728,-93.218436,-4.E-02));
#12715 = LINE('',#12716,#12717);
#12716 = CARTESIAN_POINT('',(168.843132,-93.868998,-4.E-02));
#12717 = VECTOR('',#12718,1.);
#12718 = DIRECTION('',(0.923879566662,0.382683349917,0.));
#12719 = ORIENTED_EDGE('',*,*,#12720,.F.);
#12720 = EDGE_CURVE('',#12721,#12713,#12723,.T.);
#12721 = VERTEX_POINT('',#12722);
#12722 = CARTESIAN_POINT('',(170.413728,-93.218436,0.));
#12723 = LINE('',#12724,#12725);
#12724 = CARTESIAN_POINT('',(170.413728,-93.218436,0.));
#12725 = VECTOR('',#12726,1.);
#12726 = DIRECTION('',(0.,0.,-1.));
#12727 = ORIENTED_EDGE('',*,*,#12728,.F.);
#12728 = EDGE_CURVE('',#12659,#12721,#12729,.T.);
#12729 = LINE('',#12730,#12731);
#12730 = CARTESIAN_POINT('',(168.843132,-93.868998,0.));
#12731 = VECTOR('',#12732,1.);
#12732 = DIRECTION('',(0.923879566662,0.382683349917,0.));
#12733 = PLANE('',#12734);
#12734 = AXIS2_PLACEMENT_3D('',#12735,#12736,#12737);
#12735 = CARTESIAN_POINT('',(168.843132,-93.868998,0.));
#12736 = DIRECTION('',(0.382683349917,-0.923879566662,0.));
#12737 = DIRECTION('',(0.923879566662,0.382683349917,0.));
#12738 = ADVANCED_FACE('',(#12739,#12750),#12761,.F.);
#12739 = FACE_BOUND('',#12740,.F.);
#12740 = EDGE_LOOP('',(#12741,#12742,#12743,#12749));
#12741 = ORIENTED_EDGE('',*,*,#12666,.T.);
#12742 = ORIENTED_EDGE('',*,*,#12728,.T.);
#12743 = ORIENTED_EDGE('',*,*,#12744,.T.);
#12744 = EDGE_CURVE('',#12721,#12681,#12745,.T.);
#12745 = LINE('',#12746,#12747);
#12746 = CARTESIAN_POINT('',(170.413728,-93.218436,0.));
#12747 = VECTOR('',#12748,1.);
#12748 = DIRECTION('',(0.382683349917,-0.923879566662,0.));
#12749 = ORIENTED_EDGE('',*,*,#12697,.T.);
#12750 = FACE_BOUND('',#12751,.F.);
#12751 = EDGE_LOOP('',(#12752));
#12752 = ORIENTED_EDGE('',*,*,#12753,.F.);
#12753 = EDGE_CURVE('',#12754,#12754,#12756,.T.);
#12754 = VERTEX_POINT('',#12755);
#12755 = CARTESIAN_POINT('',(169.953711,-94.804015,0.));
#12756 = CIRCLE('',#12757,0.475);
#12757 = AXIS2_PLACEMENT_3D('',#12758,#12759,#12760);
#12758 = CARTESIAN_POINT('',(169.953711,-94.329015,0.));
#12759 = DIRECTION('',(-0.,0.,-1.));
#12760 = DIRECTION('',(-0.,-1.,0.));
#12761 = PLANE('',#12762);
#12762 = AXIS2_PLACEMENT_3D('',#12763,#12764,#12765);
#12763 = CARTESIAN_POINT('',(0.,0.,0.));
#12764 = DIRECTION('',(-0.,-0.,-1.));
#12765 = DIRECTION('',(-1.,0.,0.));
#12766 = ADVANCED_FACE('',(#12767,#12778),#12789,.T.);
#12767 = FACE_BOUND('',#12768,.T.);
#12768 = EDGE_LOOP('',(#12769,#12770,#12771,#12777));
#12769 = ORIENTED_EDGE('',*,*,#12650,.T.);
#12770 = ORIENTED_EDGE('',*,*,#12712,.T.);
#12771 = ORIENTED_EDGE('',*,*,#12772,.T.);
#12772 = EDGE_CURVE('',#12713,#12683,#12773,.T.);
#12773 = LINE('',#12774,#12775);
#12774 = CARTESIAN_POINT('',(170.413728,-93.218436,-4.E-02));
#12775 = VECTOR('',#12776,1.);
#12776 = DIRECTION('',(0.382683349917,-0.923879566662,0.));
#12777 = ORIENTED_EDGE('',*,*,#12690,.T.);
#12778 = FACE_BOUND('',#12779,.T.);
#12779 = EDGE_LOOP('',(#12780));
#12780 = ORIENTED_EDGE('',*,*,#12781,.F.);
#12781 = EDGE_CURVE('',#12782,#12782,#12784,.T.);
#12782 = VERTEX_POINT('',#12783);
#12783 = CARTESIAN_POINT('',(169.953711,-94.804015,-4.E-02));
#12784 = CIRCLE('',#12785,0.475);
#12785 = AXIS2_PLACEMENT_3D('',#12786,#12787,#12788);
#12786 = CARTESIAN_POINT('',(169.953711,-94.329015,-4.E-02));
#12787 = DIRECTION('',(-0.,0.,-1.));
#12788 = DIRECTION('',(-0.,-1.,0.));
#12789 = PLANE('',#12790);
#12790 = AXIS2_PLACEMENT_3D('',#12791,#12792,#12793);
#12791 = CARTESIAN_POINT('',(0.,0.,-4.E-02));
#12792 = DIRECTION('',(-0.,-0.,-1.));
#12793 = DIRECTION('',(-1.,0.,0.));
#12794 = ADVANCED_FACE('',(#12795),#12801,.F.);
#12795 = FACE_BOUND('',#12796,.F.);
#12796 = EDGE_LOOP('',(#12797,#12798,#12799,#12800));
#12797 = ORIENTED_EDGE('',*,*,#12720,.T.);
#12798 = ORIENTED_EDGE('',*,*,#12772,.T.);
#12799 = ORIENTED_EDGE('',*,*,#12680,.F.);
#12800 = ORIENTED_EDGE('',*,*,#12744,.F.);
#12801 = PLANE('',#12802);
#12802 = AXIS2_PLACEMENT_3D('',#12803,#12804,#12805);
#12803 = CARTESIAN_POINT('',(170.413728,-93.218436,0.));
#12804 = DIRECTION('',(-0.923879566662,-0.382683349917,-0.));
#12805 = DIRECTION('',(0.382683349917,-0.923879566662,0.));
#12806 = ADVANCED_FACE('',(#12807),#12818,.F.);
#12807 = FACE_BOUND('',#12808,.T.);
#12808 = EDGE_LOOP('',(#12809,#12810,#12816,#12817));
#12809 = ORIENTED_EDGE('',*,*,#12781,.T.);
#12810 = ORIENTED_EDGE('',*,*,#12811,.T.);
#12811 = EDGE_CURVE('',#12782,#12754,#12812,.T.);
#12812 = LINE('',#12813,#12814);
#12813 = CARTESIAN_POINT('',(169.953711,-94.804015,-4.6E-02));
#12814 = VECTOR('',#12815,1.);
#12815 = DIRECTION('',(0.,0.,1.));
#12816 = ORIENTED_EDGE('',*,*,#12753,.F.);
#12817 = ORIENTED_EDGE('',*,*,#12811,.F.);
#12818 = CYLINDRICAL_SURFACE('',#12819,0.475);
#12819 = AXIS2_PLACEMENT_3D('',#12820,#12821,#12822);
#12820 = CARTESIAN_POINT('',(169.953711,-94.329015,-4.6E-02));
#12821 = DIRECTION('',(-0.,-0.,-1.));
#12822 = DIRECTION('',(-0.,-1.,0.));
#12823 = MANIFOLD_SOLID_BREP('',#12824);
#12824 = CLOSED_SHELL('',(#12825,#12858,#12878,#12898));
#12825 = ADVANCED_FACE('',(#12826),#12853,.T.);
#12826 = FACE_BOUND('',#12827,.F.);
#12827 = EDGE_LOOP('',(#12828,#12838,#12845,#12846));
#12828 = ORIENTED_EDGE('',*,*,#12829,.T.);
#12829 = EDGE_CURVE('',#12830,#12832,#12834,.T.);
#12830 = VERTEX_POINT('',#12831);
#12831 = CARTESIAN_POINT('',(169.953711,-94.829015,-4.E-02));
#12832 = VERTEX_POINT('',#12833);
#12833 = CARTESIAN_POINT('',(169.953711,-94.829015,1.55));
#12834 = LINE('',#12835,#12836);
#12835 = CARTESIAN_POINT('',(169.953711,-94.829015,-4.E-02));
#12836 = VECTOR('',#12837,1.);
#12837 = DIRECTION('',(0.,0.,1.));
#12838 = ORIENTED_EDGE('',*,*,#12839,.T.);
#12839 = EDGE_CURVE('',#12832,#12832,#12840,.T.);
#12840 = CIRCLE('',#12841,0.5);
#12841 = AXIS2_PLACEMENT_3D('',#12842,#12843,#12844);
#12842 = CARTESIAN_POINT('',(169.953711,-94.329015,1.55));
#12843 = DIRECTION('',(0.,0.,1.));
#12844 = DIRECTION('',(-0.,-1.,0.));
#12845 = ORIENTED_EDGE('',*,*,#12829,.F.);
#12846 = ORIENTED_EDGE('',*,*,#12847,.F.);
#12847 = EDGE_CURVE('',#12830,#12830,#12848,.T.);
#12848 = CIRCLE('',#12849,0.5);
#12849 = AXIS2_PLACEMENT_3D('',#12850,#12851,#12852);
#12850 = CARTESIAN_POINT('',(169.953711,-94.329015,-4.E-02));
#12851 = DIRECTION('',(0.,0.,1.));
#12852 = DIRECTION('',(-0.,-1.,0.));
#12853 = CYLINDRICAL_SURFACE('',#12854,0.5);
#12854 = AXIS2_PLACEMENT_3D('',#12855,#12856,#12857);
#12855 = CARTESIAN_POINT('',(169.953711,-94.329015,-4.E-02));
#12856 = DIRECTION('',(-0.,-0.,-1.));
#12857 = DIRECTION('',(-0.,-1.,0.));
#12858 = ADVANCED_FACE('',(#12859,#12862),#12873,.F.);
#12859 = FACE_BOUND('',#12860,.F.);
#12860 = EDGE_LOOP('',(#12861));
#12861 = ORIENTED_EDGE('',*,*,#12847,.T.);
#12862 = FACE_BOUND('',#12863,.F.);
#12863 = EDGE_LOOP('',(#12864));
#12864 = ORIENTED_EDGE('',*,*,#12865,.T.);
#12865 = EDGE_CURVE('',#12866,#12866,#12868,.T.);
#12866 = VERTEX_POINT('',#12867);
#12867 = CARTESIAN_POINT('',(169.953711,-94.804015,-4.E-02));
#12868 = CIRCLE('',#12869,0.475);
#12869 = AXIS2_PLACEMENT_3D('',#12870,#12871,#12872);
#12870 = CARTESIAN_POINT('',(169.953711,-94.329015,-4.E-02));
#12871 = DIRECTION('',(-0.,0.,-1.));
#12872 = DIRECTION('',(-0.,-1.,0.));
#12873 = PLANE('',#12874);
#12874 = AXIS2_PLACEMENT_3D('',#12875,#12876,#12877);
#12875 = CARTESIAN_POINT('',(169.953711,-94.829015,-4.E-02));
#12876 = DIRECTION('',(0.,0.,1.));
#12877 = DIRECTION('',(1.,0.,-0.));
#12878 = ADVANCED_FACE('',(#12879,#12882),#12893,.T.);
#12879 = FACE_BOUND('',#12880,.T.);
#12880 = EDGE_LOOP('',(#12881));
#12881 = ORIENTED_EDGE('',*,*,#12839,.T.);
#12882 = FACE_BOUND('',#12883,.T.);
#12883 = EDGE_LOOP('',(#12884));
#12884 = ORIENTED_EDGE('',*,*,#12885,.T.);
#12885 = EDGE_CURVE('',#12886,#12886,#12888,.T.);
#12886 = VERTEX_POINT('',#12887);
#12887 = CARTESIAN_POINT('',(169.953711,-94.804015,1.55));
#12888 = CIRCLE('',#12889,0.475);
#12889 = AXIS2_PLACEMENT_3D('',#12890,#12891,#12892);
#12890 = CARTESIAN_POINT('',(169.953711,-94.329015,1.55));
#12891 = DIRECTION('',(-0.,0.,-1.));
#12892 = DIRECTION('',(-0.,-1.,0.));
#12893 = PLANE('',#12894);
#12894 = AXIS2_PLACEMENT_3D('',#12895,#12896,#12897);
#12895 = CARTESIAN_POINT('',(169.953711,-94.829015,1.55));
#12896 = DIRECTION('',(0.,0.,1.));
#12897 = DIRECTION('',(1.,0.,-0.));
#12898 = ADVANCED_FACE('',(#12899),#12910,.F.);
#12899 = FACE_BOUND('',#12900,.T.);
#12900 = EDGE_LOOP('',(#12901,#12902,#12908,#12909));
#12901 = ORIENTED_EDGE('',*,*,#12865,.T.);
#12902 = ORIENTED_EDGE('',*,*,#12903,.T.);
#12903 = EDGE_CURVE('',#12866,#12886,#12904,.T.);
#12904 = LINE('',#12905,#12906);
#12905 = CARTESIAN_POINT('',(169.953711,-94.804015,-4.6E-02));
#12906 = VECTOR('',#12907,1.);
#12907 = DIRECTION('',(0.,0.,1.));
#12908 = ORIENTED_EDGE('',*,*,#12885,.F.);
#12909 = ORIENTED_EDGE('',*,*,#12903,.F.);
#12910 = CYLINDRICAL_SURFACE('',#12911,0.475);
#12911 = AXIS2_PLACEMENT_3D('',#12912,#12913,#12914);
#12912 = CARTESIAN_POINT('',(169.953711,-94.329015,-4.6E-02));
#12913 = DIRECTION('',(-0.,-0.,-1.));
#12914 = DIRECTION('',(-0.,-1.,0.));
#12915 = MANIFOLD_SOLID_BREP('',#12916);
#12916 = CLOSED_SHELL('',(#12917,#12957,#12988,#13019,#13047,#13075,
    #13087));
#12917 = ADVANCED_FACE('',(#12918),#12952,.T.);
#12918 = FACE_BOUND('',#12919,.T.);
#12919 = EDGE_LOOP('',(#12920,#12930,#12938,#12946));
#12920 = ORIENTED_EDGE('',*,*,#12921,.T.);
#12921 = EDGE_CURVE('',#12922,#12924,#12926,.T.);
#12922 = VERTEX_POINT('',#12923);
#12923 = CARTESIAN_POINT('',(160.131002,-85.156868,1.51));
#12924 = VERTEX_POINT('',#12925);
#12925 = CARTESIAN_POINT('',(160.131002,-85.156868,1.55));
#12926 = LINE('',#12927,#12928);
#12927 = CARTESIAN_POINT('',(160.131002,-85.156868,1.51));
#12928 = VECTOR('',#12929,1.);
#12929 = DIRECTION('',(0.,0.,1.));
#12930 = ORIENTED_EDGE('',*,*,#12931,.T.);
#12931 = EDGE_CURVE('',#12924,#12932,#12934,.T.);
#12932 = VERTEX_POINT('',#12933);
#12933 = CARTESIAN_POINT('',(158.560406,-84.506306,1.55));
#12934 = LINE('',#12935,#12936);
#12935 = CARTESIAN_POINT('',(160.131002,-85.156868,1.55));
#12936 = VECTOR('',#12937,1.);
#12937 = DIRECTION('',(-0.923879566662,0.382683349917,0.));
#12938 = ORIENTED_EDGE('',*,*,#12939,.F.);
#12939 = EDGE_CURVE('',#12940,#12932,#12942,.T.);
#12940 = VERTEX_POINT('',#12941);
#12941 = CARTESIAN_POINT('',(158.560406,-84.506306,1.51));
#12942 = LINE('',#12943,#12944);
#12943 = CARTESIAN_POINT('',(158.560406,-84.506306,1.51));
#12944 = VECTOR('',#12945,1.);
#12945 = DIRECTION('',(0.,0.,1.));
#12946 = ORIENTED_EDGE('',*,*,#12947,.F.);
#12947 = EDGE_CURVE('',#12922,#12940,#12948,.T.);
#12948 = LINE('',#12949,#12950);
#12949 = CARTESIAN_POINT('',(160.131002,-85.156868,1.51));
#12950 = VECTOR('',#12951,1.);
#12951 = DIRECTION('',(-0.923879566662,0.382683349917,0.));
#12952 = PLANE('',#12953);
#12953 = AXIS2_PLACEMENT_3D('',#12954,#12955,#12956);
#12954 = CARTESIAN_POINT('',(160.131002,-85.156868,1.51));
#12955 = DIRECTION('',(-0.382683349917,-0.923879566662,0.));
#12956 = DIRECTION('',(-0.923879566662,0.382683349917,0.));
#12957 = ADVANCED_FACE('',(#12958),#12983,.T.);
#12958 = FACE_BOUND('',#12959,.T.);
#12959 = EDGE_LOOP('',(#12960,#12970,#12976,#12977));
#12960 = ORIENTED_EDGE('',*,*,#12961,.T.);
#12961 = EDGE_CURVE('',#12962,#12964,#12966,.T.);
#12962 = VERTEX_POINT('',#12963);
#12963 = CARTESIAN_POINT('',(160.781564,-83.586272,1.51));
#12964 = VERTEX_POINT('',#12965);
#12965 = CARTESIAN_POINT('',(160.781564,-83.586272,1.55));
#12966 = LINE('',#12967,#12968);
#12967 = CARTESIAN_POINT('',(160.781564,-83.586272,1.51));
#12968 = VECTOR('',#12969,1.);
#12969 = DIRECTION('',(0.,0.,1.));
#12970 = ORIENTED_EDGE('',*,*,#12971,.T.);
#12971 = EDGE_CURVE('',#12964,#12924,#12972,.T.);
#12972 = LINE('',#12973,#12974);
#12973 = CARTESIAN_POINT('',(160.781564,-83.586272,1.55));
#12974 = VECTOR('',#12975,1.);
#12975 = DIRECTION('',(-0.382683349917,-0.923879566662,0.));
#12976 = ORIENTED_EDGE('',*,*,#12921,.F.);
#12977 = ORIENTED_EDGE('',*,*,#12978,.F.);
#12978 = EDGE_CURVE('',#12962,#12922,#12979,.T.);
#12979 = LINE('',#12980,#12981);
#12980 = CARTESIAN_POINT('',(160.781564,-83.586272,1.51));
#12981 = VECTOR('',#12982,1.);
#12982 = DIRECTION('',(-0.382683349917,-0.923879566662,0.));
#12983 = PLANE('',#12984);
#12984 = AXIS2_PLACEMENT_3D('',#12985,#12986,#12987);
#12985 = CARTESIAN_POINT('',(160.781564,-83.586272,1.51));
#12986 = DIRECTION('',(0.923879566662,-0.382683349917,0.));
#12987 = DIRECTION('',(-0.382683349917,-0.923879566662,0.));
#12988 = ADVANCED_FACE('',(#12989),#13014,.T.);
#12989 = FACE_BOUND('',#12990,.T.);
#12990 = EDGE_LOOP('',(#12991,#12992,#13000,#13008));
#12991 = ORIENTED_EDGE('',*,*,#12939,.T.);
#12992 = ORIENTED_EDGE('',*,*,#12993,.T.);
#12993 = EDGE_CURVE('',#12932,#12994,#12996,.T.);
#12994 = VERTEX_POINT('',#12995);
#12995 = CARTESIAN_POINT('',(159.210968,-82.93571,1.55));
#12996 = LINE('',#12997,#12998);
#12997 = CARTESIAN_POINT('',(158.560406,-84.506306,1.55));
#12998 = VECTOR('',#12999,1.);
#12999 = DIRECTION('',(0.382683349917,0.923879566662,0.));
#13000 = ORIENTED_EDGE('',*,*,#13001,.F.);
#13001 = EDGE_CURVE('',#13002,#12994,#13004,.T.);
#13002 = VERTEX_POINT('',#13003);
#13003 = CARTESIAN_POINT('',(159.210968,-82.93571,1.51));
#13004 = LINE('',#13005,#13006);
#13005 = CARTESIAN_POINT('',(159.210968,-82.93571,1.51));
#13006 = VECTOR('',#13007,1.);
#13007 = DIRECTION('',(0.,0.,1.));
#13008 = ORIENTED_EDGE('',*,*,#13009,.F.);
#13009 = EDGE_CURVE('',#12940,#13002,#13010,.T.);
#13010 = LINE('',#13011,#13012);
#13011 = CARTESIAN_POINT('',(158.560406,-84.506306,1.51));
#13012 = VECTOR('',#13013,1.);
#13013 = DIRECTION('',(0.382683349917,0.923879566662,0.));
#13014 = PLANE('',#13015);
#13015 = AXIS2_PLACEMENT_3D('',#13016,#13017,#13018);
#13016 = CARTESIAN_POINT('',(158.560406,-84.506306,1.51));
#13017 = DIRECTION('',(-0.923879566662,0.382683349917,0.));
#13018 = DIRECTION('',(0.382683349917,0.923879566662,0.));
#13019 = ADVANCED_FACE('',(#13020,#13031),#13042,.F.);
#13020 = FACE_BOUND('',#13021,.F.);
#13021 = EDGE_LOOP('',(#13022,#13023,#13024,#13030));
#13022 = ORIENTED_EDGE('',*,*,#12947,.F.);
#13023 = ORIENTED_EDGE('',*,*,#12978,.F.);
#13024 = ORIENTED_EDGE('',*,*,#13025,.F.);
#13025 = EDGE_CURVE('',#13002,#12962,#13026,.T.);
#13026 = LINE('',#13027,#13028);
#13027 = CARTESIAN_POINT('',(159.210968,-82.93571,1.51));
#13028 = VECTOR('',#13029,1.);
#13029 = DIRECTION('',(0.923879566662,-0.382683349917,0.));
#13030 = ORIENTED_EDGE('',*,*,#13009,.F.);
#13031 = FACE_BOUND('',#13032,.F.);
#13032 = EDGE_LOOP('',(#13033));
#13033 = ORIENTED_EDGE('',*,*,#13034,.T.);
#13034 = EDGE_CURVE('',#13035,#13035,#13037,.T.);
#13035 = VERTEX_POINT('',#13036);
#13036 = CARTESIAN_POINT('',(159.670985,-84.521289,1.51));
#13037 = CIRCLE('',#13038,0.475);
#13038 = AXIS2_PLACEMENT_3D('',#13039,#13040,#13041);
#13039 = CARTESIAN_POINT('',(159.670985,-84.046289,1.51));
#13040 = DIRECTION('',(-0.,0.,-1.));
#13041 = DIRECTION('',(-0.,-1.,0.));
#13042 = PLANE('',#13043);
#13043 = AXIS2_PLACEMENT_3D('',#13044,#13045,#13046);
#13044 = CARTESIAN_POINT('',(0.,0.,1.51));
#13045 = DIRECTION('',(0.,0.,1.));
#13046 = DIRECTION('',(1.,0.,-0.));
#13047 = ADVANCED_FACE('',(#13048,#13059),#13070,.T.);
#13048 = FACE_BOUND('',#13049,.T.);
#13049 = EDGE_LOOP('',(#13050,#13051,#13052,#13058));
#13050 = ORIENTED_EDGE('',*,*,#12931,.F.);
#13051 = ORIENTED_EDGE('',*,*,#12971,.F.);
#13052 = ORIENTED_EDGE('',*,*,#13053,.F.);
#13053 = EDGE_CURVE('',#12994,#12964,#13054,.T.);
#13054 = LINE('',#13055,#13056);
#13055 = CARTESIAN_POINT('',(159.210968,-82.93571,1.55));
#13056 = VECTOR('',#13057,1.);
#13057 = DIRECTION('',(0.923879566662,-0.382683349917,0.));
#13058 = ORIENTED_EDGE('',*,*,#12993,.F.);
#13059 = FACE_BOUND('',#13060,.T.);
#13060 = EDGE_LOOP('',(#13061));
#13061 = ORIENTED_EDGE('',*,*,#13062,.T.);
#13062 = EDGE_CURVE('',#13063,#13063,#13065,.T.);
#13063 = VERTEX_POINT('',#13064);
#13064 = CARTESIAN_POINT('',(159.670985,-84.521289,1.55));
#13065 = CIRCLE('',#13066,0.475);
#13066 = AXIS2_PLACEMENT_3D('',#13067,#13068,#13069);
#13067 = CARTESIAN_POINT('',(159.670985,-84.046289,1.55));
#13068 = DIRECTION('',(-0.,0.,-1.));
#13069 = DIRECTION('',(-0.,-1.,0.));
#13070 = PLANE('',#13071);
#13071 = AXIS2_PLACEMENT_3D('',#13072,#13073,#13074);
#13072 = CARTESIAN_POINT('',(0.,0.,1.55));
#13073 = DIRECTION('',(0.,0.,1.));
#13074 = DIRECTION('',(1.,0.,-0.));
#13075 = ADVANCED_FACE('',(#13076),#13082,.T.);
#13076 = FACE_BOUND('',#13077,.T.);
#13077 = EDGE_LOOP('',(#13078,#13079,#13080,#13081));
#13078 = ORIENTED_EDGE('',*,*,#13001,.T.);
#13079 = ORIENTED_EDGE('',*,*,#13053,.T.);
#13080 = ORIENTED_EDGE('',*,*,#12961,.F.);
#13081 = ORIENTED_EDGE('',*,*,#13025,.F.);
#13082 = PLANE('',#13083);
#13083 = AXIS2_PLACEMENT_3D('',#13084,#13085,#13086);
#13084 = CARTESIAN_POINT('',(159.210968,-82.93571,1.51));
#13085 = DIRECTION('',(0.382683349917,0.923879566662,-0.));
#13086 = DIRECTION('',(0.923879566662,-0.382683349917,0.));
#13087 = ADVANCED_FACE('',(#13088),#13099,.F.);
#13088 = FACE_BOUND('',#13089,.T.);
#13089 = EDGE_LOOP('',(#13090,#13091,#13097,#13098));
#13090 = ORIENTED_EDGE('',*,*,#13034,.T.);
#13091 = ORIENTED_EDGE('',*,*,#13092,.T.);
#13092 = EDGE_CURVE('',#13035,#13063,#13093,.T.);
#13093 = LINE('',#13094,#13095);
#13094 = CARTESIAN_POINT('',(159.670985,-84.521289,-4.6E-02));
#13095 = VECTOR('',#13096,1.);
#13096 = DIRECTION('',(0.,0.,1.));
#13097 = ORIENTED_EDGE('',*,*,#13062,.F.);
#13098 = ORIENTED_EDGE('',*,*,#13092,.F.);
#13099 = CYLINDRICAL_SURFACE('',#13100,0.475);
#13100 = AXIS2_PLACEMENT_3D('',#13101,#13102,#13103);
#13101 = CARTESIAN_POINT('',(159.670985,-84.046289,-4.6E-02));
#13102 = DIRECTION('',(-0.,-0.,-1.));
#13103 = DIRECTION('',(-0.,-1.,0.));
#13104 = MANIFOLD_SOLID_BREP('',#13105);
#13105 = CLOSED_SHELL('',(#13106,#13146,#13177,#13208,#13236,#13264,
    #13276));
#13106 = ADVANCED_FACE('',(#13107),#13141,.F.);
#13107 = FACE_BOUND('',#13108,.F.);
#13108 = EDGE_LOOP('',(#13109,#13119,#13127,#13135));
#13109 = ORIENTED_EDGE('',*,*,#13110,.T.);
#13110 = EDGE_CURVE('',#13111,#13113,#13115,.T.);
#13111 = VERTEX_POINT('',#13112);
#13112 = CARTESIAN_POINT('',(160.131002,-85.156868,0.));
#13113 = VERTEX_POINT('',#13114);
#13114 = CARTESIAN_POINT('',(160.131002,-85.156868,-4.E-02));
#13115 = LINE('',#13116,#13117);
#13116 = CARTESIAN_POINT('',(160.131002,-85.156868,0.));
#13117 = VECTOR('',#13118,1.);
#13118 = DIRECTION('',(0.,0.,-1.));
#13119 = ORIENTED_EDGE('',*,*,#13120,.T.);
#13120 = EDGE_CURVE('',#13113,#13121,#13123,.T.);
#13121 = VERTEX_POINT('',#13122);
#13122 = CARTESIAN_POINT('',(158.560406,-84.506306,-4.E-02));
#13123 = LINE('',#13124,#13125);
#13124 = CARTESIAN_POINT('',(160.131002,-85.156868,-4.E-02));
#13125 = VECTOR('',#13126,1.);
#13126 = DIRECTION('',(-0.923879566662,0.382683349917,0.));
#13127 = ORIENTED_EDGE('',*,*,#13128,.F.);
#13128 = EDGE_CURVE('',#13129,#13121,#13131,.T.);
#13129 = VERTEX_POINT('',#13130);
#13130 = CARTESIAN_POINT('',(158.560406,-84.506306,0.));
#13131 = LINE('',#13132,#13133);
#13132 = CARTESIAN_POINT('',(158.560406,-84.506306,0.));
#13133 = VECTOR('',#13134,1.);
#13134 = DIRECTION('',(0.,0.,-1.));
#13135 = ORIENTED_EDGE('',*,*,#13136,.F.);
#13136 = EDGE_CURVE('',#13111,#13129,#13137,.T.);
#13137 = LINE('',#13138,#13139);
#13138 = CARTESIAN_POINT('',(160.131002,-85.156868,0.));
#13139 = VECTOR('',#13140,1.);
#13140 = DIRECTION('',(-0.923879566662,0.382683349917,0.));
#13141 = PLANE('',#13142);
#13142 = AXIS2_PLACEMENT_3D('',#13143,#13144,#13145);
#13143 = CARTESIAN_POINT('',(160.131002,-85.156868,0.));
#13144 = DIRECTION('',(0.382683349917,0.923879566662,0.));
#13145 = DIRECTION('',(-0.923879566662,0.382683349917,0.));
#13146 = ADVANCED_FACE('',(#13147),#13172,.F.);
#13147 = FACE_BOUND('',#13148,.F.);
#13148 = EDGE_LOOP('',(#13149,#13159,#13165,#13166));
#13149 = ORIENTED_EDGE('',*,*,#13150,.T.);
#13150 = EDGE_CURVE('',#13151,#13153,#13155,.T.);
#13151 = VERTEX_POINT('',#13152);
#13152 = CARTESIAN_POINT('',(160.781564,-83.586272,0.));
#13153 = VERTEX_POINT('',#13154);
#13154 = CARTESIAN_POINT('',(160.781564,-83.586272,-4.E-02));
#13155 = LINE('',#13156,#13157);
#13156 = CARTESIAN_POINT('',(160.781564,-83.586272,0.));
#13157 = VECTOR('',#13158,1.);
#13158 = DIRECTION('',(0.,0.,-1.));
#13159 = ORIENTED_EDGE('',*,*,#13160,.T.);
#13160 = EDGE_CURVE('',#13153,#13113,#13161,.T.);
#13161 = LINE('',#13162,#13163);
#13162 = CARTESIAN_POINT('',(160.781564,-83.586272,-4.E-02));
#13163 = VECTOR('',#13164,1.);
#13164 = DIRECTION('',(-0.382683349917,-0.923879566662,0.));
#13165 = ORIENTED_EDGE('',*,*,#13110,.F.);
#13166 = ORIENTED_EDGE('',*,*,#13167,.F.);
#13167 = EDGE_CURVE('',#13151,#13111,#13168,.T.);
#13168 = LINE('',#13169,#13170);
#13169 = CARTESIAN_POINT('',(160.781564,-83.586272,0.));
#13170 = VECTOR('',#13171,1.);
#13171 = DIRECTION('',(-0.382683349917,-0.923879566662,0.));
#13172 = PLANE('',#13173);
#13173 = AXIS2_PLACEMENT_3D('',#13174,#13175,#13176);
#13174 = CARTESIAN_POINT('',(160.781564,-83.586272,0.));
#13175 = DIRECTION('',(-0.923879566662,0.382683349917,0.));
#13176 = DIRECTION('',(-0.382683349917,-0.923879566662,0.));
#13177 = ADVANCED_FACE('',(#13178),#13203,.F.);
#13178 = FACE_BOUND('',#13179,.F.);
#13179 = EDGE_LOOP('',(#13180,#13181,#13189,#13197));
#13180 = ORIENTED_EDGE('',*,*,#13128,.T.);
#13181 = ORIENTED_EDGE('',*,*,#13182,.T.);
#13182 = EDGE_CURVE('',#13121,#13183,#13185,.T.);
#13183 = VERTEX_POINT('',#13184);
#13184 = CARTESIAN_POINT('',(159.210968,-82.93571,-4.E-02));
#13185 = LINE('',#13186,#13187);
#13186 = CARTESIAN_POINT('',(158.560406,-84.506306,-4.E-02));
#13187 = VECTOR('',#13188,1.);
#13188 = DIRECTION('',(0.382683349917,0.923879566662,0.));
#13189 = ORIENTED_EDGE('',*,*,#13190,.F.);
#13190 = EDGE_CURVE('',#13191,#13183,#13193,.T.);
#13191 = VERTEX_POINT('',#13192);
#13192 = CARTESIAN_POINT('',(159.210968,-82.93571,0.));
#13193 = LINE('',#13194,#13195);
#13194 = CARTESIAN_POINT('',(159.210968,-82.93571,0.));
#13195 = VECTOR('',#13196,1.);
#13196 = DIRECTION('',(0.,0.,-1.));
#13197 = ORIENTED_EDGE('',*,*,#13198,.F.);
#13198 = EDGE_CURVE('',#13129,#13191,#13199,.T.);
#13199 = LINE('',#13200,#13201);
#13200 = CARTESIAN_POINT('',(158.560406,-84.506306,0.));
#13201 = VECTOR('',#13202,1.);
#13202 = DIRECTION('',(0.382683349917,0.923879566662,0.));
#13203 = PLANE('',#13204);
#13204 = AXIS2_PLACEMENT_3D('',#13205,#13206,#13207);
#13205 = CARTESIAN_POINT('',(158.560406,-84.506306,0.));
#13206 = DIRECTION('',(0.923879566662,-0.382683349917,0.));
#13207 = DIRECTION('',(0.382683349917,0.923879566662,0.));
#13208 = ADVANCED_FACE('',(#13209,#13220),#13231,.F.);
#13209 = FACE_BOUND('',#13210,.F.);
#13210 = EDGE_LOOP('',(#13211,#13212,#13213,#13219));
#13211 = ORIENTED_EDGE('',*,*,#13136,.T.);
#13212 = ORIENTED_EDGE('',*,*,#13198,.T.);
#13213 = ORIENTED_EDGE('',*,*,#13214,.T.);
#13214 = EDGE_CURVE('',#13191,#13151,#13215,.T.);
#13215 = LINE('',#13216,#13217);
#13216 = CARTESIAN_POINT('',(159.210968,-82.93571,0.));
#13217 = VECTOR('',#13218,1.);
#13218 = DIRECTION('',(0.923879566662,-0.382683349917,0.));
#13219 = ORIENTED_EDGE('',*,*,#13167,.T.);
#13220 = FACE_BOUND('',#13221,.F.);
#13221 = EDGE_LOOP('',(#13222));
#13222 = ORIENTED_EDGE('',*,*,#13223,.F.);
#13223 = EDGE_CURVE('',#13224,#13224,#13226,.T.);
#13224 = VERTEX_POINT('',#13225);
#13225 = CARTESIAN_POINT('',(159.670985,-84.521289,0.));
#13226 = CIRCLE('',#13227,0.475);
#13227 = AXIS2_PLACEMENT_3D('',#13228,#13229,#13230);
#13228 = CARTESIAN_POINT('',(159.670985,-84.046289,0.));
#13229 = DIRECTION('',(-0.,0.,-1.));
#13230 = DIRECTION('',(-0.,-1.,0.));
#13231 = PLANE('',#13232);
#13232 = AXIS2_PLACEMENT_3D('',#13233,#13234,#13235);
#13233 = CARTESIAN_POINT('',(0.,0.,0.));
#13234 = DIRECTION('',(-0.,-0.,-1.));
#13235 = DIRECTION('',(-1.,0.,0.));
#13236 = ADVANCED_FACE('',(#13237,#13248),#13259,.T.);
#13237 = FACE_BOUND('',#13238,.T.);
#13238 = EDGE_LOOP('',(#13239,#13240,#13241,#13247));
#13239 = ORIENTED_EDGE('',*,*,#13120,.T.);
#13240 = ORIENTED_EDGE('',*,*,#13182,.T.);
#13241 = ORIENTED_EDGE('',*,*,#13242,.T.);
#13242 = EDGE_CURVE('',#13183,#13153,#13243,.T.);
#13243 = LINE('',#13244,#13245);
#13244 = CARTESIAN_POINT('',(159.210968,-82.93571,-4.E-02));
#13245 = VECTOR('',#13246,1.);
#13246 = DIRECTION('',(0.923879566662,-0.382683349917,0.));
#13247 = ORIENTED_EDGE('',*,*,#13160,.T.);
#13248 = FACE_BOUND('',#13249,.T.);
#13249 = EDGE_LOOP('',(#13250));
#13250 = ORIENTED_EDGE('',*,*,#13251,.F.);
#13251 = EDGE_CURVE('',#13252,#13252,#13254,.T.);
#13252 = VERTEX_POINT('',#13253);
#13253 = CARTESIAN_POINT('',(159.670985,-84.521289,-4.E-02));
#13254 = CIRCLE('',#13255,0.475);
#13255 = AXIS2_PLACEMENT_3D('',#13256,#13257,#13258);
#13256 = CARTESIAN_POINT('',(159.670985,-84.046289,-4.E-02));
#13257 = DIRECTION('',(-0.,0.,-1.));
#13258 = DIRECTION('',(-0.,-1.,0.));
#13259 = PLANE('',#13260);
#13260 = AXIS2_PLACEMENT_3D('',#13261,#13262,#13263);
#13261 = CARTESIAN_POINT('',(0.,0.,-4.E-02));
#13262 = DIRECTION('',(-0.,-0.,-1.));
#13263 = DIRECTION('',(-1.,0.,0.));
#13264 = ADVANCED_FACE('',(#13265),#13271,.F.);
#13265 = FACE_BOUND('',#13266,.F.);
#13266 = EDGE_LOOP('',(#13267,#13268,#13269,#13270));
#13267 = ORIENTED_EDGE('',*,*,#13190,.T.);
#13268 = ORIENTED_EDGE('',*,*,#13242,.T.);
#13269 = ORIENTED_EDGE('',*,*,#13150,.F.);
#13270 = ORIENTED_EDGE('',*,*,#13214,.F.);
#13271 = PLANE('',#13272);
#13272 = AXIS2_PLACEMENT_3D('',#13273,#13274,#13275);
#13273 = CARTESIAN_POINT('',(159.210968,-82.93571,0.));
#13274 = DIRECTION('',(-0.382683349917,-0.923879566662,-0.));
#13275 = DIRECTION('',(0.923879566662,-0.382683349917,0.));
#13276 = ADVANCED_FACE('',(#13277),#13288,.F.);
#13277 = FACE_BOUND('',#13278,.T.);
#13278 = EDGE_LOOP('',(#13279,#13280,#13286,#13287));
#13279 = ORIENTED_EDGE('',*,*,#13251,.T.);
#13280 = ORIENTED_EDGE('',*,*,#13281,.T.);
#13281 = EDGE_CURVE('',#13252,#13224,#13282,.T.);
#13282 = LINE('',#13283,#13284);
#13283 = CARTESIAN_POINT('',(159.670985,-84.521289,-4.6E-02));
#13284 = VECTOR('',#13285,1.);
#13285 = DIRECTION('',(0.,0.,1.));
#13286 = ORIENTED_EDGE('',*,*,#13223,.F.);
#13287 = ORIENTED_EDGE('',*,*,#13281,.F.);
#13288 = CYLINDRICAL_SURFACE('',#13289,0.475);
#13289 = AXIS2_PLACEMENT_3D('',#13290,#13291,#13292);
#13290 = CARTESIAN_POINT('',(159.670985,-84.046289,-4.6E-02));
#13291 = DIRECTION('',(-0.,-0.,-1.));
#13292 = DIRECTION('',(-0.,-1.,0.));
#13293 = MANIFOLD_SOLID_BREP('',#13294);
#13294 = CLOSED_SHELL('',(#13295,#13328,#13348,#13368));
#13295 = ADVANCED_FACE('',(#13296),#13323,.T.);
#13296 = FACE_BOUND('',#13297,.F.);
#13297 = EDGE_LOOP('',(#13298,#13308,#13315,#13316));
#13298 = ORIENTED_EDGE('',*,*,#13299,.T.);
#13299 = EDGE_CURVE('',#13300,#13302,#13304,.T.);
#13300 = VERTEX_POINT('',#13301);
#13301 = CARTESIAN_POINT('',(159.670985,-84.546289,-4.E-02));
#13302 = VERTEX_POINT('',#13303);
#13303 = CARTESIAN_POINT('',(159.670985,-84.546289,1.55));
#13304 = LINE('',#13305,#13306);
#13305 = CARTESIAN_POINT('',(159.670985,-84.546289,-4.E-02));
#13306 = VECTOR('',#13307,1.);
#13307 = DIRECTION('',(0.,0.,1.));
#13308 = ORIENTED_EDGE('',*,*,#13309,.T.);
#13309 = EDGE_CURVE('',#13302,#13302,#13310,.T.);
#13310 = CIRCLE('',#13311,0.5);
#13311 = AXIS2_PLACEMENT_3D('',#13312,#13313,#13314);
#13312 = CARTESIAN_POINT('',(159.670985,-84.046289,1.55));
#13313 = DIRECTION('',(0.,0.,1.));
#13314 = DIRECTION('',(-0.,-1.,0.));
#13315 = ORIENTED_EDGE('',*,*,#13299,.F.);
#13316 = ORIENTED_EDGE('',*,*,#13317,.F.);
#13317 = EDGE_CURVE('',#13300,#13300,#13318,.T.);
#13318 = CIRCLE('',#13319,0.5);
#13319 = AXIS2_PLACEMENT_3D('',#13320,#13321,#13322);
#13320 = CARTESIAN_POINT('',(159.670985,-84.046289,-4.E-02));
#13321 = DIRECTION('',(0.,0.,1.));
#13322 = DIRECTION('',(-0.,-1.,0.));
#13323 = CYLINDRICAL_SURFACE('',#13324,0.5);
#13324 = AXIS2_PLACEMENT_3D('',#13325,#13326,#13327);
#13325 = CARTESIAN_POINT('',(159.670985,-84.046289,-4.E-02));
#13326 = DIRECTION('',(-0.,-0.,-1.));
#13327 = DIRECTION('',(-0.,-1.,0.));
#13328 = ADVANCED_FACE('',(#13329,#13332),#13343,.F.);
#13329 = FACE_BOUND('',#13330,.F.);
#13330 = EDGE_LOOP('',(#13331));
#13331 = ORIENTED_EDGE('',*,*,#13317,.T.);
#13332 = FACE_BOUND('',#13333,.F.);
#13333 = EDGE_LOOP('',(#13334));
#13334 = ORIENTED_EDGE('',*,*,#13335,.T.);
#13335 = EDGE_CURVE('',#13336,#13336,#13338,.T.);
#13336 = VERTEX_POINT('',#13337);
#13337 = CARTESIAN_POINT('',(159.670985,-84.521289,-4.E-02));
#13338 = CIRCLE('',#13339,0.475);
#13339 = AXIS2_PLACEMENT_3D('',#13340,#13341,#13342);
#13340 = CARTESIAN_POINT('',(159.670985,-84.046289,-4.E-02));
#13341 = DIRECTION('',(-0.,0.,-1.));
#13342 = DIRECTION('',(-0.,-1.,0.));
#13343 = PLANE('',#13344);
#13344 = AXIS2_PLACEMENT_3D('',#13345,#13346,#13347);
#13345 = CARTESIAN_POINT('',(159.670985,-84.546289,-4.E-02));
#13346 = DIRECTION('',(0.,0.,1.));
#13347 = DIRECTION('',(1.,0.,-0.));
#13348 = ADVANCED_FACE('',(#13349,#13352),#13363,.T.);
#13349 = FACE_BOUND('',#13350,.T.);
#13350 = EDGE_LOOP('',(#13351));
#13351 = ORIENTED_EDGE('',*,*,#13309,.T.);
#13352 = FACE_BOUND('',#13353,.T.);
#13353 = EDGE_LOOP('',(#13354));
#13354 = ORIENTED_EDGE('',*,*,#13355,.T.);
#13355 = EDGE_CURVE('',#13356,#13356,#13358,.T.);
#13356 = VERTEX_POINT('',#13357);
#13357 = CARTESIAN_POINT('',(159.670985,-84.521289,1.55));
#13358 = CIRCLE('',#13359,0.475);
#13359 = AXIS2_PLACEMENT_3D('',#13360,#13361,#13362);
#13360 = CARTESIAN_POINT('',(159.670985,-84.046289,1.55));
#13361 = DIRECTION('',(-0.,0.,-1.));
#13362 = DIRECTION('',(-0.,-1.,0.));
#13363 = PLANE('',#13364);
#13364 = AXIS2_PLACEMENT_3D('',#13365,#13366,#13367);
#13365 = CARTESIAN_POINT('',(159.670985,-84.546289,1.55));
#13366 = DIRECTION('',(0.,0.,1.));
#13367 = DIRECTION('',(1.,0.,-0.));
#13368 = ADVANCED_FACE('',(#13369),#13380,.F.);
#13369 = FACE_BOUND('',#13370,.T.);
#13370 = EDGE_LOOP('',(#13371,#13372,#13378,#13379));
#13371 = ORIENTED_EDGE('',*,*,#13335,.T.);
#13372 = ORIENTED_EDGE('',*,*,#13373,.T.);
#13373 = EDGE_CURVE('',#13336,#13356,#13374,.T.);
#13374 = LINE('',#13375,#13376);
#13375 = CARTESIAN_POINT('',(159.670985,-84.521289,-4.6E-02));
#13376 = VECTOR('',#13377,1.);
#13377 = DIRECTION('',(0.,0.,1.));
#13378 = ORIENTED_EDGE('',*,*,#13355,.F.);
#13379 = ORIENTED_EDGE('',*,*,#13373,.F.);
#13380 = CYLINDRICAL_SURFACE('',#13381,0.475);
#13381 = AXIS2_PLACEMENT_3D('',#13382,#13383,#13384);
#13382 = CARTESIAN_POINT('',(159.670985,-84.046289,-4.6E-02));
#13383 = DIRECTION('',(-0.,-0.,-1.));
#13384 = DIRECTION('',(-0.,-1.,0.));
#13385 = ( GEOMETRIC_REPRESENTATION_CONTEXT(3) 
GLOBAL_UNCERTAINTY_ASSIGNED_CONTEXT((#13389)) 
GLOBAL_UNIT_ASSIGNED_CONTEXT((#13386,#13387,#13388)) 
REPRESENTATION_CONTEXT('Context #1',
  '3D Context with UNIT and UNCERTAINTY') );
#13386 = ( LENGTH_UNIT() NAMED_UNIT(*) SI_UNIT(.MILLI.,.METRE.) );
#13387 = ( NAMED_UNIT(*) PLANE_ANGLE_UNIT() SI_UNIT($,.RADIAN.) );
#13388 = ( NAMED_UNIT(*) SI_UNIT($,.STERADIAN.) SOLID_ANGLE_UNIT() );
#13389 = UNCERTAINTY_MEASURE_WITH_UNIT(LENGTH_MEASURE(1.E-07),#13386,
  'distance_accuracy_value','confusion accuracy');
#13390 = CONTEXT_DEPENDENT_SHAPE_REPRESENTATION(#13391,#13393);
#13391 = ( REPRESENTATION_RELATIONSHIP('','',#9624,#10) 
REPRESENTATION_RELATIONSHIP_WITH_TRANSFORMATION(#13392) 
SHAPE_REPRESENTATION_RELATIONSHIP() );
#13392 = ITEM_DEFINED_TRANSFORMATION('','',#11,#19);
#13393 = PRODUCT_DEFINITION_SHAPE('Placement','Placement of an item',
  #13394);
#13394 = NEXT_ASSEMBLY_USAGE_OCCURRENCE('2','=>[0:1:1:3]','',#5,#9619,$
  );
#13395 = PRODUCT_RELATED_PRODUCT_CATEGORY('part',$,(#9621));
#13396 = SHAPE_DEFINITION_REPRESENTATION(#13397,#13403);
#13397 = PRODUCT_DEFINITION_SHAPE('','',#13398);
#13398 = PRODUCT_DEFINITION('design','',#13399,#13402);
#13399 = PRODUCT_DEFINITION_FORMATION('','',#13400);
#13400 = PRODUCT('mounted_cap_sense_v1_soldermask',
  'mounted_cap_sense_v1_soldermask','',(#13401));
#13401 = PRODUCT_CONTEXT('',#2,'mechanical');
#13402 = PRODUCT_DEFINITION_CONTEXT('part definition',#2,'design');
#13403 = SHAPE_REPRESENTATION('',(#11,#13404,#13755),#14106);
#13404 = SHELL_BASED_SURFACE_MODEL('',(#13405));
#13405 = OPEN_SHELL('',(#13406));
#13406 = ADVANCED_FACE('',(#13407,#13451,#13485,#13519,#13546,#13580,
    #13614,#13648,#13682,#13716),#13750,.T.);
#13407 = FACE_BOUND('',#13408,.F.);
#13408 = EDGE_LOOP('',(#13409,#13419,#13428,#13436,#13445));
#13409 = ORIENTED_EDGE('',*,*,#13410,.T.);
#13410 = EDGE_CURVE('',#13411,#13413,#13415,.T.);
#13411 = VERTEX_POINT('',#13412);
#13412 = CARTESIAN_POINT('',(173.4,-101.6,1.56));
#13413 = VERTEX_POINT('',#13414);
#13414 = CARTESIAN_POINT('',(173.397501,-102.058167,1.56));
#13415 = LINE('',#13416,#13417);
#13416 = CARTESIAN_POINT('',(173.4,-101.6,1.56));
#13417 = VECTOR('',#13418,1.);
#13418 = DIRECTION('',(-5.454261935892E-03,-0.999985125403,0.));
#13419 = ORIENTED_EDGE('',*,*,#13420,.T.);
#13420 = EDGE_CURVE('',#13413,#13421,#13423,.T.);
#13421 = VERTEX_POINT('',#13422);
#13422 = CARTESIAN_POINT('',(138.55209,-117.390515,1.56));
#13423 = CIRCLE('',#13424,21.002498849468);
#13424 = AXIS2_PLACEMENT_3D('',#13425,#13426,#13427);
#13425 = CARTESIAN_POINT('',(152.40000015929,-101.600000691,1.56));
#13426 = DIRECTION('',(-0.,0.,-1.));
#13427 = DIRECTION('',(0.999762027899,-2.181484747393E-02,-0.));
#13428 = ORIENTED_EDGE('',*,*,#13429,.T.);
#13429 = EDGE_CURVE('',#13421,#13430,#13432,.T.);
#13430 = VERTEX_POINT('',#13431);
#13431 = CARTESIAN_POINT('',(137.876497,-116.771449,1.56));
#13432 = LINE('',#13433,#13434);
#13433 = CARTESIAN_POINT('',(138.55209,-117.390515,1.56));
#13434 = VECTOR('',#13435,1.);
#13435 = DIRECTION('',(-0.737277840622,0.675589657801,0.));
#13436 = ORIENTED_EDGE('',*,*,#13437,.T.);
#13437 = EDGE_CURVE('',#13430,#13438,#13440,.T.);
#13438 = VERTEX_POINT('',#13439);
#13439 = CARTESIAN_POINT('',(173.397501,-101.141833,1.56));
#13440 = CIRCLE('',#13441,21.002499480485);
#13441 = AXIS2_PLACEMENT_3D('',#13442,#13443,#13444);
#13442 = CARTESIAN_POINT('',(152.39999954795,-101.6000002172,1.56));
#13443 = DIRECTION('',(0.,0.,-1.));
#13444 = DIRECTION('',(-0.691513053551,-0.722363964196,-0.));
#13445 = ORIENTED_EDGE('',*,*,#13446,.T.);
#13446 = EDGE_CURVE('',#13438,#13411,#13447,.T.);
#13447 = LINE('',#13448,#13449);
#13448 = CARTESIAN_POINT('',(173.397501,-101.141833,1.56));
#13449 = VECTOR('',#13450,1.);
#13450 = DIRECTION('',(5.454261935892E-03,-0.999985125403,0.));
#13451 = FACE_BOUND('',#13452,.F.);
#13452 = EDGE_LOOP('',(#13453,#13463,#13471,#13479));
#13453 = ORIENTED_EDGE('',*,*,#13454,.T.);
#13454 = EDGE_CURVE('',#13455,#13457,#13459,.T.);
#13455 = VERTEX_POINT('',#13456);
#13456 = CARTESIAN_POINT('',(145.589032,-120.26429,1.56));
#13457 = VERTEX_POINT('',#13458);
#13458 = CARTESIAN_POINT('',(146.239594,-118.693694,1.56));
#13459 = LINE('',#13460,#13461);
#13460 = CARTESIAN_POINT('',(145.589032,-120.26429,1.56));
#13461 = VECTOR('',#13462,1.);
#13462 = DIRECTION('',(0.382683349917,0.923879566662,0.));
#13463 = ORIENTED_EDGE('',*,*,#13464,.T.);
#13464 = EDGE_CURVE('',#13457,#13465,#13467,.T.);
#13465 = VERTEX_POINT('',#13466);
#13466 = CARTESIAN_POINT('',(144.668998,-118.043132,1.56));
#13467 = LINE('',#13468,#13469);
#13468 = CARTESIAN_POINT('',(146.239594,-118.693694,1.56));
#13469 = VECTOR('',#13470,1.);
#13470 = DIRECTION('',(-0.923879566662,0.382683349917,0.));
#13471 = ORIENTED_EDGE('',*,*,#13472,.T.);
#13472 = EDGE_CURVE('',#13465,#13473,#13475,.T.);
#13473 = VERTEX_POINT('',#13474);
#13474 = CARTESIAN_POINT('',(144.018436,-119.613728,1.56));
#13475 = LINE('',#13476,#13477);
#13476 = CARTESIAN_POINT('',(144.668998,-118.043132,1.56));
#13477 = VECTOR('',#13478,1.);
#13478 = DIRECTION('',(-0.382683349917,-0.923879566662,0.));
#13479 = ORIENTED_EDGE('',*,*,#13480,.T.);
#13480 = EDGE_CURVE('',#13473,#13455,#13481,.T.);
#13481 = LINE('',#13482,#13483);
#13482 = CARTESIAN_POINT('',(144.018436,-119.613728,1.56));
#13483 = VECTOR('',#13484,1.);
#13484 = DIRECTION('',(0.923879566662,-0.382683349917,0.));
#13485 = FACE_BOUND('',#13486,.F.);
#13486 = EDGE_LOOP('',(#13487,#13497,#13505,#13513));
#13487 = ORIENTED_EDGE('',*,*,#13488,.T.);
#13488 = EDGE_CURVE('',#13489,#13491,#13493,.T.);
#13489 = VERTEX_POINT('',#13490);
#13490 = CARTESIAN_POINT('',(159.210968,-120.26429,1.56));
#13491 = VERTEX_POINT('',#13492);
#13492 = CARTESIAN_POINT('',(160.781564,-119.613728,1.56));
#13493 = LINE('',#13494,#13495);
#13494 = CARTESIAN_POINT('',(159.210968,-120.26429,1.56));
#13495 = VECTOR('',#13496,1.);
#13496 = DIRECTION('',(0.923879566662,0.382683349917,0.));
#13497 = ORIENTED_EDGE('',*,*,#13498,.T.);
#13498 = EDGE_CURVE('',#13491,#13499,#13501,.T.);
#13499 = VERTEX_POINT('',#13500);
#13500 = CARTESIAN_POINT('',(160.131002,-118.043132,1.56));
#13501 = LINE('',#13502,#13503);
#13502 = CARTESIAN_POINT('',(160.781564,-119.613728,1.56));
#13503 = VECTOR('',#13504,1.);
#13504 = DIRECTION('',(-0.382683349917,0.923879566662,0.));
#13505 = ORIENTED_EDGE('',*,*,#13506,.T.);
#13506 = EDGE_CURVE('',#13499,#13507,#13509,.T.);
#13507 = VERTEX_POINT('',#13508);
#13508 = CARTESIAN_POINT('',(158.560406,-118.693694,1.56));
#13509 = LINE('',#13510,#13511);
#13510 = CARTESIAN_POINT('',(160.131002,-118.043132,1.56));
#13511 = VECTOR('',#13512,1.);
#13512 = DIRECTION('',(-0.923879566662,-0.382683349917,0.));
#13513 = ORIENTED_EDGE('',*,*,#13514,.T.);
#13514 = EDGE_CURVE('',#13507,#13489,#13515,.T.);
#13515 = LINE('',#13516,#13517);
#13516 = CARTESIAN_POINT('',(158.560406,-118.693694,1.56));
#13517 = VECTOR('',#13518,1.);
#13518 = DIRECTION('',(0.382683349917,-0.923879566662,0.));
#13519 = FACE_BOUND('',#13520,.F.);
#13520 = EDGE_LOOP('',(#13521,#13531,#13540));
#13521 = ORIENTED_EDGE('',*,*,#13522,.T.);
#13522 = EDGE_CURVE('',#13523,#13525,#13527,.T.);
#13523 = VERTEX_POINT('',#13524);
#13524 = CARTESIAN_POINT('',(169.4,-101.6,1.56));
#13525 = VERTEX_POINT('',#13526);
#13526 = CARTESIAN_POINT('',(169.397518,-101.189156,1.56));
#13527 = LINE('',#13528,#13529);
#13528 = CARTESIAN_POINT('',(169.4,-101.6,1.56));
#13529 = VECTOR('',#13530,1.);
#13530 = DIRECTION('',(-6.041112220845E-03,0.999981752315,0.));
#13531 = ORIENTED_EDGE('',*,*,#13532,.T.);
#13532 = EDGE_CURVE('',#13525,#13533,#13535,.T.);
#13533 = VERTEX_POINT('',#13534);
#13534 = CARTESIAN_POINT('',(169.397518,-102.010844,1.56));
#13535 = CIRCLE('',#13536,17.002481436002);
#13536 = AXIS2_PLACEMENT_3D('',#13537,#13538,#13539);
#13537 = CARTESIAN_POINT('',(152.40000105812,-101.5999999999,1.56));
#13538 = DIRECTION('',(0.,0.,1.));
#13539 = DIRECTION('',(0.999708013554,2.41637670092E-02,-0.));
#13540 = ORIENTED_EDGE('',*,*,#13541,.T.);
#13541 = EDGE_CURVE('',#13533,#13523,#13542,.T.);
#13542 = LINE('',#13543,#13544);
#13543 = CARTESIAN_POINT('',(169.397518,-102.010844,1.56));
#13544 = VECTOR('',#13545,1.);
#13545 = DIRECTION('',(6.041112220845E-03,0.999981752315,0.));
#13546 = FACE_BOUND('',#13547,.F.);
#13547 = EDGE_LOOP('',(#13548,#13558,#13566,#13574));
#13548 = ORIENTED_EDGE('',*,*,#13549,.T.);
#13549 = EDGE_CURVE('',#13550,#13552,#13554,.T.);
#13550 = VERTEX_POINT('',#13551);
#13551 = CARTESIAN_POINT('',(134.386272,-109.981564,1.56));
#13552 = VERTEX_POINT('',#13553);
#13553 = CARTESIAN_POINT('',(135.956868,-109.331002,1.56));
#13554 = LINE('',#13555,#13556);
#13555 = CARTESIAN_POINT('',(134.386272,-109.981564,1.56));
#13556 = VECTOR('',#13557,1.);
#13557 = DIRECTION('',(0.923879566662,0.382683349917,0.));
#13558 = ORIENTED_EDGE('',*,*,#13559,.T.);
#13559 = EDGE_CURVE('',#13552,#13560,#13562,.T.);
#13560 = VERTEX_POINT('',#13561);
#13561 = CARTESIAN_POINT('',(135.306306,-107.760406,1.56));
#13562 = LINE('',#13563,#13564);
#13563 = CARTESIAN_POINT('',(135.956868,-109.331002,1.56));
#13564 = VECTOR('',#13565,1.);
#13565 = DIRECTION('',(-0.382683349917,0.923879566662,0.));
#13566 = ORIENTED_EDGE('',*,*,#13567,.T.);
#13567 = EDGE_CURVE('',#13560,#13568,#13570,.T.);
#13568 = VERTEX_POINT('',#13569);
#13569 = CARTESIAN_POINT('',(133.73571,-108.410968,1.56));
#13570 = LINE('',#13571,#13572);
#13571 = CARTESIAN_POINT('',(135.306306,-107.760406,1.56));
#13572 = VECTOR('',#13573,1.);
#13573 = DIRECTION('',(-0.923879566662,-0.382683349917,0.));
#13574 = ORIENTED_EDGE('',*,*,#13575,.T.);
#13575 = EDGE_CURVE('',#13568,#13550,#13576,.T.);
#13576 = LINE('',#13577,#13578);
#13577 = CARTESIAN_POINT('',(133.73571,-108.410968,1.56));
#13578 = VECTOR('',#13579,1.);
#13579 = DIRECTION('',(0.382683349917,-0.923879566662,0.));
#13580 = FACE_BOUND('',#13581,.F.);
#13581 = EDGE_LOOP('',(#13582,#13592,#13600,#13608));
#13582 = ORIENTED_EDGE('',*,*,#13583,.T.);
#13583 = EDGE_CURVE('',#13584,#13586,#13588,.T.);
#13584 = VERTEX_POINT('',#13585);
#13585 = CARTESIAN_POINT('',(170.413728,-109.981564,1.56));
#13586 = VERTEX_POINT('',#13587);
#13587 = CARTESIAN_POINT('',(171.06429,-108.410968,1.56));
#13588 = LINE('',#13589,#13590);
#13589 = CARTESIAN_POINT('',(170.413728,-109.981564,1.56));
#13590 = VECTOR('',#13591,1.);
#13591 = DIRECTION('',(0.382683349917,0.923879566662,0.));
#13592 = ORIENTED_EDGE('',*,*,#13593,.T.);
#13593 = EDGE_CURVE('',#13586,#13594,#13596,.T.);
#13594 = VERTEX_POINT('',#13595);
#13595 = CARTESIAN_POINT('',(169.493694,-107.760406,1.56));
#13596 = LINE('',#13597,#13598);
#13597 = CARTESIAN_POINT('',(171.06429,-108.410968,1.56));
#13598 = VECTOR('',#13599,1.);
#13599 = DIRECTION('',(-0.923879566662,0.382683349917,0.));
#13600 = ORIENTED_EDGE('',*,*,#13601,.T.);
#13601 = EDGE_CURVE('',#13594,#13602,#13604,.T.);
#13602 = VERTEX_POINT('',#13603);
#13603 = CARTESIAN_POINT('',(168.843132,-109.331002,1.56));
#13604 = LINE('',#13605,#13606);
#13605 = CARTESIAN_POINT('',(169.493694,-107.760406,1.56));
#13606 = VECTOR('',#13607,1.);
#13607 = DIRECTION('',(-0.382683349917,-0.923879566662,0.));
#13608 = ORIENTED_EDGE('',*,*,#13609,.T.);
#13609 = EDGE_CURVE('',#13602,#13584,#13610,.T.);
#13610 = LINE('',#13611,#13612);
#13611 = CARTESIAN_POINT('',(168.843132,-109.331002,1.56));
#13612 = VECTOR('',#13613,1.);
#13613 = DIRECTION('',(0.923879566662,-0.382683349917,0.));
#13614 = FACE_BOUND('',#13615,.F.);
#13615 = EDGE_LOOP('',(#13616,#13626,#13634,#13642));
#13616 = ORIENTED_EDGE('',*,*,#13617,.T.);
#13617 = EDGE_CURVE('',#13618,#13620,#13622,.T.);
#13618 = VERTEX_POINT('',#13619);
#13619 = CARTESIAN_POINT('',(135.306306,-95.439594,1.56));
#13620 = VERTEX_POINT('',#13621);
#13621 = CARTESIAN_POINT('',(135.956868,-93.868998,1.56));
#13622 = LINE('',#13623,#13624);
#13623 = CARTESIAN_POINT('',(135.306306,-95.439594,1.56));
#13624 = VECTOR('',#13625,1.);
#13625 = DIRECTION('',(0.382683349917,0.923879566662,0.));
#13626 = ORIENTED_EDGE('',*,*,#13627,.T.);
#13627 = EDGE_CURVE('',#13620,#13628,#13630,.T.);
#13628 = VERTEX_POINT('',#13629);
#13629 = CARTESIAN_POINT('',(134.386272,-93.218436,1.56));
#13630 = LINE('',#13631,#13632);
#13631 = CARTESIAN_POINT('',(135.956868,-93.868998,1.56));
#13632 = VECTOR('',#13633,1.);
#13633 = DIRECTION('',(-0.923879566662,0.382683349917,0.));
#13634 = ORIENTED_EDGE('',*,*,#13635,.T.);
#13635 = EDGE_CURVE('',#13628,#13636,#13638,.T.);
#13636 = VERTEX_POINT('',#13637);
#13637 = CARTESIAN_POINT('',(133.73571,-94.789032,1.56));
#13638 = LINE('',#13639,#13640);
#13639 = CARTESIAN_POINT('',(134.386272,-93.218436,1.56));
#13640 = VECTOR('',#13641,1.);
#13641 = DIRECTION('',(-0.382683349917,-0.923879566662,0.));
#13642 = ORIENTED_EDGE('',*,*,#13643,.T.);
#13643 = EDGE_CURVE('',#13636,#13618,#13644,.T.);
#13644 = LINE('',#13645,#13646);
#13645 = CARTESIAN_POINT('',(133.73571,-94.789032,1.56));
#13646 = VECTOR('',#13647,1.);
#13647 = DIRECTION('',(0.923879566662,-0.382683349917,0.));
#13648 = FACE_BOUND('',#13649,.F.);
#13649 = EDGE_LOOP('',(#13650,#13660,#13668,#13676));
#13650 = ORIENTED_EDGE('',*,*,#13651,.T.);
#13651 = EDGE_CURVE('',#13652,#13654,#13656,.T.);
#13652 = VERTEX_POINT('',#13653);
#13653 = CARTESIAN_POINT('',(169.493694,-95.439594,1.56));
#13654 = VERTEX_POINT('',#13655);
#13655 = CARTESIAN_POINT('',(171.06429,-94.789032,1.56));
#13656 = LINE('',#13657,#13658);
#13657 = CARTESIAN_POINT('',(169.493694,-95.439594,1.56));
#13658 = VECTOR('',#13659,1.);
#13659 = DIRECTION('',(0.923879566662,0.382683349917,0.));
#13660 = ORIENTED_EDGE('',*,*,#13661,.T.);
#13661 = EDGE_CURVE('',#13654,#13662,#13664,.T.);
#13662 = VERTEX_POINT('',#13663);
#13663 = CARTESIAN_POINT('',(170.413728,-93.218436,1.56));
#13664 = LINE('',#13665,#13666);
#13665 = CARTESIAN_POINT('',(171.06429,-94.789032,1.56));
#13666 = VECTOR('',#13667,1.);
#13667 = DIRECTION('',(-0.382683349917,0.923879566662,0.));
#13668 = ORIENTED_EDGE('',*,*,#13669,.T.);
#13669 = EDGE_CURVE('',#13662,#13670,#13672,.T.);
#13670 = VERTEX_POINT('',#13671);
#13671 = CARTESIAN_POINT('',(168.843132,-93.868998,1.56));
#13672 = LINE('',#13673,#13674);
#13673 = CARTESIAN_POINT('',(170.413728,-93.218436,1.56));
#13674 = VECTOR('',#13675,1.);
#13675 = DIRECTION('',(-0.923879566662,-0.382683349917,0.));
#13676 = ORIENTED_EDGE('',*,*,#13677,.T.);
#13677 = EDGE_CURVE('',#13670,#13652,#13678,.T.);
#13678 = LINE('',#13679,#13680);
#13679 = CARTESIAN_POINT('',(168.843132,-93.868998,1.56));
#13680 = VECTOR('',#13681,1.);
#13681 = DIRECTION('',(0.382683349917,-0.923879566662,0.));
#13682 = FACE_BOUND('',#13683,.F.);
#13683 = EDGE_LOOP('',(#13684,#13694,#13702,#13710));
#13684 = ORIENTED_EDGE('',*,*,#13685,.T.);
#13685 = EDGE_CURVE('',#13686,#13688,#13690,.T.);
#13686 = VERTEX_POINT('',#13687);
#13687 = CARTESIAN_POINT('',(144.668998,-85.156868,1.56));
#13688 = VERTEX_POINT('',#13689);
#13689 = CARTESIAN_POINT('',(146.239594,-84.506306,1.56));
#13690 = LINE('',#13691,#13692);
#13691 = CARTESIAN_POINT('',(144.668998,-85.156868,1.56));
#13692 = VECTOR('',#13693,1.);
#13693 = DIRECTION('',(0.923879566662,0.382683349917,0.));
#13694 = ORIENTED_EDGE('',*,*,#13695,.T.);
#13695 = EDGE_CURVE('',#13688,#13696,#13698,.T.);
#13696 = VERTEX_POINT('',#13697);
#13697 = CARTESIAN_POINT('',(145.589032,-82.93571,1.56));
#13698 = LINE('',#13699,#13700);
#13699 = CARTESIAN_POINT('',(146.239594,-84.506306,1.56));
#13700 = VECTOR('',#13701,1.);
#13701 = DIRECTION('',(-0.382683349917,0.923879566662,0.));
#13702 = ORIENTED_EDGE('',*,*,#13703,.T.);
#13703 = EDGE_CURVE('',#13696,#13704,#13706,.T.);
#13704 = VERTEX_POINT('',#13705);
#13705 = CARTESIAN_POINT('',(144.018436,-83.586272,1.56));
#13706 = LINE('',#13707,#13708);
#13707 = CARTESIAN_POINT('',(145.589032,-82.93571,1.56));
#13708 = VECTOR('',#13709,1.);
#13709 = DIRECTION('',(-0.923879566662,-0.382683349917,0.));
#13710 = ORIENTED_EDGE('',*,*,#13711,.T.);
#13711 = EDGE_CURVE('',#13704,#13686,#13712,.T.);
#13712 = LINE('',#13713,#13714);
#13713 = CARTESIAN_POINT('',(144.018436,-83.586272,1.56));
#13714 = VECTOR('',#13715,1.);
#13715 = DIRECTION('',(0.382683349917,-0.923879566662,0.));
#13716 = FACE_BOUND('',#13717,.F.);
#13717 = EDGE_LOOP('',(#13718,#13728,#13736,#13744));
#13718 = ORIENTED_EDGE('',*,*,#13719,.T.);
#13719 = EDGE_CURVE('',#13720,#13722,#13724,.T.);
#13720 = VERTEX_POINT('',#13721);
#13721 = CARTESIAN_POINT('',(160.131002,-85.156868,1.56));
#13722 = VERTEX_POINT('',#13723);
#13723 = CARTESIAN_POINT('',(160.781564,-83.586272,1.56));
#13724 = LINE('',#13725,#13726);
#13725 = CARTESIAN_POINT('',(160.131002,-85.156868,1.56));
#13726 = VECTOR('',#13727,1.);
#13727 = DIRECTION('',(0.382683349917,0.923879566662,0.));
#13728 = ORIENTED_EDGE('',*,*,#13729,.T.);
#13729 = EDGE_CURVE('',#13722,#13730,#13732,.T.);
#13730 = VERTEX_POINT('',#13731);
#13731 = CARTESIAN_POINT('',(159.210968,-82.93571,1.56));
#13732 = LINE('',#13733,#13734);
#13733 = CARTESIAN_POINT('',(160.781564,-83.586272,1.56));
#13734 = VECTOR('',#13735,1.);
#13735 = DIRECTION('',(-0.923879566662,0.382683349917,0.));
#13736 = ORIENTED_EDGE('',*,*,#13737,.T.);
#13737 = EDGE_CURVE('',#13730,#13738,#13740,.T.);
#13738 = VERTEX_POINT('',#13739);
#13739 = CARTESIAN_POINT('',(158.560406,-84.506306,1.56));
#13740 = LINE('',#13741,#13742);
#13741 = CARTESIAN_POINT('',(159.210968,-82.93571,1.56));
#13742 = VECTOR('',#13743,1.);
#13743 = DIRECTION('',(-0.382683349917,-0.923879566662,0.));
#13744 = ORIENTED_EDGE('',*,*,#13745,.T.);
#13745 = EDGE_CURVE('',#13738,#13720,#13746,.T.);
#13746 = LINE('',#13747,#13748);
#13747 = CARTESIAN_POINT('',(158.560406,-84.506306,1.56));
#13748 = VECTOR('',#13749,1.);
#13749 = DIRECTION('',(0.923879566662,-0.382683349917,0.));
#13750 = PLANE('',#13751);
#13751 = AXIS2_PLACEMENT_3D('',#13752,#13753,#13754);
#13752 = CARTESIAN_POINT('',(0.,0.,1.56));
#13753 = DIRECTION('',(0.,0.,1.));
#13754 = DIRECTION('',(1.,0.,-0.));
#13755 = SHELL_BASED_SURFACE_MODEL('',(#13756));
#13756 = OPEN_SHELL('',(#13757));
#13757 = ADVANCED_FACE('',(#13758,#13802,#13836,#13870,#13897,#13931,
    #13965,#13999,#14033,#14067),#14101,.T.);
#13758 = FACE_BOUND('',#13759,.T.);
#13759 = EDGE_LOOP('',(#13760,#13770,#13779,#13787,#13796));
#13760 = ORIENTED_EDGE('',*,*,#13761,.T.);
#13761 = EDGE_CURVE('',#13762,#13764,#13766,.T.);
#13762 = VERTEX_POINT('',#13763);
#13763 = CARTESIAN_POINT('',(173.4,-101.6,-5.E-02));
#13764 = VERTEX_POINT('',#13765);
#13765 = CARTESIAN_POINT('',(173.397501,-102.058167,-5.E-02));
#13766 = LINE('',#13767,#13768);
#13767 = CARTESIAN_POINT('',(173.4,-101.6,-5.E-02));
#13768 = VECTOR('',#13769,1.);
#13769 = DIRECTION('',(-5.454261935892E-03,-0.999985125403,0.));
#13770 = ORIENTED_EDGE('',*,*,#13771,.T.);
#13771 = EDGE_CURVE('',#13764,#13772,#13774,.T.);
#13772 = VERTEX_POINT('',#13773);
#13773 = CARTESIAN_POINT('',(138.55209,-117.390515,-5.E-02));
#13774 = CIRCLE('',#13775,21.002498849468);
#13775 = AXIS2_PLACEMENT_3D('',#13776,#13777,#13778);
#13776 = CARTESIAN_POINT('',(152.40000015929,-101.600000691,-5.E-02));
#13777 = DIRECTION('',(-0.,0.,-1.));
#13778 = DIRECTION('',(0.999762027899,-2.181484747393E-02,-0.));
#13779 = ORIENTED_EDGE('',*,*,#13780,.T.);
#13780 = EDGE_CURVE('',#13772,#13781,#13783,.T.);
#13781 = VERTEX_POINT('',#13782);
#13782 = CARTESIAN_POINT('',(137.876497,-116.771449,-5.E-02));
#13783 = LINE('',#13784,#13785);
#13784 = CARTESIAN_POINT('',(138.55209,-117.390515,-5.E-02));
#13785 = VECTOR('',#13786,1.);
#13786 = DIRECTION('',(-0.737277840622,0.675589657801,0.));
#13787 = ORIENTED_EDGE('',*,*,#13788,.T.);
#13788 = EDGE_CURVE('',#13781,#13789,#13791,.T.);
#13789 = VERTEX_POINT('',#13790);
#13790 = CARTESIAN_POINT('',(173.397501,-101.141833,-5.E-02));
#13791 = CIRCLE('',#13792,21.002499480485);
#13792 = AXIS2_PLACEMENT_3D('',#13793,#13794,#13795);
#13793 = CARTESIAN_POINT('',(152.39999954795,-101.6000002172,-5.E-02));
#13794 = DIRECTION('',(0.,0.,-1.));
#13795 = DIRECTION('',(-0.691513053551,-0.722363964196,-0.));
#13796 = ORIENTED_EDGE('',*,*,#13797,.T.);
#13797 = EDGE_CURVE('',#13789,#13762,#13798,.T.);
#13798 = LINE('',#13799,#13800);
#13799 = CARTESIAN_POINT('',(173.397501,-101.141833,-5.E-02));
#13800 = VECTOR('',#13801,1.);
#13801 = DIRECTION('',(5.454261935892E-03,-0.999985125403,0.));
#13802 = FACE_BOUND('',#13803,.T.);
#13803 = EDGE_LOOP('',(#13804,#13814,#13822,#13830));
#13804 = ORIENTED_EDGE('',*,*,#13805,.T.);
#13805 = EDGE_CURVE('',#13806,#13808,#13810,.T.);
#13806 = VERTEX_POINT('',#13807);
#13807 = CARTESIAN_POINT('',(145.589032,-120.26429,-5.E-02));
#13808 = VERTEX_POINT('',#13809);
#13809 = CARTESIAN_POINT('',(146.239594,-118.693694,-5.E-02));
#13810 = LINE('',#13811,#13812);
#13811 = CARTESIAN_POINT('',(145.589032,-120.26429,-5.E-02));
#13812 = VECTOR('',#13813,1.);
#13813 = DIRECTION('',(0.382683349917,0.923879566662,0.));
#13814 = ORIENTED_EDGE('',*,*,#13815,.T.);
#13815 = EDGE_CURVE('',#13808,#13816,#13818,.T.);
#13816 = VERTEX_POINT('',#13817);
#13817 = CARTESIAN_POINT('',(144.668998,-118.043132,-5.E-02));
#13818 = LINE('',#13819,#13820);
#13819 = CARTESIAN_POINT('',(146.239594,-118.693694,-5.E-02));
#13820 = VECTOR('',#13821,1.);
#13821 = DIRECTION('',(-0.923879566662,0.382683349917,0.));
#13822 = ORIENTED_EDGE('',*,*,#13823,.T.);
#13823 = EDGE_CURVE('',#13816,#13824,#13826,.T.);
#13824 = VERTEX_POINT('',#13825);
#13825 = CARTESIAN_POINT('',(144.018436,-119.613728,-5.E-02));
#13826 = LINE('',#13827,#13828);
#13827 = CARTESIAN_POINT('',(144.668998,-118.043132,-5.E-02));
#13828 = VECTOR('',#13829,1.);
#13829 = DIRECTION('',(-0.382683349917,-0.923879566662,0.));
#13830 = ORIENTED_EDGE('',*,*,#13831,.T.);
#13831 = EDGE_CURVE('',#13824,#13806,#13832,.T.);
#13832 = LINE('',#13833,#13834);
#13833 = CARTESIAN_POINT('',(144.018436,-119.613728,-5.E-02));
#13834 = VECTOR('',#13835,1.);
#13835 = DIRECTION('',(0.923879566662,-0.382683349917,0.));
#13836 = FACE_BOUND('',#13837,.T.);
#13837 = EDGE_LOOP('',(#13838,#13848,#13856,#13864));
#13838 = ORIENTED_EDGE('',*,*,#13839,.T.);
#13839 = EDGE_CURVE('',#13840,#13842,#13844,.T.);
#13840 = VERTEX_POINT('',#13841);
#13841 = CARTESIAN_POINT('',(159.210968,-120.26429,-5.E-02));
#13842 = VERTEX_POINT('',#13843);
#13843 = CARTESIAN_POINT('',(160.781564,-119.613728,-5.E-02));
#13844 = LINE('',#13845,#13846);
#13845 = CARTESIAN_POINT('',(159.210968,-120.26429,-5.E-02));
#13846 = VECTOR('',#13847,1.);
#13847 = DIRECTION('',(0.923879566662,0.382683349917,0.));
#13848 = ORIENTED_EDGE('',*,*,#13849,.T.);
#13849 = EDGE_CURVE('',#13842,#13850,#13852,.T.);
#13850 = VERTEX_POINT('',#13851);
#13851 = CARTESIAN_POINT('',(160.131002,-118.043132,-5.E-02));
#13852 = LINE('',#13853,#13854);
#13853 = CARTESIAN_POINT('',(160.781564,-119.613728,-5.E-02));
#13854 = VECTOR('',#13855,1.);
#13855 = DIRECTION('',(-0.382683349917,0.923879566662,0.));
#13856 = ORIENTED_EDGE('',*,*,#13857,.T.);
#13857 = EDGE_CURVE('',#13850,#13858,#13860,.T.);
#13858 = VERTEX_POINT('',#13859);
#13859 = CARTESIAN_POINT('',(158.560406,-118.693694,-5.E-02));
#13860 = LINE('',#13861,#13862);
#13861 = CARTESIAN_POINT('',(160.131002,-118.043132,-5.E-02));
#13862 = VECTOR('',#13863,1.);
#13863 = DIRECTION('',(-0.923879566662,-0.382683349917,0.));
#13864 = ORIENTED_EDGE('',*,*,#13865,.T.);
#13865 = EDGE_CURVE('',#13858,#13840,#13866,.T.);
#13866 = LINE('',#13867,#13868);
#13867 = CARTESIAN_POINT('',(158.560406,-118.693694,-5.E-02));
#13868 = VECTOR('',#13869,1.);
#13869 = DIRECTION('',(0.382683349917,-0.923879566662,0.));
#13870 = FACE_BOUND('',#13871,.T.);
#13871 = EDGE_LOOP('',(#13872,#13882,#13891));
#13872 = ORIENTED_EDGE('',*,*,#13873,.T.);
#13873 = EDGE_CURVE('',#13874,#13876,#13878,.T.);
#13874 = VERTEX_POINT('',#13875);
#13875 = CARTESIAN_POINT('',(169.4,-101.6,-5.E-02));
#13876 = VERTEX_POINT('',#13877);
#13877 = CARTESIAN_POINT('',(169.397518,-101.189156,-5.E-02));
#13878 = LINE('',#13879,#13880);
#13879 = CARTESIAN_POINT('',(169.4,-101.6,-5.E-02));
#13880 = VECTOR('',#13881,1.);
#13881 = DIRECTION('',(-6.041112220845E-03,0.999981752315,0.));
#13882 = ORIENTED_EDGE('',*,*,#13883,.T.);
#13883 = EDGE_CURVE('',#13876,#13884,#13886,.T.);
#13884 = VERTEX_POINT('',#13885);
#13885 = CARTESIAN_POINT('',(169.397518,-102.010844,-5.E-02));
#13886 = CIRCLE('',#13887,17.002481436002);
#13887 = AXIS2_PLACEMENT_3D('',#13888,#13889,#13890);
#13888 = CARTESIAN_POINT('',(152.40000105812,-101.5999999999,-5.E-02));
#13889 = DIRECTION('',(0.,0.,1.));
#13890 = DIRECTION('',(0.999708013554,2.41637670092E-02,-0.));
#13891 = ORIENTED_EDGE('',*,*,#13892,.T.);
#13892 = EDGE_CURVE('',#13884,#13874,#13893,.T.);
#13893 = LINE('',#13894,#13895);
#13894 = CARTESIAN_POINT('',(169.397518,-102.010844,-5.E-02));
#13895 = VECTOR('',#13896,1.);
#13896 = DIRECTION('',(6.041112220845E-03,0.999981752315,0.));
#13897 = FACE_BOUND('',#13898,.T.);
#13898 = EDGE_LOOP('',(#13899,#13909,#13917,#13925));
#13899 = ORIENTED_EDGE('',*,*,#13900,.T.);
#13900 = EDGE_CURVE('',#13901,#13903,#13905,.T.);
#13901 = VERTEX_POINT('',#13902);
#13902 = CARTESIAN_POINT('',(134.386272,-109.981564,-5.E-02));
#13903 = VERTEX_POINT('',#13904);
#13904 = CARTESIAN_POINT('',(135.956868,-109.331002,-5.E-02));
#13905 = LINE('',#13906,#13907);
#13906 = CARTESIAN_POINT('',(134.386272,-109.981564,-5.E-02));
#13907 = VECTOR('',#13908,1.);
#13908 = DIRECTION('',(0.923879566662,0.382683349917,0.));
#13909 = ORIENTED_EDGE('',*,*,#13910,.T.);
#13910 = EDGE_CURVE('',#13903,#13911,#13913,.T.);
#13911 = VERTEX_POINT('',#13912);
#13912 = CARTESIAN_POINT('',(135.306306,-107.760406,-5.E-02));
#13913 = LINE('',#13914,#13915);
#13914 = CARTESIAN_POINT('',(135.956868,-109.331002,-5.E-02));
#13915 = VECTOR('',#13916,1.);
#13916 = DIRECTION('',(-0.382683349917,0.923879566662,0.));
#13917 = ORIENTED_EDGE('',*,*,#13918,.T.);
#13918 = EDGE_CURVE('',#13911,#13919,#13921,.T.);
#13919 = VERTEX_POINT('',#13920);
#13920 = CARTESIAN_POINT('',(133.73571,-108.410968,-5.E-02));
#13921 = LINE('',#13922,#13923);
#13922 = CARTESIAN_POINT('',(135.306306,-107.760406,-5.E-02));
#13923 = VECTOR('',#13924,1.);
#13924 = DIRECTION('',(-0.923879566662,-0.382683349917,0.));
#13925 = ORIENTED_EDGE('',*,*,#13926,.T.);
#13926 = EDGE_CURVE('',#13919,#13901,#13927,.T.);
#13927 = LINE('',#13928,#13929);
#13928 = CARTESIAN_POINT('',(133.73571,-108.410968,-5.E-02));
#13929 = VECTOR('',#13930,1.);
#13930 = DIRECTION('',(0.382683349917,-0.923879566662,0.));
#13931 = FACE_BOUND('',#13932,.T.);
#13932 = EDGE_LOOP('',(#13933,#13943,#13951,#13959));
#13933 = ORIENTED_EDGE('',*,*,#13934,.T.);
#13934 = EDGE_CURVE('',#13935,#13937,#13939,.T.);
#13935 = VERTEX_POINT('',#13936);
#13936 = CARTESIAN_POINT('',(170.413728,-109.981564,-5.E-02));
#13937 = VERTEX_POINT('',#13938);
#13938 = CARTESIAN_POINT('',(171.06429,-108.410968,-5.E-02));
#13939 = LINE('',#13940,#13941);
#13940 = CARTESIAN_POINT('',(170.413728,-109.981564,-5.E-02));
#13941 = VECTOR('',#13942,1.);
#13942 = DIRECTION('',(0.382683349917,0.923879566662,0.));
#13943 = ORIENTED_EDGE('',*,*,#13944,.T.);
#13944 = EDGE_CURVE('',#13937,#13945,#13947,.T.);
#13945 = VERTEX_POINT('',#13946);
#13946 = CARTESIAN_POINT('',(169.493694,-107.760406,-5.E-02));
#13947 = LINE('',#13948,#13949);
#13948 = CARTESIAN_POINT('',(171.06429,-108.410968,-5.E-02));
#13949 = VECTOR('',#13950,1.);
#13950 = DIRECTION('',(-0.923879566662,0.382683349917,0.));
#13951 = ORIENTED_EDGE('',*,*,#13952,.T.);
#13952 = EDGE_CURVE('',#13945,#13953,#13955,.T.);
#13953 = VERTEX_POINT('',#13954);
#13954 = CARTESIAN_POINT('',(168.843132,-109.331002,-5.E-02));
#13955 = LINE('',#13956,#13957);
#13956 = CARTESIAN_POINT('',(169.493694,-107.760406,-5.E-02));
#13957 = VECTOR('',#13958,1.);
#13958 = DIRECTION('',(-0.382683349917,-0.923879566662,0.));
#13959 = ORIENTED_EDGE('',*,*,#13960,.T.);
#13960 = EDGE_CURVE('',#13953,#13935,#13961,.T.);
#13961 = LINE('',#13962,#13963);
#13962 = CARTESIAN_POINT('',(168.843132,-109.331002,-5.E-02));
#13963 = VECTOR('',#13964,1.);
#13964 = DIRECTION('',(0.923879566662,-0.382683349917,0.));
#13965 = FACE_BOUND('',#13966,.T.);
#13966 = EDGE_LOOP('',(#13967,#13977,#13985,#13993));
#13967 = ORIENTED_EDGE('',*,*,#13968,.T.);
#13968 = EDGE_CURVE('',#13969,#13971,#13973,.T.);
#13969 = VERTEX_POINT('',#13970);
#13970 = CARTESIAN_POINT('',(135.306306,-95.439594,-5.E-02));
#13971 = VERTEX_POINT('',#13972);
#13972 = CARTESIAN_POINT('',(135.956868,-93.868998,-5.E-02));
#13973 = LINE('',#13974,#13975);
#13974 = CARTESIAN_POINT('',(135.306306,-95.439594,-5.E-02));
#13975 = VECTOR('',#13976,1.);
#13976 = DIRECTION('',(0.382683349917,0.923879566662,0.));
#13977 = ORIENTED_EDGE('',*,*,#13978,.T.);
#13978 = EDGE_CURVE('',#13971,#13979,#13981,.T.);
#13979 = VERTEX_POINT('',#13980);
#13980 = CARTESIAN_POINT('',(134.386272,-93.218436,-5.E-02));
#13981 = LINE('',#13982,#13983);
#13982 = CARTESIAN_POINT('',(135.956868,-93.868998,-5.E-02));
#13983 = VECTOR('',#13984,1.);
#13984 = DIRECTION('',(-0.923879566662,0.382683349917,0.));
#13985 = ORIENTED_EDGE('',*,*,#13986,.T.);
#13986 = EDGE_CURVE('',#13979,#13987,#13989,.T.);
#13987 = VERTEX_POINT('',#13988);
#13988 = CARTESIAN_POINT('',(133.73571,-94.789032,-5.E-02));
#13989 = LINE('',#13990,#13991);
#13990 = CARTESIAN_POINT('',(134.386272,-93.218436,-5.E-02));
#13991 = VECTOR('',#13992,1.);
#13992 = DIRECTION('',(-0.382683349917,-0.923879566662,0.));
#13993 = ORIENTED_EDGE('',*,*,#13994,.T.);
#13994 = EDGE_CURVE('',#13987,#13969,#13995,.T.);
#13995 = LINE('',#13996,#13997);
#13996 = CARTESIAN_POINT('',(133.73571,-94.789032,-5.E-02));
#13997 = VECTOR('',#13998,1.);
#13998 = DIRECTION('',(0.923879566662,-0.382683349917,0.));
#13999 = FACE_BOUND('',#14000,.T.);
#14000 = EDGE_LOOP('',(#14001,#14011,#14019,#14027));
#14001 = ORIENTED_EDGE('',*,*,#14002,.T.);
#14002 = EDGE_CURVE('',#14003,#14005,#14007,.T.);
#14003 = VERTEX_POINT('',#14004);
#14004 = CARTESIAN_POINT('',(169.493694,-95.439594,-5.E-02));
#14005 = VERTEX_POINT('',#14006);
#14006 = CARTESIAN_POINT('',(171.06429,-94.789032,-5.E-02));
#14007 = LINE('',#14008,#14009);
#14008 = CARTESIAN_POINT('',(169.493694,-95.439594,-5.E-02));
#14009 = VECTOR('',#14010,1.);
#14010 = DIRECTION('',(0.923879566662,0.382683349917,0.));
#14011 = ORIENTED_EDGE('',*,*,#14012,.T.);
#14012 = EDGE_CURVE('',#14005,#14013,#14015,.T.);
#14013 = VERTEX_POINT('',#14014);
#14014 = CARTESIAN_POINT('',(170.413728,-93.218436,-5.E-02));
#14015 = LINE('',#14016,#14017);
#14016 = CARTESIAN_POINT('',(171.06429,-94.789032,-5.E-02));
#14017 = VECTOR('',#14018,1.);
#14018 = DIRECTION('',(-0.382683349917,0.923879566662,0.));
#14019 = ORIENTED_EDGE('',*,*,#14020,.T.);
#14020 = EDGE_CURVE('',#14013,#14021,#14023,.T.);
#14021 = VERTEX_POINT('',#14022);
#14022 = CARTESIAN_POINT('',(168.843132,-93.868998,-5.E-02));
#14023 = LINE('',#14024,#14025);
#14024 = CARTESIAN_POINT('',(170.413728,-93.218436,-5.E-02));
#14025 = VECTOR('',#14026,1.);
#14026 = DIRECTION('',(-0.923879566662,-0.382683349917,0.));
#14027 = ORIENTED_EDGE('',*,*,#14028,.T.);
#14028 = EDGE_CURVE('',#14021,#14003,#14029,.T.);
#14029 = LINE('',#14030,#14031);
#14030 = CARTESIAN_POINT('',(168.843132,-93.868998,-5.E-02));
#14031 = VECTOR('',#14032,1.);
#14032 = DIRECTION('',(0.382683349917,-0.923879566662,0.));
#14033 = FACE_BOUND('',#14034,.T.);
#14034 = EDGE_LOOP('',(#14035,#14045,#14053,#14061));
#14035 = ORIENTED_EDGE('',*,*,#14036,.T.);
#14036 = EDGE_CURVE('',#14037,#14039,#14041,.T.);
#14037 = VERTEX_POINT('',#14038);
#14038 = CARTESIAN_POINT('',(144.668998,-85.156868,-5.E-02));
#14039 = VERTEX_POINT('',#14040);
#14040 = CARTESIAN_POINT('',(146.239594,-84.506306,-5.E-02));
#14041 = LINE('',#14042,#14043);
#14042 = CARTESIAN_POINT('',(144.668998,-85.156868,-5.E-02));
#14043 = VECTOR('',#14044,1.);
#14044 = DIRECTION('',(0.923879566662,0.382683349917,0.));
#14045 = ORIENTED_EDGE('',*,*,#14046,.T.);
#14046 = EDGE_CURVE('',#14039,#14047,#14049,.T.);
#14047 = VERTEX_POINT('',#14048);
#14048 = CARTESIAN_POINT('',(145.589032,-82.93571,-5.E-02));
#14049 = LINE('',#14050,#14051);
#14050 = CARTESIAN_POINT('',(146.239594,-84.506306,-5.E-02));
#14051 = VECTOR('',#14052,1.);
#14052 = DIRECTION('',(-0.382683349917,0.923879566662,0.));
#14053 = ORIENTED_EDGE('',*,*,#14054,.T.);
#14054 = EDGE_CURVE('',#14047,#14055,#14057,.T.);
#14055 = VERTEX_POINT('',#14056);
#14056 = CARTESIAN_POINT('',(144.018436,-83.586272,-5.E-02));
#14057 = LINE('',#14058,#14059);
#14058 = CARTESIAN_POINT('',(145.589032,-82.93571,-5.E-02));
#14059 = VECTOR('',#14060,1.);
#14060 = DIRECTION('',(-0.923879566662,-0.382683349917,0.));
#14061 = ORIENTED_EDGE('',*,*,#14062,.T.);
#14062 = EDGE_CURVE('',#14055,#14037,#14063,.T.);
#14063 = LINE('',#14064,#14065);
#14064 = CARTESIAN_POINT('',(144.018436,-83.586272,-5.E-02));
#14065 = VECTOR('',#14066,1.);
#14066 = DIRECTION('',(0.382683349917,-0.923879566662,0.));
#14067 = FACE_BOUND('',#14068,.T.);
#14068 = EDGE_LOOP('',(#14069,#14079,#14087,#14095));
#14069 = ORIENTED_EDGE('',*,*,#14070,.T.);
#14070 = EDGE_CURVE('',#14071,#14073,#14075,.T.);
#14071 = VERTEX_POINT('',#14072);
#14072 = CARTESIAN_POINT('',(160.131002,-85.156868,-5.E-02));
#14073 = VERTEX_POINT('',#14074);
#14074 = CARTESIAN_POINT('',(160.781564,-83.586272,-5.E-02));
#14075 = LINE('',#14076,#14077);
#14076 = CARTESIAN_POINT('',(160.131002,-85.156868,-5.E-02));
#14077 = VECTOR('',#14078,1.);
#14078 = DIRECTION('',(0.382683349917,0.923879566662,0.));
#14079 = ORIENTED_EDGE('',*,*,#14080,.T.);
#14080 = EDGE_CURVE('',#14073,#14081,#14083,.T.);
#14081 = VERTEX_POINT('',#14082);
#14082 = CARTESIAN_POINT('',(159.210968,-82.93571,-5.E-02));
#14083 = LINE('',#14084,#14085);
#14084 = CARTESIAN_POINT('',(160.781564,-83.586272,-5.E-02));
#14085 = VECTOR('',#14086,1.);
#14086 = DIRECTION('',(-0.923879566662,0.382683349917,0.));
#14087 = ORIENTED_EDGE('',*,*,#14088,.T.);
#14088 = EDGE_CURVE('',#14081,#14089,#14091,.T.);
#14089 = VERTEX_POINT('',#14090);
#14090 = CARTESIAN_POINT('',(158.560406,-84.506306,-5.E-02));
#14091 = LINE('',#14092,#14093);
#14092 = CARTESIAN_POINT('',(159.210968,-82.93571,-5.E-02));
#14093 = VECTOR('',#14094,1.);
#14094 = DIRECTION('',(-0.382683349917,-0.923879566662,0.));
#14095 = ORIENTED_EDGE('',*,*,#14096,.T.);
#14096 = EDGE_CURVE('',#14089,#14071,#14097,.T.);
#14097 = LINE('',#14098,#14099);
#14098 = CARTESIAN_POINT('',(158.560406,-84.506306,-5.E-02));
#14099 = VECTOR('',#14100,1.);
#14100 = DIRECTION('',(0.923879566662,-0.382683349917,0.));
#14101 = PLANE('',#14102);
#14102 = AXIS2_PLACEMENT_3D('',#14103,#14104,#14105);
#14103 = CARTESIAN_POINT('',(0.,0.,-5.E-02));
#14104 = DIRECTION('',(-0.,-0.,-1.));
#14105 = DIRECTION('',(-1.,0.,0.));
#14106 = ( GEOMETRIC_REPRESENTATION_CONTEXT(3) 
GLOBAL_UNCERTAINTY_ASSIGNED_CONTEXT((#14110)) 
GLOBAL_UNIT_ASSIGNED_CONTEXT((#14107,#14108,#14109)) 
REPRESENTATION_CONTEXT('Context #1',
  '3D Context with UNIT and UNCERTAINTY') );
#14107 = ( LENGTH_UNIT() NAMED_UNIT(*) SI_UNIT(.MILLI.,.METRE.) );
#14108 = ( NAMED_UNIT(*) PLANE_ANGLE_UNIT() SI_UNIT($,.RADIAN.) );
#14109 = ( NAMED_UNIT(*) SI_UNIT($,.STERADIAN.) SOLID_ANGLE_UNIT() );
#14110 = UNCERTAINTY_MEASURE_WITH_UNIT(LENGTH_MEASURE(1.E-07),#14107,
  'distance_accuracy_value','confusion accuracy');
#14111 = CONTEXT_DEPENDENT_SHAPE_REPRESENTATION(#14112,#14114);
#14112 = ( REPRESENTATION_RELATIONSHIP('','',#13403,#10) 
REPRESENTATION_RELATIONSHIP_WITH_TRANSFORMATION(#14113) 
SHAPE_REPRESENTATION_RELATIONSHIP() );
#14113 = ITEM_DEFINED_TRANSFORMATION('','',#11,#23);
#14114 = PRODUCT_DEFINITION_SHAPE('Placement','Placement of an item',
  #14115);
#14115 = NEXT_ASSEMBLY_USAGE_OCCURRENCE('3','=>[0:1:1:4]','',#5,#13398,$
  );
#14116 = PRODUCT_RELATED_PRODUCT_CATEGORY('part',$,(#13400));
#14117 = SHAPE_DEFINITION_REPRESENTATION(#14118,#14124);
#14118 = PRODUCT_DEFINITION_SHAPE('','',#14119);
#14119 = PRODUCT_DEFINITION('design','',#14120,#14123);
#14120 = PRODUCT_DEFINITION_FORMATION('','',#14121);
#14121 = PRODUCT('mounted_cap_sense_v1_PCB','mounted_cap_sense_v1_PCB',
  '',(#14122));
#14122 = PRODUCT_CONTEXT('',#2,'mechanical');
#14123 = PRODUCT_DEFINITION_CONTEXT('part definition',#2,'design');
#14124 = ADVANCED_BREP_SHAPE_REPRESENTATION('',(#11,#14125),#14529);
#14125 = MANIFOLD_SOLID_BREP('',#14126);
#14126 = CLOSED_SHELL('',(#14127,#14160,#14268,#14376,#14393,#14410,
    #14427,#14444,#14461,#14478,#14495,#14512));
#14127 = ADVANCED_FACE('',(#14128),#14155,.T.);
#14128 = FACE_BOUND('',#14129,.F.);
#14129 = EDGE_LOOP('',(#14130,#14140,#14147,#14148));
#14130 = ORIENTED_EDGE('',*,*,#14131,.T.);
#14131 = EDGE_CURVE('',#14132,#14134,#14136,.T.);
#14132 = VERTEX_POINT('',#14133);
#14133 = CARTESIAN_POINT('',(173.4,-101.6,0.));
#14134 = VERTEX_POINT('',#14135);
#14135 = CARTESIAN_POINT('',(173.4,-101.6,1.51));
#14136 = LINE('',#14137,#14138);
#14137 = CARTESIAN_POINT('',(173.4,-101.6,0.));
#14138 = VECTOR('',#14139,1.);
#14139 = DIRECTION('',(0.,0.,1.));
#14140 = ORIENTED_EDGE('',*,*,#14141,.T.);
#14141 = EDGE_CURVE('',#14134,#14134,#14142,.T.);
#14142 = CIRCLE('',#14143,21.);
#14143 = AXIS2_PLACEMENT_3D('',#14144,#14145,#14146);
#14144 = CARTESIAN_POINT('',(152.4,-101.6,1.51));
#14145 = DIRECTION('',(0.,0.,1.));
#14146 = DIRECTION('',(1.,0.,-0.));
#14147 = ORIENTED_EDGE('',*,*,#14131,.F.);
#14148 = ORIENTED_EDGE('',*,*,#14149,.F.);
#14149 = EDGE_CURVE('',#14132,#14132,#14150,.T.);
#14150 = CIRCLE('',#14151,21.);
#14151 = AXIS2_PLACEMENT_3D('',#14152,#14153,#14154);
#14152 = CARTESIAN_POINT('',(152.4,-101.6,0.));
#14153 = DIRECTION('',(0.,0.,1.));
#14154 = DIRECTION('',(1.,0.,-0.));
#14155 = CYLINDRICAL_SURFACE('',#14156,21.);
#14156 = AXIS2_PLACEMENT_3D('',#14157,#14158,#14159);
#14157 = CARTESIAN_POINT('',(152.4,-101.6,0.));
#14158 = DIRECTION('',(-0.,-0.,-1.));
#14159 = DIRECTION('',(1.,0.,-0.));
#14160 = ADVANCED_FACE('',(#14161,#14164,#14175,#14186,#14197,#14208,
    #14219,#14230,#14241,#14252),#14263,.F.);
#14161 = FACE_BOUND('',#14162,.F.);
#14162 = EDGE_LOOP('',(#14163));
#14163 = ORIENTED_EDGE('',*,*,#14149,.T.);
#14164 = FACE_BOUND('',#14165,.F.);
#14165 = EDGE_LOOP('',(#14166));
#14166 = ORIENTED_EDGE('',*,*,#14167,.T.);
#14167 = EDGE_CURVE('',#14168,#14168,#14170,.T.);
#14168 = VERTEX_POINT('',#14169);
#14169 = CARTESIAN_POINT('',(145.129015,-119.653711,0.));
#14170 = CIRCLE('',#14171,0.5);
#14171 = AXIS2_PLACEMENT_3D('',#14172,#14173,#14174);
#14172 = CARTESIAN_POINT('',(145.129015,-119.153711,0.));
#14173 = DIRECTION('',(-0.,0.,-1.));
#14174 = DIRECTION('',(-0.,-1.,0.));
#14175 = FACE_BOUND('',#14176,.F.);
#14176 = EDGE_LOOP('',(#14177));
#14177 = ORIENTED_EDGE('',*,*,#14178,.T.);
#14178 = EDGE_CURVE('',#14179,#14179,#14181,.T.);
#14179 = VERTEX_POINT('',#14180);
#14180 = CARTESIAN_POINT('',(134.846289,-109.370985,0.));
#14181 = CIRCLE('',#14182,0.5);
#14182 = AXIS2_PLACEMENT_3D('',#14183,#14184,#14185);
#14183 = CARTESIAN_POINT('',(134.846289,-108.870985,0.));
#14184 = DIRECTION('',(-0.,0.,-1.));
#14185 = DIRECTION('',(-0.,-1.,0.));
#14186 = FACE_BOUND('',#14187,.F.);
#14187 = EDGE_LOOP('',(#14188));
#14188 = ORIENTED_EDGE('',*,*,#14189,.T.);
#14189 = EDGE_CURVE('',#14190,#14190,#14192,.T.);
#14190 = VERTEX_POINT('',#14191);
#14191 = CARTESIAN_POINT('',(159.670985,-119.653711,0.));
#14192 = CIRCLE('',#14193,0.5);
#14193 = AXIS2_PLACEMENT_3D('',#14194,#14195,#14196);
#14194 = CARTESIAN_POINT('',(159.670985,-119.153711,0.));
#14195 = DIRECTION('',(-0.,0.,-1.));
#14196 = DIRECTION('',(-0.,-1.,0.));
#14197 = FACE_BOUND('',#14198,.F.);
#14198 = EDGE_LOOP('',(#14199));
#14199 = ORIENTED_EDGE('',*,*,#14200,.T.);
#14200 = EDGE_CURVE('',#14201,#14201,#14203,.T.);
#14201 = VERTEX_POINT('',#14202);
#14202 = CARTESIAN_POINT('',(169.953711,-109.370985,0.));
#14203 = CIRCLE('',#14204,0.5);
#14204 = AXIS2_PLACEMENT_3D('',#14205,#14206,#14207);
#14205 = CARTESIAN_POINT('',(169.953711,-108.870985,0.));
#14206 = DIRECTION('',(-0.,0.,-1.));
#14207 = DIRECTION('',(-0.,-1.,0.));
#14208 = FACE_BOUND('',#14209,.F.);
#14209 = EDGE_LOOP('',(#14210));
#14210 = ORIENTED_EDGE('',*,*,#14211,.T.);
#14211 = EDGE_CURVE('',#14212,#14212,#14214,.T.);
#14212 = VERTEX_POINT('',#14213);
#14213 = CARTESIAN_POINT('',(134.846289,-94.829015,0.));
#14214 = CIRCLE('',#14215,0.5);
#14215 = AXIS2_PLACEMENT_3D('',#14216,#14217,#14218);
#14216 = CARTESIAN_POINT('',(134.846289,-94.329015,0.));
#14217 = DIRECTION('',(-0.,0.,-1.));
#14218 = DIRECTION('',(-0.,-1.,0.));
#14219 = FACE_BOUND('',#14220,.F.);
#14220 = EDGE_LOOP('',(#14221));
#14221 = ORIENTED_EDGE('',*,*,#14222,.T.);
#14222 = EDGE_CURVE('',#14223,#14223,#14225,.T.);
#14223 = VERTEX_POINT('',#14224);
#14224 = CARTESIAN_POINT('',(145.129015,-84.546289,0.));
#14225 = CIRCLE('',#14226,0.5);
#14226 = AXIS2_PLACEMENT_3D('',#14227,#14228,#14229);
#14227 = CARTESIAN_POINT('',(145.129015,-84.046289,0.));
#14228 = DIRECTION('',(-0.,0.,-1.));
#14229 = DIRECTION('',(-0.,-1.,0.));
#14230 = FACE_BOUND('',#14231,.F.);
#14231 = EDGE_LOOP('',(#14232));
#14232 = ORIENTED_EDGE('',*,*,#14233,.F.);
#14233 = EDGE_CURVE('',#14234,#14234,#14236,.T.);
#14234 = VERTEX_POINT('',#14235);
#14235 = CARTESIAN_POINT('',(169.4,-101.6,0.));
#14236 = CIRCLE('',#14237,17.);
#14237 = AXIS2_PLACEMENT_3D('',#14238,#14239,#14240);
#14238 = CARTESIAN_POINT('',(152.4,-101.6,0.));
#14239 = DIRECTION('',(0.,0.,1.));
#14240 = DIRECTION('',(1.,0.,-0.));
#14241 = FACE_BOUND('',#14242,.F.);
#14242 = EDGE_LOOP('',(#14243));
#14243 = ORIENTED_EDGE('',*,*,#14244,.T.);
#14244 = EDGE_CURVE('',#14245,#14245,#14247,.T.);
#14245 = VERTEX_POINT('',#14246);
#14246 = CARTESIAN_POINT('',(169.953711,-94.829015,0.));
#14247 = CIRCLE('',#14248,0.5);
#14248 = AXIS2_PLACEMENT_3D('',#14249,#14250,#14251);
#14249 = CARTESIAN_POINT('',(169.953711,-94.329015,0.));
#14250 = DIRECTION('',(-0.,0.,-1.));
#14251 = DIRECTION('',(-0.,-1.,0.));
#14252 = FACE_BOUND('',#14253,.F.);
#14253 = EDGE_LOOP('',(#14254));
#14254 = ORIENTED_EDGE('',*,*,#14255,.T.);
#14255 = EDGE_CURVE('',#14256,#14256,#14258,.T.);
#14256 = VERTEX_POINT('',#14257);
#14257 = CARTESIAN_POINT('',(159.670985,-84.546289,0.));
#14258 = CIRCLE('',#14259,0.5);
#14259 = AXIS2_PLACEMENT_3D('',#14260,#14261,#14262);
#14260 = CARTESIAN_POINT('',(159.670985,-84.046289,0.));
#14261 = DIRECTION('',(-0.,0.,-1.));
#14262 = DIRECTION('',(-0.,-1.,0.));
#14263 = PLANE('',#14264);
#14264 = AXIS2_PLACEMENT_3D('',#14265,#14266,#14267);
#14265 = CARTESIAN_POINT('',(0.,0.,0.));
#14266 = DIRECTION('',(0.,0.,1.));
#14267 = DIRECTION('',(1.,0.,-0.));
#14268 = ADVANCED_FACE('',(#14269,#14272,#14283,#14294,#14305,#14316,
    #14327,#14338,#14349,#14360),#14371,.T.);
#14269 = FACE_BOUND('',#14270,.T.);
#14270 = EDGE_LOOP('',(#14271));
#14271 = ORIENTED_EDGE('',*,*,#14141,.T.);
#14272 = FACE_BOUND('',#14273,.T.);
#14273 = EDGE_LOOP('',(#14274));
#14274 = ORIENTED_EDGE('',*,*,#14275,.T.);
#14275 = EDGE_CURVE('',#14276,#14276,#14278,.T.);
#14276 = VERTEX_POINT('',#14277);
#14277 = CARTESIAN_POINT('',(145.129015,-119.653711,1.51));
#14278 = CIRCLE('',#14279,0.5);
#14279 = AXIS2_PLACEMENT_3D('',#14280,#14281,#14282);
#14280 = CARTESIAN_POINT('',(145.129015,-119.153711,1.51));
#14281 = DIRECTION('',(-0.,0.,-1.));
#14282 = DIRECTION('',(-0.,-1.,0.));
#14283 = FACE_BOUND('',#14284,.T.);
#14284 = EDGE_LOOP('',(#14285));
#14285 = ORIENTED_EDGE('',*,*,#14286,.T.);
#14286 = EDGE_CURVE('',#14287,#14287,#14289,.T.);
#14287 = VERTEX_POINT('',#14288);
#14288 = CARTESIAN_POINT('',(134.846289,-109.370985,1.51));
#14289 = CIRCLE('',#14290,0.5);
#14290 = AXIS2_PLACEMENT_3D('',#14291,#14292,#14293);
#14291 = CARTESIAN_POINT('',(134.846289,-108.870985,1.51));
#14292 = DIRECTION('',(-0.,0.,-1.));
#14293 = DIRECTION('',(-0.,-1.,0.));
#14294 = FACE_BOUND('',#14295,.T.);
#14295 = EDGE_LOOP('',(#14296));
#14296 = ORIENTED_EDGE('',*,*,#14297,.T.);
#14297 = EDGE_CURVE('',#14298,#14298,#14300,.T.);
#14298 = VERTEX_POINT('',#14299);
#14299 = CARTESIAN_POINT('',(159.670985,-119.653711,1.51));
#14300 = CIRCLE('',#14301,0.5);
#14301 = AXIS2_PLACEMENT_3D('',#14302,#14303,#14304);
#14302 = CARTESIAN_POINT('',(159.670985,-119.153711,1.51));
#14303 = DIRECTION('',(-0.,0.,-1.));
#14304 = DIRECTION('',(-0.,-1.,0.));
#14305 = FACE_BOUND('',#14306,.T.);
#14306 = EDGE_LOOP('',(#14307));
#14307 = ORIENTED_EDGE('',*,*,#14308,.T.);
#14308 = EDGE_CURVE('',#14309,#14309,#14311,.T.);
#14309 = VERTEX_POINT('',#14310);
#14310 = CARTESIAN_POINT('',(169.953711,-109.370985,1.51));
#14311 = CIRCLE('',#14312,0.5);
#14312 = AXIS2_PLACEMENT_3D('',#14313,#14314,#14315);
#14313 = CARTESIAN_POINT('',(169.953711,-108.870985,1.51));
#14314 = DIRECTION('',(-0.,0.,-1.));
#14315 = DIRECTION('',(-0.,-1.,0.));
#14316 = FACE_BOUND('',#14317,.T.);
#14317 = EDGE_LOOP('',(#14318));
#14318 = ORIENTED_EDGE('',*,*,#14319,.T.);
#14319 = EDGE_CURVE('',#14320,#14320,#14322,.T.);
#14320 = VERTEX_POINT('',#14321);
#14321 = CARTESIAN_POINT('',(134.846289,-94.829015,1.51));
#14322 = CIRCLE('',#14323,0.5);
#14323 = AXIS2_PLACEMENT_3D('',#14324,#14325,#14326);
#14324 = CARTESIAN_POINT('',(134.846289,-94.329015,1.51));
#14325 = DIRECTION('',(-0.,0.,-1.));
#14326 = DIRECTION('',(-0.,-1.,0.));
#14327 = FACE_BOUND('',#14328,.T.);
#14328 = EDGE_LOOP('',(#14329));
#14329 = ORIENTED_EDGE('',*,*,#14330,.T.);
#14330 = EDGE_CURVE('',#14331,#14331,#14333,.T.);
#14331 = VERTEX_POINT('',#14332);
#14332 = CARTESIAN_POINT('',(145.129015,-84.546289,1.51));
#14333 = CIRCLE('',#14334,0.5);
#14334 = AXIS2_PLACEMENT_3D('',#14335,#14336,#14337);
#14335 = CARTESIAN_POINT('',(145.129015,-84.046289,1.51));
#14336 = DIRECTION('',(-0.,0.,-1.));
#14337 = DIRECTION('',(-0.,-1.,0.));
#14338 = FACE_BOUND('',#14339,.T.);
#14339 = EDGE_LOOP('',(#14340));
#14340 = ORIENTED_EDGE('',*,*,#14341,.F.);
#14341 = EDGE_CURVE('',#14342,#14342,#14344,.T.);
#14342 = VERTEX_POINT('',#14343);
#14343 = CARTESIAN_POINT('',(169.4,-101.6,1.51));
#14344 = CIRCLE('',#14345,17.);
#14345 = AXIS2_PLACEMENT_3D('',#14346,#14347,#14348);
#14346 = CARTESIAN_POINT('',(152.4,-101.6,1.51));
#14347 = DIRECTION('',(0.,0.,1.));
#14348 = DIRECTION('',(1.,0.,-0.));
#14349 = FACE_BOUND('',#14350,.T.);
#14350 = EDGE_LOOP('',(#14351));
#14351 = ORIENTED_EDGE('',*,*,#14352,.T.);
#14352 = EDGE_CURVE('',#14353,#14353,#14355,.T.);
#14353 = VERTEX_POINT('',#14354);
#14354 = CARTESIAN_POINT('',(169.953711,-94.829015,1.51));
#14355 = CIRCLE('',#14356,0.5);
#14356 = AXIS2_PLACEMENT_3D('',#14357,#14358,#14359);
#14357 = CARTESIAN_POINT('',(169.953711,-94.329015,1.51));
#14358 = DIRECTION('',(-0.,0.,-1.));
#14359 = DIRECTION('',(-0.,-1.,0.));
#14360 = FACE_BOUND('',#14361,.T.);
#14361 = EDGE_LOOP('',(#14362));
#14362 = ORIENTED_EDGE('',*,*,#14363,.T.);
#14363 = EDGE_CURVE('',#14364,#14364,#14366,.T.);
#14364 = VERTEX_POINT('',#14365);
#14365 = CARTESIAN_POINT('',(159.670985,-84.546289,1.51));
#14366 = CIRCLE('',#14367,0.5);
#14367 = AXIS2_PLACEMENT_3D('',#14368,#14369,#14370);
#14368 = CARTESIAN_POINT('',(159.670985,-84.046289,1.51));
#14369 = DIRECTION('',(-0.,0.,-1.));
#14370 = DIRECTION('',(-0.,-1.,0.));
#14371 = PLANE('',#14372);
#14372 = AXIS2_PLACEMENT_3D('',#14373,#14374,#14375);
#14373 = CARTESIAN_POINT('',(0.,0.,1.51));
#14374 = DIRECTION('',(0.,0.,1.));
#14375 = DIRECTION('',(1.,0.,-0.));
#14376 = ADVANCED_FACE('',(#14377),#14388,.F.);
#14377 = FACE_BOUND('',#14378,.T.);
#14378 = EDGE_LOOP('',(#14379,#14380,#14386,#14387));
#14379 = ORIENTED_EDGE('',*,*,#14167,.T.);
#14380 = ORIENTED_EDGE('',*,*,#14381,.T.);
#14381 = EDGE_CURVE('',#14168,#14276,#14382,.T.);
#14382 = LINE('',#14383,#14384);
#14383 = CARTESIAN_POINT('',(145.129015,-119.653711,-4.6E-02));
#14384 = VECTOR('',#14385,1.);
#14385 = DIRECTION('',(0.,0.,1.));
#14386 = ORIENTED_EDGE('',*,*,#14275,.F.);
#14387 = ORIENTED_EDGE('',*,*,#14381,.F.);
#14388 = CYLINDRICAL_SURFACE('',#14389,0.5);
#14389 = AXIS2_PLACEMENT_3D('',#14390,#14391,#14392);
#14390 = CARTESIAN_POINT('',(145.129015,-119.153711,-4.6E-02));
#14391 = DIRECTION('',(-0.,-0.,-1.));
#14392 = DIRECTION('',(-0.,-1.,0.));
#14393 = ADVANCED_FACE('',(#14394),#14405,.F.);
#14394 = FACE_BOUND('',#14395,.T.);
#14395 = EDGE_LOOP('',(#14396,#14397,#14403,#14404));
#14396 = ORIENTED_EDGE('',*,*,#14178,.T.);
#14397 = ORIENTED_EDGE('',*,*,#14398,.T.);
#14398 = EDGE_CURVE('',#14179,#14287,#14399,.T.);
#14399 = LINE('',#14400,#14401);
#14400 = CARTESIAN_POINT('',(134.846289,-109.370985,-4.6E-02));
#14401 = VECTOR('',#14402,1.);
#14402 = DIRECTION('',(0.,0.,1.));
#14403 = ORIENTED_EDGE('',*,*,#14286,.F.);
#14404 = ORIENTED_EDGE('',*,*,#14398,.F.);
#14405 = CYLINDRICAL_SURFACE('',#14406,0.5);
#14406 = AXIS2_PLACEMENT_3D('',#14407,#14408,#14409);
#14407 = CARTESIAN_POINT('',(134.846289,-108.870985,-4.6E-02));
#14408 = DIRECTION('',(-0.,-0.,-1.));
#14409 = DIRECTION('',(-0.,-1.,0.));
#14410 = ADVANCED_FACE('',(#14411),#14422,.F.);
#14411 = FACE_BOUND('',#14412,.T.);
#14412 = EDGE_LOOP('',(#14413,#14414,#14420,#14421));
#14413 = ORIENTED_EDGE('',*,*,#14189,.T.);
#14414 = ORIENTED_EDGE('',*,*,#14415,.T.);
#14415 = EDGE_CURVE('',#14190,#14298,#14416,.T.);
#14416 = LINE('',#14417,#14418);
#14417 = CARTESIAN_POINT('',(159.670985,-119.653711,-4.6E-02));
#14418 = VECTOR('',#14419,1.);
#14419 = DIRECTION('',(0.,0.,1.));
#14420 = ORIENTED_EDGE('',*,*,#14297,.F.);
#14421 = ORIENTED_EDGE('',*,*,#14415,.F.);
#14422 = CYLINDRICAL_SURFACE('',#14423,0.5);
#14423 = AXIS2_PLACEMENT_3D('',#14424,#14425,#14426);
#14424 = CARTESIAN_POINT('',(159.670985,-119.153711,-4.6E-02));
#14425 = DIRECTION('',(-0.,-0.,-1.));
#14426 = DIRECTION('',(-0.,-1.,0.));
#14427 = ADVANCED_FACE('',(#14428),#14439,.F.);
#14428 = FACE_BOUND('',#14429,.T.);
#14429 = EDGE_LOOP('',(#14430,#14431,#14437,#14438));
#14430 = ORIENTED_EDGE('',*,*,#14200,.T.);
#14431 = ORIENTED_EDGE('',*,*,#14432,.T.);
#14432 = EDGE_CURVE('',#14201,#14309,#14433,.T.);
#14433 = LINE('',#14434,#14435);
#14434 = CARTESIAN_POINT('',(169.953711,-109.370985,-4.6E-02));
#14435 = VECTOR('',#14436,1.);
#14436 = DIRECTION('',(0.,0.,1.));
#14437 = ORIENTED_EDGE('',*,*,#14308,.F.);
#14438 = ORIENTED_EDGE('',*,*,#14432,.F.);
#14439 = CYLINDRICAL_SURFACE('',#14440,0.5);
#14440 = AXIS2_PLACEMENT_3D('',#14441,#14442,#14443);
#14441 = CARTESIAN_POINT('',(169.953711,-108.870985,-4.6E-02));
#14442 = DIRECTION('',(-0.,-0.,-1.));
#14443 = DIRECTION('',(-0.,-1.,0.));
#14444 = ADVANCED_FACE('',(#14445),#14456,.F.);
#14445 = FACE_BOUND('',#14446,.T.);
#14446 = EDGE_LOOP('',(#14447,#14448,#14454,#14455));
#14447 = ORIENTED_EDGE('',*,*,#14211,.T.);
#14448 = ORIENTED_EDGE('',*,*,#14449,.T.);
#14449 = EDGE_CURVE('',#14212,#14320,#14450,.T.);
#14450 = LINE('',#14451,#14452);
#14451 = CARTESIAN_POINT('',(134.846289,-94.829015,-4.6E-02));
#14452 = VECTOR('',#14453,1.);
#14453 = DIRECTION('',(0.,0.,1.));
#14454 = ORIENTED_EDGE('',*,*,#14319,.F.);
#14455 = ORIENTED_EDGE('',*,*,#14449,.F.);
#14456 = CYLINDRICAL_SURFACE('',#14457,0.5);
#14457 = AXIS2_PLACEMENT_3D('',#14458,#14459,#14460);
#14458 = CARTESIAN_POINT('',(134.846289,-94.329015,-4.6E-02));
#14459 = DIRECTION('',(-0.,-0.,-1.));
#14460 = DIRECTION('',(-0.,-1.,0.));
#14461 = ADVANCED_FACE('',(#14462),#14473,.F.);
#14462 = FACE_BOUND('',#14463,.T.);
#14463 = EDGE_LOOP('',(#14464,#14465,#14471,#14472));
#14464 = ORIENTED_EDGE('',*,*,#14222,.T.);
#14465 = ORIENTED_EDGE('',*,*,#14466,.T.);
#14466 = EDGE_CURVE('',#14223,#14331,#14467,.T.);
#14467 = LINE('',#14468,#14469);
#14468 = CARTESIAN_POINT('',(145.129015,-84.546289,-4.6E-02));
#14469 = VECTOR('',#14470,1.);
#14470 = DIRECTION('',(0.,0.,1.));
#14471 = ORIENTED_EDGE('',*,*,#14330,.F.);
#14472 = ORIENTED_EDGE('',*,*,#14466,.F.);
#14473 = CYLINDRICAL_SURFACE('',#14474,0.5);
#14474 = AXIS2_PLACEMENT_3D('',#14475,#14476,#14477);
#14475 = CARTESIAN_POINT('',(145.129015,-84.046289,-4.6E-02));
#14476 = DIRECTION('',(-0.,-0.,-1.));
#14477 = DIRECTION('',(-0.,-1.,0.));
#14478 = ADVANCED_FACE('',(#14479),#14490,.F.);
#14479 = FACE_BOUND('',#14480,.T.);
#14480 = EDGE_LOOP('',(#14481,#14487,#14488,#14489));
#14481 = ORIENTED_EDGE('',*,*,#14482,.T.);
#14482 = EDGE_CURVE('',#14234,#14342,#14483,.T.);
#14483 = LINE('',#14484,#14485);
#14484 = CARTESIAN_POINT('',(169.4,-101.6,0.));
#14485 = VECTOR('',#14486,1.);
#14486 = DIRECTION('',(0.,0.,1.));
#14487 = ORIENTED_EDGE('',*,*,#14341,.T.);
#14488 = ORIENTED_EDGE('',*,*,#14482,.F.);
#14489 = ORIENTED_EDGE('',*,*,#14233,.F.);
#14490 = CYLINDRICAL_SURFACE('',#14491,17.);
#14491 = AXIS2_PLACEMENT_3D('',#14492,#14493,#14494);
#14492 = CARTESIAN_POINT('',(152.4,-101.6,0.));
#14493 = DIRECTION('',(-0.,-0.,-1.));
#14494 = DIRECTION('',(1.,0.,-0.));
#14495 = ADVANCED_FACE('',(#14496),#14507,.F.);
#14496 = FACE_BOUND('',#14497,.T.);
#14497 = EDGE_LOOP('',(#14498,#14499,#14505,#14506));
#14498 = ORIENTED_EDGE('',*,*,#14244,.T.);
#14499 = ORIENTED_EDGE('',*,*,#14500,.T.);
#14500 = EDGE_CURVE('',#14245,#14353,#14501,.T.);
#14501 = LINE('',#14502,#14503);
#14502 = CARTESIAN_POINT('',(169.953711,-94.829015,-4.6E-02));
#14503 = VECTOR('',#14504,1.);
#14504 = DIRECTION('',(0.,0.,1.));
#14505 = ORIENTED_EDGE('',*,*,#14352,.F.);
#14506 = ORIENTED_EDGE('',*,*,#14500,.F.);
#14507 = CYLINDRICAL_SURFACE('',#14508,0.5);
#14508 = AXIS2_PLACEMENT_3D('',#14509,#14510,#14511);
#14509 = CARTESIAN_POINT('',(169.953711,-94.329015,-4.6E-02));
#14510 = DIRECTION('',(-0.,-0.,-1.));
#14511 = DIRECTION('',(-0.,-1.,0.));
#14512 = ADVANCED_FACE('',(#14513),#14524,.F.);
#14513 = FACE_BOUND('',#14514,.T.);
#14514 = EDGE_LOOP('',(#14515,#14516,#14522,#14523));
#14515 = ORIENTED_EDGE('',*,*,#14255,.T.);
#14516 = ORIENTED_EDGE('',*,*,#14517,.T.);
#14517 = EDGE_CURVE('',#14256,#14364,#14518,.T.);
#14518 = LINE('',#14519,#14520);
#14519 = CARTESIAN_POINT('',(159.670985,-84.546289,-4.6E-02));
#14520 = VECTOR('',#14521,1.);
#14521 = DIRECTION('',(0.,0.,1.));
#14522 = ORIENTED_EDGE('',*,*,#14363,.F.);
#14523 = ORIENTED_EDGE('',*,*,#14517,.F.);
#14524 = CYLINDRICAL_SURFACE('',#14525,0.5);
#14525 = AXIS2_PLACEMENT_3D('',#14526,#14527,#14528);
#14526 = CARTESIAN_POINT('',(159.670985,-84.046289,-4.6E-02));
#14527 = DIRECTION('',(-0.,-0.,-1.));
#14528 = DIRECTION('',(-0.,-1.,0.));
#14529 = ( GEOMETRIC_REPRESENTATION_CONTEXT(3) 
GLOBAL_UNCERTAINTY_ASSIGNED_CONTEXT((#14533)) 
GLOBAL_UNIT_ASSIGNED_CONTEXT((#14530,#14531,#14532)) 
REPRESENTATION_CONTEXT('Context #1',
  '3D Context with UNIT and UNCERTAINTY') );
#14530 = ( LENGTH_UNIT() NAMED_UNIT(*) SI_UNIT(.MILLI.,.METRE.) );
#14531 = ( NAMED_UNIT(*) PLANE_ANGLE_UNIT() SI_UNIT($,.RADIAN.) );
#14532 = ( NAMED_UNIT(*) SI_UNIT($,.STERADIAN.) SOLID_ANGLE_UNIT() );
#14533 = UNCERTAINTY_MEASURE_WITH_UNIT(LENGTH_MEASURE(1.E-07),#14530,
  'distance_accuracy_value','confusion accuracy');
#14534 = CONTEXT_DEPENDENT_SHAPE_REPRESENTATION(#14535,#14537);
#14535 = ( REPRESENTATION_RELATIONSHIP('','',#14124,#10) 
REPRESENTATION_RELATIONSHIP_WITH_TRANSFORMATION(#14536) 
SHAPE_REPRESENTATION_RELATIONSHIP() );
#14536 = ITEM_DEFINED_TRANSFORMATION('','',#11,#27);
#14537 = PRODUCT_DEFINITION_SHAPE('Placement','Placement of an item',
  #14538);
#14538 = NEXT_ASSEMBLY_USAGE_OCCURRENCE('4','=>[0:1:1:5]','',#5,#14119,$
  );
#14539 = PRODUCT_RELATED_PRODUCT_CATEGORY('part',$,(#14121));
#14540 = MECHANICAL_DESIGN_GEOMETRIC_PRESENTATION_REPRESENTATION('',(
    #14541,#14549,#14556,#14563,#14570,#14577,#14584,#14591,#14598,
    #14605,#14612,#14619,#14626,#14633,#14640,#14647,#14654,#14661,
    #14668,#14675,#14682,#14689,#14696,#14703),#13385);
#14541 = STYLED_ITEM('color',(#14542),#9625);
#14542 = PRESENTATION_STYLE_ASSIGNMENT((#14543));
#14543 = SURFACE_STYLE_USAGE(.BOTH.,#14544);
#14544 = SURFACE_SIDE_STYLE('',(#14545));
#14545 = SURFACE_STYLE_FILL_AREA(#14546);
#14546 = FILL_AREA_STYLE('',(#14547));
#14547 = FILL_AREA_STYLE_COLOUR('',#14548);
#14548 = COLOUR_RGB('',0.854305825093,0.803630995277,0.);
#14549 = STYLED_ITEM('color',(#14550),#9814);
#14550 = PRESENTATION_STYLE_ASSIGNMENT((#14551));
#14551 = SURFACE_STYLE_USAGE(.BOTH.,#14552);
#14552 = SURFACE_SIDE_STYLE('',(#14553));
#14553 = SURFACE_STYLE_FILL_AREA(#14554);
#14554 = FILL_AREA_STYLE('',(#14555));
#14555 = FILL_AREA_STYLE_COLOUR('',#14548);
#14556 = STYLED_ITEM('color',(#14557),#10003);
#14557 = PRESENTATION_STYLE_ASSIGNMENT((#14558));
#14558 = SURFACE_STYLE_USAGE(.BOTH.,#14559);
#14559 = SURFACE_SIDE_STYLE('',(#14560));
#14560 = SURFACE_STYLE_FILL_AREA(#14561);
#14561 = FILL_AREA_STYLE('',(#14562));
#14562 = FILL_AREA_STYLE_COLOUR('',#14548);
#14563 = STYLED_ITEM('color',(#14564),#10095);
#14564 = PRESENTATION_STYLE_ASSIGNMENT((#14565));
#14565 = SURFACE_STYLE_USAGE(.BOTH.,#14566);
#14566 = SURFACE_SIDE_STYLE('',(#14567));
#14567 = SURFACE_STYLE_FILL_AREA(#14568);
#14568 = FILL_AREA_STYLE('',(#14569));
#14569 = FILL_AREA_STYLE_COLOUR('',#14548);
#14570 = STYLED_ITEM('color',(#14571),#10284);
#14571 = PRESENTATION_STYLE_ASSIGNMENT((#14572));
#14572 = SURFACE_STYLE_USAGE(.BOTH.,#14573);
#14573 = SURFACE_SIDE_STYLE('',(#14574));
#14574 = SURFACE_STYLE_FILL_AREA(#14575);
#14575 = FILL_AREA_STYLE('',(#14576));
#14576 = FILL_AREA_STYLE_COLOUR('',#14548);
#14577 = STYLED_ITEM('color',(#14578),#10473);
#14578 = PRESENTATION_STYLE_ASSIGNMENT((#14579));
#14579 = SURFACE_STYLE_USAGE(.BOTH.,#14580);
#14580 = SURFACE_SIDE_STYLE('',(#14581));
#14581 = SURFACE_STYLE_FILL_AREA(#14582);
#14582 = FILL_AREA_STYLE('',(#14583));
#14583 = FILL_AREA_STYLE_COLOUR('',#14548);
#14584 = STYLED_ITEM('color',(#14585),#10565);
#14585 = PRESENTATION_STYLE_ASSIGNMENT((#14586));
#14586 = SURFACE_STYLE_USAGE(.BOTH.,#14587);
#14587 = SURFACE_SIDE_STYLE('',(#14588));
#14588 = SURFACE_STYLE_FILL_AREA(#14589);
#14589 = FILL_AREA_STYLE('',(#14590));
#14590 = FILL_AREA_STYLE_COLOUR('',#14548);
#14591 = STYLED_ITEM('color',(#14592),#10754);
#14592 = PRESENTATION_STYLE_ASSIGNMENT((#14593));
#14593 = SURFACE_STYLE_USAGE(.BOTH.,#14594);
#14594 = SURFACE_SIDE_STYLE('',(#14595));
#14595 = SURFACE_STYLE_FILL_AREA(#14596);
#14596 = FILL_AREA_STYLE('',(#14597));
#14597 = FILL_AREA_STYLE_COLOUR('',#14548);
#14598 = STYLED_ITEM('color',(#14599),#10943);
#14599 = PRESENTATION_STYLE_ASSIGNMENT((#14600));
#14600 = SURFACE_STYLE_USAGE(.BOTH.,#14601);
#14601 = SURFACE_SIDE_STYLE('',(#14602));
#14602 = SURFACE_STYLE_FILL_AREA(#14603);
#14603 = FILL_AREA_STYLE('',(#14604));
#14604 = FILL_AREA_STYLE_COLOUR('',#14548);
#14605 = STYLED_ITEM('color',(#14606),#11035);
#14606 = PRESENTATION_STYLE_ASSIGNMENT((#14607));
#14607 = SURFACE_STYLE_USAGE(.BOTH.,#14608);
#14608 = SURFACE_SIDE_STYLE('',(#14609));
#14609 = SURFACE_STYLE_FILL_AREA(#14610);
#14610 = FILL_AREA_STYLE('',(#14611));
#14611 = FILL_AREA_STYLE_COLOUR('',#14548);
#14612 = STYLED_ITEM('color',(#14613),#11224);
#14613 = PRESENTATION_STYLE_ASSIGNMENT((#14614));
#14614 = SURFACE_STYLE_USAGE(.BOTH.,#14615);
#14615 = SURFACE_SIDE_STYLE('',(#14616));
#14616 = SURFACE_STYLE_FILL_AREA(#14617);
#14617 = FILL_AREA_STYLE('',(#14618));
#14618 = FILL_AREA_STYLE_COLOUR('',#14548);
#14619 = STYLED_ITEM('color',(#14620),#11413);
#14620 = PRESENTATION_STYLE_ASSIGNMENT((#14621));
#14621 = SURFACE_STYLE_USAGE(.BOTH.,#14622);
#14622 = SURFACE_SIDE_STYLE('',(#14623));
#14623 = SURFACE_STYLE_FILL_AREA(#14624);
#14624 = FILL_AREA_STYLE('',(#14625));
#14625 = FILL_AREA_STYLE_COLOUR('',#14548);
#14626 = STYLED_ITEM('color',(#14627),#11505);
#14627 = PRESENTATION_STYLE_ASSIGNMENT((#14628));
#14628 = SURFACE_STYLE_USAGE(.BOTH.,#14629);
#14629 = SURFACE_SIDE_STYLE('',(#14630));
#14630 = SURFACE_STYLE_FILL_AREA(#14631);
#14631 = FILL_AREA_STYLE('',(#14632));
#14632 = FILL_AREA_STYLE_COLOUR('',#14548);
#14633 = STYLED_ITEM('color',(#14634),#11694);
#14634 = PRESENTATION_STYLE_ASSIGNMENT((#14635));
#14635 = SURFACE_STYLE_USAGE(.BOTH.,#14636);
#14636 = SURFACE_SIDE_STYLE('',(#14637));
#14637 = SURFACE_STYLE_FILL_AREA(#14638);
#14638 = FILL_AREA_STYLE('',(#14639));
#14639 = FILL_AREA_STYLE_COLOUR('',#14548);
#14640 = STYLED_ITEM('color',(#14641),#11883);
#14641 = PRESENTATION_STYLE_ASSIGNMENT((#14642));
#14642 = SURFACE_STYLE_USAGE(.BOTH.,#14643);
#14643 = SURFACE_SIDE_STYLE('',(#14644));
#14644 = SURFACE_STYLE_FILL_AREA(#14645);
#14645 = FILL_AREA_STYLE('',(#14646));
#14646 = FILL_AREA_STYLE_COLOUR('',#14548);
#14647 = STYLED_ITEM('color',(#14648),#11975);
#14648 = PRESENTATION_STYLE_ASSIGNMENT((#14649));
#14649 = SURFACE_STYLE_USAGE(.BOTH.,#14650);
#14650 = SURFACE_SIDE_STYLE('',(#14651));
#14651 = SURFACE_STYLE_FILL_AREA(#14652);
#14652 = FILL_AREA_STYLE('',(#14653));
#14653 = FILL_AREA_STYLE_COLOUR('',#14548);
#14654 = STYLED_ITEM('color',(#14655),#12164);
#14655 = PRESENTATION_STYLE_ASSIGNMENT((#14656));
#14656 = SURFACE_STYLE_USAGE(.BOTH.,#14657);
#14657 = SURFACE_SIDE_STYLE('',(#14658));
#14658 = SURFACE_STYLE_FILL_AREA(#14659);
#14659 = FILL_AREA_STYLE('',(#14660));
#14660 = FILL_AREA_STYLE_COLOUR('',#14548);
#14661 = STYLED_ITEM('color',(#14662),#12353);
#14662 = PRESENTATION_STYLE_ASSIGNMENT((#14663));
#14663 = SURFACE_STYLE_USAGE(.BOTH.,#14664);
#14664 = SURFACE_SIDE_STYLE('',(#14665));
#14665 = SURFACE_STYLE_FILL_AREA(#14666);
#14666 = FILL_AREA_STYLE('',(#14667));
#14667 = FILL_AREA_STYLE_COLOUR('',#14548);
#14668 = STYLED_ITEM('color',(#14669),#12445);
#14669 = PRESENTATION_STYLE_ASSIGNMENT((#14670));
#14670 = SURFACE_STYLE_USAGE(.BOTH.,#14671);
#14671 = SURFACE_SIDE_STYLE('',(#14672));
#14672 = SURFACE_STYLE_FILL_AREA(#14673);
#14673 = FILL_AREA_STYLE('',(#14674));
#14674 = FILL_AREA_STYLE_COLOUR('',#14548);
#14675 = STYLED_ITEM('color',(#14676),#12634);
#14676 = PRESENTATION_STYLE_ASSIGNMENT((#14677));
#14677 = SURFACE_STYLE_USAGE(.BOTH.,#14678);
#14678 = SURFACE_SIDE_STYLE('',(#14679));
#14679 = SURFACE_STYLE_FILL_AREA(#14680);
#14680 = FILL_AREA_STYLE('',(#14681));
#14681 = FILL_AREA_STYLE_COLOUR('',#14548);
#14682 = STYLED_ITEM('color',(#14683),#12823);
#14683 = PRESENTATION_STYLE_ASSIGNMENT((#14684));
#14684 = SURFACE_STYLE_USAGE(.BOTH.,#14685);
#14685 = SURFACE_SIDE_STYLE('',(#14686));
#14686 = SURFACE_STYLE_FILL_AREA(#14687);
#14687 = FILL_AREA_STYLE('',(#14688));
#14688 = FILL_AREA_STYLE_COLOUR('',#14548);
#14689 = STYLED_ITEM('color',(#14690),#12915);
#14690 = PRESENTATION_STYLE_ASSIGNMENT((#14691));
#14691 = SURFACE_STYLE_USAGE(.BOTH.,#14692);
#14692 = SURFACE_SIDE_STYLE('',(#14693));
#14693 = SURFACE_STYLE_FILL_AREA(#14694);
#14694 = FILL_AREA_STYLE('',(#14695));
#14695 = FILL_AREA_STYLE_COLOUR('',#14548);
#14696 = STYLED_ITEM('color',(#14697),#13104);
#14697 = PRESENTATION_STYLE_ASSIGNMENT((#14698));
#14698 = SURFACE_STYLE_USAGE(.BOTH.,#14699);
#14699 = SURFACE_SIDE_STYLE('',(#14700));
#14700 = SURFACE_STYLE_FILL_AREA(#14701);
#14701 = FILL_AREA_STYLE('',(#14702));
#14702 = FILL_AREA_STYLE_COLOUR('',#14548);
#14703 = STYLED_ITEM('color',(#14704),#13293);
#14704 = PRESENTATION_STYLE_ASSIGNMENT((#14705));
#14705 = SURFACE_STYLE_USAGE(.BOTH.,#14706);
#14706 = SURFACE_SIDE_STYLE('',(#14707));
#14707 = SURFACE_STYLE_FILL_AREA(#14708);
#14708 = FILL_AREA_STYLE('',(#14709));
#14709 = FILL_AREA_STYLE_COLOUR('',#14548);
#14710 = MECHANICAL_DESIGN_GEOMETRIC_PRESENTATION_REPRESENTATION('',(
    #14711,#14721),#14106);
#14711 = STYLED_ITEM('color',(#14712),#13406);
#14712 = PRESENTATION_STYLE_ASSIGNMENT((#14713));
#14713 = SURFACE_STYLE_USAGE(.BOTH.,#14714);
#14714 = SURFACE_SIDE_STYLE('',(#14715,#14719));
#14715 = SURFACE_STYLE_FILL_AREA(#14716);
#14716 = FILL_AREA_STYLE('',(#14717));
#14717 = FILL_AREA_STYLE_COLOUR('',#14718);
#14718 = COLOUR_RGB('',0.313304153717,0.484529207832,0.410020903123);
#14719 = SURFACE_STYLE_RENDERING_WITH_PROPERTIES(.NORMAL_SHADING.,#14718
  ,(#14720));
#14720 = SURFACE_STYLE_TRANSPARENT(0.170000016689);
#14721 = STYLED_ITEM('color',(#14722),#13757);
#14722 = PRESENTATION_STYLE_ASSIGNMENT((#14723));
#14723 = SURFACE_STYLE_USAGE(.BOTH.,#14724);
#14724 = SURFACE_SIDE_STYLE('',(#14725,#14728));
#14725 = SURFACE_STYLE_FILL_AREA(#14726);
#14726 = FILL_AREA_STYLE('',(#14727));
#14727 = FILL_AREA_STYLE_COLOUR('',#14718);
#14728 = SURFACE_STYLE_RENDERING_WITH_PROPERTIES(.NORMAL_SHADING.,#14718
  ,(#14729));
#14729 = SURFACE_STYLE_TRANSPARENT(0.170000016689);
#14730 = MECHANICAL_DESIGN_GEOMETRIC_PRESENTATION_REPRESENTATION('',(
    #14731),#14529);
#14731 = STYLED_ITEM('color',(#14732),#14125);
#14732 = PRESENTATION_STYLE_ASSIGNMENT((#14733));
#14733 = SURFACE_STYLE_USAGE(.BOTH.,#14734);
#14734 = SURFACE_SIDE_STYLE('',(#14735));
#14735 = SURFACE_STYLE_FILL_AREA(#14736);
#14736 = FILL_AREA_STYLE('',(#14737));
#14737 = FILL_AREA_STYLE_COLOUR('',#14738);
#14738 = COLOUR_RGB('',0.583831500637,0.583831500637,0.583831500637);
#14739 = MECHANICAL_DESIGN_GEOMETRIC_PRESENTATION_REPRESENTATION('',(
    #14740,#14747,#14754,#14761,#14768,#14775,#14782,#14789,#14796,
    #14803,#14810,#14817,#14824,#14831,#14838,#14845),#9606);
#14740 = STYLED_ITEM('color',(#14741),#45);
#14741 = PRESENTATION_STYLE_ASSIGNMENT((#14742));
#14742 = SURFACE_STYLE_USAGE(.BOTH.,#14743);
#14743 = SURFACE_SIDE_STYLE('',(#14744));
#14744 = SURFACE_STYLE_FILL_AREA(#14745);
#14745 = FILL_AREA_STYLE('',(#14746));
#14746 = FILL_AREA_STYLE_COLOUR('',#14548);
#14747 = STYLED_ITEM('color',(#14748),#636);
#14748 = PRESENTATION_STYLE_ASSIGNMENT((#14749));
#14749 = SURFACE_STYLE_USAGE(.BOTH.,#14750);
#14750 = SURFACE_SIDE_STYLE('',(#14751));
#14751 = SURFACE_STYLE_FILL_AREA(#14752);
#14752 = FILL_AREA_STYLE('',(#14753));
#14753 = FILL_AREA_STYLE_COLOUR('',#14548);
#14754 = STYLED_ITEM('color',(#14755),#1196);
#14755 = PRESENTATION_STYLE_ASSIGNMENT((#14756));
#14756 = SURFACE_STYLE_USAGE(.BOTH.,#14757);
#14757 = SURFACE_SIDE_STYLE('',(#14758));
#14758 = SURFACE_STYLE_FILL_AREA(#14759);
#14759 = FILL_AREA_STYLE('',(#14760));
#14760 = FILL_AREA_STYLE_COLOUR('',#14548);
#14761 = STYLED_ITEM('color',(#14762),#1787);
#14762 = PRESENTATION_STYLE_ASSIGNMENT((#14763));
#14763 = SURFACE_STYLE_USAGE(.BOTH.,#14764);
#14764 = SURFACE_SIDE_STYLE('',(#14765));
#14765 = SURFACE_STYLE_FILL_AREA(#14766);
#14766 = FILL_AREA_STYLE('',(#14767));
#14767 = FILL_AREA_STYLE_COLOUR('',#14548);
#14768 = STYLED_ITEM('color',(#14769),#2347);
#14769 = PRESENTATION_STYLE_ASSIGNMENT((#14770));
#14770 = SURFACE_STYLE_USAGE(.BOTH.,#14771);
#14771 = SURFACE_SIDE_STYLE('',(#14772));
#14772 = SURFACE_STYLE_FILL_AREA(#14773);
#14773 = FILL_AREA_STYLE('',(#14774));
#14774 = FILL_AREA_STYLE_COLOUR('',#14548);
#14775 = STYLED_ITEM('color',(#14776),#2938);
#14776 = PRESENTATION_STYLE_ASSIGNMENT((#14777));
#14777 = SURFACE_STYLE_USAGE(.BOTH.,#14778);
#14778 = SURFACE_SIDE_STYLE('',(#14779));
#14779 = SURFACE_STYLE_FILL_AREA(#14780);
#14780 = FILL_AREA_STYLE('',(#14781));
#14781 = FILL_AREA_STYLE_COLOUR('',#14548);
#14782 = STYLED_ITEM('color',(#14783),#3529);
#14783 = PRESENTATION_STYLE_ASSIGNMENT((#14784));
#14784 = SURFACE_STYLE_USAGE(.BOTH.,#14785);
#14785 = SURFACE_SIDE_STYLE('',(#14786));
#14786 = SURFACE_STYLE_FILL_AREA(#14787);
#14787 = FILL_AREA_STYLE('',(#14788));
#14788 = FILL_AREA_STYLE_COLOUR('',#14548);
#14789 = STYLED_ITEM('color',(#14790),#4186);
#14790 = PRESENTATION_STYLE_ASSIGNMENT((#14791));
#14791 = SURFACE_STYLE_USAGE(.BOTH.,#14792);
#14792 = SURFACE_SIDE_STYLE('',(#14793));
#14793 = SURFACE_STYLE_FILL_AREA(#14794);
#14794 = FILL_AREA_STYLE('',(#14795));
#14795 = FILL_AREA_STYLE_COLOUR('',#14548);
#14796 = STYLED_ITEM('color',(#14797),#4810);
#14797 = PRESENTATION_STYLE_ASSIGNMENT((#14798));
#14798 = SURFACE_STYLE_USAGE(.BOTH.,#14799);
#14799 = SURFACE_SIDE_STYLE('',(#14800));
#14800 = SURFACE_STYLE_FILL_AREA(#14801);
#14801 = FILL_AREA_STYLE('',(#14802));
#14802 = FILL_AREA_STYLE_COLOUR('',#14548);
#14803 = STYLED_ITEM('color',(#14804),#5401);
#14804 = PRESENTATION_STYLE_ASSIGNMENT((#14805));
#14805 = SURFACE_STYLE_USAGE(.BOTH.,#14806);
#14806 = SURFACE_SIDE_STYLE('',(#14807));
#14807 = SURFACE_STYLE_FILL_AREA(#14808);
#14808 = FILL_AREA_STYLE('',(#14809));
#14809 = FILL_AREA_STYLE_COLOUR('',#14548);
#14810 = STYLED_ITEM('color',(#14811),#5961);
#14811 = PRESENTATION_STYLE_ASSIGNMENT((#14812));
#14812 = SURFACE_STYLE_USAGE(.BOTH.,#14813);
#14813 = SURFACE_SIDE_STYLE('',(#14814));
#14814 = SURFACE_STYLE_FILL_AREA(#14815);
#14815 = FILL_AREA_STYLE('',(#14816));
#14816 = FILL_AREA_STYLE_COLOUR('',#14548);
#14817 = STYLED_ITEM('color',(#14818),#6552);
#14818 = PRESENTATION_STYLE_ASSIGNMENT((#14819));
#14819 = SURFACE_STYLE_USAGE(.BOTH.,#14820);
#14820 = SURFACE_SIDE_STYLE('',(#14821));
#14821 = SURFACE_STYLE_FILL_AREA(#14822);
#14822 = FILL_AREA_STYLE('',(#14823));
#14823 = FILL_AREA_STYLE_COLOUR('',#14548);
#14824 = STYLED_ITEM('color',(#14825),#7143);
#14825 = PRESENTATION_STYLE_ASSIGNMENT((#14826));
#14826 = SURFACE_STYLE_USAGE(.BOTH.,#14827);
#14827 = SURFACE_SIDE_STYLE('',(#14828));
#14828 = SURFACE_STYLE_FILL_AREA(#14829);
#14829 = FILL_AREA_STYLE('',(#14830));
#14830 = FILL_AREA_STYLE_COLOUR('',#14548);
#14831 = STYLED_ITEM('color',(#14832),#7734);
#14832 = PRESENTATION_STYLE_ASSIGNMENT((#14833));
#14833 = SURFACE_STYLE_USAGE(.BOTH.,#14834);
#14834 = SURFACE_SIDE_STYLE('',(#14835));
#14835 = SURFACE_STYLE_FILL_AREA(#14836);
#14836 = FILL_AREA_STYLE('',(#14837));
#14837 = FILL_AREA_STYLE_COLOUR('',#14548);
#14838 = STYLED_ITEM('color',(#14839),#8325);
#14839 = PRESENTATION_STYLE_ASSIGNMENT((#14840));
#14840 = SURFACE_STYLE_USAGE(.BOTH.,#14841);
#14841 = SURFACE_SIDE_STYLE('',(#14842));
#14842 = SURFACE_STYLE_FILL_AREA(#14843);
#14843 = FILL_AREA_STYLE('',(#14844));
#14844 = FILL_AREA_STYLE_COLOUR('',#14548);
#14845 = STYLED_ITEM('color',(#14846),#8916);
#14846 = PRESENTATION_STYLE_ASSIGNMENT((#14847));
#14847 = SURFACE_STYLE_USAGE(.BOTH.,#14848);
#14848 = SURFACE_SIDE_STYLE('',(#14849));
#14849 = SURFACE_STYLE_FILL_AREA(#14850);
#14850 = FILL_AREA_STYLE('',(#14851));
#14851 = FILL_AREA_STYLE_COLOUR('',#14548);
ENDSEC;
END-ISO-10303-21;
