ISO-10303-21;
HEADER;
FILE_DESCRIPTION(('KiCad electronic assembly'),'2;1');
FILE_NAME('mounted_cap_sense_v2_25mm.step','2026-03-13T13:32:40',(
    'Pcbnew'),('Kicad'),'Open CASCADE STEP processor 7.5',
  'KiCad to STEP converter','Unknown');
FILE_SCHEMA(('AUTOMOTIVE_DESIGN { 1 0 10303 214 1 1 1 1 }'));
ENDSEC;
DATA;
#1 = APPLICATION_PROTOCOL_DEFINITION('international standard',
  'automotive_design',2000,#2);
#2 = APPLICATION_CONTEXT(
  'core data for automotive mechanical design processes');
#3 = SHAPE_DEFINITION_REPRESENTATION(#4,#10);
#4 = PRODUCT_DEFINITION_SHAPE('','',#5);
#5 = PRODUCT_DEFINITION('design','',#6,#9);
#6 = PRODUCT_DEFINITION_FORMATION('','',#7);
#7 = PRODUCT('mounted_cap_sense_v2_25mm 1','mounted_cap_sense_v2_25mm 1'
  ,'',(#8));
#8 = PRODUCT_CONTEXT('',#2,'mechanical');
#9 = PRODUCT_DEFINITION_CONTEXT('part definition',#2,'design');
#10 = SHAPE_REPRESENTATION('',(#11,#15,#19,#23,#27,#31,#35,#39,#43,#47,
    #51,#55,#59),#63);
#11 = AXIS2_PLACEMENT_3D('',#12,#13,#14);
#12 = CARTESIAN_POINT('',(0.,0.,0.));
#13 = DIRECTION('',(0.,0.,1.));
#14 = DIRECTION('',(1.,0.,-0.));
#15 = AXIS2_PLACEMENT_3D('',#16,#17,#18);
#16 = CARTESIAN_POINT('',(144.642382,-112.934343,-8.5E-02));
#17 = DIRECTION('',(-1.131426112288E-16,4.686520405326E-17,-1.));
#18 = DIRECTION('',(-0.382683432365,-0.923879532511,0.));
#19 = AXIS2_PLACEMENT_3D('',#20,#21,#22);
#20 = CARTESIAN_POINT('',(144.642382,-87.065717,-8.5E-02));
#21 = DIRECTION('',(1.131426112288E-16,4.686520405326E-17,-1.));
#22 = DIRECTION('',(-0.382683432365,0.923879532511,0.));
#23 = AXIS2_PLACEMENT_3D('',#24,#25,#26);
#24 = CARTESIAN_POINT('',(155.357518,-112.934343,-8.5E-02));
#25 = DIRECTION('',(-1.131426112288E-16,-4.686520405326E-17,-1.));
#26 = DIRECTION('',(0.382683432365,-0.923879532511,0.));
#27 = AXIS2_PLACEMENT_3D('',#28,#29,#30);
#28 = CARTESIAN_POINT('',(155.357518,-87.065717,-8.5E-02));
#29 = DIRECTION('',(1.131426112288E-16,-4.686520405326E-17,-1.));
#30 = DIRECTION('',(0.382683432365,0.923879532511,0.));
#31 = AXIS2_PLACEMENT_3D('',#32,#33,#34);
#32 = CARTESIAN_POINT('',(137.065637,-94.642462,-8.5E-02));
#33 = DIRECTION('',(4.686520405326E-17,1.131426112288E-16,-1.));
#34 = DIRECTION('',(-0.923879532511,0.382683432365,0.));
#35 = AXIS2_PLACEMENT_3D('',#36,#37,#38);
#36 = CARTESIAN_POINT('',(137.065637,-105.357598,-8.5E-02));
#37 = DIRECTION('',(-4.686520405326E-17,1.131426112288E-16,-1.));
#38 = DIRECTION('',(-0.923879532511,-0.382683432365,0.));
#39 = AXIS2_PLACEMENT_3D('',#40,#41,#42);
#40 = CARTESIAN_POINT('',(162.934263,-105.357598,-8.5E-02));
#41 = DIRECTION('',(-4.686520405326E-17,-1.131426112288E-16,-1.));
#42 = DIRECTION('',(0.923879532511,-0.382683432365,0.));
#43 = AXIS2_PLACEMENT_3D('',#44,#45,#46);
#44 = CARTESIAN_POINT('',(162.934263,-94.642462,-8.5E-02));
#45 = DIRECTION('',(4.686520405326E-17,-1.131426112288E-16,-1.));
#46 = DIRECTION('',(0.923879532511,0.382683432365,0.));
#47 = AXIS2_PLACEMENT_3D('',#48,#49,#50);
#48 = CARTESIAN_POINT('',(0.,0.,0.));
#49 = DIRECTION('',(0.,0.,1.));
#50 = DIRECTION('',(1.,0.,-0.));
#51 = AXIS2_PLACEMENT_3D('',#52,#53,#54);
#52 = CARTESIAN_POINT('',(0.,0.,0.));
#53 = DIRECTION('',(0.,0.,1.));
#54 = DIRECTION('',(1.,0.,-0.));
#55 = AXIS2_PLACEMENT_3D('',#56,#57,#58);
#56 = CARTESIAN_POINT('',(0.,0.,0.));
#57 = DIRECTION('',(0.,0.,1.));
#58 = DIRECTION('',(1.,0.,-0.));
#59 = AXIS2_PLACEMENT_3D('',#60,#61,#62);
#60 = CARTESIAN_POINT('',(0.,0.,0.));
#61 = DIRECTION('',(0.,0.,1.));
#62 = DIRECTION('',(1.,0.,-0.));
#63 = ( GEOMETRIC_REPRESENTATION_CONTEXT(3) 
GLOBAL_UNCERTAINTY_ASSIGNED_CONTEXT((#67)) GLOBAL_UNIT_ASSIGNED_CONTEXT(
(#64,#65,#66)) REPRESENTATION_CONTEXT('Context #1',
  '3D Context with UNIT and UNCERTAINTY') );
#64 = ( LENGTH_UNIT() NAMED_UNIT(*) SI_UNIT(.MILLI.,.METRE.) );
#65 = ( NAMED_UNIT(*) PLANE_ANGLE_UNIT() SI_UNIT($,.RADIAN.) );
#66 = ( NAMED_UNIT(*) SI_UNIT($,.STERADIAN.) SOLID_ANGLE_UNIT() );
#67 = UNCERTAINTY_MEASURE_WITH_UNIT(LENGTH_MEASURE(1.E-07),#64,
  'distance_accuracy_value','confusion accuracy');
#68 = PRODUCT_RELATED_PRODUCT_CATEGORY('part',$,(#7));
#69 = ADVANCED_BREP_SHAPE_REPRESENTATION('',(#11,#70),#828);
#70 = MANIFOLD_SOLID_BREP('',#71);
#71 = CLOSED_SHELL('',(#72,#112,#143,#174,#257,#340,#357,#374,#391,#408,
    #420,#451,#475,#499,#516,#547,#571,#595,#612,#643,#667,#691,#708,
    #739,#763,#787,#804,#816));
#72 = ADVANCED_FACE('',(#73),#107,.F.);
#73 = FACE_BOUND('',#74,.F.);
#74 = EDGE_LOOP('',(#75,#85,#93,#101));
#75 = ORIENTED_EDGE('',*,*,#76,.T.);
#76 = EDGE_CURVE('',#77,#79,#81,.T.);
#77 = VERTEX_POINT('',#78);
#78 = CARTESIAN_POINT('',(-1.016,1.27,0.));
#79 = VERTEX_POINT('',#80);
#80 = CARTESIAN_POINT('',(-1.016,1.27,2.54));
#81 = LINE('',#82,#83);
#82 = CARTESIAN_POINT('',(-1.016,1.27,0.));
#83 = VECTOR('',#84,1.);
#84 = DIRECTION('',(0.,0.,1.));
#85 = ORIENTED_EDGE('',*,*,#86,.T.);
#86 = EDGE_CURVE('',#79,#87,#89,.T.);
#87 = VERTEX_POINT('',#88);
#88 = CARTESIAN_POINT('',(-1.27,1.016,2.54));
#89 = LINE('',#90,#91);
#90 = CARTESIAN_POINT('',(-1.016,1.27,2.54));
#91 = VECTOR('',#92,1.);
#92 = DIRECTION('',(-0.707106781187,-0.707106781187,0.));
#93 = ORIENTED_EDGE('',*,*,#94,.F.);
#94 = EDGE_CURVE('',#95,#87,#97,.T.);
#95 = VERTEX_POINT('',#96);
#96 = CARTESIAN_POINT('',(-1.27,1.016,0.));
#97 = LINE('',#98,#99);
#98 = CARTESIAN_POINT('',(-1.27,1.016,0.));
#99 = VECTOR('',#100,1.);
#100 = DIRECTION('',(0.,0.,1.));
#101 = ORIENTED_EDGE('',*,*,#102,.F.);
#102 = EDGE_CURVE('',#77,#95,#103,.T.);
#103 = LINE('',#104,#105);
#104 = CARTESIAN_POINT('',(-1.016,1.27,0.));
#105 = VECTOR('',#106,1.);
#106 = DIRECTION('',(-0.707106781187,-0.707106781187,0.));
#107 = PLANE('',#108);
#108 = AXIS2_PLACEMENT_3D('',#109,#110,#111);
#109 = CARTESIAN_POINT('',(-1.016,1.27,0.));
#110 = DIRECTION('',(0.707106781187,-0.707106781187,0.));
#111 = DIRECTION('',(-0.707106781187,-0.707106781187,0.));
#112 = ADVANCED_FACE('',(#113),#138,.F.);
#113 = FACE_BOUND('',#114,.F.);
#114 = EDGE_LOOP('',(#115,#125,#131,#132));
#115 = ORIENTED_EDGE('',*,*,#116,.T.);
#116 = EDGE_CURVE('',#117,#119,#121,.T.);
#117 = VERTEX_POINT('',#118);
#118 = CARTESIAN_POINT('',(1.016,1.27,0.));
#119 = VERTEX_POINT('',#120);
#120 = CARTESIAN_POINT('',(1.016,1.27,2.54));
#121 = LINE('',#122,#123);
#122 = CARTESIAN_POINT('',(1.016,1.27,0.));
#123 = VECTOR('',#124,1.);
#124 = DIRECTION('',(0.,0.,1.));
#125 = ORIENTED_EDGE('',*,*,#126,.T.);
#126 = EDGE_CURVE('',#119,#79,#127,.T.);
#127 = LINE('',#128,#129);
#128 = CARTESIAN_POINT('',(1.016,1.27,2.54));
#129 = VECTOR('',#130,1.);
#130 = DIRECTION('',(-1.,0.,0.));
#131 = ORIENTED_EDGE('',*,*,#76,.F.);
#132 = ORIENTED_EDGE('',*,*,#133,.F.);
#133 = EDGE_CURVE('',#117,#77,#134,.T.);
#134 = LINE('',#135,#136);
#135 = CARTESIAN_POINT('',(1.016,1.27,0.));
#136 = VECTOR('',#137,1.);
#137 = DIRECTION('',(-1.,0.,0.));
#138 = PLANE('',#139);
#139 = AXIS2_PLACEMENT_3D('',#140,#141,#142);
#140 = CARTESIAN_POINT('',(1.016,1.27,0.));
#141 = DIRECTION('',(0.,-1.,0.));
#142 = DIRECTION('',(-1.,0.,0.));
#143 = ADVANCED_FACE('',(#144),#169,.F.);
#144 = FACE_BOUND('',#145,.F.);
#145 = EDGE_LOOP('',(#146,#147,#155,#163));
#146 = ORIENTED_EDGE('',*,*,#94,.T.);
#147 = ORIENTED_EDGE('',*,*,#148,.T.);
#148 = EDGE_CURVE('',#87,#149,#151,.T.);
#149 = VERTEX_POINT('',#150);
#150 = CARTESIAN_POINT('',(-1.27,-1.016,2.54));
#151 = LINE('',#152,#153);
#152 = CARTESIAN_POINT('',(-1.27,1.016,2.54));
#153 = VECTOR('',#154,1.);
#154 = DIRECTION('',(0.,-1.,0.));
#155 = ORIENTED_EDGE('',*,*,#156,.F.);
#156 = EDGE_CURVE('',#157,#149,#159,.T.);
#157 = VERTEX_POINT('',#158);
#158 = CARTESIAN_POINT('',(-1.27,-1.016,0.));
#159 = LINE('',#160,#161);
#160 = CARTESIAN_POINT('',(-1.27,-1.016,0.));
#161 = VECTOR('',#162,1.);
#162 = DIRECTION('',(0.,0.,1.));
#163 = ORIENTED_EDGE('',*,*,#164,.F.);
#164 = EDGE_CURVE('',#95,#157,#165,.T.);
#165 = LINE('',#166,#167);
#166 = CARTESIAN_POINT('',(-1.27,1.016,0.));
#167 = VECTOR('',#168,1.);
#168 = DIRECTION('',(0.,-1.,0.));
#169 = PLANE('',#170);
#170 = AXIS2_PLACEMENT_3D('',#171,#172,#173);
#171 = CARTESIAN_POINT('',(-1.27,1.016,0.));
#172 = DIRECTION('',(1.,0.,0.));
#173 = DIRECTION('',(0.,-1.,0.));
#174 = ADVANCED_FACE('',(#175,#218),#252,.F.);
#175 = FACE_BOUND('',#176,.F.);
#176 = EDGE_LOOP('',(#177,#178,#179,#187,#195,#203,#211,#217));
#177 = ORIENTED_EDGE('',*,*,#102,.T.);
#178 = ORIENTED_EDGE('',*,*,#164,.T.);
#179 = ORIENTED_EDGE('',*,*,#180,.T.);
#180 = EDGE_CURVE('',#157,#181,#183,.T.);
#181 = VERTEX_POINT('',#182);
#182 = CARTESIAN_POINT('',(-1.016,-1.27,0.));
#183 = LINE('',#184,#185);
#184 = CARTESIAN_POINT('',(-1.27,-1.016,0.));
#185 = VECTOR('',#186,1.);
#186 = DIRECTION('',(0.707106781187,-0.707106781187,0.));
#187 = ORIENTED_EDGE('',*,*,#188,.T.);
#188 = EDGE_CURVE('',#181,#189,#191,.T.);
#189 = VERTEX_POINT('',#190);
#190 = CARTESIAN_POINT('',(1.016,-1.27,0.));
#191 = LINE('',#192,#193);
#192 = CARTESIAN_POINT('',(-1.016,-1.27,0.));
#193 = VECTOR('',#194,1.);
#194 = DIRECTION('',(1.,0.,0.));
#195 = ORIENTED_EDGE('',*,*,#196,.T.);
#196 = EDGE_CURVE('',#189,#197,#199,.T.);
#197 = VERTEX_POINT('',#198);
#198 = CARTESIAN_POINT('',(1.27,-1.016,0.));
#199 = LINE('',#200,#201);
#200 = CARTESIAN_POINT('',(1.016,-1.27,0.));
#201 = VECTOR('',#202,1.);
#202 = DIRECTION('',(0.707106781187,0.707106781187,0.));
#203 = ORIENTED_EDGE('',*,*,#204,.T.);
#204 = EDGE_CURVE('',#197,#205,#207,.T.);
#205 = VERTEX_POINT('',#206);
#206 = CARTESIAN_POINT('',(1.27,1.016,0.));
#207 = LINE('',#208,#209);
#208 = CARTESIAN_POINT('',(1.27,-1.016,0.));
#209 = VECTOR('',#210,1.);
#210 = DIRECTION('',(0.,1.,0.));
#211 = ORIENTED_EDGE('',*,*,#212,.T.);
#212 = EDGE_CURVE('',#205,#117,#213,.T.);
#213 = LINE('',#214,#215);
#214 = CARTESIAN_POINT('',(1.27,1.016,0.));
#215 = VECTOR('',#216,1.);
#216 = DIRECTION('',(-0.707106781187,0.707106781187,0.));
#217 = ORIENTED_EDGE('',*,*,#133,.T.);
#218 = FACE_BOUND('',#219,.F.);
#219 = EDGE_LOOP('',(#220,#230,#238,#246));
#220 = ORIENTED_EDGE('',*,*,#221,.T.);
#221 = EDGE_CURVE('',#222,#224,#226,.T.);
#222 = VERTEX_POINT('',#223);
#223 = CARTESIAN_POINT('',(0.32,-0.32,0.));
#224 = VERTEX_POINT('',#225);
#225 = CARTESIAN_POINT('',(-0.32,-0.32,0.));
#226 = LINE('',#227,#228);
#227 = CARTESIAN_POINT('',(-0.16,-0.32,0.));
#228 = VECTOR('',#229,1.);
#229 = DIRECTION('',(-1.,0.,0.));
#230 = ORIENTED_EDGE('',*,*,#231,.T.);
#231 = EDGE_CURVE('',#224,#232,#234,.T.);
#232 = VERTEX_POINT('',#233);
#233 = CARTESIAN_POINT('',(-0.32,0.32,0.));
#234 = LINE('',#235,#236);
#235 = CARTESIAN_POINT('',(-0.32,-0.16,0.));
#236 = VECTOR('',#237,1.);
#237 = DIRECTION('',(0.,1.,0.));
#238 = ORIENTED_EDGE('',*,*,#239,.F.);
#239 = EDGE_CURVE('',#240,#232,#242,.T.);
#240 = VERTEX_POINT('',#241);
#241 = CARTESIAN_POINT('',(0.32,0.32,0.));
#242 = LINE('',#243,#244);
#243 = CARTESIAN_POINT('',(-0.16,0.32,0.));
#244 = VECTOR('',#245,1.);
#245 = DIRECTION('',(-1.,0.,0.));
#246 = ORIENTED_EDGE('',*,*,#247,.F.);
#247 = EDGE_CURVE('',#222,#240,#248,.T.);
#248 = LINE('',#249,#250);
#249 = CARTESIAN_POINT('',(0.32,-0.16,0.));
#250 = VECTOR('',#251,1.);
#251 = DIRECTION('',(0.,1.,0.));
#252 = PLANE('',#253);
#253 = AXIS2_PLACEMENT_3D('',#254,#255,#256);
#254 = CARTESIAN_POINT('',(2.321466769849E-17,4.642933539699E-17,0.));
#255 = DIRECTION('',(0.,0.,1.));
#256 = DIRECTION('',(1.,0.,-0.));
#257 = ADVANCED_FACE('',(#258,#301),#335,.T.);
#258 = FACE_BOUND('',#259,.T.);
#259 = EDGE_LOOP('',(#260,#261,#262,#270,#278,#286,#294,#300));
#260 = ORIENTED_EDGE('',*,*,#86,.T.);
#261 = ORIENTED_EDGE('',*,*,#148,.T.);
#262 = ORIENTED_EDGE('',*,*,#263,.T.);
#263 = EDGE_CURVE('',#149,#264,#266,.T.);
#264 = VERTEX_POINT('',#265);
#265 = CARTESIAN_POINT('',(-1.016,-1.27,2.54));
#266 = LINE('',#267,#268);
#267 = CARTESIAN_POINT('',(-1.27,-1.016,2.54));
#268 = VECTOR('',#269,1.);
#269 = DIRECTION('',(0.707106781187,-0.707106781187,0.));
#270 = ORIENTED_EDGE('',*,*,#271,.T.);
#271 = EDGE_CURVE('',#264,#272,#274,.T.);
#272 = VERTEX_POINT('',#273);
#273 = CARTESIAN_POINT('',(1.016,-1.27,2.54));
#274 = LINE('',#275,#276);
#275 = CARTESIAN_POINT('',(-1.016,-1.27,2.54));
#276 = VECTOR('',#277,1.);
#277 = DIRECTION('',(1.,0.,0.));
#278 = ORIENTED_EDGE('',*,*,#279,.T.);
#279 = EDGE_CURVE('',#272,#280,#282,.T.);
#280 = VERTEX_POINT('',#281);
#281 = CARTESIAN_POINT('',(1.27,-1.016,2.54));
#282 = LINE('',#283,#284);
#283 = CARTESIAN_POINT('',(1.016,-1.27,2.54));
#284 = VECTOR('',#285,1.);
#285 = DIRECTION('',(0.707106781187,0.707106781187,0.));
#286 = ORIENTED_EDGE('',*,*,#287,.T.);
#287 = EDGE_CURVE('',#280,#288,#290,.T.);
#288 = VERTEX_POINT('',#289);
#289 = CARTESIAN_POINT('',(1.27,1.016,2.54));
#290 = LINE('',#291,#292);
#291 = CARTESIAN_POINT('',(1.27,-1.016,2.54));
#292 = VECTOR('',#293,1.);
#293 = DIRECTION('',(0.,1.,0.));
#294 = ORIENTED_EDGE('',*,*,#295,.T.);
#295 = EDGE_CURVE('',#288,#119,#296,.T.);
#296 = LINE('',#297,#298);
#297 = CARTESIAN_POINT('',(1.27,1.016,2.54));
#298 = VECTOR('',#299,1.);
#299 = DIRECTION('',(-0.707106781187,0.707106781187,0.));
#300 = ORIENTED_EDGE('',*,*,#126,.T.);
#301 = FACE_BOUND('',#302,.T.);
#302 = EDGE_LOOP('',(#303,#313,#321,#329));
#303 = ORIENTED_EDGE('',*,*,#304,.T.);
#304 = EDGE_CURVE('',#305,#307,#309,.T.);
#305 = VERTEX_POINT('',#306);
#306 = CARTESIAN_POINT('',(0.32,-0.32,2.54));
#307 = VERTEX_POINT('',#308);
#308 = CARTESIAN_POINT('',(-0.32,-0.32,2.54));
#309 = LINE('',#310,#311);
#310 = CARTESIAN_POINT('',(-0.16,-0.32,2.54));
#311 = VECTOR('',#312,1.);
#312 = DIRECTION('',(-1.,0.,0.));
#313 = ORIENTED_EDGE('',*,*,#314,.T.);
#314 = EDGE_CURVE('',#307,#315,#317,.T.);
#315 = VERTEX_POINT('',#316);
#316 = CARTESIAN_POINT('',(-0.32,0.32,2.54));
#317 = LINE('',#318,#319);
#318 = CARTESIAN_POINT('',(-0.32,-0.16,2.54));
#319 = VECTOR('',#320,1.);
#320 = DIRECTION('',(0.,1.,0.));
#321 = ORIENTED_EDGE('',*,*,#322,.F.);
#322 = EDGE_CURVE('',#323,#315,#325,.T.);
#323 = VERTEX_POINT('',#324);
#324 = CARTESIAN_POINT('',(0.32,0.32,2.54));
#325 = LINE('',#326,#327);
#326 = CARTESIAN_POINT('',(-0.16,0.32,2.54));
#327 = VECTOR('',#328,1.);
#328 = DIRECTION('',(-1.,0.,0.));
#329 = ORIENTED_EDGE('',*,*,#330,.F.);
#330 = EDGE_CURVE('',#305,#323,#331,.T.);
#331 = LINE('',#332,#333);
#332 = CARTESIAN_POINT('',(0.32,-0.16,2.54));
#333 = VECTOR('',#334,1.);
#334 = DIRECTION('',(0.,1.,0.));
#335 = PLANE('',#336);
#336 = AXIS2_PLACEMENT_3D('',#337,#338,#339);
#337 = CARTESIAN_POINT('',(2.321466769849E-17,4.642933539699E-17,2.54));
#338 = DIRECTION('',(0.,0.,1.));
#339 = DIRECTION('',(1.,0.,-0.));
#340 = ADVANCED_FACE('',(#341),#352,.F.);
#341 = FACE_BOUND('',#342,.F.);
#342 = EDGE_LOOP('',(#343,#349,#350,#351));
#343 = ORIENTED_EDGE('',*,*,#344,.T.);
#344 = EDGE_CURVE('',#205,#288,#345,.T.);
#345 = LINE('',#346,#347);
#346 = CARTESIAN_POINT('',(1.27,1.016,0.));
#347 = VECTOR('',#348,1.);
#348 = DIRECTION('',(0.,0.,1.));
#349 = ORIENTED_EDGE('',*,*,#295,.T.);
#350 = ORIENTED_EDGE('',*,*,#116,.F.);
#351 = ORIENTED_EDGE('',*,*,#212,.F.);
#352 = PLANE('',#353);
#353 = AXIS2_PLACEMENT_3D('',#354,#355,#356);
#354 = CARTESIAN_POINT('',(1.27,1.016,0.));
#355 = DIRECTION('',(-0.707106781187,-0.707106781187,0.));
#356 = DIRECTION('',(-0.707106781187,0.707106781187,0.));
#357 = ADVANCED_FACE('',(#358),#369,.F.);
#358 = FACE_BOUND('',#359,.F.);
#359 = EDGE_LOOP('',(#360,#361,#362,#368));
#360 = ORIENTED_EDGE('',*,*,#156,.T.);
#361 = ORIENTED_EDGE('',*,*,#263,.T.);
#362 = ORIENTED_EDGE('',*,*,#363,.F.);
#363 = EDGE_CURVE('',#181,#264,#364,.T.);
#364 = LINE('',#365,#366);
#365 = CARTESIAN_POINT('',(-1.016,-1.27,0.));
#366 = VECTOR('',#367,1.);
#367 = DIRECTION('',(0.,0.,1.));
#368 = ORIENTED_EDGE('',*,*,#180,.F.);
#369 = PLANE('',#370);
#370 = AXIS2_PLACEMENT_3D('',#371,#372,#373);
#371 = CARTESIAN_POINT('',(-1.27,-1.016,0.));
#372 = DIRECTION('',(0.707106781187,0.707106781187,0.));
#373 = DIRECTION('',(0.707106781187,-0.707106781187,0.));
#374 = ADVANCED_FACE('',(#375),#386,.F.);
#375 = FACE_BOUND('',#376,.F.);
#376 = EDGE_LOOP('',(#377,#383,#384,#385));
#377 = ORIENTED_EDGE('',*,*,#378,.T.);
#378 = EDGE_CURVE('',#197,#280,#379,.T.);
#379 = LINE('',#380,#381);
#380 = CARTESIAN_POINT('',(1.27,-1.016,0.));
#381 = VECTOR('',#382,1.);
#382 = DIRECTION('',(0.,0.,1.));
#383 = ORIENTED_EDGE('',*,*,#287,.T.);
#384 = ORIENTED_EDGE('',*,*,#344,.F.);
#385 = ORIENTED_EDGE('',*,*,#204,.F.);
#386 = PLANE('',#387);
#387 = AXIS2_PLACEMENT_3D('',#388,#389,#390);
#388 = CARTESIAN_POINT('',(1.27,-1.016,0.));
#389 = DIRECTION('',(-1.,0.,0.));
#390 = DIRECTION('',(0.,1.,0.));
#391 = ADVANCED_FACE('',(#392),#403,.F.);
#392 = FACE_BOUND('',#393,.F.);
#393 = EDGE_LOOP('',(#394,#395,#396,#402));
#394 = ORIENTED_EDGE('',*,*,#363,.T.);
#395 = ORIENTED_EDGE('',*,*,#271,.T.);
#396 = ORIENTED_EDGE('',*,*,#397,.F.);
#397 = EDGE_CURVE('',#189,#272,#398,.T.);
#398 = LINE('',#399,#400);
#399 = CARTESIAN_POINT('',(1.016,-1.27,0.));
#400 = VECTOR('',#401,1.);
#401 = DIRECTION('',(0.,0.,1.));
#402 = ORIENTED_EDGE('',*,*,#188,.F.);
#403 = PLANE('',#404);
#404 = AXIS2_PLACEMENT_3D('',#405,#406,#407);
#405 = CARTESIAN_POINT('',(-1.016,-1.27,0.));
#406 = DIRECTION('',(0.,1.,0.));
#407 = DIRECTION('',(1.,0.,0.));
#408 = ADVANCED_FACE('',(#409),#415,.F.);
#409 = FACE_BOUND('',#410,.F.);
#410 = EDGE_LOOP('',(#411,#412,#413,#414));
#411 = ORIENTED_EDGE('',*,*,#397,.T.);
#412 = ORIENTED_EDGE('',*,*,#279,.T.);
#413 = ORIENTED_EDGE('',*,*,#378,.F.);
#414 = ORIENTED_EDGE('',*,*,#196,.F.);
#415 = PLANE('',#416);
#416 = AXIS2_PLACEMENT_3D('',#417,#418,#419);
#417 = CARTESIAN_POINT('',(1.016,-1.27,0.));
#418 = DIRECTION('',(-0.707106781187,0.707106781187,0.));
#419 = DIRECTION('',(0.707106781187,0.707106781187,0.));
#420 = ADVANCED_FACE('',(#421),#446,.F.);
#421 = FACE_BOUND('',#422,.F.);
#422 = EDGE_LOOP('',(#423,#431,#439,#445));
#423 = ORIENTED_EDGE('',*,*,#424,.F.);
#424 = EDGE_CURVE('',#425,#222,#427,.T.);
#425 = VERTEX_POINT('',#426);
#426 = CARTESIAN_POINT('',(0.32,-0.32,-2.84));
#427 = LINE('',#428,#429);
#428 = CARTESIAN_POINT('',(0.32,-0.32,-3.));
#429 = VECTOR('',#430,1.);
#430 = DIRECTION('',(0.,0.,1.));
#431 = ORIENTED_EDGE('',*,*,#432,.F.);
#432 = EDGE_CURVE('',#433,#425,#435,.T.);
#433 = VERTEX_POINT('',#434);
#434 = CARTESIAN_POINT('',(-0.32,-0.32,-2.84));
#435 = LINE('',#436,#437);
#436 = CARTESIAN_POINT('',(-0.32,-0.32,-2.84));
#437 = VECTOR('',#438,1.);
#438 = DIRECTION('',(1.,0.,0.));
#439 = ORIENTED_EDGE('',*,*,#440,.T.);
#440 = EDGE_CURVE('',#433,#224,#441,.T.);
#441 = LINE('',#442,#443);
#442 = CARTESIAN_POINT('',(-0.32,-0.32,-3.));
#443 = VECTOR('',#444,1.);
#444 = DIRECTION('',(0.,0.,1.));
#445 = ORIENTED_EDGE('',*,*,#221,.F.);
#446 = PLANE('',#447);
#447 = AXIS2_PLACEMENT_3D('',#448,#449,#450);
#448 = CARTESIAN_POINT('',(-0.32,-0.32,-3.));
#449 = DIRECTION('',(0.,1.,0.));
#450 = DIRECTION('',(0.,-0.,1.));
#451 = ADVANCED_FACE('',(#452),#470,.T.);
#452 = FACE_BOUND('',#453,.T.);
#453 = EDGE_LOOP('',(#454,#455,#463,#469));
#454 = ORIENTED_EDGE('',*,*,#424,.F.);
#455 = ORIENTED_EDGE('',*,*,#456,.T.);
#456 = EDGE_CURVE('',#425,#457,#459,.T.);
#457 = VERTEX_POINT('',#458);
#458 = CARTESIAN_POINT('',(0.32,0.32,-2.84));
#459 = LINE('',#460,#461);
#460 = CARTESIAN_POINT('',(0.32,-0.32,-2.84));
#461 = VECTOR('',#462,1.);
#462 = DIRECTION('',(0.,1.,0.));
#463 = ORIENTED_EDGE('',*,*,#464,.T.);
#464 = EDGE_CURVE('',#457,#240,#465,.T.);
#465 = LINE('',#466,#467);
#466 = CARTESIAN_POINT('',(0.32,0.32,-3.));
#467 = VECTOR('',#468,1.);
#468 = DIRECTION('',(0.,0.,1.));
#469 = ORIENTED_EDGE('',*,*,#247,.F.);
#470 = PLANE('',#471);
#471 = AXIS2_PLACEMENT_3D('',#472,#473,#474);
#472 = CARTESIAN_POINT('',(0.32,-0.32,-3.));
#473 = DIRECTION('',(1.,0.,0.));
#474 = DIRECTION('',(0.,0.,1.));
#475 = ADVANCED_FACE('',(#476),#494,.T.);
#476 = FACE_BOUND('',#477,.T.);
#477 = EDGE_LOOP('',(#478,#479,#487,#493));
#478 = ORIENTED_EDGE('',*,*,#464,.F.);
#479 = ORIENTED_EDGE('',*,*,#480,.F.);
#480 = EDGE_CURVE('',#481,#457,#483,.T.);
#481 = VERTEX_POINT('',#482);
#482 = CARTESIAN_POINT('',(-0.32,0.32,-2.84));
#483 = LINE('',#484,#485);
#484 = CARTESIAN_POINT('',(-0.32,0.32,-2.84));
#485 = VECTOR('',#486,1.);
#486 = DIRECTION('',(1.,0.,0.));
#487 = ORIENTED_EDGE('',*,*,#488,.T.);
#488 = EDGE_CURVE('',#481,#232,#489,.T.);
#489 = LINE('',#490,#491);
#490 = CARTESIAN_POINT('',(-0.32,0.32,-3.));
#491 = VECTOR('',#492,1.);
#492 = DIRECTION('',(0.,0.,1.));
#493 = ORIENTED_EDGE('',*,*,#239,.F.);
#494 = PLANE('',#495);
#495 = AXIS2_PLACEMENT_3D('',#496,#497,#498);
#496 = CARTESIAN_POINT('',(-0.32,0.32,-3.));
#497 = DIRECTION('',(0.,1.,0.));
#498 = DIRECTION('',(0.,-0.,1.));
#499 = ADVANCED_FACE('',(#500),#511,.F.);
#500 = FACE_BOUND('',#501,.F.);
#501 = EDGE_LOOP('',(#502,#503,#509,#510));
#502 = ORIENTED_EDGE('',*,*,#440,.F.);
#503 = ORIENTED_EDGE('',*,*,#504,.T.);
#504 = EDGE_CURVE('',#433,#481,#505,.T.);
#505 = LINE('',#506,#507);
#506 = CARTESIAN_POINT('',(-0.32,-0.32,-2.84));
#507 = VECTOR('',#508,1.);
#508 = DIRECTION('',(0.,1.,0.));
#509 = ORIENTED_EDGE('',*,*,#488,.T.);
#510 = ORIENTED_EDGE('',*,*,#231,.F.);
#511 = PLANE('',#512);
#512 = AXIS2_PLACEMENT_3D('',#513,#514,#515);
#513 = CARTESIAN_POINT('',(-0.32,-0.32,-3.));
#514 = DIRECTION('',(1.,0.,0.));
#515 = DIRECTION('',(0.,0.,1.));
#516 = ADVANCED_FACE('',(#517),#542,.F.);
#517 = FACE_BOUND('',#518,.F.);
#518 = EDGE_LOOP('',(#519,#527,#528,#536));
#519 = ORIENTED_EDGE('',*,*,#520,.F.);
#520 = EDGE_CURVE('',#305,#521,#523,.T.);
#521 = VERTEX_POINT('',#522);
#522 = CARTESIAN_POINT('',(0.32,-0.32,8.38));
#523 = LINE('',#524,#525);
#524 = CARTESIAN_POINT('',(0.32,-0.32,-3.));
#525 = VECTOR('',#526,1.);
#526 = DIRECTION('',(0.,0.,1.));
#527 = ORIENTED_EDGE('',*,*,#304,.T.);
#528 = ORIENTED_EDGE('',*,*,#529,.T.);
#529 = EDGE_CURVE('',#307,#530,#532,.T.);
#530 = VERTEX_POINT('',#531);
#531 = CARTESIAN_POINT('',(-0.32,-0.32,8.38));
#532 = LINE('',#533,#534);
#533 = CARTESIAN_POINT('',(-0.32,-0.32,-3.));
#534 = VECTOR('',#535,1.);
#535 = DIRECTION('',(0.,0.,1.));
#536 = ORIENTED_EDGE('',*,*,#537,.T.);
#537 = EDGE_CURVE('',#530,#521,#538,.T.);
#538 = LINE('',#539,#540);
#539 = CARTESIAN_POINT('',(-0.32,-0.32,8.38));
#540 = VECTOR('',#541,1.);
#541 = DIRECTION('',(1.,0.,0.));
#542 = PLANE('',#543);
#543 = AXIS2_PLACEMENT_3D('',#544,#545,#546);
#544 = CARTESIAN_POINT('',(-0.32,-0.32,-3.));
#545 = DIRECTION('',(0.,1.,0.));
#546 = DIRECTION('',(0.,-0.,1.));
#547 = ADVANCED_FACE('',(#548),#566,.T.);
#548 = FACE_BOUND('',#549,.T.);
#549 = EDGE_LOOP('',(#550,#551,#552,#560));
#550 = ORIENTED_EDGE('',*,*,#520,.F.);
#551 = ORIENTED_EDGE('',*,*,#330,.T.);
#552 = ORIENTED_EDGE('',*,*,#553,.T.);
#553 = EDGE_CURVE('',#323,#554,#556,.T.);
#554 = VERTEX_POINT('',#555);
#555 = CARTESIAN_POINT('',(0.32,0.32,8.38));
#556 = LINE('',#557,#558);
#557 = CARTESIAN_POINT('',(0.32,0.32,-3.));
#558 = VECTOR('',#559,1.);
#559 = DIRECTION('',(0.,0.,1.));
#560 = ORIENTED_EDGE('',*,*,#561,.F.);
#561 = EDGE_CURVE('',#521,#554,#562,.T.);
#562 = LINE('',#563,#564);
#563 = CARTESIAN_POINT('',(0.32,-0.32,8.38));
#564 = VECTOR('',#565,1.);
#565 = DIRECTION('',(0.,1.,0.));
#566 = PLANE('',#567);
#567 = AXIS2_PLACEMENT_3D('',#568,#569,#570);
#568 = CARTESIAN_POINT('',(0.32,-0.32,-3.));
#569 = DIRECTION('',(1.,0.,0.));
#570 = DIRECTION('',(0.,0.,1.));
#571 = ADVANCED_FACE('',(#572),#590,.T.);
#572 = FACE_BOUND('',#573,.T.);
#573 = EDGE_LOOP('',(#574,#575,#576,#584));
#574 = ORIENTED_EDGE('',*,*,#553,.F.);
#575 = ORIENTED_EDGE('',*,*,#322,.T.);
#576 = ORIENTED_EDGE('',*,*,#577,.T.);
#577 = EDGE_CURVE('',#315,#578,#580,.T.);
#578 = VERTEX_POINT('',#579);
#579 = CARTESIAN_POINT('',(-0.32,0.32,8.38));
#580 = LINE('',#581,#582);
#581 = CARTESIAN_POINT('',(-0.32,0.32,-3.));
#582 = VECTOR('',#583,1.);
#583 = DIRECTION('',(0.,0.,1.));
#584 = ORIENTED_EDGE('',*,*,#585,.T.);
#585 = EDGE_CURVE('',#578,#554,#586,.T.);
#586 = LINE('',#587,#588);
#587 = CARTESIAN_POINT('',(-0.32,0.32,8.38));
#588 = VECTOR('',#589,1.);
#589 = DIRECTION('',(1.,0.,0.));
#590 = PLANE('',#591);
#591 = AXIS2_PLACEMENT_3D('',#592,#593,#594);
#592 = CARTESIAN_POINT('',(-0.32,0.32,-3.));
#593 = DIRECTION('',(0.,1.,0.));
#594 = DIRECTION('',(0.,-0.,1.));
#595 = ADVANCED_FACE('',(#596),#607,.F.);
#596 = FACE_BOUND('',#597,.F.);
#597 = EDGE_LOOP('',(#598,#599,#600,#601));
#598 = ORIENTED_EDGE('',*,*,#529,.F.);
#599 = ORIENTED_EDGE('',*,*,#314,.T.);
#600 = ORIENTED_EDGE('',*,*,#577,.T.);
#601 = ORIENTED_EDGE('',*,*,#602,.F.);
#602 = EDGE_CURVE('',#530,#578,#603,.T.);
#603 = LINE('',#604,#605);
#604 = CARTESIAN_POINT('',(-0.32,-0.32,8.38));
#605 = VECTOR('',#606,1.);
#606 = DIRECTION('',(0.,1.,0.));
#607 = PLANE('',#608);
#608 = AXIS2_PLACEMENT_3D('',#609,#610,#611);
#609 = CARTESIAN_POINT('',(-0.32,-0.32,-3.));
#610 = DIRECTION('',(1.,0.,0.));
#611 = DIRECTION('',(0.,0.,1.));
#612 = ADVANCED_FACE('',(#613),#638,.T.);
#613 = FACE_BOUND('',#614,.F.);
#614 = EDGE_LOOP('',(#615,#623,#624,#632));
#615 = ORIENTED_EDGE('',*,*,#616,.F.);
#616 = EDGE_CURVE('',#433,#617,#619,.T.);
#617 = VERTEX_POINT('',#618);
#618 = CARTESIAN_POINT('',(-0.16,-0.16,-3.));
#619 = LINE('',#620,#621);
#620 = CARTESIAN_POINT('',(-0.266666666667,-0.266666666667,
    -2.893333333333));
#621 = VECTOR('',#622,1.);
#622 = DIRECTION('',(0.57735026919,0.57735026919,-0.57735026919));
#623 = ORIENTED_EDGE('',*,*,#432,.T.);
#624 = ORIENTED_EDGE('',*,*,#625,.T.);
#625 = EDGE_CURVE('',#425,#626,#628,.T.);
#626 = VERTEX_POINT('',#627);
#627 = CARTESIAN_POINT('',(0.16,-0.16,-3.));
#628 = LINE('',#629,#630);
#629 = CARTESIAN_POINT('',(0.16,-0.16,-3.));
#630 = VECTOR('',#631,1.);
#631 = DIRECTION('',(-0.57735026919,0.57735026919,-0.57735026919));
#632 = ORIENTED_EDGE('',*,*,#633,.F.);
#633 = EDGE_CURVE('',#617,#626,#634,.T.);
#634 = LINE('',#635,#636);
#635 = CARTESIAN_POINT('',(-0.32,-0.16,-3.));
#636 = VECTOR('',#637,1.);
#637 = DIRECTION('',(1.,0.,0.));
#638 = PLANE('',#639);
#639 = AXIS2_PLACEMENT_3D('',#640,#641,#642);
#640 = CARTESIAN_POINT('',(-0.32,-0.24,-2.92));
#641 = DIRECTION('',(1.735167508357E-18,-0.707106781187,-0.707106781187)
  );
#642 = DIRECTION('',(-1.,-1.226948711654E-18,-1.226948711654E-18));
#643 = ADVANCED_FACE('',(#644),#662,.F.);
#644 = FACE_BOUND('',#645,.F.);
#645 = EDGE_LOOP('',(#646,#647,#648,#656));
#646 = ORIENTED_EDGE('',*,*,#625,.F.);
#647 = ORIENTED_EDGE('',*,*,#456,.T.);
#648 = ORIENTED_EDGE('',*,*,#649,.T.);
#649 = EDGE_CURVE('',#457,#650,#652,.T.);
#650 = VERTEX_POINT('',#651);
#651 = CARTESIAN_POINT('',(0.16,0.16,-3.));
#652 = LINE('',#653,#654);
#653 = CARTESIAN_POINT('',(5.333333333333E-02,5.333333333333E-02,
    -3.106666666667));
#654 = VECTOR('',#655,1.);
#655 = DIRECTION('',(-0.57735026919,-0.57735026919,-0.57735026919));
#656 = ORIENTED_EDGE('',*,*,#657,.F.);
#657 = EDGE_CURVE('',#626,#650,#658,.T.);
#658 = LINE('',#659,#660);
#659 = CARTESIAN_POINT('',(0.16,-0.32,-3.));
#660 = VECTOR('',#661,1.);
#661 = DIRECTION('',(0.,1.,0.));
#662 = PLANE('',#663);
#663 = AXIS2_PLACEMENT_3D('',#664,#665,#666);
#664 = CARTESIAN_POINT('',(0.24,-0.32,-2.92));
#665 = DIRECTION('',(-0.707106781187,1.735167508357E-18,0.707106781187)
  );
#666 = DIRECTION('',(1.226948711654E-18,1.,-1.226948711654E-18));
#667 = ADVANCED_FACE('',(#668),#686,.F.);
#668 = FACE_BOUND('',#669,.T.);
#669 = EDGE_LOOP('',(#670,#678,#679,#680));
#670 = ORIENTED_EDGE('',*,*,#671,.F.);
#671 = EDGE_CURVE('',#481,#672,#674,.T.);
#672 = VERTEX_POINT('',#673);
#673 = CARTESIAN_POINT('',(-0.16,0.16,-3.));
#674 = LINE('',#675,#676);
#675 = CARTESIAN_POINT('',(-0.16,0.16,-3.));
#676 = VECTOR('',#677,1.);
#677 = DIRECTION('',(0.57735026919,-0.57735026919,-0.57735026919));
#678 = ORIENTED_EDGE('',*,*,#480,.T.);
#679 = ORIENTED_EDGE('',*,*,#649,.T.);
#680 = ORIENTED_EDGE('',*,*,#681,.F.);
#681 = EDGE_CURVE('',#672,#650,#682,.T.);
#682 = LINE('',#683,#684);
#683 = CARTESIAN_POINT('',(-0.32,0.16,-3.));
#684 = VECTOR('',#685,1.);
#685 = DIRECTION('',(1.,0.,0.));
#686 = PLANE('',#687);
#687 = AXIS2_PLACEMENT_3D('',#688,#689,#690);
#688 = CARTESIAN_POINT('',(-0.32,0.24,-2.92));
#689 = DIRECTION('',(-1.735167508357E-18,-0.707106781187,0.707106781187)
  );
#690 = DIRECTION('',(-1.,1.226948711654E-18,-1.226948711654E-18));
#691 = ADVANCED_FACE('',(#692),#703,.T.);
#692 = FACE_BOUND('',#693,.T.);
#693 = EDGE_LOOP('',(#694,#695,#696,#697));
#694 = ORIENTED_EDGE('',*,*,#616,.F.);
#695 = ORIENTED_EDGE('',*,*,#504,.T.);
#696 = ORIENTED_EDGE('',*,*,#671,.T.);
#697 = ORIENTED_EDGE('',*,*,#698,.F.);
#698 = EDGE_CURVE('',#617,#672,#699,.T.);
#699 = LINE('',#700,#701);
#700 = CARTESIAN_POINT('',(-0.16,-0.32,-3.));
#701 = VECTOR('',#702,1.);
#702 = DIRECTION('',(0.,1.,0.));
#703 = PLANE('',#704);
#704 = AXIS2_PLACEMENT_3D('',#705,#706,#707);
#705 = CARTESIAN_POINT('',(-0.24,-0.32,-2.92));
#706 = DIRECTION('',(-0.707106781187,-1.735167508357E-18,-0.707106781187
    ));
#707 = DIRECTION('',(-1.226948711654E-18,1.,-1.226948711654E-18));
#708 = ADVANCED_FACE('',(#709),#734,.F.);
#709 = FACE_BOUND('',#710,.T.);
#710 = EDGE_LOOP('',(#711,#719,#720,#728));
#711 = ORIENTED_EDGE('',*,*,#712,.F.);
#712 = EDGE_CURVE('',#530,#713,#715,.T.);
#713 = VERTEX_POINT('',#714);
#714 = CARTESIAN_POINT('',(-0.16,-0.16,8.54));
#715 = LINE('',#716,#717);
#716 = CARTESIAN_POINT('',(-0.266666666667,-0.266666666667,
    8.433333333333));
#717 = VECTOR('',#718,1.);
#718 = DIRECTION('',(0.57735026919,0.57735026919,0.57735026919));
#719 = ORIENTED_EDGE('',*,*,#537,.T.);
#720 = ORIENTED_EDGE('',*,*,#721,.T.);
#721 = EDGE_CURVE('',#521,#722,#724,.T.);
#722 = VERTEX_POINT('',#723);
#723 = CARTESIAN_POINT('',(0.16,-0.16,8.54));
#724 = LINE('',#725,#726);
#725 = CARTESIAN_POINT('',(0.16,-0.16,8.54));
#726 = VECTOR('',#727,1.);
#727 = DIRECTION('',(-0.57735026919,0.57735026919,0.57735026919));
#728 = ORIENTED_EDGE('',*,*,#729,.F.);
#729 = EDGE_CURVE('',#713,#722,#730,.T.);
#730 = LINE('',#731,#732);
#731 = CARTESIAN_POINT('',(-0.32,-0.16,8.54));
#732 = VECTOR('',#733,1.);
#733 = DIRECTION('',(1.,0.,0.));
#734 = PLANE('',#735);
#735 = AXIS2_PLACEMENT_3D('',#736,#737,#738);
#736 = CARTESIAN_POINT('',(-0.32,-0.24,8.46));
#737 = DIRECTION('',(-1.735167508357E-18,0.707106781187,-0.707106781187)
  );
#738 = DIRECTION('',(-1.,-1.226948711654E-18,1.226948711654E-18));
#739 = ADVANCED_FACE('',(#740),#758,.T.);
#740 = FACE_BOUND('',#741,.T.);
#741 = EDGE_LOOP('',(#742,#743,#744,#752));
#742 = ORIENTED_EDGE('',*,*,#721,.F.);
#743 = ORIENTED_EDGE('',*,*,#561,.T.);
#744 = ORIENTED_EDGE('',*,*,#745,.T.);
#745 = EDGE_CURVE('',#554,#746,#748,.T.);
#746 = VERTEX_POINT('',#747);
#747 = CARTESIAN_POINT('',(0.16,0.16,8.54));
#748 = LINE('',#749,#750);
#749 = CARTESIAN_POINT('',(5.333333333333E-02,5.333333333333E-02,
    8.646666666667));
#750 = VECTOR('',#751,1.);
#751 = DIRECTION('',(-0.57735026919,-0.57735026919,0.57735026919));
#752 = ORIENTED_EDGE('',*,*,#753,.F.);
#753 = EDGE_CURVE('',#722,#746,#754,.T.);
#754 = LINE('',#755,#756);
#755 = CARTESIAN_POINT('',(0.16,-0.32,8.54));
#756 = VECTOR('',#757,1.);
#757 = DIRECTION('',(0.,1.,0.));
#758 = PLANE('',#759);
#759 = AXIS2_PLACEMENT_3D('',#760,#761,#762);
#760 = CARTESIAN_POINT('',(0.24,-0.32,8.46));
#761 = DIRECTION('',(0.707106781187,-1.735167508357E-18,0.707106781187)
  );
#762 = DIRECTION('',(1.226948711654E-18,1.,1.226948711654E-18));
#763 = ADVANCED_FACE('',(#764),#782,.T.);
#764 = FACE_BOUND('',#765,.F.);
#765 = EDGE_LOOP('',(#766,#774,#775,#776));
#766 = ORIENTED_EDGE('',*,*,#767,.F.);
#767 = EDGE_CURVE('',#578,#768,#770,.T.);
#768 = VERTEX_POINT('',#769);
#769 = CARTESIAN_POINT('',(-0.16,0.16,8.54));
#770 = LINE('',#771,#772);
#771 = CARTESIAN_POINT('',(-0.16,0.16,8.54));
#772 = VECTOR('',#773,1.);
#773 = DIRECTION('',(0.57735026919,-0.57735026919,0.57735026919));
#774 = ORIENTED_EDGE('',*,*,#585,.T.);
#775 = ORIENTED_EDGE('',*,*,#745,.T.);
#776 = ORIENTED_EDGE('',*,*,#777,.F.);
#777 = EDGE_CURVE('',#768,#746,#778,.T.);
#778 = LINE('',#779,#780);
#779 = CARTESIAN_POINT('',(-0.32,0.16,8.54));
#780 = VECTOR('',#781,1.);
#781 = DIRECTION('',(1.,0.,0.));
#782 = PLANE('',#783);
#783 = AXIS2_PLACEMENT_3D('',#784,#785,#786);
#784 = CARTESIAN_POINT('',(-0.32,0.24,8.46));
#785 = DIRECTION('',(1.735167508357E-18,0.707106781187,0.707106781187));
#786 = DIRECTION('',(-1.,1.226948711654E-18,1.226948711654E-18));
#787 = ADVANCED_FACE('',(#788),#799,.F.);
#788 = FACE_BOUND('',#789,.F.);
#789 = EDGE_LOOP('',(#790,#791,#792,#793));
#790 = ORIENTED_EDGE('',*,*,#712,.F.);
#791 = ORIENTED_EDGE('',*,*,#602,.T.);
#792 = ORIENTED_EDGE('',*,*,#767,.T.);
#793 = ORIENTED_EDGE('',*,*,#794,.F.);
#794 = EDGE_CURVE('',#713,#768,#795,.T.);
#795 = LINE('',#796,#797);
#796 = CARTESIAN_POINT('',(-0.16,-0.32,8.54));
#797 = VECTOR('',#798,1.);
#798 = DIRECTION('',(0.,1.,0.));
#799 = PLANE('',#800);
#800 = AXIS2_PLACEMENT_3D('',#801,#802,#803);
#801 = CARTESIAN_POINT('',(-0.24,-0.32,8.46));
#802 = DIRECTION('',(0.707106781187,1.735167508357E-18,-0.707106781187)
  );
#803 = DIRECTION('',(-1.226948711654E-18,1.,1.226948711654E-18));
#804 = ADVANCED_FACE('',(#805),#811,.F.);
#805 = FACE_BOUND('',#806,.F.);
#806 = EDGE_LOOP('',(#807,#808,#809,#810));
#807 = ORIENTED_EDGE('',*,*,#681,.F.);
#808 = ORIENTED_EDGE('',*,*,#698,.F.);
#809 = ORIENTED_EDGE('',*,*,#633,.T.);
#810 = ORIENTED_EDGE('',*,*,#657,.T.);
#811 = PLANE('',#812);
#812 = AXIS2_PLACEMENT_3D('',#813,#814,#815);
#813 = CARTESIAN_POINT('',(-0.32,-0.32,-3.));
#814 = DIRECTION('',(0.,0.,1.));
#815 = DIRECTION('',(1.,0.,-0.));
#816 = ADVANCED_FACE('',(#817),#823,.T.);
#817 = FACE_BOUND('',#818,.T.);
#818 = EDGE_LOOP('',(#819,#820,#821,#822));
#819 = ORIENTED_EDGE('',*,*,#753,.T.);
#820 = ORIENTED_EDGE('',*,*,#777,.F.);
#821 = ORIENTED_EDGE('',*,*,#794,.F.);
#822 = ORIENTED_EDGE('',*,*,#729,.T.);
#823 = PLANE('',#824);
#824 = AXIS2_PLACEMENT_3D('',#825,#826,#827);
#825 = CARTESIAN_POINT('',(-0.32,-0.32,8.54));
#826 = DIRECTION('',(0.,0.,1.));
#827 = DIRECTION('',(1.,0.,-0.));
#828 = ( GEOMETRIC_REPRESENTATION_CONTEXT(3) 
GLOBAL_UNCERTAINTY_ASSIGNED_CONTEXT((#832)) GLOBAL_UNIT_ASSIGNED_CONTEXT
((#829,#830,#831)) REPRESENTATION_CONTEXT('Context #1',
  '3D Context with UNIT and UNCERTAINTY') );
#829 = ( LENGTH_UNIT() NAMED_UNIT(*) SI_UNIT(.MILLI.,.METRE.) );
#830 = ( NAMED_UNIT(*) PLANE_ANGLE_UNIT() SI_UNIT($,.RADIAN.) );
#831 = ( NAMED_UNIT(*) SI_UNIT($,.STERADIAN.) SOLID_ANGLE_UNIT() );
#832 = UNCERTAINTY_MEASURE_WITH_UNIT(LENGTH_MEASURE(1.E-07),#829,
  'distance_accuracy_value','confusion accuracy');
#833 = SHAPE_DEFINITION_REPRESENTATION(#834,#69);
#834 = PRODUCT_DEFINITION_SHAPE('','',#835);
#835 = PRODUCT_DEFINITION('design','',#836,#839);
#836 = PRODUCT_DEFINITION_FORMATION('','',#837);
#837 = PRODUCT('PinHeader_1x01_P2.54mm_Vertical',
  'PinHeader_1x01_P2.54mm_Vertical','',(#838));
#838 = PRODUCT_CONTEXT('',#2,'mechanical');
#839 = PRODUCT_DEFINITION_CONTEXT('part definition',#2,'design');
#840 = CONTEXT_DEPENDENT_SHAPE_REPRESENTATION(#841,#843);
#841 = ( REPRESENTATION_RELATIONSHIP('','',#69,#10) 
REPRESENTATION_RELATIONSHIP_WITH_TRANSFORMATION(#842) 
SHAPE_REPRESENTATION_RELATIONSHIP() );
#842 = ITEM_DEFINED_TRANSFORMATION('','',#11,#15);
#843 = PRODUCT_DEFINITION_SHAPE('Placement','Placement of an item',#844
  );
#844 = NEXT_ASSEMBLY_USAGE_OCCURRENCE('1','','',#5,#835,$);
#845 = PRODUCT_RELATED_PRODUCT_CATEGORY('part',$,(#837));
#846 = CONTEXT_DEPENDENT_SHAPE_REPRESENTATION(#847,#849);
#847 = ( REPRESENTATION_RELATIONSHIP('','',#69,#10) 
REPRESENTATION_RELATIONSHIP_WITH_TRANSFORMATION(#848) 
SHAPE_REPRESENTATION_RELATIONSHIP() );
#848 = ITEM_DEFINED_TRANSFORMATION('','',#11,#19);
#849 = PRODUCT_DEFINITION_SHAPE('Placement','Placement of an item',#850
  );
#850 = NEXT_ASSEMBLY_USAGE_OCCURRENCE('2','','',#5,#835,$);
#851 = CONTEXT_DEPENDENT_SHAPE_REPRESENTATION(#852,#854);
#852 = ( REPRESENTATION_RELATIONSHIP('','',#69,#10) 
REPRESENTATION_RELATIONSHIP_WITH_TRANSFORMATION(#853) 
SHAPE_REPRESENTATION_RELATIONSHIP() );
#853 = ITEM_DEFINED_TRANSFORMATION('','',#11,#23);
#854 = PRODUCT_DEFINITION_SHAPE('Placement','Placement of an item',#855
  );
#855 = NEXT_ASSEMBLY_USAGE_OCCURRENCE('3','','',#5,#835,$);
#856 = CONTEXT_DEPENDENT_SHAPE_REPRESENTATION(#857,#859);
#857 = ( REPRESENTATION_RELATIONSHIP('','',#69,#10) 
REPRESENTATION_RELATIONSHIP_WITH_TRANSFORMATION(#858) 
SHAPE_REPRESENTATION_RELATIONSHIP() );
#858 = ITEM_DEFINED_TRANSFORMATION('','',#11,#27);
#859 = PRODUCT_DEFINITION_SHAPE('Placement','Placement of an item',#860
  );
#860 = NEXT_ASSEMBLY_USAGE_OCCURRENCE('4','','',#5,#835,$);
#861 = CONTEXT_DEPENDENT_SHAPE_REPRESENTATION(#862,#864);
#862 = ( REPRESENTATION_RELATIONSHIP('','',#69,#10) 
REPRESENTATION_RELATIONSHIP_WITH_TRANSFORMATION(#863) 
SHAPE_REPRESENTATION_RELATIONSHIP() );
#863 = ITEM_DEFINED_TRANSFORMATION('','',#11,#31);
#864 = PRODUCT_DEFINITION_SHAPE('Placement','Placement of an item',#865
  );
#865 = NEXT_ASSEMBLY_USAGE_OCCURRENCE('5','','',#5,#835,$);
#866 = CONTEXT_DEPENDENT_SHAPE_REPRESENTATION(#867,#869);
#867 = ( REPRESENTATION_RELATIONSHIP('','',#69,#10) 
REPRESENTATION_RELATIONSHIP_WITH_TRANSFORMATION(#868) 
SHAPE_REPRESENTATION_RELATIONSHIP() );
#868 = ITEM_DEFINED_TRANSFORMATION('','',#11,#35);
#869 = PRODUCT_DEFINITION_SHAPE('Placement','Placement of an item',#870
  );
#870 = NEXT_ASSEMBLY_USAGE_OCCURRENCE('6','','',#5,#835,$);
#871 = CONTEXT_DEPENDENT_SHAPE_REPRESENTATION(#872,#874);
#872 = ( REPRESENTATION_RELATIONSHIP('','',#69,#10) 
REPRESENTATION_RELATIONSHIP_WITH_TRANSFORMATION(#873) 
SHAPE_REPRESENTATION_RELATIONSHIP() );
#873 = ITEM_DEFINED_TRANSFORMATION('','',#11,#39);
#874 = PRODUCT_DEFINITION_SHAPE('Placement','Placement of an item',#875
  );
#875 = NEXT_ASSEMBLY_USAGE_OCCURRENCE('7','','',#5,#835,$);
#876 = CONTEXT_DEPENDENT_SHAPE_REPRESENTATION(#877,#879);
#877 = ( REPRESENTATION_RELATIONSHIP('','',#69,#10) 
REPRESENTATION_RELATIONSHIP_WITH_TRANSFORMATION(#878) 
SHAPE_REPRESENTATION_RELATIONSHIP() );
#878 = ITEM_DEFINED_TRANSFORMATION('','',#11,#43);
#879 = PRODUCT_DEFINITION_SHAPE('Placement','Placement of an item',#880
  );
#880 = NEXT_ASSEMBLY_USAGE_OCCURRENCE('8','','',#5,#835,$);
#881 = SHAPE_REPRESENTATION('',(#11,#882,#1339,#1796,#2284,#2772,#3229,
    #3717,#4205),#4761);
#882 = MANIFOLD_SOLID_BREP('',#883);
#883 = CLOSED_SHELL('',(#884,#926,#957,#990,#1021,#1054,#1085,#1118,
    #1149,#1180,#1211,#1242,#1275,#1297,#1318));
#884 = ADVANCED_FACE('',(#885),#921,.T.);
#885 = FACE_BOUND('',#886,.T.);
#886 = EDGE_LOOP('',(#887,#897,#906,#914));
#887 = ORIENTED_EDGE('',*,*,#888,.T.);
#888 = EDGE_CURVE('',#889,#891,#893,.T.);
#889 = VERTEX_POINT('',#890);
#890 = CARTESIAN_POINT('',(141.682337,-90.668414,1.51));
#891 = VERTEX_POINT('',#892);
#892 = CARTESIAN_POINT('',(141.682337,-90.668414,1.545));
#893 = LINE('',#894,#895);
#894 = CARTESIAN_POINT('',(141.682337,-90.668414,1.51));
#895 = VECTOR('',#896,1.);
#896 = DIRECTION('',(0.,0.,1.));
#897 = ORIENTED_EDGE('',*,*,#898,.T.);
#898 = EDGE_CURVE('',#891,#899,#901,.T.);
#899 = VERTEX_POINT('',#900);
#900 = CARTESIAN_POINT('',(149.285952,-87.519991,1.545));
#901 = CIRCLE('',#902,12.500413611515);
#902 = AXIS2_PLACEMENT_3D('',#903,#904,#905);
#903 = CARTESIAN_POINT('',(149.99989957327,-99.99999978691,1.545));
#904 = DIRECTION('',(0.,0.,-1.));
#905 = DIRECTION('',(-0.665382989057,0.746502162002,0.));
#906 = ORIENTED_EDGE('',*,*,#907,.F.);
#907 = EDGE_CURVE('',#908,#899,#910,.T.);
#908 = VERTEX_POINT('',#909);
#909 = CARTESIAN_POINT('',(149.285952,-87.519991,1.51));
#910 = LINE('',#911,#912);
#911 = CARTESIAN_POINT('',(149.285952,-87.519991,1.51));
#912 = VECTOR('',#913,1.);
#913 = DIRECTION('',(0.,0.,1.));
#914 = ORIENTED_EDGE('',*,*,#915,.F.);
#915 = EDGE_CURVE('',#889,#908,#916,.T.);
#916 = CIRCLE('',#917,12.500413611515);
#917 = AXIS2_PLACEMENT_3D('',#918,#919,#920);
#918 = CARTESIAN_POINT('',(149.99989957327,-99.99999978691,1.51));
#919 = DIRECTION('',(0.,0.,-1.));
#920 = DIRECTION('',(-0.665382989057,0.746502162002,0.));
#921 = CYLINDRICAL_SURFACE('',#922,12.500413611515);
#922 = AXIS2_PLACEMENT_3D('',#923,#924,#925);
#923 = CARTESIAN_POINT('',(149.99989957327,-99.99999978691,1.51));
#924 = DIRECTION('',(0.,0.,-1.));
#925 = DIRECTION('',(-0.665382989057,0.746502162002,0.));
#926 = ADVANCED_FACE('',(#927),#952,.T.);
#927 = FACE_BOUND('',#928,.T.);
#928 = EDGE_LOOP('',(#929,#930,#938,#946));
#929 = ORIENTED_EDGE('',*,*,#907,.T.);
#930 = ORIENTED_EDGE('',*,*,#931,.T.);
#931 = EDGE_CURVE('',#899,#932,#934,.T.);
#932 = VERTEX_POINT('',#933);
#933 = CARTESIAN_POINT('',(149.623074,-87.505478,1.545));
#934 = LINE('',#935,#936);
#935 = CARTESIAN_POINT('',(149.285952,-87.519991,1.545));
#936 = VECTOR('',#937,1.);
#937 = DIRECTION('',(0.99907464779,4.30098610099E-02,0.));
#938 = ORIENTED_EDGE('',*,*,#939,.F.);
#939 = EDGE_CURVE('',#940,#932,#942,.T.);
#940 = VERTEX_POINT('',#941);
#941 = CARTESIAN_POINT('',(149.623074,-87.505478,1.51));
#942 = LINE('',#943,#944);
#943 = CARTESIAN_POINT('',(149.623074,-87.505478,1.51));
#944 = VECTOR('',#945,1.);
#945 = DIRECTION('',(0.,0.,1.));
#946 = ORIENTED_EDGE('',*,*,#947,.F.);
#947 = EDGE_CURVE('',#908,#940,#948,.T.);
#948 = LINE('',#949,#950);
#949 = CARTESIAN_POINT('',(149.285952,-87.519991,1.51));
#950 = VECTOR('',#951,1.);
#951 = DIRECTION('',(0.99907464779,4.30098610099E-02,0.));
#952 = PLANE('',#953);
#953 = AXIS2_PLACEMENT_3D('',#954,#955,#956);
#954 = CARTESIAN_POINT('',(149.285952,-87.519991,1.51));
#955 = DIRECTION('',(-4.30098610099E-02,0.99907464779,0.));
#956 = DIRECTION('',(0.99907464779,4.30098610099E-02,0.));
#957 = ADVANCED_FACE('',(#958),#985,.T.);
#958 = FACE_BOUND('',#959,.T.);
#959 = EDGE_LOOP('',(#960,#961,#970,#978));
#960 = ORIENTED_EDGE('',*,*,#939,.T.);
#961 = ORIENTED_EDGE('',*,*,#962,.T.);
#962 = EDGE_CURVE('',#932,#963,#965,.T.);
#963 = VERTEX_POINT('',#964);
#964 = CARTESIAN_POINT('',(149.74995,-87.629445,1.545));
#965 = CIRCLE('',#966,0.124001309719);
#966 = AXIS2_PLACEMENT_3D('',#967,#968,#969);
#967 = CARTESIAN_POINT('',(149.62594869028,-87.62944598364,1.545));
#968 = DIRECTION('',(0.,0.,-1.));
#969 = DIRECTION('',(-2.318274130287E-02,0.999731244138,0.));
#970 = ORIENTED_EDGE('',*,*,#971,.F.);
#971 = EDGE_CURVE('',#972,#963,#974,.T.);
#972 = VERTEX_POINT('',#973);
#973 = CARTESIAN_POINT('',(149.74995,-87.629445,1.51));
#974 = LINE('',#975,#976);
#975 = CARTESIAN_POINT('',(149.74995,-87.629445,1.51));
#976 = VECTOR('',#977,1.);
#977 = DIRECTION('',(0.,0.,1.));
#978 = ORIENTED_EDGE('',*,*,#979,.F.);
#979 = EDGE_CURVE('',#940,#972,#980,.T.);
#980 = CIRCLE('',#981,0.124001309719);
#981 = AXIS2_PLACEMENT_3D('',#982,#983,#984);
#982 = CARTESIAN_POINT('',(149.62594869028,-87.62944598364,1.51));
#983 = DIRECTION('',(0.,0.,-1.));
#984 = DIRECTION('',(-2.318274130287E-02,0.999731244138,0.));
#985 = CYLINDRICAL_SURFACE('',#986,0.124001309719);
#986 = AXIS2_PLACEMENT_3D('',#987,#988,#989);
#987 = CARTESIAN_POINT('',(149.62594869028,-87.62944598364,1.51));
#988 = DIRECTION('',(0.,0.,-1.));
#989 = DIRECTION('',(-2.318274130287E-02,0.999731244138,0.));
#990 = ADVANCED_FACE('',(#991),#1016,.T.);
#991 = FACE_BOUND('',#992,.T.);
#992 = EDGE_LOOP('',(#993,#994,#1002,#1010));
#993 = ORIENTED_EDGE('',*,*,#971,.T.);
#994 = ORIENTED_EDGE('',*,*,#995,.T.);
#995 = EDGE_CURVE('',#963,#996,#998,.T.);
#996 = VERTEX_POINT('',#997);
#997 = CARTESIAN_POINT('',(149.74995,-89.382331,1.545));
#998 = LINE('',#999,#1000);
#999 = CARTESIAN_POINT('',(149.74995,-87.629445,1.545));
#1000 = VECTOR('',#1001,1.);
#1001 = DIRECTION('',(0.,-1.,0.));
#1002 = ORIENTED_EDGE('',*,*,#1003,.F.);
#1003 = EDGE_CURVE('',#1004,#996,#1006,.T.);
#1004 = VERTEX_POINT('',#1005);
#1005 = CARTESIAN_POINT('',(149.74995,-89.382331,1.51));
#1006 = LINE('',#1007,#1008);
#1007 = CARTESIAN_POINT('',(149.74995,-89.382331,1.51));
#1008 = VECTOR('',#1009,1.);
#1009 = DIRECTION('',(0.,0.,1.));
#1010 = ORIENTED_EDGE('',*,*,#1011,.F.);
#1011 = EDGE_CURVE('',#972,#1004,#1012,.T.);
#1012 = LINE('',#1013,#1014);
#1013 = CARTESIAN_POINT('',(149.74995,-87.629445,1.51));
#1014 = VECTOR('',#1015,1.);
#1015 = DIRECTION('',(0.,-1.,0.));
#1016 = PLANE('',#1017);
#1017 = AXIS2_PLACEMENT_3D('',#1018,#1019,#1020);
#1018 = CARTESIAN_POINT('',(149.74995,-87.629445,1.51));
#1019 = DIRECTION('',(1.,0.,-0.));
#1020 = DIRECTION('',(0.,-1.,0.));
#1021 = ADVANCED_FACE('',(#1022),#1049,.T.);
#1022 = FACE_BOUND('',#1023,.T.);
#1023 = EDGE_LOOP('',(#1024,#1025,#1034,#1042));
#1024 = ORIENTED_EDGE('',*,*,#1003,.T.);
#1025 = ORIENTED_EDGE('',*,*,#1026,.T.);
#1026 = EDGE_CURVE('',#996,#1027,#1029,.T.);
#1027 = VERTEX_POINT('',#1028);
#1028 = CARTESIAN_POINT('',(149.629319,-89.506285,1.545));
#1029 = CIRCLE('',#1030,0.124001351256);
#1030 = AXIS2_PLACEMENT_3D('',#1031,#1032,#1033);
#1031 = CARTESIAN_POINT('',(149.62594864875,-89.3823294602,1.545));
#1032 = DIRECTION('',(0.,0.,-1.));
#1033 = DIRECTION('',(0.999999999923,-1.241756211967E-05,0.));
#1034 = ORIENTED_EDGE('',*,*,#1035,.F.);
#1035 = EDGE_CURVE('',#1036,#1027,#1038,.T.);
#1036 = VERTEX_POINT('',#1037);
#1037 = CARTESIAN_POINT('',(149.629319,-89.506285,1.51));
#1038 = LINE('',#1039,#1040);
#1039 = CARTESIAN_POINT('',(149.629319,-89.506285,1.51));
#1040 = VECTOR('',#1041,1.);
#1041 = DIRECTION('',(0.,0.,1.));
#1042 = ORIENTED_EDGE('',*,*,#1043,.F.);
#1043 = EDGE_CURVE('',#1004,#1036,#1044,.T.);
#1044 = CIRCLE('',#1045,0.124001351256);
#1045 = AXIS2_PLACEMENT_3D('',#1046,#1047,#1048);
#1046 = CARTESIAN_POINT('',(149.62594864875,-89.3823294602,1.51));
#1047 = DIRECTION('',(0.,0.,-1.));
#1048 = DIRECTION('',(0.999999999923,-1.241756211967E-05,0.));
#1049 = CYLINDRICAL_SURFACE('',#1050,0.124001351256);
#1050 = AXIS2_PLACEMENT_3D('',#1051,#1052,#1053);
#1051 = CARTESIAN_POINT('',(149.62594864875,-89.3823294602,1.51));
#1052 = DIRECTION('',(0.,0.,-1.));
#1053 = DIRECTION('',(0.999999999923,-1.241756211967E-05,0.));
#1054 = ADVANCED_FACE('',(#1055),#1080,.T.);
#1055 = FACE_BOUND('',#1056,.T.);
#1056 = EDGE_LOOP('',(#1057,#1058,#1066,#1074));
#1057 = ORIENTED_EDGE('',*,*,#1035,.T.);
#1058 = ORIENTED_EDGE('',*,*,#1059,.T.);
#1059 = EDGE_CURVE('',#1027,#1060,#1062,.T.);
#1060 = VERTEX_POINT('',#1061);
#1061 = CARTESIAN_POINT('',(149.319977,-89.52157,1.545));
#1062 = LINE('',#1063,#1064);
#1063 = CARTESIAN_POINT('',(149.629319,-89.506285,1.545));
#1064 = VECTOR('',#1065,1.);
#1065 = DIRECTION('',(-0.998781490947,-4.935112299372E-02,0.));
#1066 = ORIENTED_EDGE('',*,*,#1067,.F.);
#1067 = EDGE_CURVE('',#1068,#1060,#1070,.T.);
#1068 = VERTEX_POINT('',#1069);
#1069 = CARTESIAN_POINT('',(149.319977,-89.52157,1.51));
#1070 = LINE('',#1071,#1072);
#1071 = CARTESIAN_POINT('',(149.319977,-89.52157,1.51));
#1072 = VECTOR('',#1073,1.);
#1073 = DIRECTION('',(0.,0.,1.));
#1074 = ORIENTED_EDGE('',*,*,#1075,.F.);
#1075 = EDGE_CURVE('',#1036,#1068,#1076,.T.);
#1076 = LINE('',#1077,#1078);
#1077 = CARTESIAN_POINT('',(149.629319,-89.506285,1.51));
#1078 = VECTOR('',#1079,1.);
#1079 = DIRECTION('',(-0.998781490947,-4.935112299372E-02,0.));
#1080 = PLANE('',#1081);
#1081 = AXIS2_PLACEMENT_3D('',#1082,#1083,#1084);
#1082 = CARTESIAN_POINT('',(149.629319,-89.506285,1.51));
#1083 = DIRECTION('',(4.935112299372E-02,-0.998781490947,0.));
#1084 = DIRECTION('',(-0.998781490947,-4.935112299372E-02,0.));
#1085 = ADVANCED_FACE('',(#1086),#1113,.F.);
#1086 = FACE_BOUND('',#1087,.T.);
#1087 = EDGE_LOOP('',(#1088,#1089,#1098,#1106));
#1088 = ORIENTED_EDGE('',*,*,#1067,.T.);
#1089 = ORIENTED_EDGE('',*,*,#1090,.T.);
#1090 = EDGE_CURVE('',#1060,#1091,#1093,.T.);
#1091 = VERTEX_POINT('',#1092);
#1092 = CARTESIAN_POINT('',(142.841826,-92.317729,1.545));
#1093 = CIRCLE('',#1094,10.498695745059);
#1094 = AXIS2_PLACEMENT_3D('',#1095,#1096,#1097);
#1095 = CARTESIAN_POINT('',(149.99949138734,-99.99825232527,1.545));
#1096 = DIRECTION('',(0.,0.,1.));
#1097 = DIRECTION('',(-6.472369557599E-02,0.997903223379,0.));
#1098 = ORIENTED_EDGE('',*,*,#1099,.F.);
#1099 = EDGE_CURVE('',#1100,#1091,#1102,.T.);
#1100 = VERTEX_POINT('',#1101);
#1101 = CARTESIAN_POINT('',(142.841826,-92.317729,1.51));
#1102 = LINE('',#1103,#1104);
#1103 = CARTESIAN_POINT('',(142.841826,-92.317729,1.51));
#1104 = VECTOR('',#1105,1.);
#1105 = DIRECTION('',(0.,0.,1.));
#1106 = ORIENTED_EDGE('',*,*,#1107,.F.);
#1107 = EDGE_CURVE('',#1068,#1100,#1108,.T.);
#1108 = CIRCLE('',#1109,10.498695745059);
#1109 = AXIS2_PLACEMENT_3D('',#1110,#1111,#1112);
#1110 = CARTESIAN_POINT('',(149.99949138734,-99.99825232527,1.51));
#1111 = DIRECTION('',(0.,0.,1.));
#1112 = DIRECTION('',(-6.472369557599E-02,0.997903223379,0.));
#1113 = CYLINDRICAL_SURFACE('',#1114,10.498695745059);
#1114 = AXIS2_PLACEMENT_3D('',#1115,#1116,#1117);
#1115 = CARTESIAN_POINT('',(149.99949138734,-99.99825232527,1.51));
#1116 = DIRECTION('',(-0.,-0.,-1.));
#1117 = DIRECTION('',(-6.472369557599E-02,0.997903223379,0.));
#1118 = ADVANCED_FACE('',(#1119),#1144,.T.);
#1119 = FACE_BOUND('',#1120,.T.);
#1120 = EDGE_LOOP('',(#1121,#1122,#1130,#1138));
#1121 = ORIENTED_EDGE('',*,*,#1099,.T.);
#1122 = ORIENTED_EDGE('',*,*,#1123,.T.);
#1123 = EDGE_CURVE('',#1091,#1124,#1126,.T.);
#1124 = VERTEX_POINT('',#1125);
#1125 = CARTESIAN_POINT('',(142.779621,-92.349545,1.545));
#1126 = LINE('',#1127,#1128);
#1127 = CARTESIAN_POINT('',(142.841826,-92.317729,1.545));
#1128 = VECTOR('',#1129,1.);
#1129 = DIRECTION('',(-0.890305111294,-0.455364479076,0.));
#1130 = ORIENTED_EDGE('',*,*,#1131,.F.);
#1131 = EDGE_CURVE('',#1132,#1124,#1134,.T.);
#1132 = VERTEX_POINT('',#1133);
#1133 = CARTESIAN_POINT('',(142.779621,-92.349545,1.51));
#1134 = LINE('',#1135,#1136);
#1135 = CARTESIAN_POINT('',(142.779621,-92.349545,1.51));
#1136 = VECTOR('',#1137,1.);
#1137 = DIRECTION('',(0.,0.,1.));
#1138 = ORIENTED_EDGE('',*,*,#1139,.F.);
#1139 = EDGE_CURVE('',#1100,#1132,#1140,.T.);
#1140 = LINE('',#1141,#1142);
#1141 = CARTESIAN_POINT('',(142.841826,-92.317729,1.51));
#1142 = VECTOR('',#1143,1.);
#1143 = DIRECTION('',(-0.890305111294,-0.455364479076,0.));
#1144 = PLANE('',#1145);
#1145 = AXIS2_PLACEMENT_3D('',#1146,#1147,#1148);
#1146 = CARTESIAN_POINT('',(142.841826,-92.317729,1.51));
#1147 = DIRECTION('',(0.455364479076,-0.890305111294,0.));
#1148 = DIRECTION('',(-0.890305111294,-0.455364479076,0.));
#1149 = ADVANCED_FACE('',(#1150),#1175,.T.);
#1150 = FACE_BOUND('',#1151,.T.);
#1151 = EDGE_LOOP('',(#1152,#1153,#1161,#1169));
#1152 = ORIENTED_EDGE('',*,*,#1131,.T.);
#1153 = ORIENTED_EDGE('',*,*,#1154,.T.);
#1154 = EDGE_CURVE('',#1124,#1155,#1157,.T.);
#1155 = VERTEX_POINT('',#1156);
#1156 = CARTESIAN_POINT('',(142.710089,-92.342679,1.545));
#1157 = LINE('',#1158,#1159);
#1158 = CARTESIAN_POINT('',(142.779621,-92.349545,1.545));
#1159 = VECTOR('',#1160,1.);
#1160 = DIRECTION('',(-0.995159990185,9.826797003701E-02,0.));
#1161 = ORIENTED_EDGE('',*,*,#1162,.F.);
#1162 = EDGE_CURVE('',#1163,#1155,#1165,.T.);
#1163 = VERTEX_POINT('',#1164);
#1164 = CARTESIAN_POINT('',(142.710089,-92.342679,1.51));
#1165 = LINE('',#1166,#1167);
#1166 = CARTESIAN_POINT('',(142.710089,-92.342679,1.51));
#1167 = VECTOR('',#1168,1.);
#1168 = DIRECTION('',(0.,0.,1.));
#1169 = ORIENTED_EDGE('',*,*,#1170,.F.);
#1170 = EDGE_CURVE('',#1132,#1163,#1171,.T.);
#1171 = LINE('',#1172,#1173);
#1172 = CARTESIAN_POINT('',(142.779621,-92.349545,1.51));
#1173 = VECTOR('',#1174,1.);
#1174 = DIRECTION('',(-0.995159990185,9.826797003701E-02,0.));
#1175 = PLANE('',#1176);
#1176 = AXIS2_PLACEMENT_3D('',#1177,#1178,#1179);
#1177 = CARTESIAN_POINT('',(142.779621,-92.349545,1.51));
#1178 = DIRECTION('',(-9.826797003701E-02,-0.995159990185,0.));
#1179 = DIRECTION('',(-0.995159990185,9.826797003701E-02,0.));
#1180 = ADVANCED_FACE('',(#1181),#1206,.T.);
#1181 = FACE_BOUND('',#1182,.T.);
#1182 = EDGE_LOOP('',(#1183,#1184,#1192,#1200));
#1183 = ORIENTED_EDGE('',*,*,#1162,.T.);
#1184 = ORIENTED_EDGE('',*,*,#1185,.T.);
#1185 = EDGE_CURVE('',#1155,#1186,#1188,.T.);
#1186 = VERTEX_POINT('',#1187);
#1187 = CARTESIAN_POINT('',(142.668865,-92.315392,1.545));
#1188 = LINE('',#1189,#1190);
#1189 = CARTESIAN_POINT('',(142.710089,-92.342679,1.545));
#1190 = VECTOR('',#1191,1.);
#1191 = DIRECTION('',(-0.833872512138,0.551957093895,0.));
#1192 = ORIENTED_EDGE('',*,*,#1193,.F.);
#1193 = EDGE_CURVE('',#1194,#1186,#1196,.T.);
#1194 = VERTEX_POINT('',#1195);
#1195 = CARTESIAN_POINT('',(142.668865,-92.315392,1.51));
#1196 = LINE('',#1197,#1198);
#1197 = CARTESIAN_POINT('',(142.668865,-92.315392,1.51));
#1198 = VECTOR('',#1199,1.);
#1199 = DIRECTION('',(0.,0.,1.));
#1200 = ORIENTED_EDGE('',*,*,#1201,.F.);
#1201 = EDGE_CURVE('',#1163,#1194,#1202,.T.);
#1202 = LINE('',#1203,#1204);
#1203 = CARTESIAN_POINT('',(142.710089,-92.342679,1.51));
#1204 = VECTOR('',#1205,1.);
#1205 = DIRECTION('',(-0.833872512138,0.551957093895,0.));
#1206 = PLANE('',#1207);
#1207 = AXIS2_PLACEMENT_3D('',#1208,#1209,#1210);
#1208 = CARTESIAN_POINT('',(142.710089,-92.342679,1.51));
#1209 = DIRECTION('',(-0.551957093895,-0.833872512138,0.));
#1210 = DIRECTION('',(-0.833872512138,0.551957093895,0.));
#1211 = ADVANCED_FACE('',(#1212),#1237,.T.);
#1212 = FACE_BOUND('',#1213,.T.);
#1213 = EDGE_LOOP('',(#1214,#1215,#1223,#1231));
#1214 = ORIENTED_EDGE('',*,*,#1193,.T.);
#1215 = ORIENTED_EDGE('',*,*,#1216,.T.);
#1216 = EDGE_CURVE('',#1186,#1217,#1219,.T.);
#1217 = VERTEX_POINT('',#1218);
#1218 = CARTESIAN_POINT('',(141.416113,-91.060232,1.545));
#1219 = LINE('',#1220,#1221);
#1220 = CARTESIAN_POINT('',(142.668865,-92.315392,1.545));
#1221 = VECTOR('',#1222,1.);
#1222 = DIRECTION('',(-0.706427519002,0.707785391483,0.));
#1223 = ORIENTED_EDGE('',*,*,#1224,.F.);
#1224 = EDGE_CURVE('',#1225,#1217,#1227,.T.);
#1225 = VERTEX_POINT('',#1226);
#1226 = CARTESIAN_POINT('',(141.416113,-91.060232,1.51));
#1227 = LINE('',#1228,#1229);
#1228 = CARTESIAN_POINT('',(141.416113,-91.060232,1.51));
#1229 = VECTOR('',#1230,1.);
#1230 = DIRECTION('',(0.,0.,1.));
#1231 = ORIENTED_EDGE('',*,*,#1232,.F.);
#1232 = EDGE_CURVE('',#1194,#1225,#1233,.T.);
#1233 = LINE('',#1234,#1235);
#1234 = CARTESIAN_POINT('',(142.668865,-92.315392,1.51));
#1235 = VECTOR('',#1236,1.);
#1236 = DIRECTION('',(-0.706427519002,0.707785391483,0.));
#1237 = PLANE('',#1238);
#1238 = AXIS2_PLACEMENT_3D('',#1239,#1240,#1241);
#1239 = CARTESIAN_POINT('',(142.668865,-92.315392,1.51));
#1240 = DIRECTION('',(-0.707785391483,-0.706427519002,0.));
#1241 = DIRECTION('',(-0.706427519002,0.707785391483,0.));
#1242 = ADVANCED_FACE('',(#1243),#1270,.T.);
#1243 = FACE_BOUND('',#1244,.T.);
#1244 = EDGE_LOOP('',(#1245,#1246,#1255,#1263));
#1245 = ORIENTED_EDGE('',*,*,#1224,.T.);
#1246 = ORIENTED_EDGE('',*,*,#1247,.T.);
#1247 = EDGE_CURVE('',#1217,#1248,#1250,.T.);
#1248 = VERTEX_POINT('',#1249);
#1249 = CARTESIAN_POINT('',(141.431427,-90.898558,1.545));
#1250 = CIRCLE('',#1251,0.123998520565);
#1251 = AXIS2_PLACEMENT_3D('',#1252,#1253,#1254);
#1252 = CARTESIAN_POINT('',(141.51706676654,-90.98823220748,1.545));
#1253 = DIRECTION('',(0.,0.,-1.));
#1254 = DIRECTION('',(-0.814152992207,-0.580650415724,-0.));
#1255 = ORIENTED_EDGE('',*,*,#1256,.F.);
#1256 = EDGE_CURVE('',#1257,#1248,#1259,.T.);
#1257 = VERTEX_POINT('',#1258);
#1258 = CARTESIAN_POINT('',(141.431427,-90.898558,1.51));
#1259 = LINE('',#1260,#1261);
#1260 = CARTESIAN_POINT('',(141.431427,-90.898558,1.51));
#1261 = VECTOR('',#1262,1.);
#1262 = DIRECTION('',(0.,0.,1.));
#1263 = ORIENTED_EDGE('',*,*,#1264,.F.);
#1264 = EDGE_CURVE('',#1225,#1257,#1265,.T.);
#1265 = CIRCLE('',#1266,0.123998520565);
#1266 = AXIS2_PLACEMENT_3D('',#1267,#1268,#1269);
#1267 = CARTESIAN_POINT('',(141.51706676654,-90.98823220748,1.51));
#1268 = DIRECTION('',(0.,0.,-1.));
#1269 = DIRECTION('',(-0.814152992207,-0.580650415724,-0.));
#1270 = CYLINDRICAL_SURFACE('',#1271,0.123998520565);
#1271 = AXIS2_PLACEMENT_3D('',#1272,#1273,#1274);
#1272 = CARTESIAN_POINT('',(141.51706676654,-90.98823220748,1.51));
#1273 = DIRECTION('',(0.,0.,-1.));
#1274 = DIRECTION('',(-0.814152992207,-0.580650415724,-0.));
#1275 = ADVANCED_FACE('',(#1276),#1292,.T.);
#1276 = FACE_BOUND('',#1277,.T.);
#1277 = EDGE_LOOP('',(#1278,#1279,#1285,#1286));
#1278 = ORIENTED_EDGE('',*,*,#1256,.T.);
#1279 = ORIENTED_EDGE('',*,*,#1280,.T.);
#1280 = EDGE_CURVE('',#1248,#891,#1281,.T.);
#1281 = LINE('',#1282,#1283);
#1282 = CARTESIAN_POINT('',(141.431427,-90.898558,1.545));
#1283 = VECTOR('',#1284,1.);
#1284 = DIRECTION('',(0.73694465165,0.675953090388,0.));
#1285 = ORIENTED_EDGE('',*,*,#888,.F.);
#1286 = ORIENTED_EDGE('',*,*,#1287,.F.);
#1287 = EDGE_CURVE('',#1257,#889,#1288,.T.);
#1288 = LINE('',#1289,#1290);
#1289 = CARTESIAN_POINT('',(141.431427,-90.898558,1.51));
#1290 = VECTOR('',#1291,1.);
#1291 = DIRECTION('',(0.73694465165,0.675953090388,0.));
#1292 = PLANE('',#1293);
#1293 = AXIS2_PLACEMENT_3D('',#1294,#1295,#1296);
#1294 = CARTESIAN_POINT('',(141.431427,-90.898558,1.51));
#1295 = DIRECTION('',(-0.675953090388,0.73694465165,0.));
#1296 = DIRECTION('',(0.73694465165,0.675953090388,0.));
#1297 = ADVANCED_FACE('',(#1298),#1313,.F.);
#1298 = FACE_BOUND('',#1299,.T.);
#1299 = EDGE_LOOP('',(#1300,#1301,#1302,#1303,#1304,#1305,#1306,#1307,
    #1308,#1309,#1310,#1311,#1312));
#1300 = ORIENTED_EDGE('',*,*,#915,.T.);
#1301 = ORIENTED_EDGE('',*,*,#947,.T.);
#1302 = ORIENTED_EDGE('',*,*,#979,.T.);
#1303 = ORIENTED_EDGE('',*,*,#1011,.T.);
#1304 = ORIENTED_EDGE('',*,*,#1043,.T.);
#1305 = ORIENTED_EDGE('',*,*,#1075,.T.);
#1306 = ORIENTED_EDGE('',*,*,#1107,.T.);
#1307 = ORIENTED_EDGE('',*,*,#1139,.T.);
#1308 = ORIENTED_EDGE('',*,*,#1170,.T.);
#1309 = ORIENTED_EDGE('',*,*,#1201,.T.);
#1310 = ORIENTED_EDGE('',*,*,#1232,.T.);
#1311 = ORIENTED_EDGE('',*,*,#1264,.T.);
#1312 = ORIENTED_EDGE('',*,*,#1287,.T.);
#1313 = PLANE('',#1314);
#1314 = AXIS2_PLACEMENT_3D('',#1315,#1316,#1317);
#1315 = CARTESIAN_POINT('',(0.,0.,1.51));
#1316 = DIRECTION('',(0.,0.,1.));
#1317 = DIRECTION('',(1.,0.,-0.));
#1318 = ADVANCED_FACE('',(#1319),#1334,.T.);
#1319 = FACE_BOUND('',#1320,.F.);
#1320 = EDGE_LOOP('',(#1321,#1322,#1323,#1324,#1325,#1326,#1327,#1328,
    #1329,#1330,#1331,#1332,#1333));
#1321 = ORIENTED_EDGE('',*,*,#898,.T.);
#1322 = ORIENTED_EDGE('',*,*,#931,.T.);
#1323 = ORIENTED_EDGE('',*,*,#962,.T.);
#1324 = ORIENTED_EDGE('',*,*,#995,.T.);
#1325 = ORIENTED_EDGE('',*,*,#1026,.T.);
#1326 = ORIENTED_EDGE('',*,*,#1059,.T.);
#1327 = ORIENTED_EDGE('',*,*,#1090,.T.);
#1328 = ORIENTED_EDGE('',*,*,#1123,.T.);
#1329 = ORIENTED_EDGE('',*,*,#1154,.T.);
#1330 = ORIENTED_EDGE('',*,*,#1185,.T.);
#1331 = ORIENTED_EDGE('',*,*,#1216,.T.);
#1332 = ORIENTED_EDGE('',*,*,#1247,.T.);
#1333 = ORIENTED_EDGE('',*,*,#1280,.T.);
#1334 = PLANE('',#1335);
#1335 = AXIS2_PLACEMENT_3D('',#1336,#1337,#1338);
#1336 = CARTESIAN_POINT('',(0.,0.,1.545));
#1337 = DIRECTION('',(0.,0.,1.));
#1338 = DIRECTION('',(1.,0.,-0.));
#1339 = MANIFOLD_SOLID_BREP('',#1340);
#1340 = CLOSED_SHELL('',(#1341,#1383,#1414,#1447,#1478,#1511,#1542,#1575
    ,#1606,#1637,#1668,#1699,#1732,#1754,#1775));
#1341 = ADVANCED_FACE('',(#1342),#1378,.T.);
#1342 = FACE_BOUND('',#1343,.T.);
#1343 = EDGE_LOOP('',(#1344,#1354,#1363,#1371));
#1344 = ORIENTED_EDGE('',*,*,#1345,.T.);
#1345 = EDGE_CURVE('',#1346,#1348,#1350,.T.);
#1346 = VERTEX_POINT('',#1347);
#1347 = CARTESIAN_POINT('',(137.520062,-99.282981,1.51));
#1348 = VERTEX_POINT('',#1349);
#1349 = CARTESIAN_POINT('',(137.520062,-99.282981,1.545));
#1350 = LINE('',#1351,#1352);
#1351 = CARTESIAN_POINT('',(137.520062,-99.282981,1.51));
#1352 = VECTOR('',#1353,1.);
#1353 = DIRECTION('',(0.,0.,1.));
#1354 = ORIENTED_EDGE('',*,*,#1355,.T.);
#1355 = EDGE_CURVE('',#1348,#1356,#1358,.T.);
#1356 = VERTEX_POINT('',#1357);
#1357 = CARTESIAN_POINT('',(140.67032,-91.680179,1.545));
#1358 = CIRCLE('',#1359,12.50039936463);
#1359 = AXIS2_PLACEMENT_3D('',#1360,#1361,#1362);
#1360 = CARTESIAN_POINT('',(149.99988092756,-99.99999132806,1.545));
#1361 = DIRECTION('',(0.,0.,-1.));
#1362 = DIRECTION('',(-0.998353617635,5.735899367274E-02,0.));
#1363 = ORIENTED_EDGE('',*,*,#1364,.F.);
#1364 = EDGE_CURVE('',#1365,#1356,#1367,.T.);
#1365 = VERTEX_POINT('',#1366);
#1366 = CARTESIAN_POINT('',(140.67032,-91.680179,1.51));
#1367 = LINE('',#1368,#1369);
#1368 = CARTESIAN_POINT('',(140.67032,-91.680179,1.51));
#1369 = VECTOR('',#1370,1.);
#1370 = DIRECTION('',(0.,0.,1.));
#1371 = ORIENTED_EDGE('',*,*,#1372,.F.);
#1372 = EDGE_CURVE('',#1346,#1365,#1373,.T.);
#1373 = CIRCLE('',#1374,12.50039936463);
#1374 = AXIS2_PLACEMENT_3D('',#1375,#1376,#1377);
#1375 = CARTESIAN_POINT('',(149.99988092756,-99.99999132806,1.51));
#1376 = DIRECTION('',(0.,0.,-1.));
#1377 = DIRECTION('',(-0.998353617635,5.735899367274E-02,0.));
#1378 = CYLINDRICAL_SURFACE('',#1379,12.50039936463);
#1379 = AXIS2_PLACEMENT_3D('',#1380,#1381,#1382);
#1380 = CARTESIAN_POINT('',(149.99988092756,-99.99999132806,1.51));
#1381 = DIRECTION('',(0.,0.,-1.));
#1382 = DIRECTION('',(-0.998353617635,5.735899367274E-02,0.));
#1383 = ADVANCED_FACE('',(#1384),#1409,.T.);
#1384 = FACE_BOUND('',#1385,.T.);
#1385 = EDGE_LOOP('',(#1386,#1387,#1395,#1403));
#1386 = ORIENTED_EDGE('',*,*,#1364,.T.);
#1387 = ORIENTED_EDGE('',*,*,#1388,.T.);
#1388 = EDGE_CURVE('',#1356,#1389,#1391,.T.);
#1389 = VERTEX_POINT('',#1390);
#1390 = CARTESIAN_POINT('',(140.898477,-91.431501,1.545));
#1391 = LINE('',#1392,#1393);
#1392 = CARTESIAN_POINT('',(140.67032,-91.680179,1.545));
#1393 = VECTOR('',#1394,1.);
#1394 = DIRECTION('',(0.676050077809,0.73685567942,0.));
#1395 = ORIENTED_EDGE('',*,*,#1396,.F.);
#1396 = EDGE_CURVE('',#1397,#1389,#1399,.T.);
#1397 = VERTEX_POINT('',#1398);
#1398 = CARTESIAN_POINT('',(140.898477,-91.431501,1.51));
#1399 = LINE('',#1400,#1401);
#1400 = CARTESIAN_POINT('',(140.898477,-91.431501,1.51));
#1401 = VECTOR('',#1402,1.);
#1402 = DIRECTION('',(0.,0.,1.));
#1403 = ORIENTED_EDGE('',*,*,#1404,.F.);
#1404 = EDGE_CURVE('',#1365,#1397,#1405,.T.);
#1405 = LINE('',#1406,#1407);
#1406 = CARTESIAN_POINT('',(140.67032,-91.680179,1.51));
#1407 = VECTOR('',#1408,1.);
#1408 = DIRECTION('',(0.676050077809,0.73685567942,0.));
#1409 = PLANE('',#1410);
#1410 = AXIS2_PLACEMENT_3D('',#1411,#1412,#1413);
#1411 = CARTESIAN_POINT('',(140.67032,-91.680179,1.51));
#1412 = DIRECTION('',(-0.73685567942,0.676050077809,0.));
#1413 = DIRECTION('',(0.676050077809,0.73685567942,0.));
#1414 = ADVANCED_FACE('',(#1415),#1442,.T.);
#1415 = FACE_BOUND('',#1416,.T.);
#1416 = EDGE_LOOP('',(#1417,#1418,#1427,#1435));
#1417 = ORIENTED_EDGE('',*,*,#1396,.T.);
#1418 = ORIENTED_EDGE('',*,*,#1419,.T.);
#1419 = EDGE_CURVE('',#1389,#1420,#1422,.T.);
#1420 = VERTEX_POINT('',#1421);
#1421 = CARTESIAN_POINT('',(141.075831,-91.429464,1.545));
#1422 = CIRCLE('',#1423,0.123998934856);
#1423 = AXIS2_PLACEMENT_3D('',#1424,#1425,#1426);
#1424 = CARTESIAN_POINT('',(140.98814934314,-91.51714331851,1.545));
#1425 = DIRECTION('',(0.,0.,-1.));
#1426 = DIRECTION('',(-0.723170269524,0.69066979178,0.));
#1427 = ORIENTED_EDGE('',*,*,#1428,.F.);
#1428 = EDGE_CURVE('',#1429,#1420,#1431,.T.);
#1429 = VERTEX_POINT('',#1430);
#1430 = CARTESIAN_POINT('',(141.075831,-91.429464,1.51));
#1431 = LINE('',#1432,#1433);
#1432 = CARTESIAN_POINT('',(141.075831,-91.429464,1.51));
#1433 = VECTOR('',#1434,1.);
#1434 = DIRECTION('',(0.,0.,1.));
#1435 = ORIENTED_EDGE('',*,*,#1436,.F.);
#1436 = EDGE_CURVE('',#1397,#1429,#1437,.T.);
#1437 = CIRCLE('',#1438,0.123998934856);
#1438 = AXIS2_PLACEMENT_3D('',#1439,#1440,#1441);
#1439 = CARTESIAN_POINT('',(140.98814934314,-91.51714331851,1.51));
#1440 = DIRECTION('',(0.,0.,-1.));
#1441 = DIRECTION('',(-0.723170269524,0.69066979178,0.));
#1442 = CYLINDRICAL_SURFACE('',#1443,0.123998934856);
#1443 = AXIS2_PLACEMENT_3D('',#1444,#1445,#1446);
#1444 = CARTESIAN_POINT('',(140.98814934314,-91.51714331851,1.51));
#1445 = DIRECTION('',(0.,0.,-1.));
#1446 = DIRECTION('',(-0.723170269524,0.69066979178,0.));
#1447 = ADVANCED_FACE('',(#1448),#1473,.T.);
#1448 = FACE_BOUND('',#1449,.T.);
#1449 = EDGE_LOOP('',(#1450,#1451,#1459,#1467));
#1450 = ORIENTED_EDGE('',*,*,#1428,.T.);
#1451 = ORIENTED_EDGE('',*,*,#1452,.T.);
#1452 = EDGE_CURVE('',#1420,#1453,#1455,.T.);
#1453 = VERTEX_POINT('',#1454);
#1454 = CARTESIAN_POINT('',(142.315328,-92.668961,1.545));
#1455 = LINE('',#1456,#1457);
#1456 = CARTESIAN_POINT('',(141.075831,-91.429464,1.545));
#1457 = VECTOR('',#1458,1.);
#1458 = DIRECTION('',(0.707106781187,-0.707106781187,0.));
#1459 = ORIENTED_EDGE('',*,*,#1460,.F.);
#1460 = EDGE_CURVE('',#1461,#1453,#1463,.T.);
#1461 = VERTEX_POINT('',#1462);
#1462 = CARTESIAN_POINT('',(142.315328,-92.668961,1.51));
#1463 = LINE('',#1464,#1465);
#1464 = CARTESIAN_POINT('',(142.315328,-92.668961,1.51));
#1465 = VECTOR('',#1466,1.);
#1466 = DIRECTION('',(0.,0.,1.));
#1467 = ORIENTED_EDGE('',*,*,#1468,.F.);
#1468 = EDGE_CURVE('',#1429,#1461,#1469,.T.);
#1469 = LINE('',#1470,#1471);
#1470 = CARTESIAN_POINT('',(141.075831,-91.429464,1.51));
#1471 = VECTOR('',#1472,1.);
#1472 = DIRECTION('',(0.707106781187,-0.707106781187,0.));
#1473 = PLANE('',#1474);
#1474 = AXIS2_PLACEMENT_3D('',#1475,#1476,#1477);
#1475 = CARTESIAN_POINT('',(141.075831,-91.429464,1.51));
#1476 = DIRECTION('',(0.707106781187,0.707106781187,-0.));
#1477 = DIRECTION('',(0.707106781187,-0.707106781187,0.));
#1478 = ADVANCED_FACE('',(#1479),#1506,.T.);
#1479 = FACE_BOUND('',#1480,.T.);
#1480 = EDGE_LOOP('',(#1481,#1482,#1491,#1499));
#1481 = ORIENTED_EDGE('',*,*,#1460,.T.);
#1482 = ORIENTED_EDGE('',*,*,#1483,.T.);
#1483 = EDGE_CURVE('',#1453,#1484,#1486,.T.);
#1484 = VERTEX_POINT('',#1485);
#1485 = CARTESIAN_POINT('',(142.317679,-92.841907,1.545));
#1486 = CIRCLE('',#1487,0.123999146439);
#1487 = AXIS2_PLACEMENT_3D('',#1488,#1489,#1490);
#1488 = CARTESIAN_POINT('',(142.22764761789,-92.75664189251,1.545));
#1489 = DIRECTION('',(0.,0.,-1.));
#1490 = DIRECTION('',(0.707104723052,0.707108839315,0.));
#1491 = ORIENTED_EDGE('',*,*,#1492,.F.);
#1492 = EDGE_CURVE('',#1493,#1484,#1495,.T.);
#1493 = VERTEX_POINT('',#1494);
#1494 = CARTESIAN_POINT('',(142.317679,-92.841907,1.51));
#1495 = LINE('',#1496,#1497);
#1496 = CARTESIAN_POINT('',(142.317679,-92.841907,1.51));
#1497 = VECTOR('',#1498,1.);
#1498 = DIRECTION('',(0.,0.,1.));
#1499 = ORIENTED_EDGE('',*,*,#1500,.F.);
#1500 = EDGE_CURVE('',#1461,#1493,#1501,.T.);
#1501 = CIRCLE('',#1502,0.123999146439);
#1502 = AXIS2_PLACEMENT_3D('',#1503,#1504,#1505);
#1503 = CARTESIAN_POINT('',(142.22764761789,-92.75664189251,1.51));
#1504 = DIRECTION('',(0.,0.,-1.));
#1505 = DIRECTION('',(0.707104723052,0.707108839315,0.));
#1506 = CYLINDRICAL_SURFACE('',#1507,0.123999146439);
#1507 = AXIS2_PLACEMENT_3D('',#1508,#1509,#1510);
#1508 = CARTESIAN_POINT('',(142.22764761789,-92.75664189251,1.51));
#1509 = DIRECTION('',(0.,0.,-1.));
#1510 = DIRECTION('',(0.707104723052,0.707108839315,0.));
#1511 = ADVANCED_FACE('',(#1512),#1537,.T.);
#1512 = FACE_BOUND('',#1513,.T.);
#1513 = EDGE_LOOP('',(#1514,#1515,#1523,#1531));
#1514 = ORIENTED_EDGE('',*,*,#1492,.T.);
#1515 = ORIENTED_EDGE('',*,*,#1516,.T.);
#1516 = EDGE_CURVE('',#1484,#1517,#1519,.T.);
#1517 = VERTEX_POINT('',#1518);
#1518 = CARTESIAN_POINT('',(142.10977,-93.07143,1.545));
#1519 = LINE('',#1520,#1521);
#1520 = CARTESIAN_POINT('',(142.317679,-92.841907,1.545));
#1521 = VECTOR('',#1522,1.);
#1522 = DIRECTION('',(-0.671348816079,-0.74114152977,0.));
#1523 = ORIENTED_EDGE('',*,*,#1524,.F.);
#1524 = EDGE_CURVE('',#1525,#1517,#1527,.T.);
#1525 = VERTEX_POINT('',#1526);
#1526 = CARTESIAN_POINT('',(142.10977,-93.07143,1.51));
#1527 = LINE('',#1528,#1529);
#1528 = CARTESIAN_POINT('',(142.10977,-93.07143,1.51));
#1529 = VECTOR('',#1530,1.);
#1530 = DIRECTION('',(0.,0.,1.));
#1531 = ORIENTED_EDGE('',*,*,#1532,.F.);
#1532 = EDGE_CURVE('',#1493,#1525,#1533,.T.);
#1533 = LINE('',#1534,#1535);
#1534 = CARTESIAN_POINT('',(142.317679,-92.841907,1.51));
#1535 = VECTOR('',#1536,1.);
#1536 = DIRECTION('',(-0.671348816079,-0.74114152977,0.));
#1537 = PLANE('',#1538);
#1538 = AXIS2_PLACEMENT_3D('',#1539,#1540,#1541);
#1539 = CARTESIAN_POINT('',(142.317679,-92.841907,1.51));
#1540 = DIRECTION('',(0.74114152977,-0.671348816079,0.));
#1541 = DIRECTION('',(-0.671348816079,-0.74114152977,0.));
#1542 = ADVANCED_FACE('',(#1543),#1570,.F.);
#1543 = FACE_BOUND('',#1544,.T.);
#1544 = EDGE_LOOP('',(#1545,#1546,#1555,#1563));
#1545 = ORIENTED_EDGE('',*,*,#1524,.T.);
#1546 = ORIENTED_EDGE('',*,*,#1547,.T.);
#1547 = EDGE_CURVE('',#1517,#1548,#1550,.T.);
#1548 = VERTEX_POINT('',#1549);
#1549 = CARTESIAN_POINT('',(139.506212,-99.629402,1.545));
#1550 = CIRCLE('',#1551,10.498697605924);
#1551 = AXIS2_PLACEMENT_3D('',#1552,#1553,#1554);
#1552 = CARTESIAN_POINT('',(149.99839947612,-99.99906858822,1.545));
#1553 = DIRECTION('',(0.,0.,1.));
#1554 = DIRECTION('',(-0.75139124606,0.659856950667,0.));
#1555 = ORIENTED_EDGE('',*,*,#1556,.F.);
#1556 = EDGE_CURVE('',#1557,#1548,#1559,.T.);
#1557 = VERTEX_POINT('',#1558);
#1558 = CARTESIAN_POINT('',(139.506212,-99.629402,1.51));
#1559 = LINE('',#1560,#1561);
#1560 = CARTESIAN_POINT('',(139.506212,-99.629402,1.51));
#1561 = VECTOR('',#1562,1.);
#1562 = DIRECTION('',(0.,0.,1.));
#1563 = ORIENTED_EDGE('',*,*,#1564,.F.);
#1564 = EDGE_CURVE('',#1525,#1557,#1565,.T.);
#1565 = CIRCLE('',#1566,10.498697605924);
#1566 = AXIS2_PLACEMENT_3D('',#1567,#1568,#1569);
#1567 = CARTESIAN_POINT('',(149.99839947612,-99.99906858822,1.51));
#1568 = DIRECTION('',(0.,0.,1.));
#1569 = DIRECTION('',(-0.75139124606,0.659856950667,0.));
#1570 = CYLINDRICAL_SURFACE('',#1571,10.498697605924);
#1571 = AXIS2_PLACEMENT_3D('',#1572,#1573,#1574);
#1572 = CARTESIAN_POINT('',(149.99839947612,-99.99906858822,1.51));
#1573 = DIRECTION('',(-0.,-0.,-1.));
#1574 = DIRECTION('',(-0.75139124606,0.659856950667,0.));
#1575 = ADVANCED_FACE('',(#1576),#1601,.T.);
#1576 = FACE_BOUND('',#1577,.T.);
#1577 = EDGE_LOOP('',(#1578,#1579,#1587,#1595));
#1578 = ORIENTED_EDGE('',*,*,#1556,.T.);
#1579 = ORIENTED_EDGE('',*,*,#1580,.T.);
#1580 = EDGE_CURVE('',#1548,#1581,#1583,.T.);
#1581 = VERTEX_POINT('',#1582);
#1582 = CARTESIAN_POINT('',(139.484712,-99.695881,1.545));
#1583 = LINE('',#1584,#1585);
#1584 = CARTESIAN_POINT('',(139.506212,-99.629402,1.545));
#1585 = VECTOR('',#1586,1.);
#1586 = DIRECTION('',(-0.307717776415,-0.951477677131,0.));
#1587 = ORIENTED_EDGE('',*,*,#1588,.F.);
#1588 = EDGE_CURVE('',#1589,#1581,#1591,.T.);
#1589 = VERTEX_POINT('',#1590);
#1590 = CARTESIAN_POINT('',(139.484712,-99.695881,1.51));
#1591 = LINE('',#1592,#1593);
#1592 = CARTESIAN_POINT('',(139.484712,-99.695881,1.51));
#1593 = VECTOR('',#1594,1.);
#1594 = DIRECTION('',(0.,0.,1.));
#1595 = ORIENTED_EDGE('',*,*,#1596,.F.);
#1596 = EDGE_CURVE('',#1557,#1589,#1597,.T.);
#1597 = LINE('',#1598,#1599);
#1598 = CARTESIAN_POINT('',(139.506212,-99.629402,1.51));
#1599 = VECTOR('',#1600,1.);
#1600 = DIRECTION('',(-0.307717776415,-0.951477677131,0.));
#1601 = PLANE('',#1602);
#1602 = AXIS2_PLACEMENT_3D('',#1603,#1604,#1605);
#1603 = CARTESIAN_POINT('',(139.506212,-99.629402,1.51));
#1604 = DIRECTION('',(0.951477677131,-0.307717776415,0.));
#1605 = DIRECTION('',(-0.307717776415,-0.951477677131,0.));
#1606 = ADVANCED_FACE('',(#1607),#1632,.T.);
#1607 = FACE_BOUND('',#1608,.T.);
#1608 = EDGE_LOOP('',(#1609,#1610,#1618,#1626));
#1609 = ORIENTED_EDGE('',*,*,#1588,.T.);
#1610 = ORIENTED_EDGE('',*,*,#1611,.T.);
#1611 = EDGE_CURVE('',#1581,#1612,#1614,.T.);
#1612 = VERTEX_POINT('',#1613);
#1613 = CARTESIAN_POINT('',(139.430683,-99.740183,1.545));
#1614 = LINE('',#1615,#1616);
#1615 = CARTESIAN_POINT('',(139.484712,-99.695881,1.545));
#1616 = VECTOR('',#1617,1.);
#1617 = DIRECTION('',(-0.773280281533,-0.634064354929,0.));
#1618 = ORIENTED_EDGE('',*,*,#1619,.F.);
#1619 = EDGE_CURVE('',#1620,#1612,#1622,.T.);
#1620 = VERTEX_POINT('',#1621);
#1621 = CARTESIAN_POINT('',(139.430683,-99.740183,1.51));
#1622 = LINE('',#1623,#1624);
#1623 = CARTESIAN_POINT('',(139.430683,-99.740183,1.51));
#1624 = VECTOR('',#1625,1.);
#1625 = DIRECTION('',(0.,0.,1.));
#1626 = ORIENTED_EDGE('',*,*,#1627,.F.);
#1627 = EDGE_CURVE('',#1589,#1620,#1628,.T.);
#1628 = LINE('',#1629,#1630);
#1629 = CARTESIAN_POINT('',(139.484712,-99.695881,1.51));
#1630 = VECTOR('',#1631,1.);
#1631 = DIRECTION('',(-0.773280281533,-0.634064354929,0.));
#1632 = PLANE('',#1633);
#1633 = AXIS2_PLACEMENT_3D('',#1634,#1635,#1636);
#1634 = CARTESIAN_POINT('',(139.484712,-99.695881,1.51));
#1635 = DIRECTION('',(0.634064354929,-0.773280281533,0.));
#1636 = DIRECTION('',(-0.773280281533,-0.634064354929,0.));
#1637 = ADVANCED_FACE('',(#1638),#1663,.T.);
#1638 = FACE_BOUND('',#1639,.T.);
#1639 = EDGE_LOOP('',(#1640,#1641,#1649,#1657));
#1640 = ORIENTED_EDGE('',*,*,#1619,.T.);
#1641 = ORIENTED_EDGE('',*,*,#1642,.T.);
#1642 = EDGE_CURVE('',#1612,#1643,#1645,.T.);
#1643 = VERTEX_POINT('',#1644);
#1644 = CARTESIAN_POINT('',(139.382258,-99.75003,1.545));
#1645 = LINE('',#1646,#1647);
#1646 = CARTESIAN_POINT('',(139.430683,-99.740183,1.545));
#1647 = VECTOR('',#1648,1.);
#1648 = DIRECTION('',(-0.979945169021,-0.199267322237,0.));
#1649 = ORIENTED_EDGE('',*,*,#1650,.F.);
#1650 = EDGE_CURVE('',#1651,#1643,#1653,.T.);
#1651 = VERTEX_POINT('',#1652);
#1652 = CARTESIAN_POINT('',(139.382258,-99.75003,1.51));
#1653 = LINE('',#1654,#1655);
#1654 = CARTESIAN_POINT('',(139.382258,-99.75003,1.51));
#1655 = VECTOR('',#1656,1.);
#1656 = DIRECTION('',(0.,0.,1.));
#1657 = ORIENTED_EDGE('',*,*,#1658,.F.);
#1658 = EDGE_CURVE('',#1620,#1651,#1659,.T.);
#1659 = LINE('',#1660,#1661);
#1660 = CARTESIAN_POINT('',(139.430683,-99.740183,1.51));
#1661 = VECTOR('',#1662,1.);
#1662 = DIRECTION('',(-0.979945169021,-0.199267322237,0.));
#1663 = PLANE('',#1664);
#1664 = AXIS2_PLACEMENT_3D('',#1665,#1666,#1667);
#1665 = CARTESIAN_POINT('',(139.430683,-99.740183,1.51));
#1666 = DIRECTION('',(0.199267322237,-0.979945169021,0.));
#1667 = DIRECTION('',(-0.979945169021,-0.199267322237,0.));
#1668 = ADVANCED_FACE('',(#1669),#1694,.T.);
#1669 = FACE_BOUND('',#1670,.T.);
#1670 = EDGE_LOOP('',(#1671,#1672,#1680,#1688));
#1671 = ORIENTED_EDGE('',*,*,#1650,.T.);
#1672 = ORIENTED_EDGE('',*,*,#1673,.T.);
#1673 = EDGE_CURVE('',#1643,#1674,#1676,.T.);
#1674 = VERTEX_POINT('',#1675);
#1675 = CARTESIAN_POINT('',(137.608873,-99.748328,1.545));
#1676 = LINE('',#1677,#1678);
#1677 = CARTESIAN_POINT('',(139.382258,-99.75003,1.545));
#1678 = VECTOR('',#1679,1.);
#1679 = DIRECTION('',(-0.999999539444,9.597460315316E-04,0.));
#1680 = ORIENTED_EDGE('',*,*,#1681,.F.);
#1681 = EDGE_CURVE('',#1682,#1674,#1684,.T.);
#1682 = VERTEX_POINT('',#1683);
#1683 = CARTESIAN_POINT('',(137.608873,-99.748328,1.51));
#1684 = LINE('',#1685,#1686);
#1685 = CARTESIAN_POINT('',(137.608873,-99.748328,1.51));
#1686 = VECTOR('',#1687,1.);
#1687 = DIRECTION('',(0.,0.,1.));
#1688 = ORIENTED_EDGE('',*,*,#1689,.F.);
#1689 = EDGE_CURVE('',#1651,#1682,#1690,.T.);
#1690 = LINE('',#1691,#1692);
#1691 = CARTESIAN_POINT('',(139.382258,-99.75003,1.51));
#1692 = VECTOR('',#1693,1.);
#1693 = DIRECTION('',(-0.999999539444,9.597460315316E-04,0.));
#1694 = PLANE('',#1695);
#1695 = AXIS2_PLACEMENT_3D('',#1696,#1697,#1698);
#1696 = CARTESIAN_POINT('',(139.382258,-99.75003,1.51));
#1697 = DIRECTION('',(-9.597460315316E-04,-0.999999539444,0.));
#1698 = DIRECTION('',(-0.999999539444,9.597460315316E-04,0.));
#1699 = ADVANCED_FACE('',(#1700),#1727,.T.);
#1700 = FACE_BOUND('',#1701,.T.);
#1701 = EDGE_LOOP('',(#1702,#1703,#1712,#1720));
#1702 = ORIENTED_EDGE('',*,*,#1681,.T.);
#1703 = ORIENTED_EDGE('',*,*,#1704,.T.);
#1704 = EDGE_CURVE('',#1674,#1705,#1707,.T.);
#1705 = VERTEX_POINT('',#1706);
#1706 = CARTESIAN_POINT('',(137.505378,-99.623171,1.545));
#1707 = CIRCLE('',#1708,0.123998107538);
#1708 = AXIS2_PLACEMENT_3D('',#1709,#1710,#1711);
#1709 = CARTESIAN_POINT('',(137.62934311556,-99.62603120919,1.545));
#1710 = DIRECTION('',(0.,0.,-1.));
#1711 = DIRECTION('',(-0.165084096594,-0.986279494389,-0.));
#1712 = ORIENTED_EDGE('',*,*,#1713,.F.);
#1713 = EDGE_CURVE('',#1714,#1705,#1716,.T.);
#1714 = VERTEX_POINT('',#1715);
#1715 = CARTESIAN_POINT('',(137.505378,-99.623171,1.51));
#1716 = LINE('',#1717,#1718);
#1717 = CARTESIAN_POINT('',(137.505378,-99.623171,1.51));
#1718 = VECTOR('',#1719,1.);
#1719 = DIRECTION('',(0.,0.,1.));
#1720 = ORIENTED_EDGE('',*,*,#1721,.F.);
#1721 = EDGE_CURVE('',#1682,#1714,#1722,.T.);
#1722 = CIRCLE('',#1723,0.123998107538);
#1723 = AXIS2_PLACEMENT_3D('',#1724,#1725,#1726);
#1724 = CARTESIAN_POINT('',(137.62934311556,-99.62603120919,1.51));
#1725 = DIRECTION('',(0.,0.,-1.));
#1726 = DIRECTION('',(-0.165084096594,-0.986279494389,-0.));
#1727 = CYLINDRICAL_SURFACE('',#1728,0.123998107538);
#1728 = AXIS2_PLACEMENT_3D('',#1729,#1730,#1731);
#1729 = CARTESIAN_POINT('',(137.62934311556,-99.62603120919,1.51));
#1730 = DIRECTION('',(0.,0.,-1.));
#1731 = DIRECTION('',(-0.165084096594,-0.986279494389,-0.));
#1732 = ADVANCED_FACE('',(#1733),#1749,.T.);
#1733 = FACE_BOUND('',#1734,.T.);
#1734 = EDGE_LOOP('',(#1735,#1736,#1742,#1743));
#1735 = ORIENTED_EDGE('',*,*,#1713,.T.);
#1736 = ORIENTED_EDGE('',*,*,#1737,.T.);
#1737 = EDGE_CURVE('',#1705,#1348,#1738,.T.);
#1738 = LINE('',#1739,#1740);
#1739 = CARTESIAN_POINT('',(137.505378,-99.623171,1.545));
#1740 = VECTOR('',#1741,1.);
#1741 = DIRECTION('',(4.312395986253E-02,0.999069729341,0.));
#1742 = ORIENTED_EDGE('',*,*,#1345,.F.);
#1743 = ORIENTED_EDGE('',*,*,#1744,.F.);
#1744 = EDGE_CURVE('',#1714,#1346,#1745,.T.);
#1745 = LINE('',#1746,#1747);
#1746 = CARTESIAN_POINT('',(137.505378,-99.623171,1.51));
#1747 = VECTOR('',#1748,1.);
#1748 = DIRECTION('',(4.312395986253E-02,0.999069729341,0.));
#1749 = PLANE('',#1750);
#1750 = AXIS2_PLACEMENT_3D('',#1751,#1752,#1753);
#1751 = CARTESIAN_POINT('',(137.505378,-99.623171,1.51));
#1752 = DIRECTION('',(-0.999069729341,4.312395986253E-02,0.));
#1753 = DIRECTION('',(4.312395986253E-02,0.999069729341,0.));
#1754 = ADVANCED_FACE('',(#1755),#1770,.F.);
#1755 = FACE_BOUND('',#1756,.T.);
#1756 = EDGE_LOOP('',(#1757,#1758,#1759,#1760,#1761,#1762,#1763,#1764,
    #1765,#1766,#1767,#1768,#1769));
#1757 = ORIENTED_EDGE('',*,*,#1372,.T.);
#1758 = ORIENTED_EDGE('',*,*,#1404,.T.);
#1759 = ORIENTED_EDGE('',*,*,#1436,.T.);
#1760 = ORIENTED_EDGE('',*,*,#1468,.T.);
#1761 = ORIENTED_EDGE('',*,*,#1500,.T.);
#1762 = ORIENTED_EDGE('',*,*,#1532,.T.);
#1763 = ORIENTED_EDGE('',*,*,#1564,.T.);
#1764 = ORIENTED_EDGE('',*,*,#1596,.T.);
#1765 = ORIENTED_EDGE('',*,*,#1627,.T.);
#1766 = ORIENTED_EDGE('',*,*,#1658,.T.);
#1767 = ORIENTED_EDGE('',*,*,#1689,.T.);
#1768 = ORIENTED_EDGE('',*,*,#1721,.T.);
#1769 = ORIENTED_EDGE('',*,*,#1744,.T.);
#1770 = PLANE('',#1771);
#1771 = AXIS2_PLACEMENT_3D('',#1772,#1773,#1774);
#1772 = CARTESIAN_POINT('',(0.,0.,1.51));
#1773 = DIRECTION('',(0.,0.,1.));
#1774 = DIRECTION('',(1.,0.,-0.));
#1775 = ADVANCED_FACE('',(#1776),#1791,.T.);
#1776 = FACE_BOUND('',#1777,.F.);
#1777 = EDGE_LOOP('',(#1778,#1779,#1780,#1781,#1782,#1783,#1784,#1785,
    #1786,#1787,#1788,#1789,#1790));
#1778 = ORIENTED_EDGE('',*,*,#1355,.T.);
#1779 = ORIENTED_EDGE('',*,*,#1388,.T.);
#1780 = ORIENTED_EDGE('',*,*,#1419,.T.);
#1781 = ORIENTED_EDGE('',*,*,#1452,.T.);
#1782 = ORIENTED_EDGE('',*,*,#1483,.T.);
#1783 = ORIENTED_EDGE('',*,*,#1516,.T.);
#1784 = ORIENTED_EDGE('',*,*,#1547,.T.);
#1785 = ORIENTED_EDGE('',*,*,#1580,.T.);
#1786 = ORIENTED_EDGE('',*,*,#1611,.T.);
#1787 = ORIENTED_EDGE('',*,*,#1642,.T.);
#1788 = ORIENTED_EDGE('',*,*,#1673,.T.);
#1789 = ORIENTED_EDGE('',*,*,#1704,.T.);
#1790 = ORIENTED_EDGE('',*,*,#1737,.T.);
#1791 = PLANE('',#1792);
#1792 = AXIS2_PLACEMENT_3D('',#1793,#1794,#1795);
#1793 = CARTESIAN_POINT('',(0.,0.,1.545));
#1794 = DIRECTION('',(0.,0.,1.));
#1795 = DIRECTION('',(1.,0.,-0.));
#1796 = MANIFOLD_SOLID_BREP('',#1797);
#1797 = CLOSED_SHELL('',(#1798,#1838,#1869,#1902,#1933,#1966,#1997,#2028
    ,#2059,#2090,#2123,#2154,#2187,#2218,#2240,#2262));
#1798 = ADVANCED_FACE('',(#1799),#1833,.T.);
#1799 = FACE_BOUND('',#1800,.T.);
#1800 = EDGE_LOOP('',(#1801,#1811,#1819,#1827));
#1801 = ORIENTED_EDGE('',*,*,#1802,.T.);
#1802 = EDGE_CURVE('',#1803,#1805,#1807,.T.);
#1803 = VERTEX_POINT('',#1804);
#1804 = CARTESIAN_POINT('',(137.57525,-100.262459,1.51));
#1805 = VERTEX_POINT('',#1806);
#1806 = CARTESIAN_POINT('',(137.57525,-100.262459,1.545));
#1807 = LINE('',#1808,#1809);
#1808 = CARTESIAN_POINT('',(137.57525,-100.262459,1.51));
#1809 = VECTOR('',#1810,1.);
#1810 = DIRECTION('',(0.,0.,1.));
#1811 = ORIENTED_EDGE('',*,*,#1812,.T.);
#1812 = EDGE_CURVE('',#1805,#1813,#1815,.T.);
#1813 = VERTEX_POINT('',#1814);
#1814 = CARTESIAN_POINT('',(137.62936,-100.25003,1.545));
#1815 = LINE('',#1816,#1817);
#1816 = CARTESIAN_POINT('',(137.57525,-100.262459,1.545));
#1817 = VECTOR('',#1818,1.);
#1818 = DIRECTION('',(0.974619280347,0.223868841904,0.));
#1819 = ORIENTED_EDGE('',*,*,#1820,.F.);
#1820 = EDGE_CURVE('',#1821,#1813,#1823,.T.);
#1821 = VERTEX_POINT('',#1822);
#1822 = CARTESIAN_POINT('',(137.62936,-100.25003,1.51));
#1823 = LINE('',#1824,#1825);
#1824 = CARTESIAN_POINT('',(137.62936,-100.25003,1.51));
#1825 = VECTOR('',#1826,1.);
#1826 = DIRECTION('',(0.,0.,1.));
#1827 = ORIENTED_EDGE('',*,*,#1828,.F.);
#1828 = EDGE_CURVE('',#1803,#1821,#1829,.T.);
#1829 = LINE('',#1830,#1831);
#1830 = CARTESIAN_POINT('',(137.57525,-100.262459,1.51));
#1831 = VECTOR('',#1832,1.);
#1832 = DIRECTION('',(0.974619280347,0.223868841904,0.));
#1833 = PLANE('',#1834);
#1834 = AXIS2_PLACEMENT_3D('',#1835,#1836,#1837);
#1835 = CARTESIAN_POINT('',(137.57525,-100.262459,1.51));
#1836 = DIRECTION('',(-0.223868841904,0.974619280347,0.));
#1837 = DIRECTION('',(0.974619280347,0.223868841904,0.));
#1838 = ADVANCED_FACE('',(#1839),#1864,.T.);
#1839 = FACE_BOUND('',#1840,.T.);
#1840 = EDGE_LOOP('',(#1841,#1842,#1850,#1858));
#1841 = ORIENTED_EDGE('',*,*,#1820,.T.);
#1842 = ORIENTED_EDGE('',*,*,#1843,.T.);
#1843 = EDGE_CURVE('',#1813,#1844,#1846,.T.);
#1844 = VERTEX_POINT('',#1845);
#1845 = CARTESIAN_POINT('',(139.382251,-100.25003,1.545));
#1846 = LINE('',#1847,#1848);
#1847 = CARTESIAN_POINT('',(137.62936,-100.25003,1.545));
#1848 = VECTOR('',#1849,1.);
#1849 = DIRECTION('',(1.,0.,0.));
#1850 = ORIENTED_EDGE('',*,*,#1851,.F.);
#1851 = EDGE_CURVE('',#1852,#1844,#1854,.T.);
#1852 = VERTEX_POINT('',#1853);
#1853 = CARTESIAN_POINT('',(139.382251,-100.25003,1.51));
#1854 = LINE('',#1855,#1856);
#1855 = CARTESIAN_POINT('',(139.382251,-100.25003,1.51));
#1856 = VECTOR('',#1857,1.);
#1857 = DIRECTION('',(0.,0.,1.));
#1858 = ORIENTED_EDGE('',*,*,#1859,.F.);
#1859 = EDGE_CURVE('',#1821,#1852,#1860,.T.);
#1860 = LINE('',#1861,#1862);
#1861 = CARTESIAN_POINT('',(137.62936,-100.25003,1.51));
#1862 = VECTOR('',#1863,1.);
#1863 = DIRECTION('',(1.,0.,0.));
#1864 = PLANE('',#1865);
#1865 = AXIS2_PLACEMENT_3D('',#1866,#1867,#1868);
#1866 = CARTESIAN_POINT('',(137.62936,-100.25003,1.51));
#1867 = DIRECTION('',(0.,1.,0.));
#1868 = DIRECTION('',(1.,0.,0.));
#1869 = ADVANCED_FACE('',(#1870),#1897,.T.);
#1870 = FACE_BOUND('',#1871,.T.);
#1871 = EDGE_LOOP('',(#1872,#1873,#1882,#1890));
#1872 = ORIENTED_EDGE('',*,*,#1851,.T.);
#1873 = ORIENTED_EDGE('',*,*,#1874,.T.);
#1874 = EDGE_CURVE('',#1844,#1875,#1877,.T.);
#1875 = VERTEX_POINT('',#1876);
#1876 = CARTESIAN_POINT('',(139.506205,-100.370663,1.545));
#1877 = CIRCLE('',#1878,0.124001271257);
#1878 = AXIS2_PLACEMENT_3D('',#1879,#1880,#1881);
#1879 = CARTESIAN_POINT('',(139.38224948369,-100.3740312712,1.545));
#1880 = DIRECTION('',(0.,0.,-1.));
#1881 = DIRECTION('',(1.222813473249E-05,0.999999999925,0.));
#1882 = ORIENTED_EDGE('',*,*,#1883,.F.);
#1883 = EDGE_CURVE('',#1884,#1875,#1886,.T.);
#1884 = VERTEX_POINT('',#1885);
#1885 = CARTESIAN_POINT('',(139.506205,-100.370663,1.51));
#1886 = LINE('',#1887,#1888);
#1887 = CARTESIAN_POINT('',(139.506205,-100.370663,1.51));
#1888 = VECTOR('',#1889,1.);
#1889 = DIRECTION('',(0.,0.,1.));
#1890 = ORIENTED_EDGE('',*,*,#1891,.F.);
#1891 = EDGE_CURVE('',#1852,#1884,#1892,.T.);
#1892 = CIRCLE('',#1893,0.124001271257);
#1893 = AXIS2_PLACEMENT_3D('',#1894,#1895,#1896);
#1894 = CARTESIAN_POINT('',(139.38224948369,-100.3740312712,1.51));
#1895 = DIRECTION('',(0.,0.,-1.));
#1896 = DIRECTION('',(1.222813473249E-05,0.999999999925,0.));
#1897 = CYLINDRICAL_SURFACE('',#1898,0.124001271257);
#1898 = AXIS2_PLACEMENT_3D('',#1899,#1900,#1901);
#1899 = CARTESIAN_POINT('',(139.38224948369,-100.3740312712,1.51));
#1900 = DIRECTION('',(0.,0.,-1.));
#1901 = DIRECTION('',(1.222813473249E-05,0.999999999925,0.));
#1902 = ADVANCED_FACE('',(#1903),#1928,.T.);
#1903 = FACE_BOUND('',#1904,.T.);
#1904 = EDGE_LOOP('',(#1905,#1906,#1914,#1922));
#1905 = ORIENTED_EDGE('',*,*,#1883,.T.);
#1906 = ORIENTED_EDGE('',*,*,#1907,.T.);
#1907 = EDGE_CURVE('',#1875,#1908,#1910,.T.);
#1908 = VERTEX_POINT('',#1909);
#1909 = CARTESIAN_POINT('',(139.521488,-100.679965,1.545));
#1910 = LINE('',#1911,#1912);
#1911 = CARTESIAN_POINT('',(139.506205,-100.370663,1.545));
#1912 = VECTOR('',#1913,1.);
#1913 = DIRECTION('',(4.935104714305E-02,-0.998781494695,0.));
#1914 = ORIENTED_EDGE('',*,*,#1915,.F.);
#1915 = EDGE_CURVE('',#1916,#1908,#1918,.T.);
#1916 = VERTEX_POINT('',#1917);
#1917 = CARTESIAN_POINT('',(139.521488,-100.679965,1.51));
#1918 = LINE('',#1919,#1920);
#1919 = CARTESIAN_POINT('',(139.521488,-100.679965,1.51));
#1920 = VECTOR('',#1921,1.);
#1921 = DIRECTION('',(0.,0.,1.));
#1922 = ORIENTED_EDGE('',*,*,#1923,.F.);
#1923 = EDGE_CURVE('',#1884,#1916,#1924,.T.);
#1924 = LINE('',#1925,#1926);
#1925 = CARTESIAN_POINT('',(139.506205,-100.370663,1.51));
#1926 = VECTOR('',#1927,1.);
#1927 = DIRECTION('',(4.935104714305E-02,-0.998781494695,0.));
#1928 = PLANE('',#1929);
#1929 = AXIS2_PLACEMENT_3D('',#1930,#1931,#1932);
#1930 = CARTESIAN_POINT('',(139.506205,-100.370663,1.51));
#1931 = DIRECTION('',(0.998781494695,4.935104714305E-02,-0.));
#1932 = DIRECTION('',(4.935104714305E-02,-0.998781494695,0.));
#1933 = ADVANCED_FACE('',(#1934),#1961,.F.);
#1934 = FACE_BOUND('',#1935,.T.);
#1935 = EDGE_LOOP('',(#1936,#1937,#1946,#1954));
#1936 = ORIENTED_EDGE('',*,*,#1915,.T.);
#1937 = ORIENTED_EDGE('',*,*,#1938,.T.);
#1938 = EDGE_CURVE('',#1908,#1939,#1941,.T.);
#1939 = VERTEX_POINT('',#1940);
#1940 = CARTESIAN_POINT('',(142.317656,-107.158151,1.545));
#1941 = CIRCLE('',#1942,10.498710572486);
#1942 = AXIS2_PLACEMENT_3D('',#1943,#1944,#1945);
#1943 = CARTESIAN_POINT('',(149.99818654585,-100.0004716121,1.545));
#1944 = DIRECTION('',(0.,0.,1.));
#1945 = DIRECTION('',(-0.997903359038,-6.47216039667E-02,0.));
#1946 = ORIENTED_EDGE('',*,*,#1947,.F.);
#1947 = EDGE_CURVE('',#1948,#1939,#1950,.T.);
#1948 = VERTEX_POINT('',#1949);
#1949 = CARTESIAN_POINT('',(142.317656,-107.158151,1.51));
#1950 = LINE('',#1951,#1952);
#1951 = CARTESIAN_POINT('',(142.317656,-107.158151,1.51));
#1952 = VECTOR('',#1953,1.);
#1953 = DIRECTION('',(0.,0.,1.));
#1954 = ORIENTED_EDGE('',*,*,#1955,.F.);
#1955 = EDGE_CURVE('',#1916,#1948,#1956,.T.);
#1956 = CIRCLE('',#1957,10.498710572486);
#1957 = AXIS2_PLACEMENT_3D('',#1958,#1959,#1960);
#1958 = CARTESIAN_POINT('',(149.99818654585,-100.0004716121,1.51));
#1959 = DIRECTION('',(0.,0.,1.));
#1960 = DIRECTION('',(-0.997903359038,-6.47216039667E-02,0.));
#1961 = CYLINDRICAL_SURFACE('',#1962,10.498710572486);
#1962 = AXIS2_PLACEMENT_3D('',#1963,#1964,#1965);
#1963 = CARTESIAN_POINT('',(149.99818654585,-100.0004716121,1.51));
#1964 = DIRECTION('',(-0.,-0.,-1.));
#1965 = DIRECTION('',(-0.997903359038,-6.47216039667E-02,0.));
#1966 = ADVANCED_FACE('',(#1967),#1992,.T.);
#1967 = FACE_BOUND('',#1968,.T.);
#1968 = EDGE_LOOP('',(#1969,#1970,#1978,#1986));
#1969 = ORIENTED_EDGE('',*,*,#1947,.T.);
#1970 = ORIENTED_EDGE('',*,*,#1971,.T.);
#1971 = EDGE_CURVE('',#1939,#1972,#1974,.T.);
#1972 = VERTEX_POINT('',#1973);
#1973 = CARTESIAN_POINT('',(142.34947,-107.220358,1.545));
#1974 = LINE('',#1975,#1976);
#1975 = CARTESIAN_POINT('',(142.317656,-107.158151,1.545));
#1976 = VECTOR('',#1977,1.);
#1977 = DIRECTION('',(0.45533018495,-0.890322650882,0.));
#1978 = ORIENTED_EDGE('',*,*,#1979,.F.);
#1979 = EDGE_CURVE('',#1980,#1972,#1982,.T.);
#1980 = VERTEX_POINT('',#1981);
#1981 = CARTESIAN_POINT('',(142.34947,-107.220358,1.51));
#1982 = LINE('',#1983,#1984);
#1983 = CARTESIAN_POINT('',(142.34947,-107.220358,1.51));
#1984 = VECTOR('',#1985,1.);
#1985 = DIRECTION('',(0.,0.,1.));
#1986 = ORIENTED_EDGE('',*,*,#1987,.F.);
#1987 = EDGE_CURVE('',#1948,#1980,#1988,.T.);
#1988 = LINE('',#1989,#1990);
#1989 = CARTESIAN_POINT('',(142.317656,-107.158151,1.51));
#1990 = VECTOR('',#1991,1.);
#1991 = DIRECTION('',(0.45533018495,-0.890322650882,0.));
#1992 = PLANE('',#1993);
#1993 = AXIS2_PLACEMENT_3D('',#1994,#1995,#1996);
#1994 = CARTESIAN_POINT('',(142.317656,-107.158151,1.51));
#1995 = DIRECTION('',(0.890322650882,0.45533018495,-0.));
#1996 = DIRECTION('',(0.45533018495,-0.890322650882,0.));
#1997 = ADVANCED_FACE('',(#1998),#2023,.T.);
#1998 = FACE_BOUND('',#1999,.T.);
#1999 = EDGE_LOOP('',(#2000,#2001,#2009,#2017));
#2000 = ORIENTED_EDGE('',*,*,#1979,.T.);
#2001 = ORIENTED_EDGE('',*,*,#2002,.T.);
#2002 = EDGE_CURVE('',#1972,#2003,#2005,.T.);
#2003 = VERTEX_POINT('',#2004);
#2004 = CARTESIAN_POINT('',(142.342602,-107.289889,1.545));
#2005 = LINE('',#2006,#2007);
#2006 = CARTESIAN_POINT('',(142.34947,-107.220358,1.545));
#2007 = VECTOR('',#2008,1.);
#2008 = DIRECTION('',(-9.829771806507E-02,-0.99515705224,0.));
#2009 = ORIENTED_EDGE('',*,*,#2010,.F.);
#2010 = EDGE_CURVE('',#2011,#2003,#2013,.T.);
#2011 = VERTEX_POINT('',#2012);
#2012 = CARTESIAN_POINT('',(142.342602,-107.289889,1.51));
#2013 = LINE('',#2014,#2015);
#2014 = CARTESIAN_POINT('',(142.342602,-107.289889,1.51));
#2015 = VECTOR('',#2016,1.);
#2016 = DIRECTION('',(0.,0.,1.));
#2017 = ORIENTED_EDGE('',*,*,#2018,.F.);
#2018 = EDGE_CURVE('',#1980,#2011,#2019,.T.);
#2019 = LINE('',#2020,#2021);
#2020 = CARTESIAN_POINT('',(142.34947,-107.220358,1.51));
#2021 = VECTOR('',#2022,1.);
#2022 = DIRECTION('',(-9.829771806507E-02,-0.99515705224,0.));
#2023 = PLANE('',#2024);
#2024 = AXIS2_PLACEMENT_3D('',#2025,#2026,#2027);
#2025 = CARTESIAN_POINT('',(142.34947,-107.220358,1.51));
#2026 = DIRECTION('',(0.99515705224,-9.829771806507E-02,0.));
#2027 = DIRECTION('',(-9.829771806507E-02,-0.99515705224,0.));
#2028 = ADVANCED_FACE('',(#2029),#2054,.T.);
#2029 = FACE_BOUND('',#2030,.T.);
#2030 = EDGE_LOOP('',(#2031,#2032,#2040,#2048));
#2031 = ORIENTED_EDGE('',*,*,#2010,.T.);
#2032 = ORIENTED_EDGE('',*,*,#2033,.T.);
#2033 = EDGE_CURVE('',#2003,#2034,#2036,.T.);
#2034 = VERTEX_POINT('',#2035);
#2035 = CARTESIAN_POINT('',(142.315316,-107.33111,1.545));
#2036 = LINE('',#2037,#2038);
#2037 = CARTESIAN_POINT('',(142.342602,-107.289889,1.545));
#2038 = VECTOR('',#2039,1.);
#2039 = DIRECTION('',(-0.55197095969,-0.833863333922,0.));
#2040 = ORIENTED_EDGE('',*,*,#2041,.F.);
#2041 = EDGE_CURVE('',#2042,#2034,#2044,.T.);
#2042 = VERTEX_POINT('',#2043);
#2043 = CARTESIAN_POINT('',(142.315316,-107.33111,1.51));
#2044 = LINE('',#2045,#2046);
#2045 = CARTESIAN_POINT('',(142.315316,-107.33111,1.51));
#2046 = VECTOR('',#2047,1.);
#2047 = DIRECTION('',(0.,0.,1.));
#2048 = ORIENTED_EDGE('',*,*,#2049,.F.);
#2049 = EDGE_CURVE('',#2011,#2042,#2050,.T.);
#2050 = LINE('',#2051,#2052);
#2051 = CARTESIAN_POINT('',(142.342602,-107.289889,1.51));
#2052 = VECTOR('',#2053,1.);
#2053 = DIRECTION('',(-0.55197095969,-0.833863333922,0.));
#2054 = PLANE('',#2055);
#2055 = AXIS2_PLACEMENT_3D('',#2056,#2057,#2058);
#2056 = CARTESIAN_POINT('',(142.342602,-107.289889,1.51));
#2057 = DIRECTION('',(0.833863333922,-0.55197095969,0.));
#2058 = DIRECTION('',(-0.55197095969,-0.833863333922,0.));
#2059 = ADVANCED_FACE('',(#2060),#2085,.T.);
#2060 = FACE_BOUND('',#2061,.T.);
#2061 = EDGE_LOOP('',(#2062,#2063,#2071,#2079));
#2062 = ORIENTED_EDGE('',*,*,#2041,.T.);
#2063 = ORIENTED_EDGE('',*,*,#2064,.T.);
#2064 = EDGE_CURVE('',#2034,#2065,#2067,.T.);
#2065 = VERTEX_POINT('',#2066);
#2066 = CARTESIAN_POINT('',(141.060153,-108.583866,1.545));
#2067 = LINE('',#2068,#2069);
#2068 = CARTESIAN_POINT('',(142.315316,-107.33111,1.545));
#2069 = VECTOR('',#2070,1.);
#2070 = DIRECTION('',(-0.707785107911,-0.706427803119,0.));
#2071 = ORIENTED_EDGE('',*,*,#2072,.F.);
#2072 = EDGE_CURVE('',#2073,#2065,#2075,.T.);
#2073 = VERTEX_POINT('',#2074);
#2074 = CARTESIAN_POINT('',(141.060153,-108.583866,1.51));
#2075 = LINE('',#2076,#2077);
#2076 = CARTESIAN_POINT('',(141.060153,-108.583866,1.51));
#2077 = VECTOR('',#2078,1.);
#2078 = DIRECTION('',(0.,0.,1.));
#2079 = ORIENTED_EDGE('',*,*,#2080,.F.);
#2080 = EDGE_CURVE('',#2042,#2073,#2081,.T.);
#2081 = LINE('',#2082,#2083);
#2082 = CARTESIAN_POINT('',(142.315316,-107.33111,1.51));
#2083 = VECTOR('',#2084,1.);
#2084 = DIRECTION('',(-0.707785107911,-0.706427803119,0.));
#2085 = PLANE('',#2086);
#2086 = AXIS2_PLACEMENT_3D('',#2087,#2088,#2089);
#2087 = CARTESIAN_POINT('',(142.315316,-107.33111,1.51));
#2088 = DIRECTION('',(0.706427803119,-0.707785107911,0.));
#2089 = DIRECTION('',(-0.707785107911,-0.706427803119,0.));
#2090 = ADVANCED_FACE('',(#2091),#2118,.T.);
#2091 = FACE_BOUND('',#2092,.T.);
#2092 = EDGE_LOOP('',(#2093,#2094,#2103,#2111));
#2093 = ORIENTED_EDGE('',*,*,#2072,.T.);
#2094 = ORIENTED_EDGE('',*,*,#2095,.T.);
#2095 = EDGE_CURVE('',#2065,#2096,#2098,.T.);
#2096 = VERTEX_POINT('',#2097);
#2097 = CARTESIAN_POINT('',(140.898475,-108.568548,1.545));
#2098 = CIRCLE('',#2099,0.123998750313);
#2099 = AXIS2_PLACEMENT_3D('',#2100,#2101,#2102);
#2100 = CARTESIAN_POINT('',(140.988153129,-108.4829120072,1.545));
#2101 = DIRECTION('',(-0.,0.,-1.));
#2102 = DIRECTION('',(0.580649972789,-0.814153308106,-0.));
#2103 = ORIENTED_EDGE('',*,*,#2104,.F.);
#2104 = EDGE_CURVE('',#2105,#2096,#2107,.T.);
#2105 = VERTEX_POINT('',#2106);
#2106 = CARTESIAN_POINT('',(140.898475,-108.568548,1.51));
#2107 = LINE('',#2108,#2109);
#2108 = CARTESIAN_POINT('',(140.898475,-108.568548,1.51));
#2109 = VECTOR('',#2110,1.);
#2110 = DIRECTION('',(0.,0.,1.));
#2111 = ORIENTED_EDGE('',*,*,#2112,.F.);
#2112 = EDGE_CURVE('',#2073,#2105,#2113,.T.);
#2113 = CIRCLE('',#2114,0.123998750313);
#2114 = AXIS2_PLACEMENT_3D('',#2115,#2116,#2117);
#2115 = CARTESIAN_POINT('',(140.988153129,-108.4829120072,1.51));
#2116 = DIRECTION('',(-0.,0.,-1.));
#2117 = DIRECTION('',(0.580649972789,-0.814153308106,-0.));
#2118 = CYLINDRICAL_SURFACE('',#2119,0.123998750313);
#2119 = AXIS2_PLACEMENT_3D('',#2120,#2121,#2122);
#2120 = CARTESIAN_POINT('',(140.988153129,-108.4829120072,1.51));
#2121 = DIRECTION('',(-0.,0.,-1.));
#2122 = DIRECTION('',(0.580649972789,-0.814153308106,-0.));
#2123 = ADVANCED_FACE('',(#2124),#2149,.T.);
#2124 = FACE_BOUND('',#2125,.T.);
#2125 = EDGE_LOOP('',(#2126,#2127,#2135,#2143));
#2126 = ORIENTED_EDGE('',*,*,#2104,.T.);
#2127 = ORIENTED_EDGE('',*,*,#2128,.T.);
#2128 = EDGE_CURVE('',#2096,#2129,#2131,.T.);
#2129 = VERTEX_POINT('',#2130);
#2130 = CARTESIAN_POINT('',(140.668288,-108.317588,1.545));
#2131 = LINE('',#2132,#2133);
#2132 = CARTESIAN_POINT('',(140.898475,-108.568548,1.545));
#2133 = VECTOR('',#2134,1.);
#2134 = DIRECTION('',(-0.675948526315,0.736948837962,0.));
#2135 = ORIENTED_EDGE('',*,*,#2136,.F.);
#2136 = EDGE_CURVE('',#2137,#2129,#2139,.T.);
#2137 = VERTEX_POINT('',#2138);
#2138 = CARTESIAN_POINT('',(140.668288,-108.317588,1.51));
#2139 = LINE('',#2140,#2141);
#2140 = CARTESIAN_POINT('',(140.668288,-108.317588,1.51));
#2141 = VECTOR('',#2142,1.);
#2142 = DIRECTION('',(0.,0.,1.));
#2143 = ORIENTED_EDGE('',*,*,#2144,.F.);
#2144 = EDGE_CURVE('',#2105,#2137,#2145,.T.);
#2145 = LINE('',#2146,#2147);
#2146 = CARTESIAN_POINT('',(140.898475,-108.568548,1.51));
#2147 = VECTOR('',#2148,1.);
#2148 = DIRECTION('',(-0.675948526315,0.736948837962,0.));
#2149 = PLANE('',#2150);
#2150 = AXIS2_PLACEMENT_3D('',#2151,#2152,#2153);
#2151 = CARTESIAN_POINT('',(140.898475,-108.568548,1.51));
#2152 = DIRECTION('',(-0.736948837962,-0.675948526315,0.));
#2153 = DIRECTION('',(-0.675948526315,0.736948837962,0.));
#2154 = ADVANCED_FACE('',(#2155),#2182,.T.);
#2155 = FACE_BOUND('',#2156,.T.);
#2156 = EDGE_LOOP('',(#2157,#2158,#2167,#2175));
#2157 = ORIENTED_EDGE('',*,*,#2136,.T.);
#2158 = ORIENTED_EDGE('',*,*,#2159,.T.);
#2159 = EDGE_CURVE('',#2129,#2160,#2162,.T.);
#2160 = VERTEX_POINT('',#2161);
#2161 = CARTESIAN_POINT('',(137.505393,-100.376902,1.545));
#2162 = CIRCLE('',#2163,12.498672153754);
#2163 = AXIS2_PLACEMENT_3D('',#2164,#2165,#2166);
#2164 = CARTESIAN_POINT('',(149.99841123609,-100.0010018009,1.545));
#2165 = DIRECTION('',(0.,0.,-1.));
#2166 = DIRECTION('',(-0.746489156713,-0.665397579579,-0.));
#2167 = ORIENTED_EDGE('',*,*,#2168,.F.);
#2168 = EDGE_CURVE('',#2169,#2160,#2171,.T.);
#2169 = VERTEX_POINT('',#2170);
#2170 = CARTESIAN_POINT('',(137.505393,-100.376902,1.51));
#2171 = LINE('',#2172,#2173);
#2172 = CARTESIAN_POINT('',(137.505393,-100.376902,1.51));
#2173 = VECTOR('',#2174,1.);
#2174 = DIRECTION('',(0.,0.,1.));
#2175 = ORIENTED_EDGE('',*,*,#2176,.F.);
#2176 = EDGE_CURVE('',#2137,#2169,#2177,.T.);
#2177 = CIRCLE('',#2178,12.498672153754);
#2178 = AXIS2_PLACEMENT_3D('',#2179,#2180,#2181);
#2179 = CARTESIAN_POINT('',(149.99841123609,-100.0010018009,1.51));
#2180 = DIRECTION('',(0.,0.,-1.));
#2181 = DIRECTION('',(-0.746489156713,-0.665397579579,-0.));
#2182 = CYLINDRICAL_SURFACE('',#2183,12.498672153754);
#2183 = AXIS2_PLACEMENT_3D('',#2184,#2185,#2186);
#2184 = CARTESIAN_POINT('',(149.99841123609,-100.0010018009,1.51));
#2185 = DIRECTION('',(0.,0.,-1.));
#2186 = DIRECTION('',(-0.746489156713,-0.665397579579,-0.));
#2187 = ADVANCED_FACE('',(#2188),#2213,.T.);
#2188 = FACE_BOUND('',#2189,.T.);
#2189 = EDGE_LOOP('',(#2190,#2191,#2199,#2207));
#2190 = ORIENTED_EDGE('',*,*,#2168,.T.);
#2191 = ORIENTED_EDGE('',*,*,#2192,.T.);
#2192 = EDGE_CURVE('',#2160,#2193,#2195,.T.);
#2193 = VERTEX_POINT('',#2194);
#2194 = CARTESIAN_POINT('',(137.52352,-100.309425,1.545));
#2195 = LINE('',#2196,#2197);
#2196 = CARTESIAN_POINT('',(137.505393,-100.376902,1.545));
#2197 = VECTOR('',#2198,1.);
#2198 = DIRECTION('',(0.259441169997,0.965758913658,0.));
#2199 = ORIENTED_EDGE('',*,*,#2200,.F.);
#2200 = EDGE_CURVE('',#2201,#2193,#2203,.T.);
#2201 = VERTEX_POINT('',#2202);
#2202 = CARTESIAN_POINT('',(137.52352,-100.309425,1.51));
#2203 = LINE('',#2204,#2205);
#2204 = CARTESIAN_POINT('',(137.52352,-100.309425,1.51));
#2205 = VECTOR('',#2206,1.);
#2206 = DIRECTION('',(0.,0.,1.));
#2207 = ORIENTED_EDGE('',*,*,#2208,.F.);
#2208 = EDGE_CURVE('',#2169,#2201,#2209,.T.);
#2209 = LINE('',#2210,#2211);
#2210 = CARTESIAN_POINT('',(137.505393,-100.376902,1.51));
#2211 = VECTOR('',#2212,1.);
#2212 = DIRECTION('',(0.259441169997,0.965758913658,0.));
#2213 = PLANE('',#2214);
#2214 = AXIS2_PLACEMENT_3D('',#2215,#2216,#2217);
#2215 = CARTESIAN_POINT('',(137.505393,-100.376902,1.51));
#2216 = DIRECTION('',(-0.965758913658,0.259441169997,0.));
#2217 = DIRECTION('',(0.259441169997,0.965758913658,0.));
#2218 = ADVANCED_FACE('',(#2219),#2235,.T.);
#2219 = FACE_BOUND('',#2220,.T.);
#2220 = EDGE_LOOP('',(#2221,#2222,#2228,#2229));
#2221 = ORIENTED_EDGE('',*,*,#2200,.T.);
#2222 = ORIENTED_EDGE('',*,*,#2223,.T.);
#2223 = EDGE_CURVE('',#2193,#1805,#2224,.T.);
#2224 = LINE('',#2225,#2226);
#2225 = CARTESIAN_POINT('',(137.52352,-100.309425,1.545));
#2226 = VECTOR('',#2227,1.);
#2227 = DIRECTION('',(0.740376411052,0.672192509597,0.));
#2228 = ORIENTED_EDGE('',*,*,#1802,.F.);
#2229 = ORIENTED_EDGE('',*,*,#2230,.F.);
#2230 = EDGE_CURVE('',#2201,#1803,#2231,.T.);
#2231 = LINE('',#2232,#2233);
#2232 = CARTESIAN_POINT('',(137.52352,-100.309425,1.51));
#2233 = VECTOR('',#2234,1.);
#2234 = DIRECTION('',(0.740376411052,0.672192509597,0.));
#2235 = PLANE('',#2236);
#2236 = AXIS2_PLACEMENT_3D('',#2237,#2238,#2239);
#2237 = CARTESIAN_POINT('',(137.52352,-100.309425,1.51));
#2238 = DIRECTION('',(-0.672192509597,0.740376411052,0.));
#2239 = DIRECTION('',(0.740376411052,0.672192509597,0.));
#2240 = ADVANCED_FACE('',(#2241),#2257,.F.);
#2241 = FACE_BOUND('',#2242,.T.);
#2242 = EDGE_LOOP('',(#2243,#2244,#2245,#2246,#2247,#2248,#2249,#2250,
    #2251,#2252,#2253,#2254,#2255,#2256));
#2243 = ORIENTED_EDGE('',*,*,#1828,.T.);
#2244 = ORIENTED_EDGE('',*,*,#1859,.T.);
#2245 = ORIENTED_EDGE('',*,*,#1891,.T.);
#2246 = ORIENTED_EDGE('',*,*,#1923,.T.);
#2247 = ORIENTED_EDGE('',*,*,#1955,.T.);
#2248 = ORIENTED_EDGE('',*,*,#1987,.T.);
#2249 = ORIENTED_EDGE('',*,*,#2018,.T.);
#2250 = ORIENTED_EDGE('',*,*,#2049,.T.);
#2251 = ORIENTED_EDGE('',*,*,#2080,.T.);
#2252 = ORIENTED_EDGE('',*,*,#2112,.T.);
#2253 = ORIENTED_EDGE('',*,*,#2144,.T.);
#2254 = ORIENTED_EDGE('',*,*,#2176,.T.);
#2255 = ORIENTED_EDGE('',*,*,#2208,.T.);
#2256 = ORIENTED_EDGE('',*,*,#2230,.T.);
#2257 = PLANE('',#2258);
#2258 = AXIS2_PLACEMENT_3D('',#2259,#2260,#2261);
#2259 = CARTESIAN_POINT('',(0.,0.,1.51));
#2260 = DIRECTION('',(0.,0.,1.));
#2261 = DIRECTION('',(1.,0.,-0.));
#2262 = ADVANCED_FACE('',(#2263),#2279,.T.);
#2263 = FACE_BOUND('',#2264,.F.);
#2264 = EDGE_LOOP('',(#2265,#2266,#2267,#2268,#2269,#2270,#2271,#2272,
    #2273,#2274,#2275,#2276,#2277,#2278));
#2265 = ORIENTED_EDGE('',*,*,#1812,.T.);
#2266 = ORIENTED_EDGE('',*,*,#1843,.T.);
#2267 = ORIENTED_EDGE('',*,*,#1874,.T.);
#2268 = ORIENTED_EDGE('',*,*,#1907,.T.);
#2269 = ORIENTED_EDGE('',*,*,#1938,.T.);
#2270 = ORIENTED_EDGE('',*,*,#1971,.T.);
#2271 = ORIENTED_EDGE('',*,*,#2002,.T.);
#2272 = ORIENTED_EDGE('',*,*,#2033,.T.);
#2273 = ORIENTED_EDGE('',*,*,#2064,.T.);
#2274 = ORIENTED_EDGE('',*,*,#2095,.T.);
#2275 = ORIENTED_EDGE('',*,*,#2128,.T.);
#2276 = ORIENTED_EDGE('',*,*,#2159,.T.);
#2277 = ORIENTED_EDGE('',*,*,#2192,.T.);
#2278 = ORIENTED_EDGE('',*,*,#2223,.T.);
#2279 = PLANE('',#2280);
#2280 = AXIS2_PLACEMENT_3D('',#2281,#2282,#2283);
#2281 = CARTESIAN_POINT('',(0.,0.,1.545));
#2282 = DIRECTION('',(0.,0.,1.));
#2283 = DIRECTION('',(1.,0.,-0.));
#2284 = MANIFOLD_SOLID_BREP('',#2285);
#2285 = CLOSED_SHELL('',(#2286,#2326,#2359,#2390,#2423,#2454,#2485,#2516
    ,#2547,#2580,#2611,#2644,#2675,#2706,#2728,#2750));
#2286 = ADVANCED_FACE('',(#2287),#2321,.T.);
#2287 = FACE_BOUND('',#2288,.T.);
#2288 = EDGE_LOOP('',(#2289,#2299,#2307,#2315));
#2289 = ORIENTED_EDGE('',*,*,#2290,.T.);
#2290 = EDGE_CURVE('',#2291,#2293,#2295,.T.);
#2291 = VERTEX_POINT('',#2292);
#2292 = CARTESIAN_POINT('',(141.42938,-108.924145,1.51));
#2293 = VERTEX_POINT('',#2294);
#2294 = CARTESIAN_POINT('',(141.42938,-108.924145,1.545));
#2295 = LINE('',#2296,#2297);
#2296 = CARTESIAN_POINT('',(141.42938,-108.924145,1.51));
#2297 = VECTOR('',#2298,1.);
#2298 = DIRECTION('',(0.,0.,1.));
#2299 = ORIENTED_EDGE('',*,*,#2300,.T.);
#2300 = EDGE_CURVE('',#2293,#2301,#2303,.T.);
#2301 = VERTEX_POINT('',#2302);
#2302 = CARTESIAN_POINT('',(142.668881,-107.684648,1.545));
#2303 = LINE('',#2304,#2305);
#2304 = CARTESIAN_POINT('',(141.42938,-108.924145,1.545));
#2305 = VECTOR('',#2306,1.);
#2306 = DIRECTION('',(0.707107922141,0.70710564023,0.));
#2307 = ORIENTED_EDGE('',*,*,#2308,.F.);
#2308 = EDGE_CURVE('',#2309,#2301,#2311,.T.);
#2309 = VERTEX_POINT('',#2310);
#2310 = CARTESIAN_POINT('',(142.668881,-107.684648,1.51));
#2311 = LINE('',#2312,#2313);
#2312 = CARTESIAN_POINT('',(142.668881,-107.684648,1.51));
#2313 = VECTOR('',#2314,1.);
#2314 = DIRECTION('',(0.,0.,1.));
#2315 = ORIENTED_EDGE('',*,*,#2316,.F.);
#2316 = EDGE_CURVE('',#2291,#2309,#2317,.T.);
#2317 = LINE('',#2318,#2319);
#2318 = CARTESIAN_POINT('',(141.42938,-108.924145,1.51));
#2319 = VECTOR('',#2320,1.);
#2320 = DIRECTION('',(0.707107922141,0.70710564023,0.));
#2321 = PLANE('',#2322);
#2322 = AXIS2_PLACEMENT_3D('',#2323,#2324,#2325);
#2323 = CARTESIAN_POINT('',(141.42938,-108.924145,1.51));
#2324 = DIRECTION('',(-0.70710564023,0.707107922141,0.));
#2325 = DIRECTION('',(0.707107922141,0.70710564023,0.));
#2326 = ADVANCED_FACE('',(#2327),#2354,.T.);
#2327 = FACE_BOUND('',#2328,.T.);
#2328 = EDGE_LOOP('',(#2329,#2330,#2339,#2347));
#2329 = ORIENTED_EDGE('',*,*,#2308,.T.);
#2330 = ORIENTED_EDGE('',*,*,#2331,.T.);
#2331 = EDGE_CURVE('',#2301,#2332,#2334,.T.);
#2332 = VERTEX_POINT('',#2333);
#2333 = CARTESIAN_POINT('',(142.841824,-107.682296,1.545));
#2334 = CIRCLE('',#2335,0.123997097733);
#2335 = AXIS2_PLACEMENT_3D('',#2336,#2337,#2338);
#2336 = CARTESIAN_POINT('',(142.75656090804,-107.7723264692,1.545));
#2337 = DIRECTION('',(0.,0.,-1.));
#2338 = DIRECTION('',(-0.707112582821,0.707100979505,0.));
#2339 = ORIENTED_EDGE('',*,*,#2340,.F.);
#2340 = EDGE_CURVE('',#2341,#2332,#2343,.T.);
#2341 = VERTEX_POINT('',#2342);
#2342 = CARTESIAN_POINT('',(142.841824,-107.682296,1.51));
#2343 = LINE('',#2344,#2345);
#2344 = CARTESIAN_POINT('',(142.841824,-107.682296,1.51));
#2345 = VECTOR('',#2346,1.);
#2346 = DIRECTION('',(0.,0.,1.));
#2347 = ORIENTED_EDGE('',*,*,#2348,.F.);
#2348 = EDGE_CURVE('',#2309,#2341,#2349,.T.);
#2349 = CIRCLE('',#2350,0.123997097733);
#2350 = AXIS2_PLACEMENT_3D('',#2351,#2352,#2353);
#2351 = CARTESIAN_POINT('',(142.75656090804,-107.7723264692,1.51));
#2352 = DIRECTION('',(0.,0.,-1.));
#2353 = DIRECTION('',(-0.707112582821,0.707100979505,0.));
#2354 = CYLINDRICAL_SURFACE('',#2355,0.123997097733);
#2355 = AXIS2_PLACEMENT_3D('',#2356,#2357,#2358);
#2356 = CARTESIAN_POINT('',(142.75656090804,-107.7723264692,1.51));
#2357 = DIRECTION('',(0.,0.,-1.));
#2358 = DIRECTION('',(-0.707112582821,0.707100979505,0.));
#2359 = ADVANCED_FACE('',(#2360),#2385,.T.);
#2360 = FACE_BOUND('',#2361,.T.);
#2361 = EDGE_LOOP('',(#2362,#2363,#2371,#2379));
#2362 = ORIENTED_EDGE('',*,*,#2340,.T.);
#2363 = ORIENTED_EDGE('',*,*,#2364,.T.);
#2364 = EDGE_CURVE('',#2332,#2365,#2367,.T.);
#2365 = VERTEX_POINT('',#2366);
#2366 = CARTESIAN_POINT('',(143.071351,-107.890208,1.545));
#2367 = LINE('',#2368,#2369);
#2368 = CARTESIAN_POINT('',(142.841824,-107.682296,1.545));
#2369 = VECTOR('',#2370,1.);
#2370 = DIRECTION('',(0.741142531222,-0.671347710515,0.));
#2371 = ORIENTED_EDGE('',*,*,#2372,.F.);
#2372 = EDGE_CURVE('',#2373,#2365,#2375,.T.);
#2373 = VERTEX_POINT('',#2374);
#2374 = CARTESIAN_POINT('',(143.071351,-107.890208,1.51));
#2375 = LINE('',#2376,#2377);
#2376 = CARTESIAN_POINT('',(143.071351,-107.890208,1.51));
#2377 = VECTOR('',#2378,1.);
#2378 = DIRECTION('',(0.,0.,1.));
#2379 = ORIENTED_EDGE('',*,*,#2380,.F.);
#2380 = EDGE_CURVE('',#2341,#2373,#2381,.T.);
#2381 = LINE('',#2382,#2383);
#2382 = CARTESIAN_POINT('',(142.841824,-107.682296,1.51));
#2383 = VECTOR('',#2384,1.);
#2384 = DIRECTION('',(0.741142531222,-0.671347710515,0.));
#2385 = PLANE('',#2386);
#2386 = AXIS2_PLACEMENT_3D('',#2387,#2388,#2389);
#2387 = CARTESIAN_POINT('',(142.841824,-107.682296,1.51));
#2388 = DIRECTION('',(0.671347710515,0.741142531222,-0.));
#2389 = DIRECTION('',(0.741142531222,-0.671347710515,0.));
#2390 = ADVANCED_FACE('',(#2391),#2418,.F.);
#2391 = FACE_BOUND('',#2392,.T.);
#2392 = EDGE_LOOP('',(#2393,#2394,#2403,#2411));
#2393 = ORIENTED_EDGE('',*,*,#2372,.T.);
#2394 = ORIENTED_EDGE('',*,*,#2395,.T.);
#2395 = EDGE_CURVE('',#2365,#2396,#2398,.T.);
#2396 = VERTEX_POINT('',#2397);
#2397 = CARTESIAN_POINT('',(149.629327,-110.493766,1.545));
#2398 = CIRCLE('',#2399,10.498724916826);
#2399 = AXIS2_PLACEMENT_3D('',#2400,#2401,#2402);
#2400 = CARTESIAN_POINT('',(149.9990001207,-100.0015514261,1.545));
#2401 = DIRECTION('',(0.,0.,1.));
#2402 = DIRECTION('',(-0.659856237361,-0.751391872471,0.));
#2403 = ORIENTED_EDGE('',*,*,#2404,.F.);
#2404 = EDGE_CURVE('',#2405,#2396,#2407,.T.);
#2405 = VERTEX_POINT('',#2406);
#2406 = CARTESIAN_POINT('',(149.629327,-110.493766,1.51));
#2407 = LINE('',#2408,#2409);
#2408 = CARTESIAN_POINT('',(149.629327,-110.493766,1.51));
#2409 = VECTOR('',#2410,1.);
#2410 = DIRECTION('',(0.,0.,1.));
#2411 = ORIENTED_EDGE('',*,*,#2412,.F.);
#2412 = EDGE_CURVE('',#2373,#2405,#2413,.T.);
#2413 = CIRCLE('',#2414,10.498724916826);
#2414 = AXIS2_PLACEMENT_3D('',#2415,#2416,#2417);
#2415 = CARTESIAN_POINT('',(149.9990001207,-100.0015514261,1.51));
#2416 = DIRECTION('',(0.,0.,1.));
#2417 = DIRECTION('',(-0.659856237361,-0.751391872471,0.));
#2418 = CYLINDRICAL_SURFACE('',#2419,10.498724916826);
#2419 = AXIS2_PLACEMENT_3D('',#2420,#2421,#2422);
#2420 = CARTESIAN_POINT('',(149.9990001207,-100.0015514261,1.51));
#2421 = DIRECTION('',(-0.,-0.,-1.));
#2422 = DIRECTION('',(-0.659856237361,-0.751391872471,0.));
#2423 = ADVANCED_FACE('',(#2424),#2449,.T.);
#2424 = FACE_BOUND('',#2425,.T.);
#2425 = EDGE_LOOP('',(#2426,#2427,#2435,#2443));
#2426 = ORIENTED_EDGE('',*,*,#2404,.T.);
#2427 = ORIENTED_EDGE('',*,*,#2428,.T.);
#2428 = EDGE_CURVE('',#2396,#2429,#2431,.T.);
#2429 = VERTEX_POINT('',#2430);
#2430 = CARTESIAN_POINT('',(149.695807,-110.515261,1.545));
#2431 = LINE('',#2432,#2433);
#2432 = CARTESIAN_POINT('',(149.629327,-110.493766,1.545));
#2433 = VECTOR('',#2434,1.);
#2434 = DIRECTION('',(0.951499982542,-0.307648798507,0.));
#2435 = ORIENTED_EDGE('',*,*,#2436,.F.);
#2436 = EDGE_CURVE('',#2437,#2429,#2439,.T.);
#2437 = VERTEX_POINT('',#2438);
#2438 = CARTESIAN_POINT('',(149.695807,-110.515261,1.51));
#2439 = LINE('',#2440,#2441);
#2440 = CARTESIAN_POINT('',(149.695807,-110.515261,1.51));
#2441 = VECTOR('',#2442,1.);
#2442 = DIRECTION('',(0.,0.,1.));
#2443 = ORIENTED_EDGE('',*,*,#2444,.F.);
#2444 = EDGE_CURVE('',#2405,#2437,#2445,.T.);
#2445 = LINE('',#2446,#2447);
#2446 = CARTESIAN_POINT('',(149.629327,-110.493766,1.51));
#2447 = VECTOR('',#2448,1.);
#2448 = DIRECTION('',(0.951499982542,-0.307648798507,0.));
#2449 = PLANE('',#2450);
#2450 = AXIS2_PLACEMENT_3D('',#2451,#2452,#2453);
#2451 = CARTESIAN_POINT('',(149.629327,-110.493766,1.51));
#2452 = DIRECTION('',(0.307648798507,0.951499982542,-0.));
#2453 = DIRECTION('',(0.951499982542,-0.307648798507,0.));
#2454 = ADVANCED_FACE('',(#2455),#2480,.T.);
#2455 = FACE_BOUND('',#2456,.T.);
#2456 = EDGE_LOOP('',(#2457,#2458,#2466,#2474));
#2457 = ORIENTED_EDGE('',*,*,#2436,.T.);
#2458 = ORIENTED_EDGE('',*,*,#2459,.T.);
#2459 = EDGE_CURVE('',#2429,#2460,#2462,.T.);
#2460 = VERTEX_POINT('',#2461);
#2461 = CARTESIAN_POINT('',(149.740114,-110.569286,1.545));
#2462 = LINE('',#2463,#2464);
#2463 = CARTESIAN_POINT('',(149.695807,-110.515261,1.545));
#2464 = VECTOR('',#2465,1.);
#2465 = DIRECTION('',(0.634135213193,-0.773222174662,0.));
#2466 = ORIENTED_EDGE('',*,*,#2467,.F.);
#2467 = EDGE_CURVE('',#2468,#2460,#2470,.T.);
#2468 = VERTEX_POINT('',#2469);
#2469 = CARTESIAN_POINT('',(149.740114,-110.569286,1.51));
#2470 = LINE('',#2471,#2472);
#2471 = CARTESIAN_POINT('',(149.740114,-110.569286,1.51));
#2472 = VECTOR('',#2473,1.);
#2473 = DIRECTION('',(0.,0.,1.));
#2474 = ORIENTED_EDGE('',*,*,#2475,.F.);
#2475 = EDGE_CURVE('',#2437,#2468,#2476,.T.);
#2476 = LINE('',#2477,#2478);
#2477 = CARTESIAN_POINT('',(149.695807,-110.515261,1.51));
#2478 = VECTOR('',#2479,1.);
#2479 = DIRECTION('',(0.634135213193,-0.773222174662,0.));
#2480 = PLANE('',#2481);
#2481 = AXIS2_PLACEMENT_3D('',#2482,#2483,#2484);
#2482 = CARTESIAN_POINT('',(149.695807,-110.515261,1.51));
#2483 = DIRECTION('',(0.773222174662,0.634135213193,-0.));
#2484 = DIRECTION('',(0.634135213193,-0.773222174662,0.));
#2485 = ADVANCED_FACE('',(#2486),#2511,.T.);
#2486 = FACE_BOUND('',#2487,.T.);
#2487 = EDGE_LOOP('',(#2488,#2489,#2497,#2505));
#2488 = ORIENTED_EDGE('',*,*,#2467,.T.);
#2489 = ORIENTED_EDGE('',*,*,#2490,.T.);
#2490 = EDGE_CURVE('',#2460,#2491,#2493,.T.);
#2491 = VERTEX_POINT('',#2492);
#2492 = CARTESIAN_POINT('',(149.749964,-110.617721,1.545));
#2493 = LINE('',#2494,#2495);
#2494 = CARTESIAN_POINT('',(149.740114,-110.569286,1.545));
#2495 = VECTOR('',#2496,1.);
#2496 = DIRECTION('',(0.199286100963,-0.979941350267,0.));
#2497 = ORIENTED_EDGE('',*,*,#2498,.F.);
#2498 = EDGE_CURVE('',#2499,#2491,#2501,.T.);
#2499 = VERTEX_POINT('',#2500);
#2500 = CARTESIAN_POINT('',(149.749964,-110.617721,1.51));
#2501 = LINE('',#2502,#2503);
#2502 = CARTESIAN_POINT('',(149.749964,-110.617721,1.51));
#2503 = VECTOR('',#2504,1.);
#2504 = DIRECTION('',(0.,0.,1.));
#2505 = ORIENTED_EDGE('',*,*,#2506,.F.);
#2506 = EDGE_CURVE('',#2468,#2499,#2507,.T.);
#2507 = LINE('',#2508,#2509);
#2508 = CARTESIAN_POINT('',(149.740114,-110.569286,1.51));
#2509 = VECTOR('',#2510,1.);
#2510 = DIRECTION('',(0.199286100963,-0.979941350267,0.));
#2511 = PLANE('',#2512);
#2512 = AXIS2_PLACEMENT_3D('',#2513,#2514,#2515);
#2513 = CARTESIAN_POINT('',(149.740114,-110.569286,1.51));
#2514 = DIRECTION('',(0.979941350267,0.199286100963,-0.));
#2515 = DIRECTION('',(0.199286100963,-0.979941350267,0.));
#2516 = ADVANCED_FACE('',(#2517),#2542,.T.);
#2517 = FACE_BOUND('',#2518,.T.);
#2518 = EDGE_LOOP('',(#2519,#2520,#2528,#2536));
#2519 = ORIENTED_EDGE('',*,*,#2498,.T.);
#2520 = ORIENTED_EDGE('',*,*,#2521,.T.);
#2521 = EDGE_CURVE('',#2491,#2522,#2524,.T.);
#2522 = VERTEX_POINT('',#2523);
#2523 = CARTESIAN_POINT('',(149.748242,-112.391108,1.545));
#2524 = LINE('',#2525,#2526);
#2525 = CARTESIAN_POINT('',(149.749964,-110.617721,1.545));
#2526 = VECTOR('',#2527,1.);
#2527 = DIRECTION('',(-9.710227875678E-04,-0.999999528557,0.));
#2528 = ORIENTED_EDGE('',*,*,#2529,.F.);
#2529 = EDGE_CURVE('',#2530,#2522,#2532,.T.);
#2530 = VERTEX_POINT('',#2531);
#2531 = CARTESIAN_POINT('',(149.748242,-112.391108,1.51));
#2532 = LINE('',#2533,#2534);
#2533 = CARTESIAN_POINT('',(149.748242,-112.391108,1.51));
#2534 = VECTOR('',#2535,1.);
#2535 = DIRECTION('',(0.,0.,1.));
#2536 = ORIENTED_EDGE('',*,*,#2537,.F.);
#2537 = EDGE_CURVE('',#2499,#2530,#2538,.T.);
#2538 = LINE('',#2539,#2540);
#2539 = CARTESIAN_POINT('',(149.749964,-110.617721,1.51));
#2540 = VECTOR('',#2541,1.);
#2541 = DIRECTION('',(-9.710227875678E-04,-0.999999528557,0.));
#2542 = PLANE('',#2543);
#2543 = AXIS2_PLACEMENT_3D('',#2544,#2545,#2546);
#2544 = CARTESIAN_POINT('',(149.749964,-110.617721,1.51));
#2545 = DIRECTION('',(0.999999528557,-9.710227875678E-04,0.));
#2546 = DIRECTION('',(-9.710227875678E-04,-0.999999528557,0.));
#2547 = ADVANCED_FACE('',(#2548),#2575,.T.);
#2548 = FACE_BOUND('',#2549,.T.);
#2549 = EDGE_LOOP('',(#2550,#2551,#2560,#2568));
#2550 = ORIENTED_EDGE('',*,*,#2529,.T.);
#2551 = ORIENTED_EDGE('',*,*,#2552,.T.);
#2552 = EDGE_CURVE('',#2522,#2553,#2555,.T.);
#2553 = VERTEX_POINT('',#2554);
#2554 = CARTESIAN_POINT('',(149.623081,-112.494598,1.545));
#2555 = CIRCLE('',#2556,0.124000967191);
#2556 = AXIS2_PLACEMENT_3D('',#2557,#2558,#2559);
#2557 = CARTESIAN_POINT('',(149.62594361636,-112.3706300795,1.545));
#2558 = DIRECTION('',(0.,0.,-1.));
#2559 = DIRECTION('',(0.98626959455,-0.165143231368,0.));
#2560 = ORIENTED_EDGE('',*,*,#2561,.F.);
#2561 = EDGE_CURVE('',#2562,#2553,#2564,.T.);
#2562 = VERTEX_POINT('',#2563);
#2563 = CARTESIAN_POINT('',(149.623081,-112.494598,1.51));
#2564 = LINE('',#2565,#2566);
#2565 = CARTESIAN_POINT('',(149.623081,-112.494598,1.51));
#2566 = VECTOR('',#2567,1.);
#2567 = DIRECTION('',(0.,0.,1.));
#2568 = ORIENTED_EDGE('',*,*,#2569,.F.);
#2569 = EDGE_CURVE('',#2530,#2562,#2570,.T.);
#2570 = CIRCLE('',#2571,0.124000967191);
#2571 = AXIS2_PLACEMENT_3D('',#2572,#2573,#2574);
#2572 = CARTESIAN_POINT('',(149.62594361636,-112.3706300795,1.51));
#2573 = DIRECTION('',(0.,0.,-1.));
#2574 = DIRECTION('',(0.98626959455,-0.165143231368,0.));
#2575 = CYLINDRICAL_SURFACE('',#2576,0.124000967191);
#2576 = AXIS2_PLACEMENT_3D('',#2577,#2578,#2579);
#2577 = CARTESIAN_POINT('',(149.62594361636,-112.3706300795,1.51));
#2578 = DIRECTION('',(0.,0.,-1.));
#2579 = DIRECTION('',(0.98626959455,-0.165143231368,0.));
#2580 = ADVANCED_FACE('',(#2581),#2606,.T.);
#2581 = FACE_BOUND('',#2582,.T.);
#2582 = EDGE_LOOP('',(#2583,#2584,#2592,#2600));
#2583 = ORIENTED_EDGE('',*,*,#2561,.T.);
#2584 = ORIENTED_EDGE('',*,*,#2585,.T.);
#2585 = EDGE_CURVE('',#2553,#2586,#2588,.T.);
#2586 = VERTEX_POINT('',#2587);
#2587 = CARTESIAN_POINT('',(149.282895,-112.479912,1.545));
#2588 = LINE('',#2589,#2590);
#2589 = CARTESIAN_POINT('',(149.623081,-112.494598,1.545));
#2590 = VECTOR('',#2591,1.);
#2591 = DIRECTION('',(-0.999069454415,4.313032872466E-02,0.));
#2592 = ORIENTED_EDGE('',*,*,#2593,.F.);
#2593 = EDGE_CURVE('',#2594,#2586,#2596,.T.);
#2594 = VERTEX_POINT('',#2595);
#2595 = CARTESIAN_POINT('',(149.282895,-112.479912,1.51));
#2596 = LINE('',#2597,#2598);
#2597 = CARTESIAN_POINT('',(149.282895,-112.479912,1.51));
#2598 = VECTOR('',#2599,1.);
#2599 = DIRECTION('',(0.,0.,1.));
#2600 = ORIENTED_EDGE('',*,*,#2601,.F.);
#2601 = EDGE_CURVE('',#2562,#2594,#2602,.T.);
#2602 = LINE('',#2603,#2604);
#2603 = CARTESIAN_POINT('',(149.623081,-112.494598,1.51));
#2604 = VECTOR('',#2605,1.);
#2605 = DIRECTION('',(-0.999069454415,4.313032872466E-02,0.));
#2606 = PLANE('',#2607);
#2607 = AXIS2_PLACEMENT_3D('',#2608,#2609,#2610);
#2608 = CARTESIAN_POINT('',(149.623081,-112.494598,1.51));
#2609 = DIRECTION('',(-4.313032872466E-02,-0.999069454415,0.));
#2610 = DIRECTION('',(-0.999069454415,4.313032872466E-02,0.));
#2611 = ADVANCED_FACE('',(#2612),#2639,.T.);
#2612 = FACE_BOUND('',#2613,.T.);
#2613 = EDGE_LOOP('',(#2614,#2615,#2624,#2632));
#2614 = ORIENTED_EDGE('',*,*,#2593,.T.);
#2615 = ORIENTED_EDGE('',*,*,#2616,.T.);
#2616 = EDGE_CURVE('',#2586,#2617,#2619,.T.);
#2617 = VERTEX_POINT('',#2618);
#2618 = CARTESIAN_POINT('',(141.431427,-109.101502,1.545));
#2619 = CIRCLE('',#2620,12.498655008851);
#2620 = AXIS2_PLACEMENT_3D('',#2621,#2622,#2623);
#2621 = CARTESIAN_POINT('',(149.99951462809,-100.0018178611,1.545));
#2622 = DIRECTION('',(0.,0.,-1.));
#2623 = DIRECTION('',(-5.73357395329E-02,-0.998354953397,-0.));
#2624 = ORIENTED_EDGE('',*,*,#2625,.F.);
#2625 = EDGE_CURVE('',#2626,#2617,#2628,.T.);
#2626 = VERTEX_POINT('',#2627);
#2627 = CARTESIAN_POINT('',(141.431427,-109.101502,1.51));
#2628 = LINE('',#2629,#2630);
#2629 = CARTESIAN_POINT('',(141.431427,-109.101502,1.51));
#2630 = VECTOR('',#2631,1.);
#2631 = DIRECTION('',(0.,0.,1.));
#2632 = ORIENTED_EDGE('',*,*,#2633,.F.);
#2633 = EDGE_CURVE('',#2594,#2626,#2634,.T.);
#2634 = CIRCLE('',#2635,12.498655008851);
#2635 = AXIS2_PLACEMENT_3D('',#2636,#2637,#2638);
#2636 = CARTESIAN_POINT('',(149.99951462809,-100.0018178611,1.51));
#2637 = DIRECTION('',(0.,0.,-1.));
#2638 = DIRECTION('',(-5.73357395329E-02,-0.998354953397,-0.));
#2639 = CYLINDRICAL_SURFACE('',#2640,12.498655008851);
#2640 = AXIS2_PLACEMENT_3D('',#2641,#2642,#2643);
#2641 = CARTESIAN_POINT('',(149.99951462809,-100.0018178611,1.51));
#2642 = DIRECTION('',(0.,0.,-1.));
#2643 = DIRECTION('',(-5.73357395329E-02,-0.998354953397,-0.));
#2644 = ADVANCED_FACE('',(#2645),#2670,.T.);
#2645 = FACE_BOUND('',#2646,.T.);
#2646 = EDGE_LOOP('',(#2647,#2648,#2656,#2664));
#2647 = ORIENTED_EDGE('',*,*,#2625,.T.);
#2648 = ORIENTED_EDGE('',*,*,#2649,.T.);
#2649 = EDGE_CURVE('',#2617,#2650,#2652,.T.);
#2650 = VERTEX_POINT('',#2651);
#2651 = CARTESIAN_POINT('',(141.396537,-109.040967,1.545));
#2652 = LINE('',#2653,#2654);
#2653 = CARTESIAN_POINT('',(141.431427,-109.101502,1.545));
#2654 = VECTOR('',#2655,1.);
#2655 = DIRECTION('',(-0.49935689677,0.866396381368,0.));
#2656 = ORIENTED_EDGE('',*,*,#2657,.F.);
#2657 = EDGE_CURVE('',#2658,#2650,#2660,.T.);
#2658 = VERTEX_POINT('',#2659);
#2659 = CARTESIAN_POINT('',(141.396537,-109.040967,1.51));
#2660 = LINE('',#2661,#2662);
#2661 = CARTESIAN_POINT('',(141.396537,-109.040967,1.51));
#2662 = VECTOR('',#2663,1.);
#2663 = DIRECTION('',(0.,0.,1.));
#2664 = ORIENTED_EDGE('',*,*,#2665,.F.);
#2665 = EDGE_CURVE('',#2626,#2658,#2666,.T.);
#2666 = LINE('',#2667,#2668);
#2667 = CARTESIAN_POINT('',(141.431427,-109.101502,1.51));
#2668 = VECTOR('',#2669,1.);
#2669 = DIRECTION('',(-0.49935689677,0.866396381368,0.));
#2670 = PLANE('',#2671);
#2671 = AXIS2_PLACEMENT_3D('',#2672,#2673,#2674);
#2672 = CARTESIAN_POINT('',(141.431427,-109.101502,1.51));
#2673 = DIRECTION('',(-0.866396381368,-0.49935689677,0.));
#2674 = DIRECTION('',(-0.49935689677,0.866396381368,0.));
#2675 = ADVANCED_FACE('',(#2676),#2701,.T.);
#2676 = FACE_BOUND('',#2677,.T.);
#2677 = EDGE_LOOP('',(#2678,#2679,#2687,#2695));
#2678 = ORIENTED_EDGE('',*,*,#2657,.T.);
#2679 = ORIENTED_EDGE('',*,*,#2680,.T.);
#2680 = EDGE_CURVE('',#2650,#2681,#2683,.T.);
#2681 = VERTEX_POINT('',#2682);
#2682 = CARTESIAN_POINT('',(141.399914,-108.971179,1.545));
#2683 = LINE('',#2684,#2685);
#2684 = CARTESIAN_POINT('',(141.396537,-109.040967,1.545));
#2685 = VECTOR('',#2686,1.);
#2686 = DIRECTION('',(4.833285447691E-02,0.998831284641,0.));
#2687 = ORIENTED_EDGE('',*,*,#2688,.F.);
#2688 = EDGE_CURVE('',#2689,#2681,#2691,.T.);
#2689 = VERTEX_POINT('',#2690);
#2690 = CARTESIAN_POINT('',(141.399914,-108.971179,1.51));
#2691 = LINE('',#2692,#2693);
#2692 = CARTESIAN_POINT('',(141.399914,-108.971179,1.51));
#2693 = VECTOR('',#2694,1.);
#2694 = DIRECTION('',(0.,0.,1.));
#2695 = ORIENTED_EDGE('',*,*,#2696,.F.);
#2696 = EDGE_CURVE('',#2658,#2689,#2697,.T.);
#2697 = LINE('',#2698,#2699);
#2698 = CARTESIAN_POINT('',(141.396537,-109.040967,1.51));
#2699 = VECTOR('',#2700,1.);
#2700 = DIRECTION('',(4.833285447691E-02,0.998831284641,0.));
#2701 = PLANE('',#2702);
#2702 = AXIS2_PLACEMENT_3D('',#2703,#2704,#2705);
#2703 = CARTESIAN_POINT('',(141.396537,-109.040967,1.51));
#2704 = DIRECTION('',(-0.998831284641,4.833285447691E-02,0.));
#2705 = DIRECTION('',(4.833285447691E-02,0.998831284641,0.));
#2706 = ADVANCED_FACE('',(#2707),#2723,.T.);
#2707 = FACE_BOUND('',#2708,.T.);
#2708 = EDGE_LOOP('',(#2709,#2710,#2716,#2717));
#2709 = ORIENTED_EDGE('',*,*,#2688,.T.);
#2710 = ORIENTED_EDGE('',*,*,#2711,.T.);
#2711 = EDGE_CURVE('',#2681,#2293,#2712,.T.);
#2712 = LINE('',#2713,#2714);
#2713 = CARTESIAN_POINT('',(141.399914,-108.971179,1.545));
#2714 = VECTOR('',#2715,1.);
#2715 = DIRECTION('',(0.530902346027,0.847433005601,0.));
#2716 = ORIENTED_EDGE('',*,*,#2290,.F.);
#2717 = ORIENTED_EDGE('',*,*,#2718,.F.);
#2718 = EDGE_CURVE('',#2689,#2291,#2719,.T.);
#2719 = LINE('',#2720,#2721);
#2720 = CARTESIAN_POINT('',(141.399914,-108.971179,1.51));
#2721 = VECTOR('',#2722,1.);
#2722 = DIRECTION('',(0.530902346027,0.847433005601,0.));
#2723 = PLANE('',#2724);
#2724 = AXIS2_PLACEMENT_3D('',#2725,#2726,#2727);
#2725 = CARTESIAN_POINT('',(141.399914,-108.971179,1.51));
#2726 = DIRECTION('',(-0.847433005601,0.530902346027,0.));
#2727 = DIRECTION('',(0.530902346027,0.847433005601,0.));
#2728 = ADVANCED_FACE('',(#2729),#2745,.F.);
#2729 = FACE_BOUND('',#2730,.T.);
#2730 = EDGE_LOOP('',(#2731,#2732,#2733,#2734,#2735,#2736,#2737,#2738,
    #2739,#2740,#2741,#2742,#2743,#2744));
#2731 = ORIENTED_EDGE('',*,*,#2316,.T.);
#2732 = ORIENTED_EDGE('',*,*,#2348,.T.);
#2733 = ORIENTED_EDGE('',*,*,#2380,.T.);
#2734 = ORIENTED_EDGE('',*,*,#2412,.T.);
#2735 = ORIENTED_EDGE('',*,*,#2444,.T.);
#2736 = ORIENTED_EDGE('',*,*,#2475,.T.);
#2737 = ORIENTED_EDGE('',*,*,#2506,.T.);
#2738 = ORIENTED_EDGE('',*,*,#2537,.T.);
#2739 = ORIENTED_EDGE('',*,*,#2569,.T.);
#2740 = ORIENTED_EDGE('',*,*,#2601,.T.);
#2741 = ORIENTED_EDGE('',*,*,#2633,.T.);
#2742 = ORIENTED_EDGE('',*,*,#2665,.T.);
#2743 = ORIENTED_EDGE('',*,*,#2696,.T.);
#2744 = ORIENTED_EDGE('',*,*,#2718,.T.);
#2745 = PLANE('',#2746);
#2746 = AXIS2_PLACEMENT_3D('',#2747,#2748,#2749);
#2747 = CARTESIAN_POINT('',(0.,0.,1.51));
#2748 = DIRECTION('',(0.,0.,1.));
#2749 = DIRECTION('',(1.,0.,-0.));
#2750 = ADVANCED_FACE('',(#2751),#2767,.T.);
#2751 = FACE_BOUND('',#2752,.F.);
#2752 = EDGE_LOOP('',(#2753,#2754,#2755,#2756,#2757,#2758,#2759,#2760,
    #2761,#2762,#2763,#2764,#2765,#2766));
#2753 = ORIENTED_EDGE('',*,*,#2300,.T.);
#2754 = ORIENTED_EDGE('',*,*,#2331,.T.);
#2755 = ORIENTED_EDGE('',*,*,#2364,.T.);
#2756 = ORIENTED_EDGE('',*,*,#2395,.T.);
#2757 = ORIENTED_EDGE('',*,*,#2428,.T.);
#2758 = ORIENTED_EDGE('',*,*,#2459,.T.);
#2759 = ORIENTED_EDGE('',*,*,#2490,.T.);
#2760 = ORIENTED_EDGE('',*,*,#2521,.T.);
#2761 = ORIENTED_EDGE('',*,*,#2552,.T.);
#2762 = ORIENTED_EDGE('',*,*,#2585,.T.);
#2763 = ORIENTED_EDGE('',*,*,#2616,.T.);
#2764 = ORIENTED_EDGE('',*,*,#2649,.T.);
#2765 = ORIENTED_EDGE('',*,*,#2680,.T.);
#2766 = ORIENTED_EDGE('',*,*,#2711,.T.);
#2767 = PLANE('',#2768);
#2768 = AXIS2_PLACEMENT_3D('',#2769,#2770,#2771);
#2769 = CARTESIAN_POINT('',(0.,0.,1.545));
#2770 = DIRECTION('',(0.,0.,1.));
#2771 = DIRECTION('',(1.,0.,-0.));
#2772 = MANIFOLD_SOLID_BREP('',#2773);
#2773 = CLOSED_SHELL('',(#2774,#2816,#2847,#2880,#2911,#2944,#2975,#3008
    ,#3039,#3070,#3101,#3132,#3165,#3187,#3208));
#2774 = ADVANCED_FACE('',(#2775),#2811,.F.);
#2775 = FACE_BOUND('',#2776,.T.);
#2776 = EDGE_LOOP('',(#2777,#2787,#2796,#2804));
#2777 = ORIENTED_EDGE('',*,*,#2778,.T.);
#2778 = EDGE_CURVE('',#2779,#2781,#2783,.T.);
#2779 = VERTEX_POINT('',#2780);
#2780 = CARTESIAN_POINT('',(150.679898,-110.478478,1.51));
#2781 = VERTEX_POINT('',#2782);
#2782 = CARTESIAN_POINT('',(150.679898,-110.478478,1.545));
#2783 = LINE('',#2784,#2785);
#2784 = CARTESIAN_POINT('',(150.679898,-110.478478,1.51));
#2785 = VECTOR('',#2786,1.);
#2786 = DIRECTION('',(0.,0.,1.));
#2787 = ORIENTED_EDGE('',*,*,#2788,.T.);
#2788 = EDGE_CURVE('',#2781,#2789,#2791,.T.);
#2789 = VERTEX_POINT('',#2790);
#2790 = CARTESIAN_POINT('',(156.928545,-107.890216,1.545));
#2791 = CIRCLE('',#2792,10.500419100373);
#2792 = AXIS2_PLACEMENT_3D('',#2793,#2794,#2795);
#2793 = CARTESIAN_POINT('',(149.99999737327,-100.0000937533,1.545));
#2794 = DIRECTION('',(0.,0.,1.));
#2795 = DIRECTION('',(6.474985619382E-02,-0.997901526265,0.));
#2796 = ORIENTED_EDGE('',*,*,#2797,.F.);
#2797 = EDGE_CURVE('',#2798,#2789,#2800,.T.);
#2798 = VERTEX_POINT('',#2799);
#2799 = CARTESIAN_POINT('',(156.928545,-107.890216,1.51));
#2800 = LINE('',#2801,#2802);
#2801 = CARTESIAN_POINT('',(156.928545,-107.890216,1.51));
#2802 = VECTOR('',#2803,1.);
#2803 = DIRECTION('',(0.,0.,1.));
#2804 = ORIENTED_EDGE('',*,*,#2805,.F.);
#2805 = EDGE_CURVE('',#2779,#2798,#2806,.T.);
#2806 = CIRCLE('',#2807,10.500419100373);
#2807 = AXIS2_PLACEMENT_3D('',#2808,#2809,#2810);
#2808 = CARTESIAN_POINT('',(149.99999737327,-100.0000937533,1.51));
#2809 = DIRECTION('',(0.,0.,1.));
#2810 = DIRECTION('',(6.474985619382E-02,-0.997901526265,0.));
#2811 = CYLINDRICAL_SURFACE('',#2812,10.500419100373);
#2812 = AXIS2_PLACEMENT_3D('',#2813,#2814,#2815);
#2813 = CARTESIAN_POINT('',(149.99999737327,-100.0000937533,1.51));
#2814 = DIRECTION('',(-0.,-0.,-1.));
#2815 = DIRECTION('',(6.474985619382E-02,-0.997901526265,0.));
#2816 = ADVANCED_FACE('',(#2817),#2842,.T.);
#2817 = FACE_BOUND('',#2818,.T.);
#2818 = EDGE_LOOP('',(#2819,#2820,#2828,#2836));
#2819 = ORIENTED_EDGE('',*,*,#2797,.T.);
#2820 = ORIENTED_EDGE('',*,*,#2821,.T.);
#2821 = EDGE_CURVE('',#2789,#2822,#2824,.T.);
#2822 = VERTEX_POINT('',#2823);
#2823 = CARTESIAN_POINT('',(157.158071,-107.682303,1.545));
#2824 = LINE('',#2825,#2826);
#2825 = CARTESIAN_POINT('',(156.928545,-107.890216,1.545));
#2826 = VECTOR('',#2827,1.);
#2827 = DIRECTION('',(0.741139469244,0.671351090808,0.));
#2828 = ORIENTED_EDGE('',*,*,#2829,.F.);
#2829 = EDGE_CURVE('',#2830,#2822,#2832,.T.);
#2830 = VERTEX_POINT('',#2831);
#2831 = CARTESIAN_POINT('',(157.158071,-107.682303,1.51));
#2832 = LINE('',#2833,#2834);
#2833 = CARTESIAN_POINT('',(157.158071,-107.682303,1.51));
#2834 = VECTOR('',#2835,1.);
#2835 = DIRECTION('',(0.,0.,1.));
#2836 = ORIENTED_EDGE('',*,*,#2837,.F.);
#2837 = EDGE_CURVE('',#2798,#2830,#2838,.T.);
#2838 = LINE('',#2839,#2840);
#2839 = CARTESIAN_POINT('',(156.928545,-107.890216,1.51));
#2840 = VECTOR('',#2841,1.);
#2841 = DIRECTION('',(0.741139469244,0.671351090808,0.));
#2842 = PLANE('',#2843);
#2843 = AXIS2_PLACEMENT_3D('',#2844,#2845,#2846);
#2844 = CARTESIAN_POINT('',(156.928545,-107.890216,1.51));
#2845 = DIRECTION('',(-0.671351090808,0.741139469244,0.));
#2846 = DIRECTION('',(0.741139469244,0.671351090808,0.));
#2847 = ADVANCED_FACE('',(#2848),#2875,.T.);
#2848 = FACE_BOUND('',#2849,.T.);
#2849 = EDGE_LOOP('',(#2850,#2851,#2860,#2868));
#2850 = ORIENTED_EDGE('',*,*,#2829,.T.);
#2851 = ORIENTED_EDGE('',*,*,#2852,.T.);
#2852 = EDGE_CURVE('',#2822,#2853,#2855,.T.);
#2853 = VERTEX_POINT('',#2854);
#2854 = CARTESIAN_POINT('',(157.331019,-107.684652,1.545));
#2855 = CIRCLE('',#2856,0.12399705017);
#2856 = AXIS2_PLACEMENT_3D('',#2857,#2858,#2859);
#2857 = CARTESIAN_POINT('',(157.24333820156,-107.7723295115,1.545));
#2858 = DIRECTION('',(0.,0.,-1.));
#2859 = DIRECTION('',(-0.687655080919,0.726037526363,0.));
#2860 = ORIENTED_EDGE('',*,*,#2861,.F.);
#2861 = EDGE_CURVE('',#2862,#2853,#2864,.T.);
#2862 = VERTEX_POINT('',#2863);
#2863 = CARTESIAN_POINT('',(157.331019,-107.684652,1.51));
#2864 = LINE('',#2865,#2866);
#2865 = CARTESIAN_POINT('',(157.331019,-107.684652,1.51));
#2866 = VECTOR('',#2867,1.);
#2867 = DIRECTION('',(0.,0.,1.));
#2868 = ORIENTED_EDGE('',*,*,#2869,.F.);
#2869 = EDGE_CURVE('',#2830,#2862,#2870,.T.);
#2870 = CIRCLE('',#2871,0.12399705017);
#2871 = AXIS2_PLACEMENT_3D('',#2872,#2873,#2874);
#2872 = CARTESIAN_POINT('',(157.24333820156,-107.7723295115,1.51));
#2873 = DIRECTION('',(0.,0.,-1.));
#2874 = DIRECTION('',(-0.687655080919,0.726037526363,0.));
#2875 = CYLINDRICAL_SURFACE('',#2876,0.12399705017);
#2876 = AXIS2_PLACEMENT_3D('',#2877,#2878,#2879);
#2877 = CARTESIAN_POINT('',(157.24333820156,-107.7723295115,1.51));
#2878 = DIRECTION('',(0.,0.,-1.));
#2879 = DIRECTION('',(-0.687655080919,0.726037526363,0.));
#2880 = ADVANCED_FACE('',(#2881),#2906,.T.);
#2881 = FACE_BOUND('',#2882,.T.);
#2882 = EDGE_LOOP('',(#2883,#2884,#2892,#2900));
#2883 = ORIENTED_EDGE('',*,*,#2861,.T.);
#2884 = ORIENTED_EDGE('',*,*,#2885,.T.);
#2885 = EDGE_CURVE('',#2853,#2886,#2888,.T.);
#2886 = VERTEX_POINT('',#2887);
#2887 = CARTESIAN_POINT('',(158.583789,-108.939821,1.545));
#2888 = LINE('',#2889,#2890);
#2889 = CARTESIAN_POINT('',(157.331019,-107.684652,1.545));
#2890 = VECTOR('',#2891,1.);
#2891 = DIRECTION('',(0.706430066273,-0.70778284909,0.));
#2892 = ORIENTED_EDGE('',*,*,#2893,.F.);
#2893 = EDGE_CURVE('',#2894,#2886,#2896,.T.);
#2894 = VERTEX_POINT('',#2895);
#2895 = CARTESIAN_POINT('',(158.583789,-108.939821,1.51));
#2896 = LINE('',#2897,#2898);
#2897 = CARTESIAN_POINT('',(158.583789,-108.939821,1.51));
#2898 = VECTOR('',#2899,1.);
#2899 = DIRECTION('',(0.,0.,1.));
#2900 = ORIENTED_EDGE('',*,*,#2901,.F.);
#2901 = EDGE_CURVE('',#2862,#2894,#2902,.T.);
#2902 = LINE('',#2903,#2904);
#2903 = CARTESIAN_POINT('',(157.331019,-107.684652,1.51));
#2904 = VECTOR('',#2905,1.);
#2905 = DIRECTION('',(0.706430066273,-0.70778284909,0.));
#2906 = PLANE('',#2907);
#2907 = AXIS2_PLACEMENT_3D('',#2908,#2909,#2910);
#2908 = CARTESIAN_POINT('',(157.331019,-107.684652,1.51));
#2909 = DIRECTION('',(0.70778284909,0.706430066273,-0.));
#2910 = DIRECTION('',(0.706430066273,-0.70778284909,0.));
#2911 = ADVANCED_FACE('',(#2912),#2939,.T.);
#2912 = FACE_BOUND('',#2913,.T.);
#2913 = EDGE_LOOP('',(#2914,#2915,#2924,#2932));
#2914 = ORIENTED_EDGE('',*,*,#2893,.T.);
#2915 = ORIENTED_EDGE('',*,*,#2916,.T.);
#2916 = EDGE_CURVE('',#2886,#2917,#2919,.T.);
#2917 = VERTEX_POINT('',#2918);
#2918 = CARTESIAN_POINT('',(158.568517,-109.101506,1.545));
#2919 = CIRCLE('',#2920,0.124001341277);
#2920 = AXIS2_PLACEMENT_3D('',#2921,#2922,#2923);
#2921 = CARTESIAN_POINT('',(158.48285320678,-109.011850843,1.545));
#2922 = DIRECTION('',(0.,0.,-1.));
#2923 = DIRECTION('',(0.813989527633,0.580879547673,0.));
#2924 = ORIENTED_EDGE('',*,*,#2925,.F.);
#2925 = EDGE_CURVE('',#2926,#2917,#2928,.T.);
#2926 = VERTEX_POINT('',#2927);
#2927 = CARTESIAN_POINT('',(158.568517,-109.101506,1.51));
#2928 = LINE('',#2929,#2930);
#2929 = CARTESIAN_POINT('',(158.568517,-109.101506,1.51));
#2930 = VECTOR('',#2931,1.);
#2931 = DIRECTION('',(0.,0.,1.));
#2932 = ORIENTED_EDGE('',*,*,#2933,.F.);
#2933 = EDGE_CURVE('',#2894,#2926,#2934,.T.);
#2934 = CIRCLE('',#2935,0.124001341277);
#2935 = AXIS2_PLACEMENT_3D('',#2936,#2937,#2938);
#2936 = CARTESIAN_POINT('',(158.48285320678,-109.011850843,1.51));
#2937 = DIRECTION('',(0.,0.,-1.));
#2938 = DIRECTION('',(0.813989527633,0.580879547673,0.));
#2939 = CYLINDRICAL_SURFACE('',#2940,0.124001341277);
#2940 = AXIS2_PLACEMENT_3D('',#2941,#2942,#2943);
#2941 = CARTESIAN_POINT('',(158.48285320678,-109.011850843,1.51));
#2942 = DIRECTION('',(0.,0.,-1.));
#2943 = DIRECTION('',(0.813989527633,0.580879547673,0.));
#2944 = ADVANCED_FACE('',(#2945),#2970,.T.);
#2945 = FACE_BOUND('',#2946,.T.);
#2946 = EDGE_LOOP('',(#2947,#2948,#2956,#2964));
#2947 = ORIENTED_EDGE('',*,*,#2925,.T.);
#2948 = ORIENTED_EDGE('',*,*,#2949,.T.);
#2949 = EDGE_CURVE('',#2917,#2950,#2952,.T.);
#2950 = VERTEX_POINT('',#2951);
#2951 = CARTESIAN_POINT('',(158.31756,-109.331703,1.545));
#2952 = LINE('',#2953,#2954);
#2953 = CARTESIAN_POINT('',(158.568517,-109.101506,1.545));
#2954 = VECTOR('',#2955,1.);
#2955 = DIRECTION('',(-0.736930184826,-0.675968862221,0.));
#2956 = ORIENTED_EDGE('',*,*,#2957,.F.);
#2957 = EDGE_CURVE('',#2958,#2950,#2960,.T.);
#2958 = VERTEX_POINT('',#2959);
#2959 = CARTESIAN_POINT('',(158.31756,-109.331703,1.51));
#2960 = LINE('',#2961,#2962);
#2961 = CARTESIAN_POINT('',(158.31756,-109.331703,1.51));
#2962 = VECTOR('',#2963,1.);
#2963 = DIRECTION('',(0.,0.,1.));
#2964 = ORIENTED_EDGE('',*,*,#2965,.F.);
#2965 = EDGE_CURVE('',#2926,#2958,#2966,.T.);
#2966 = LINE('',#2967,#2968);
#2967 = CARTESIAN_POINT('',(158.568517,-109.101506,1.51));
#2968 = VECTOR('',#2969,1.);
#2969 = DIRECTION('',(-0.736930184826,-0.675968862221,0.));
#2970 = PLANE('',#2971);
#2971 = AXIS2_PLACEMENT_3D('',#2972,#2973,#2974);
#2972 = CARTESIAN_POINT('',(158.568517,-109.101506,1.51));
#2973 = DIRECTION('',(0.675968862221,-0.736930184826,0.));
#2974 = DIRECTION('',(-0.736930184826,-0.675968862221,0.));
#2975 = ADVANCED_FACE('',(#2976),#3003,.T.);
#2976 = FACE_BOUND('',#2977,.T.);
#2977 = EDGE_LOOP('',(#2978,#2979,#2988,#2996));
#2978 = ORIENTED_EDGE('',*,*,#2957,.T.);
#2979 = ORIENTED_EDGE('',*,*,#2980,.T.);
#2980 = EDGE_CURVE('',#2950,#2981,#2983,.T.);
#2981 = VERTEX_POINT('',#2982);
#2982 = CARTESIAN_POINT('',(150.376809,-112.494604,1.545));
#2983 = CIRCLE('',#2984,12.498728599438);
#2984 = AXIS2_PLACEMENT_3D('',#2985,#2986,#2987);
#2985 = CARTESIAN_POINT('',(150.00094687833,-100.001528147,1.545));
#2986 = DIRECTION('',(0.,0.,-1.));
#2987 = DIRECTION('',(0.665396728596,-0.746489915253,0.));
#2988 = ORIENTED_EDGE('',*,*,#2989,.F.);
#2989 = EDGE_CURVE('',#2990,#2981,#2992,.T.);
#2990 = VERTEX_POINT('',#2991);
#2991 = CARTESIAN_POINT('',(150.376809,-112.494604,1.51));
#2992 = LINE('',#2993,#2994);
#2993 = CARTESIAN_POINT('',(150.376809,-112.494604,1.51));
#2994 = VECTOR('',#2995,1.);
#2995 = DIRECTION('',(0.,0.,1.));
#2996 = ORIENTED_EDGE('',*,*,#2997,.F.);
#2997 = EDGE_CURVE('',#2958,#2990,#2998,.T.);
#2998 = CIRCLE('',#2999,12.498728599438);
#2999 = AXIS2_PLACEMENT_3D('',#3000,#3001,#3002);
#3000 = CARTESIAN_POINT('',(150.00094687833,-100.001528147,1.51));
#3001 = DIRECTION('',(0.,0.,-1.));
#3002 = DIRECTION('',(0.665396728596,-0.746489915253,0.));
#3003 = CYLINDRICAL_SURFACE('',#3004,12.498728599438);
#3004 = AXIS2_PLACEMENT_3D('',#3005,#3006,#3007);
#3005 = CARTESIAN_POINT('',(150.00094687833,-100.001528147,1.51));
#3006 = DIRECTION('',(0.,0.,-1.));
#3007 = DIRECTION('',(0.665396728596,-0.746489915253,0.));
#3008 = ADVANCED_FACE('',(#3009),#3034,.T.);
#3009 = FACE_BOUND('',#3010,.T.);
#3010 = EDGE_LOOP('',(#3011,#3012,#3020,#3028));
#3011 = ORIENTED_EDGE('',*,*,#2989,.T.);
#3012 = ORIENTED_EDGE('',*,*,#3013,.T.);
#3013 = EDGE_CURVE('',#2981,#3014,#3016,.T.);
#3014 = VERTEX_POINT('',#3015);
#3015 = CARTESIAN_POINT('',(150.309333,-112.47647,1.545));
#3016 = LINE('',#3017,#3018);
#3017 = CARTESIAN_POINT('',(150.376809,-112.494604,1.545));
#3018 = VECTOR('',#3019,1.);
#3019 = DIRECTION('',(-0.965732843142,0.259538196952,0.));
#3020 = ORIENTED_EDGE('',*,*,#3021,.F.);
#3021 = EDGE_CURVE('',#3022,#3014,#3024,.T.);
#3022 = VERTEX_POINT('',#3023);
#3023 = CARTESIAN_POINT('',(150.309333,-112.47647,1.51));
#3024 = LINE('',#3025,#3026);
#3025 = CARTESIAN_POINT('',(150.309333,-112.47647,1.51));
#3026 = VECTOR('',#3027,1.);
#3027 = DIRECTION('',(0.,0.,1.));
#3028 = ORIENTED_EDGE('',*,*,#3029,.F.);
#3029 = EDGE_CURVE('',#2990,#3022,#3030,.T.);
#3030 = LINE('',#3031,#3032);
#3031 = CARTESIAN_POINT('',(150.376809,-112.494604,1.51));
#3032 = VECTOR('',#3033,1.);
#3033 = DIRECTION('',(-0.965732843142,0.259538196952,0.));
#3034 = PLANE('',#3035);
#3035 = AXIS2_PLACEMENT_3D('',#3036,#3037,#3038);
#3036 = CARTESIAN_POINT('',(150.376809,-112.494604,1.51));
#3037 = DIRECTION('',(-0.259538196952,-0.965732843142,0.));
#3038 = DIRECTION('',(-0.965732843142,0.259538196952,0.));
#3039 = ADVANCED_FACE('',(#3040),#3065,.T.);
#3040 = FACE_BOUND('',#3041,.T.);
#3041 = EDGE_LOOP('',(#3042,#3043,#3051,#3059));
#3042 = ORIENTED_EDGE('',*,*,#3021,.T.);
#3043 = ORIENTED_EDGE('',*,*,#3044,.T.);
#3044 = EDGE_CURVE('',#3014,#3045,#3047,.T.);
#3045 = VERTEX_POINT('',#3046);
#3046 = CARTESIAN_POINT('',(150.262373,-112.424735,1.545));
#3047 = LINE('',#3048,#3049);
#3048 = CARTESIAN_POINT('',(150.309333,-112.47647,1.545));
#3049 = VECTOR('',#3050,1.);
#3050 = DIRECTION('',(-0.672109818139,0.740451478735,0.));
#3051 = ORIENTED_EDGE('',*,*,#3052,.F.);
#3052 = EDGE_CURVE('',#3053,#3045,#3055,.T.);
#3053 = VERTEX_POINT('',#3054);
#3054 = CARTESIAN_POINT('',(150.262373,-112.424735,1.51));
#3055 = LINE('',#3056,#3057);
#3056 = CARTESIAN_POINT('',(150.262373,-112.424735,1.51));
#3057 = VECTOR('',#3058,1.);
#3058 = DIRECTION('',(0.,0.,1.));
#3059 = ORIENTED_EDGE('',*,*,#3060,.F.);
#3060 = EDGE_CURVE('',#3022,#3053,#3061,.T.);
#3061 = LINE('',#3062,#3063);
#3062 = CARTESIAN_POINT('',(150.309333,-112.47647,1.51));
#3063 = VECTOR('',#3064,1.);
#3064 = DIRECTION('',(-0.672109818139,0.740451478735,0.));
#3065 = PLANE('',#3066);
#3066 = AXIS2_PLACEMENT_3D('',#3067,#3068,#3069);
#3067 = CARTESIAN_POINT('',(150.309333,-112.47647,1.51));
#3068 = DIRECTION('',(-0.740451478735,-0.672109818139,0.));
#3069 = DIRECTION('',(-0.672109818139,0.740451478735,0.));
#3070 = ADVANCED_FACE('',(#3071),#3096,.T.);
#3071 = FACE_BOUND('',#3072,.T.);
#3072 = EDGE_LOOP('',(#3073,#3074,#3082,#3090));
#3073 = ORIENTED_EDGE('',*,*,#3052,.T.);
#3074 = ORIENTED_EDGE('',*,*,#3075,.T.);
#3075 = EDGE_CURVE('',#3045,#3076,#3078,.T.);
#3076 = VERTEX_POINT('',#3077);
#3077 = CARTESIAN_POINT('',(150.24995,-112.370637,1.545));
#3078 = LINE('',#3079,#3080);
#3079 = CARTESIAN_POINT('',(150.262373,-112.424735,1.545));
#3080 = VECTOR('',#3081,1.);
#3081 = DIRECTION('',(-0.223813333136,0.974632028978,0.));
#3082 = ORIENTED_EDGE('',*,*,#3083,.F.);
#3083 = EDGE_CURVE('',#3084,#3076,#3086,.T.);
#3084 = VERTEX_POINT('',#3085);
#3085 = CARTESIAN_POINT('',(150.24995,-112.370637,1.51));
#3086 = LINE('',#3087,#3088);
#3087 = CARTESIAN_POINT('',(150.24995,-112.370637,1.51));
#3088 = VECTOR('',#3089,1.);
#3089 = DIRECTION('',(0.,0.,1.));
#3090 = ORIENTED_EDGE('',*,*,#3091,.F.);
#3091 = EDGE_CURVE('',#3053,#3084,#3092,.T.);
#3092 = LINE('',#3093,#3094);
#3093 = CARTESIAN_POINT('',(150.262373,-112.424735,1.51));
#3094 = VECTOR('',#3095,1.);
#3095 = DIRECTION('',(-0.223813333136,0.974632028978,0.));
#3096 = PLANE('',#3097);
#3097 = AXIS2_PLACEMENT_3D('',#3098,#3099,#3100);
#3098 = CARTESIAN_POINT('',(150.262373,-112.424735,1.51));
#3099 = DIRECTION('',(-0.974632028978,-0.223813333136,0.));
#3100 = DIRECTION('',(-0.223813333136,0.974632028978,0.));
#3101 = ADVANCED_FACE('',(#3102),#3127,.T.);
#3102 = FACE_BOUND('',#3103,.T.);
#3103 = EDGE_LOOP('',(#3104,#3105,#3113,#3121));
#3104 = ORIENTED_EDGE('',*,*,#3083,.T.);
#3105 = ORIENTED_EDGE('',*,*,#3106,.T.);
#3106 = EDGE_CURVE('',#3076,#3107,#3109,.T.);
#3107 = VERTEX_POINT('',#3108);
#3108 = CARTESIAN_POINT('',(150.24995,-110.617717,1.545));
#3109 = LINE('',#3110,#3111);
#3110 = CARTESIAN_POINT('',(150.24995,-112.370637,1.545));
#3111 = VECTOR('',#3112,1.);
#3112 = DIRECTION('',(0.,1.,0.));
#3113 = ORIENTED_EDGE('',*,*,#3114,.F.);
#3114 = EDGE_CURVE('',#3115,#3107,#3117,.T.);
#3115 = VERTEX_POINT('',#3116);
#3116 = CARTESIAN_POINT('',(150.24995,-110.617717,1.51));
#3117 = LINE('',#3118,#3119);
#3118 = CARTESIAN_POINT('',(150.24995,-110.617717,1.51));
#3119 = VECTOR('',#3120,1.);
#3120 = DIRECTION('',(0.,0.,1.));
#3121 = ORIENTED_EDGE('',*,*,#3122,.F.);
#3122 = EDGE_CURVE('',#3084,#3115,#3123,.T.);
#3123 = LINE('',#3124,#3125);
#3124 = CARTESIAN_POINT('',(150.24995,-112.370637,1.51));
#3125 = VECTOR('',#3126,1.);
#3126 = DIRECTION('',(0.,1.,0.));
#3127 = PLANE('',#3128);
#3128 = AXIS2_PLACEMENT_3D('',#3129,#3130,#3131);
#3129 = CARTESIAN_POINT('',(150.24995,-112.370637,1.51));
#3130 = DIRECTION('',(-1.,0.,0.));
#3131 = DIRECTION('',(0.,1.,0.));
#3132 = ADVANCED_FACE('',(#3133),#3160,.T.);
#3133 = FACE_BOUND('',#3134,.T.);
#3134 = EDGE_LOOP('',(#3135,#3136,#3145,#3153));
#3135 = ORIENTED_EDGE('',*,*,#3114,.T.);
#3136 = ORIENTED_EDGE('',*,*,#3137,.T.);
#3137 = EDGE_CURVE('',#3107,#3138,#3140,.T.);
#3138 = VERTEX_POINT('',#3139);
#3139 = CARTESIAN_POINT('',(150.370572,-110.493763,1.545));
#3140 = CIRCLE('',#3141,0.124001711883);
#3141 = AXIS2_PLACEMENT_3D('',#3142,#3143,#3144);
#3142 = CARTESIAN_POINT('',(150.37395171187,-110.6177186456,1.545));
#3143 = DIRECTION('',(0.,0.,-1.));
#3144 = DIRECTION('',(-0.999999999912,1.327148584874E-05,0.));
#3145 = ORIENTED_EDGE('',*,*,#3146,.F.);
#3146 = EDGE_CURVE('',#3147,#3138,#3149,.T.);
#3147 = VERTEX_POINT('',#3148);
#3148 = CARTESIAN_POINT('',(150.370572,-110.493763,1.51));
#3149 = LINE('',#3150,#3151);
#3150 = CARTESIAN_POINT('',(150.370572,-110.493763,1.51));
#3151 = VECTOR('',#3152,1.);
#3152 = DIRECTION('',(0.,0.,1.));
#3153 = ORIENTED_EDGE('',*,*,#3154,.F.);
#3154 = EDGE_CURVE('',#3115,#3147,#3155,.T.);
#3155 = CIRCLE('',#3156,0.124001711883);
#3156 = AXIS2_PLACEMENT_3D('',#3157,#3158,#3159);
#3157 = CARTESIAN_POINT('',(150.37395171187,-110.6177186456,1.51));
#3158 = DIRECTION('',(0.,0.,-1.));
#3159 = DIRECTION('',(-0.999999999912,1.327148584874E-05,0.));
#3160 = CYLINDRICAL_SURFACE('',#3161,0.124001711883);
#3161 = AXIS2_PLACEMENT_3D('',#3162,#3163,#3164);
#3162 = CARTESIAN_POINT('',(150.37395171187,-110.6177186456,1.51));
#3163 = DIRECTION('',(0.,0.,-1.));
#3164 = DIRECTION('',(-0.999999999912,1.327148584874E-05,0.));
#3165 = ADVANCED_FACE('',(#3166),#3182,.T.);
#3166 = FACE_BOUND('',#3167,.T.);
#3167 = EDGE_LOOP('',(#3168,#3169,#3175,#3176));
#3168 = ORIENTED_EDGE('',*,*,#3146,.T.);
#3169 = ORIENTED_EDGE('',*,*,#3170,.T.);
#3170 = EDGE_CURVE('',#3138,#2781,#3171,.T.);
#3171 = LINE('',#3172,#3173);
#3172 = CARTESIAN_POINT('',(150.370572,-110.493763,1.545));
#3173 = VECTOR('',#3174,1.);
#3174 = DIRECTION('',(0.998781365119,4.93536694809E-02,0.));
#3175 = ORIENTED_EDGE('',*,*,#2778,.F.);
#3176 = ORIENTED_EDGE('',*,*,#3177,.F.);
#3177 = EDGE_CURVE('',#3147,#2779,#3178,.T.);
#3178 = LINE('',#3179,#3180);
#3179 = CARTESIAN_POINT('',(150.370572,-110.493763,1.51));
#3180 = VECTOR('',#3181,1.);
#3181 = DIRECTION('',(0.998781365119,4.93536694809E-02,0.));
#3182 = PLANE('',#3183);
#3183 = AXIS2_PLACEMENT_3D('',#3184,#3185,#3186);
#3184 = CARTESIAN_POINT('',(150.370572,-110.493763,1.51));
#3185 = DIRECTION('',(-4.93536694809E-02,0.998781365119,0.));
#3186 = DIRECTION('',(0.998781365119,4.93536694809E-02,0.));
#3187 = ADVANCED_FACE('',(#3188),#3203,.F.);
#3188 = FACE_BOUND('',#3189,.T.);
#3189 = EDGE_LOOP('',(#3190,#3191,#3192,#3193,#3194,#3195,#3196,#3197,
    #3198,#3199,#3200,#3201,#3202));
#3190 = ORIENTED_EDGE('',*,*,#2805,.T.);
#3191 = ORIENTED_EDGE('',*,*,#2837,.T.);
#3192 = ORIENTED_EDGE('',*,*,#2869,.T.);
#3193 = ORIENTED_EDGE('',*,*,#2901,.T.);
#3194 = ORIENTED_EDGE('',*,*,#2933,.T.);
#3195 = ORIENTED_EDGE('',*,*,#2965,.T.);
#3196 = ORIENTED_EDGE('',*,*,#2997,.T.);
#3197 = ORIENTED_EDGE('',*,*,#3029,.T.);
#3198 = ORIENTED_EDGE('',*,*,#3060,.T.);
#3199 = ORIENTED_EDGE('',*,*,#3091,.T.);
#3200 = ORIENTED_EDGE('',*,*,#3122,.T.);
#3201 = ORIENTED_EDGE('',*,*,#3154,.T.);
#3202 = ORIENTED_EDGE('',*,*,#3177,.T.);
#3203 = PLANE('',#3204);
#3204 = AXIS2_PLACEMENT_3D('',#3205,#3206,#3207);
#3205 = CARTESIAN_POINT('',(0.,0.,1.51));
#3206 = DIRECTION('',(0.,0.,1.));
#3207 = DIRECTION('',(1.,0.,-0.));
#3208 = ADVANCED_FACE('',(#3209),#3224,.T.);
#3209 = FACE_BOUND('',#3210,.F.);
#3210 = EDGE_LOOP('',(#3211,#3212,#3213,#3214,#3215,#3216,#3217,#3218,
    #3219,#3220,#3221,#3222,#3223));
#3211 = ORIENTED_EDGE('',*,*,#2788,.T.);
#3212 = ORIENTED_EDGE('',*,*,#2821,.T.);
#3213 = ORIENTED_EDGE('',*,*,#2852,.T.);
#3214 = ORIENTED_EDGE('',*,*,#2885,.T.);
#3215 = ORIENTED_EDGE('',*,*,#2916,.T.);
#3216 = ORIENTED_EDGE('',*,*,#2949,.T.);
#3217 = ORIENTED_EDGE('',*,*,#2980,.T.);
#3218 = ORIENTED_EDGE('',*,*,#3013,.T.);
#3219 = ORIENTED_EDGE('',*,*,#3044,.T.);
#3220 = ORIENTED_EDGE('',*,*,#3075,.T.);
#3221 = ORIENTED_EDGE('',*,*,#3106,.T.);
#3222 = ORIENTED_EDGE('',*,*,#3137,.T.);
#3223 = ORIENTED_EDGE('',*,*,#3170,.T.);
#3224 = PLANE('',#3225);
#3225 = AXIS2_PLACEMENT_3D('',#3226,#3227,#3228);
#3226 = CARTESIAN_POINT('',(0.,0.,1.545));
#3227 = DIRECTION('',(0.,0.,1.));
#3228 = DIRECTION('',(1.,0.,-0.));
#3229 = MANIFOLD_SOLID_BREP('',#3230);
#3230 = CLOSED_SHELL('',(#3231,#3271,#3302,#3335,#3366,#3399,#3430,#3461
    ,#3492,#3523,#3556,#3587,#3620,#3651,#3673,#3695));
#3231 = ADVANCED_FACE('',(#3232),#3266,.T.);
#3232 = FACE_BOUND('',#3233,.T.);
#3233 = EDGE_LOOP('',(#3234,#3244,#3252,#3260));
#3234 = ORIENTED_EDGE('',*,*,#3235,.T.);
#3235 = EDGE_CURVE('',#3236,#3238,#3240,.T.);
#3236 = VERTEX_POINT('',#3237);
#3237 = CARTESIAN_POINT('',(160.56922,-100.25989,1.51));
#3238 = VERTEX_POINT('',#3239);
#3239 = CARTESIAN_POINT('',(160.56922,-100.25989,1.545));
#3240 = LINE('',#3241,#3242);
#3241 = CARTESIAN_POINT('',(160.56922,-100.25989,1.51));
#3242 = VECTOR('',#3243,1.);
#3243 = DIRECTION('',(0.,0.,1.));
#3244 = ORIENTED_EDGE('',*,*,#3245,.T.);
#3245 = EDGE_CURVE('',#3238,#3246,#3248,.T.);
#3246 = VERTEX_POINT('',#3247);
#3247 = CARTESIAN_POINT('',(160.617676,-100.25003,1.545));
#3248 = LINE('',#3249,#3250);
#3249 = CARTESIAN_POINT('',(160.56922,-100.25989,1.545));
#3250 = VECTOR('',#3251,1.);
#3251 = DIRECTION('',(0.979918717144,0.199397361545,0.));
#3252 = ORIENTED_EDGE('',*,*,#3253,.F.);
#3253 = EDGE_CURVE('',#3254,#3246,#3256,.T.);
#3254 = VERTEX_POINT('',#3255);
#3255 = CARTESIAN_POINT('',(160.617676,-100.25003,1.51));
#3256 = LINE('',#3257,#3258);
#3257 = CARTESIAN_POINT('',(160.617676,-100.25003,1.51));
#3258 = VECTOR('',#3259,1.);
#3259 = DIRECTION('',(0.,0.,1.));
#3260 = ORIENTED_EDGE('',*,*,#3261,.F.);
#3261 = EDGE_CURVE('',#3236,#3254,#3262,.T.);
#3262 = LINE('',#3263,#3264);
#3263 = CARTESIAN_POINT('',(160.56922,-100.25989,1.51));
#3264 = VECTOR('',#3265,1.);
#3265 = DIRECTION('',(0.979918717144,0.199397361545,0.));
#3266 = PLANE('',#3267);
#3267 = AXIS2_PLACEMENT_3D('',#3268,#3269,#3270);
#3268 = CARTESIAN_POINT('',(160.56922,-100.25989,1.51));
#3269 = DIRECTION('',(-0.199397361545,0.979918717144,0.));
#3270 = DIRECTION('',(0.979918717144,0.199397361545,0.));
#3271 = ADVANCED_FACE('',(#3272),#3297,.T.);
#3272 = FACE_BOUND('',#3273,.T.);
#3273 = EDGE_LOOP('',(#3274,#3275,#3283,#3291));
#3274 = ORIENTED_EDGE('',*,*,#3253,.T.);
#3275 = ORIENTED_EDGE('',*,*,#3276,.T.);
#3276 = EDGE_CURVE('',#3246,#3277,#3279,.T.);
#3277 = VERTEX_POINT('',#3278);
#3278 = CARTESIAN_POINT('',(162.370555,-100.25003,1.545));
#3279 = LINE('',#3280,#3281);
#3280 = CARTESIAN_POINT('',(160.617676,-100.25003,1.545));
#3281 = VECTOR('',#3282,1.);
#3282 = DIRECTION('',(1.,0.,0.));
#3283 = ORIENTED_EDGE('',*,*,#3284,.F.);
#3284 = EDGE_CURVE('',#3285,#3277,#3287,.T.);
#3285 = VERTEX_POINT('',#3286);
#3286 = CARTESIAN_POINT('',(162.370555,-100.25003,1.51));
#3287 = LINE('',#3288,#3289);
#3288 = CARTESIAN_POINT('',(162.370555,-100.25003,1.51));
#3289 = VECTOR('',#3290,1.);
#3290 = DIRECTION('',(0.,0.,1.));
#3291 = ORIENTED_EDGE('',*,*,#3292,.F.);
#3292 = EDGE_CURVE('',#3254,#3285,#3293,.T.);
#3293 = LINE('',#3294,#3295);
#3294 = CARTESIAN_POINT('',(160.617676,-100.25003,1.51));
#3295 = VECTOR('',#3296,1.);
#3296 = DIRECTION('',(1.,0.,0.));
#3297 = PLANE('',#3298);
#3298 = AXIS2_PLACEMENT_3D('',#3299,#3300,#3301);
#3299 = CARTESIAN_POINT('',(160.617676,-100.25003,1.51));
#3300 = DIRECTION('',(0.,1.,0.));
#3301 = DIRECTION('',(1.,0.,0.));
#3302 = ADVANCED_FACE('',(#3303),#3330,.T.);
#3303 = FACE_BOUND('',#3304,.T.);
#3304 = EDGE_LOOP('',(#3305,#3306,#3315,#3323));
#3305 = ORIENTED_EDGE('',*,*,#3284,.T.);
#3306 = ORIENTED_EDGE('',*,*,#3307,.T.);
#3307 = EDGE_CURVE('',#3277,#3308,#3310,.T.);
#3308 = VERTEX_POINT('',#3309);
#3309 = CARTESIAN_POINT('',(162.494522,-100.376894,1.545));
#3310 = CIRCLE('',#3311,0.124001674613);
#3311 = AXIS2_PLACEMENT_3D('',#3312,#3313,#3314);
#3312 = CARTESIAN_POINT('',(162.37055336525,-100.3740316746,1.545));
#3313 = DIRECTION('',(0.,0.,-1.));
#3314 = DIRECTION('',(1.318323371416E-05,0.999999999913,0.));
#3315 = ORIENTED_EDGE('',*,*,#3316,.F.);
#3316 = EDGE_CURVE('',#3317,#3308,#3319,.T.);
#3317 = VERTEX_POINT('',#3318);
#3318 = CARTESIAN_POINT('',(162.494522,-100.376894,1.51));
#3319 = LINE('',#3320,#3321);
#3320 = CARTESIAN_POINT('',(162.494522,-100.376894,1.51));
#3321 = VECTOR('',#3322,1.);
#3322 = DIRECTION('',(0.,0.,1.));
#3323 = ORIENTED_EDGE('',*,*,#3324,.F.);
#3324 = EDGE_CURVE('',#3285,#3317,#3325,.T.);
#3325 = CIRCLE('',#3326,0.124001674613);
#3326 = AXIS2_PLACEMENT_3D('',#3327,#3328,#3329);
#3327 = CARTESIAN_POINT('',(162.37055336525,-100.3740316746,1.51));
#3328 = DIRECTION('',(0.,0.,-1.));
#3329 = DIRECTION('',(1.318323371416E-05,0.999999999913,0.));
#3330 = CYLINDRICAL_SURFACE('',#3331,0.124001674613);
#3331 = AXIS2_PLACEMENT_3D('',#3332,#3333,#3334);
#3332 = CARTESIAN_POINT('',(162.37055336525,-100.3740316746,1.51));
#3333 = DIRECTION('',(0.,0.,-1.));
#3334 = DIRECTION('',(1.318323371416E-05,0.999999999913,0.));
#3335 = ADVANCED_FACE('',(#3336),#3361,.T.);
#3336 = FACE_BOUND('',#3337,.T.);
#3337 = EDGE_LOOP('',(#3338,#3339,#3347,#3355));
#3338 = ORIENTED_EDGE('',*,*,#3316,.T.);
#3339 = ORIENTED_EDGE('',*,*,#3340,.T.);
#3340 = EDGE_CURVE('',#3308,#3341,#3343,.T.);
#3341 = VERTEX_POINT('',#3342);
#3342 = CARTESIAN_POINT('',(162.479836,-100.717078,1.545));
#3343 = LINE('',#3344,#3345);
#3344 = CARTESIAN_POINT('',(162.494522,-100.376894,1.545));
#3345 = VECTOR('',#3346,1.);
#3346 = DIRECTION('',(-4.313058182351E-02,-0.999069443488,0.));
#3347 = ORIENTED_EDGE('',*,*,#3348,.F.);
#3348 = EDGE_CURVE('',#3349,#3341,#3351,.T.);
#3349 = VERTEX_POINT('',#3350);
#3350 = CARTESIAN_POINT('',(162.479836,-100.717078,1.51));
#3351 = LINE('',#3352,#3353);
#3352 = CARTESIAN_POINT('',(162.479836,-100.717078,1.51));
#3353 = VECTOR('',#3354,1.);
#3354 = DIRECTION('',(0.,0.,1.));
#3355 = ORIENTED_EDGE('',*,*,#3356,.F.);
#3356 = EDGE_CURVE('',#3317,#3349,#3357,.T.);
#3357 = LINE('',#3358,#3359);
#3358 = CARTESIAN_POINT('',(162.494522,-100.376894,1.51));
#3359 = VECTOR('',#3360,1.);
#3360 = DIRECTION('',(-4.313058182351E-02,-0.999069443488,0.));
#3361 = PLANE('',#3362);
#3362 = AXIS2_PLACEMENT_3D('',#3363,#3364,#3365);
#3363 = CARTESIAN_POINT('',(162.494522,-100.376894,1.51));
#3364 = DIRECTION('',(0.999069443488,-4.313058182351E-02,0.));
#3365 = DIRECTION('',(-4.313058182351E-02,-0.999069443488,0.));
#3366 = ADVANCED_FACE('',(#3367),#3394,.T.);
#3367 = FACE_BOUND('',#3368,.T.);
#3368 = EDGE_LOOP('',(#3369,#3370,#3379,#3387));
#3369 = ORIENTED_EDGE('',*,*,#3348,.T.);
#3370 = ORIENTED_EDGE('',*,*,#3371,.T.);
#3371 = EDGE_CURVE('',#3341,#3372,#3374,.T.);
#3372 = VERTEX_POINT('',#3373);
#3373 = CARTESIAN_POINT('',(159.101428,-108.568546,1.545));
#3374 = CIRCLE('',#3375,12.49866705191);
#3375 = AXIS2_PLACEMENT_3D('',#3376,#3377,#3378);
#3376 = CARTESIAN_POINT('',(150.0017299592,-100.0004555685,1.545));
#3377 = DIRECTION('',(0.,0.,-1.));
#3378 = DIRECTION('',(0.998354943689,-5.733590857624E-02,0.));
#3379 = ORIENTED_EDGE('',*,*,#3380,.F.);
#3380 = EDGE_CURVE('',#3381,#3372,#3383,.T.);
#3381 = VERTEX_POINT('',#3382);
#3382 = CARTESIAN_POINT('',(159.101428,-108.568546,1.51));
#3383 = LINE('',#3384,#3385);
#3384 = CARTESIAN_POINT('',(159.101428,-108.568546,1.51));
#3385 = VECTOR('',#3386,1.);
#3386 = DIRECTION('',(0.,0.,1.));
#3387 = ORIENTED_EDGE('',*,*,#3388,.F.);
#3388 = EDGE_CURVE('',#3349,#3381,#3389,.T.);
#3389 = CIRCLE('',#3390,12.49866705191);
#3390 = AXIS2_PLACEMENT_3D('',#3391,#3392,#3393);
#3391 = CARTESIAN_POINT('',(150.0017299592,-100.0004555685,1.51));
#3392 = DIRECTION('',(0.,0.,-1.));
#3393 = DIRECTION('',(0.998354943689,-5.733590857624E-02,0.));
#3394 = CYLINDRICAL_SURFACE('',#3395,12.49866705191);
#3395 = AXIS2_PLACEMENT_3D('',#3396,#3397,#3398);
#3396 = CARTESIAN_POINT('',(150.0017299592,-100.0004555685,1.51));
#3397 = DIRECTION('',(0.,0.,-1.));
#3398 = DIRECTION('',(0.998354943689,-5.733590857624E-02,0.));
#3399 = ADVANCED_FACE('',(#3400),#3425,.T.);
#3400 = FACE_BOUND('',#3401,.T.);
#3401 = EDGE_LOOP('',(#3402,#3403,#3411,#3419));
#3402 = ORIENTED_EDGE('',*,*,#3380,.T.);
#3403 = ORIENTED_EDGE('',*,*,#3404,.T.);
#3404 = EDGE_CURVE('',#3372,#3405,#3407,.T.);
#3405 = VERTEX_POINT('',#3406);
#3406 = CARTESIAN_POINT('',(159.040894,-108.603437,1.545));
#3407 = LINE('',#3408,#3409);
#3408 = CARTESIAN_POINT('',(159.101428,-108.568546,1.545));
#3409 = VECTOR('',#3410,1.);
#3410 = DIRECTION('',(-0.866386620173,-0.4993738323,0.));
#3411 = ORIENTED_EDGE('',*,*,#3412,.F.);
#3412 = EDGE_CURVE('',#3413,#3405,#3415,.T.);
#3413 = VERTEX_POINT('',#3414);
#3414 = CARTESIAN_POINT('',(159.040894,-108.603437,1.51));
#3415 = LINE('',#3416,#3417);
#3416 = CARTESIAN_POINT('',(159.040894,-108.603437,1.51));
#3417 = VECTOR('',#3418,1.);
#3418 = DIRECTION('',(0.,0.,1.));
#3419 = ORIENTED_EDGE('',*,*,#3420,.F.);
#3420 = EDGE_CURVE('',#3381,#3413,#3421,.T.);
#3421 = LINE('',#3422,#3423);
#3422 = CARTESIAN_POINT('',(159.101428,-108.568546,1.51));
#3423 = VECTOR('',#3424,1.);
#3424 = DIRECTION('',(-0.866386620173,-0.4993738323,0.));
#3425 = PLANE('',#3426);
#3426 = AXIS2_PLACEMENT_3D('',#3427,#3428,#3429);
#3427 = CARTESIAN_POINT('',(159.101428,-108.568546,1.51));
#3428 = DIRECTION('',(0.4993738323,-0.866386620173,0.));
#3429 = DIRECTION('',(-0.866386620173,-0.4993738323,0.));
#3430 = ADVANCED_FACE('',(#3431),#3456,.T.);
#3431 = FACE_BOUND('',#3432,.T.);
#3432 = EDGE_LOOP('',(#3433,#3434,#3442,#3450));
#3433 = ORIENTED_EDGE('',*,*,#3412,.T.);
#3434 = ORIENTED_EDGE('',*,*,#3435,.T.);
#3435 = EDGE_CURVE('',#3405,#3436,#3438,.T.);
#3436 = VERTEX_POINT('',#3437);
#3437 = CARTESIAN_POINT('',(158.971106,-108.600062,1.545));
#3438 = LINE('',#3439,#3440);
#3439 = CARTESIAN_POINT('',(159.040894,-108.603437,1.545));
#3440 = VECTOR('',#3441,1.);
#3441 = DIRECTION('',(-0.998832666133,4.830429655819E-02,0.));
#3442 = ORIENTED_EDGE('',*,*,#3443,.F.);
#3443 = EDGE_CURVE('',#3444,#3436,#3446,.T.);
#3444 = VERTEX_POINT('',#3445);
#3445 = CARTESIAN_POINT('',(158.971106,-108.600062,1.51));
#3446 = LINE('',#3447,#3448);
#3447 = CARTESIAN_POINT('',(158.971106,-108.600062,1.51));
#3448 = VECTOR('',#3449,1.);
#3449 = DIRECTION('',(0.,0.,1.));
#3450 = ORIENTED_EDGE('',*,*,#3451,.F.);
#3451 = EDGE_CURVE('',#3413,#3444,#3452,.T.);
#3452 = LINE('',#3453,#3454);
#3453 = CARTESIAN_POINT('',(159.040894,-108.603437,1.51));
#3454 = VECTOR('',#3455,1.);
#3455 = DIRECTION('',(-0.998832666133,4.830429655819E-02,0.));
#3456 = PLANE('',#3457);
#3457 = AXIS2_PLACEMENT_3D('',#3458,#3459,#3460);
#3458 = CARTESIAN_POINT('',(159.040894,-108.603437,1.51));
#3459 = DIRECTION('',(-4.830429655819E-02,-0.998832666133,0.));
#3460 = DIRECTION('',(-0.998832666133,4.830429655819E-02,0.));
#3461 = ADVANCED_FACE('',(#3462),#3487,.T.);
#3462 = FACE_BOUND('',#3463,.T.);
#3463 = EDGE_LOOP('',(#3464,#3465,#3473,#3481));
#3464 = ORIENTED_EDGE('',*,*,#3443,.T.);
#3465 = ORIENTED_EDGE('',*,*,#3466,.T.);
#3466 = EDGE_CURVE('',#3436,#3467,#3469,.T.);
#3467 = VERTEX_POINT('',#3468);
#3468 = CARTESIAN_POINT('',(158.924066,-108.570592,1.545));
#3469 = LINE('',#3470,#3471);
#3470 = CARTESIAN_POINT('',(158.971106,-108.600062,1.545));
#3471 = VECTOR('',#3472,1.);
#3472 = DIRECTION('',(-0.847431051444,0.530905465265,0.));
#3473 = ORIENTED_EDGE('',*,*,#3474,.F.);
#3474 = EDGE_CURVE('',#3475,#3467,#3477,.T.);
#3475 = VERTEX_POINT('',#3476);
#3476 = CARTESIAN_POINT('',(158.924066,-108.570592,1.51));
#3477 = LINE('',#3478,#3479);
#3478 = CARTESIAN_POINT('',(158.924066,-108.570592,1.51));
#3479 = VECTOR('',#3480,1.);
#3480 = DIRECTION('',(0.,0.,1.));
#3481 = ORIENTED_EDGE('',*,*,#3482,.F.);
#3482 = EDGE_CURVE('',#3444,#3475,#3483,.T.);
#3483 = LINE('',#3484,#3485);
#3484 = CARTESIAN_POINT('',(158.971106,-108.600062,1.51));
#3485 = VECTOR('',#3486,1.);
#3486 = DIRECTION('',(-0.847431051444,0.530905465265,0.));
#3487 = PLANE('',#3488);
#3488 = AXIS2_PLACEMENT_3D('',#3489,#3490,#3491);
#3489 = CARTESIAN_POINT('',(158.971106,-108.600062,1.51));
#3490 = DIRECTION('',(-0.530905465265,-0.847431051444,0.));
#3491 = DIRECTION('',(-0.847431051444,0.530905465265,0.));
#3492 = ADVANCED_FACE('',(#3493),#3518,.T.);
#3493 = FACE_BOUND('',#3494,.T.);
#3494 = EDGE_LOOP('',(#3495,#3496,#3504,#3512));
#3495 = ORIENTED_EDGE('',*,*,#3474,.T.);
#3496 = ORIENTED_EDGE('',*,*,#3497,.T.);
#3497 = EDGE_CURVE('',#3467,#3498,#3500,.T.);
#3498 = VERTEX_POINT('',#3499);
#3499 = CARTESIAN_POINT('',(157.684573,-107.331099,1.545));
#3500 = LINE('',#3501,#3502);
#3501 = CARTESIAN_POINT('',(158.924066,-108.570592,1.545));
#3502 = VECTOR('',#3503,1.);
#3503 = DIRECTION('',(-0.707106781187,0.707106781187,0.));
#3504 = ORIENTED_EDGE('',*,*,#3505,.F.);
#3505 = EDGE_CURVE('',#3506,#3498,#3508,.T.);
#3506 = VERTEX_POINT('',#3507);
#3507 = CARTESIAN_POINT('',(157.684573,-107.331099,1.51));
#3508 = LINE('',#3509,#3510);
#3509 = CARTESIAN_POINT('',(157.684573,-107.331099,1.51));
#3510 = VECTOR('',#3511,1.);
#3511 = DIRECTION('',(0.,0.,1.));
#3512 = ORIENTED_EDGE('',*,*,#3513,.F.);
#3513 = EDGE_CURVE('',#3475,#3506,#3514,.T.);
#3514 = LINE('',#3515,#3516);
#3515 = CARTESIAN_POINT('',(158.924066,-108.570592,1.51));
#3516 = VECTOR('',#3517,1.);
#3517 = DIRECTION('',(-0.707106781187,0.707106781187,0.));
#3518 = PLANE('',#3519);
#3519 = AXIS2_PLACEMENT_3D('',#3520,#3521,#3522);
#3520 = CARTESIAN_POINT('',(158.924066,-108.570592,1.51));
#3521 = DIRECTION('',(-0.707106781187,-0.707106781187,0.));
#3522 = DIRECTION('',(-0.707106781187,0.707106781187,0.));
#3523 = ADVANCED_FACE('',(#3524),#3551,.T.);
#3524 = FACE_BOUND('',#3525,.T.);
#3525 = EDGE_LOOP('',(#3526,#3527,#3536,#3544));
#3526 = ORIENTED_EDGE('',*,*,#3505,.T.);
#3527 = ORIENTED_EDGE('',*,*,#3528,.T.);
#3528 = EDGE_CURVE('',#3498,#3529,#3531,.T.);
#3529 = VERTEX_POINT('',#3530);
#3530 = CARTESIAN_POINT('',(157.682225,-107.158149,1.545));
#3531 = CIRCLE('',#3532,0.12399998904);
#3532 = AXIS2_PLACEMENT_3D('',#3533,#3534,#3535);
#3533 = CARTESIAN_POINT('',(157.77225415285,-107.2434176866,1.545));
#3534 = DIRECTION('',(0.,0.,-1.));
#3535 = DIRECTION('',(-0.707106133911,-0.707107428462,-0.));
#3536 = ORIENTED_EDGE('',*,*,#3537,.F.);
#3537 = EDGE_CURVE('',#3538,#3529,#3540,.T.);
#3538 = VERTEX_POINT('',#3539);
#3539 = CARTESIAN_POINT('',(157.682225,-107.158149,1.51));
#3540 = LINE('',#3541,#3542);
#3541 = CARTESIAN_POINT('',(157.682225,-107.158149,1.51));
#3542 = VECTOR('',#3543,1.);
#3543 = DIRECTION('',(0.,0.,1.));
#3544 = ORIENTED_EDGE('',*,*,#3545,.F.);
#3545 = EDGE_CURVE('',#3506,#3538,#3546,.T.);
#3546 = CIRCLE('',#3547,0.12399998904);
#3547 = AXIS2_PLACEMENT_3D('',#3548,#3549,#3550);
#3548 = CARTESIAN_POINT('',(157.77225415285,-107.2434176866,1.51));
#3549 = DIRECTION('',(0.,0.,-1.));
#3550 = DIRECTION('',(-0.707106133911,-0.707107428462,-0.));
#3551 = CYLINDRICAL_SURFACE('',#3552,0.12399998904);
#3552 = AXIS2_PLACEMENT_3D('',#3553,#3554,#3555);
#3553 = CARTESIAN_POINT('',(157.77225415285,-107.2434176866,1.51));
#3554 = DIRECTION('',(0.,0.,-1.));
#3555 = DIRECTION('',(-0.707106133911,-0.707107428462,-0.));
#3556 = ADVANCED_FACE('',(#3557),#3582,.T.);
#3557 = FACE_BOUND('',#3558,.T.);
#3558 = EDGE_LOOP('',(#3559,#3560,#3568,#3576));
#3559 = ORIENTED_EDGE('',*,*,#3537,.T.);
#3560 = ORIENTED_EDGE('',*,*,#3561,.T.);
#3561 = EDGE_CURVE('',#3529,#3562,#3564,.T.);
#3562 = VERTEX_POINT('',#3563);
#3563 = CARTESIAN_POINT('',(157.890138,-106.928624,1.545));
#3564 = LINE('',#3565,#3566);
#3565 = CARTESIAN_POINT('',(157.682225,-107.158149,1.545));
#3566 = VECTOR('',#3567,1.);
#3567 = DIRECTION('',(0.671352697447,0.741138013888,0.));
#3568 = ORIENTED_EDGE('',*,*,#3569,.F.);
#3569 = EDGE_CURVE('',#3570,#3562,#3572,.T.);
#3570 = VERTEX_POINT('',#3571);
#3571 = CARTESIAN_POINT('',(157.890138,-106.928624,1.51));
#3572 = LINE('',#3573,#3574);
#3573 = CARTESIAN_POINT('',(157.890138,-106.928624,1.51));
#3574 = VECTOR('',#3575,1.);
#3575 = DIRECTION('',(0.,0.,1.));
#3576 = ORIENTED_EDGE('',*,*,#3577,.F.);
#3577 = EDGE_CURVE('',#3538,#3570,#3578,.T.);
#3578 = LINE('',#3579,#3580);
#3579 = CARTESIAN_POINT('',(157.682225,-107.158149,1.51));
#3580 = VECTOR('',#3581,1.);
#3581 = DIRECTION('',(0.671352697447,0.741138013888,0.));
#3582 = PLANE('',#3583);
#3583 = AXIS2_PLACEMENT_3D('',#3584,#3585,#3586);
#3584 = CARTESIAN_POINT('',(157.682225,-107.158149,1.51));
#3585 = DIRECTION('',(-0.741138013888,0.671352697447,0.));
#3586 = DIRECTION('',(0.671352697447,0.741138013888,0.));
#3587 = ADVANCED_FACE('',(#3588),#3615,.F.);
#3588 = FACE_BOUND('',#3589,.T.);
#3589 = EDGE_LOOP('',(#3590,#3591,#3600,#3608));
#3590 = ORIENTED_EDGE('',*,*,#3569,.T.);
#3591 = ORIENTED_EDGE('',*,*,#3592,.T.);
#3592 = EDGE_CURVE('',#3562,#3593,#3595,.T.);
#3593 = VERTEX_POINT('',#3594);
#3594 = CARTESIAN_POINT('',(160.493721,-100.370692,1.545));
#3595 = CIRCLE('',#3596,10.498710356926);
#3596 = AXIS2_PLACEMENT_3D('',#3597,#3598,#3599);
#3597 = CARTESIAN_POINT('',(150.00152345437,-100.0009490863,1.545));
#3598 = DIRECTION('',(0.,0.,1.));
#3599 = DIRECTION('',(0.751388911346,-0.65985960924,0.));
#3600 = ORIENTED_EDGE('',*,*,#3601,.F.);
#3601 = EDGE_CURVE('',#3602,#3593,#3604,.T.);
#3602 = VERTEX_POINT('',#3603);
#3603 = CARTESIAN_POINT('',(160.493721,-100.370692,1.51));
#3604 = LINE('',#3605,#3606);
#3605 = CARTESIAN_POINT('',(160.493721,-100.370692,1.51));
#3606 = VECTOR('',#3607,1.);
#3607 = DIRECTION('',(0.,0.,1.));
#3608 = ORIENTED_EDGE('',*,*,#3609,.F.);
#3609 = EDGE_CURVE('',#3570,#3602,#3610,.T.);
#3610 = CIRCLE('',#3611,10.498710356926);
#3611 = AXIS2_PLACEMENT_3D('',#3612,#3613,#3614);
#3612 = CARTESIAN_POINT('',(150.00152345437,-100.0009490863,1.51));
#3613 = DIRECTION('',(0.,0.,1.));
#3614 = DIRECTION('',(0.751388911346,-0.65985960924,0.));
#3615 = CYLINDRICAL_SURFACE('',#3616,10.498710356926);
#3616 = AXIS2_PLACEMENT_3D('',#3617,#3618,#3619);
#3617 = CARTESIAN_POINT('',(150.00152345437,-100.0009490863,1.51));
#3618 = DIRECTION('',(-0.,-0.,-1.));
#3619 = DIRECTION('',(0.751388911346,-0.65985960924,0.));
#3620 = ADVANCED_FACE('',(#3621),#3646,.T.);
#3621 = FACE_BOUND('',#3622,.T.);
#3622 = EDGE_LOOP('',(#3623,#3624,#3632,#3640));
#3623 = ORIENTED_EDGE('',*,*,#3601,.T.);
#3624 = ORIENTED_EDGE('',*,*,#3625,.T.);
#3625 = EDGE_CURVE('',#3593,#3626,#3628,.T.);
#3626 = VERTEX_POINT('',#3627);
#3627 = CARTESIAN_POINT('',(160.515203,-100.304207,1.545));
#3628 = LINE('',#3629,#3630);
#3629 = CARTESIAN_POINT('',(160.493721,-100.370692,1.545));
#3630 = VECTOR('',#3631,1.);
#3631 = DIRECTION('',(0.307459393047,0.95156120225,0.));
#3632 = ORIENTED_EDGE('',*,*,#3633,.F.);
#3633 = EDGE_CURVE('',#3634,#3626,#3636,.T.);
#3634 = VERTEX_POINT('',#3635);
#3635 = CARTESIAN_POINT('',(160.515203,-100.304207,1.51));
#3636 = LINE('',#3637,#3638);
#3637 = CARTESIAN_POINT('',(160.515203,-100.304207,1.51));
#3638 = VECTOR('',#3639,1.);
#3639 = DIRECTION('',(0.,0.,1.));
#3640 = ORIENTED_EDGE('',*,*,#3641,.F.);
#3641 = EDGE_CURVE('',#3602,#3634,#3642,.T.);
#3642 = LINE('',#3643,#3644);
#3643 = CARTESIAN_POINT('',(160.493721,-100.370692,1.51));
#3644 = VECTOR('',#3645,1.);
#3645 = DIRECTION('',(0.307459393047,0.95156120225,0.));
#3646 = PLANE('',#3647);
#3647 = AXIS2_PLACEMENT_3D('',#3648,#3649,#3650);
#3648 = CARTESIAN_POINT('',(160.493721,-100.370692,1.51));
#3649 = DIRECTION('',(-0.95156120225,0.307459393047,0.));
#3650 = DIRECTION('',(0.307459393047,0.95156120225,0.));
#3651 = ADVANCED_FACE('',(#3652),#3668,.T.);
#3652 = FACE_BOUND('',#3653,.T.);
#3653 = EDGE_LOOP('',(#3654,#3655,#3661,#3662));
#3654 = ORIENTED_EDGE('',*,*,#3633,.T.);
#3655 = ORIENTED_EDGE('',*,*,#3656,.T.);
#3656 = EDGE_CURVE('',#3626,#3238,#3657,.T.);
#3657 = LINE('',#3658,#3659);
#3658 = CARTESIAN_POINT('',(160.515203,-100.304207,1.545));
#3659 = VECTOR('',#3660,1.);
#3660 = DIRECTION('',(0.77310594183,0.63427691327,0.));
#3661 = ORIENTED_EDGE('',*,*,#3235,.F.);
#3662 = ORIENTED_EDGE('',*,*,#3663,.F.);
#3663 = EDGE_CURVE('',#3634,#3236,#3664,.T.);
#3664 = LINE('',#3665,#3666);
#3665 = CARTESIAN_POINT('',(160.515203,-100.304207,1.51));
#3666 = VECTOR('',#3667,1.);
#3667 = DIRECTION('',(0.77310594183,0.63427691327,0.));
#3668 = PLANE('',#3669);
#3669 = AXIS2_PLACEMENT_3D('',#3670,#3671,#3672);
#3670 = CARTESIAN_POINT('',(160.515203,-100.304207,1.51));
#3671 = DIRECTION('',(-0.63427691327,0.77310594183,0.));
#3672 = DIRECTION('',(0.77310594183,0.63427691327,0.));
#3673 = ADVANCED_FACE('',(#3674),#3690,.F.);
#3674 = FACE_BOUND('',#3675,.T.);
#3675 = EDGE_LOOP('',(#3676,#3677,#3678,#3679,#3680,#3681,#3682,#3683,
    #3684,#3685,#3686,#3687,#3688,#3689));
#3676 = ORIENTED_EDGE('',*,*,#3261,.T.);
#3677 = ORIENTED_EDGE('',*,*,#3292,.T.);
#3678 = ORIENTED_EDGE('',*,*,#3324,.T.);
#3679 = ORIENTED_EDGE('',*,*,#3356,.T.);
#3680 = ORIENTED_EDGE('',*,*,#3388,.T.);
#3681 = ORIENTED_EDGE('',*,*,#3420,.T.);
#3682 = ORIENTED_EDGE('',*,*,#3451,.T.);
#3683 = ORIENTED_EDGE('',*,*,#3482,.T.);
#3684 = ORIENTED_EDGE('',*,*,#3513,.T.);
#3685 = ORIENTED_EDGE('',*,*,#3545,.T.);
#3686 = ORIENTED_EDGE('',*,*,#3577,.T.);
#3687 = ORIENTED_EDGE('',*,*,#3609,.T.);
#3688 = ORIENTED_EDGE('',*,*,#3641,.T.);
#3689 = ORIENTED_EDGE('',*,*,#3663,.T.);
#3690 = PLANE('',#3691);
#3691 = AXIS2_PLACEMENT_3D('',#3692,#3693,#3694);
#3692 = CARTESIAN_POINT('',(0.,0.,1.51));
#3693 = DIRECTION('',(0.,0.,1.));
#3694 = DIRECTION('',(1.,0.,-0.));
#3695 = ADVANCED_FACE('',(#3696),#3712,.T.);
#3696 = FACE_BOUND('',#3697,.F.);
#3697 = EDGE_LOOP('',(#3698,#3699,#3700,#3701,#3702,#3703,#3704,#3705,
    #3706,#3707,#3708,#3709,#3710,#3711));
#3698 = ORIENTED_EDGE('',*,*,#3245,.T.);
#3699 = ORIENTED_EDGE('',*,*,#3276,.T.);
#3700 = ORIENTED_EDGE('',*,*,#3307,.T.);
#3701 = ORIENTED_EDGE('',*,*,#3340,.T.);
#3702 = ORIENTED_EDGE('',*,*,#3371,.T.);
#3703 = ORIENTED_EDGE('',*,*,#3404,.T.);
#3704 = ORIENTED_EDGE('',*,*,#3435,.T.);
#3705 = ORIENTED_EDGE('',*,*,#3466,.T.);
#3706 = ORIENTED_EDGE('',*,*,#3497,.T.);
#3707 = ORIENTED_EDGE('',*,*,#3528,.T.);
#3708 = ORIENTED_EDGE('',*,*,#3561,.T.);
#3709 = ORIENTED_EDGE('',*,*,#3592,.T.);
#3710 = ORIENTED_EDGE('',*,*,#3625,.T.);
#3711 = ORIENTED_EDGE('',*,*,#3656,.T.);
#3712 = PLANE('',#3713);
#3713 = AXIS2_PLACEMENT_3D('',#3714,#3715,#3716);
#3714 = CARTESIAN_POINT('',(0.,0.,1.545));
#3715 = DIRECTION('',(0.,0.,1.));
#3716 = DIRECTION('',(1.,0.,-0.));
#3717 = MANIFOLD_SOLID_BREP('',#3718);
#3718 = CLOSED_SHELL('',(#3719,#3759,#3792,#3823,#3856,#3887,#3918,#3949
    ,#3980,#4013,#4044,#4077,#4108,#4139,#4161,#4183));
#3719 = ADVANCED_FACE('',(#3720),#3754,.T.);
#3720 = FACE_BOUND('',#3721,.T.);
#3721 = EDGE_LOOP('',(#3722,#3732,#3740,#3748));
#3722 = ORIENTED_EDGE('',*,*,#3723,.T.);
#3723 = EDGE_CURVE('',#3724,#3726,#3728,.T.);
#3724 = VERTEX_POINT('',#3725);
#3725 = CARTESIAN_POINT('',(157.684574,-92.668959,1.51));
#3726 = VERTEX_POINT('',#3727);
#3727 = CARTESIAN_POINT('',(157.684574,-92.668959,1.545));
#3728 = LINE('',#3729,#3730);
#3729 = CARTESIAN_POINT('',(157.684574,-92.668959,1.51));
#3730 = VECTOR('',#3731,1.);
#3731 = DIRECTION('',(0.,0.,1.));
#3732 = ORIENTED_EDGE('',*,*,#3733,.T.);
#3733 = EDGE_CURVE('',#3726,#3734,#3736,.T.);
#3734 = VERTEX_POINT('',#3735);
#3735 = CARTESIAN_POINT('',(158.924067,-91.429466,1.545));
#3736 = LINE('',#3737,#3738);
#3737 = CARTESIAN_POINT('',(157.684574,-92.668959,1.545));
#3738 = VECTOR('',#3739,1.);
#3739 = DIRECTION('',(0.707106781187,0.707106781187,0.));
#3740 = ORIENTED_EDGE('',*,*,#3741,.F.);
#3741 = EDGE_CURVE('',#3742,#3734,#3744,.T.);
#3742 = VERTEX_POINT('',#3743);
#3743 = CARTESIAN_POINT('',(158.924067,-91.429466,1.51));
#3744 = LINE('',#3745,#3746);
#3745 = CARTESIAN_POINT('',(158.924067,-91.429466,1.51));
#3746 = VECTOR('',#3747,1.);
#3747 = DIRECTION('',(0.,0.,1.));
#3748 = ORIENTED_EDGE('',*,*,#3749,.F.);
#3749 = EDGE_CURVE('',#3724,#3742,#3750,.T.);
#3750 = LINE('',#3751,#3752);
#3751 = CARTESIAN_POINT('',(157.684574,-92.668959,1.51));
#3752 = VECTOR('',#3753,1.);
#3753 = DIRECTION('',(0.707106781187,0.707106781187,0.));
#3754 = PLANE('',#3755);
#3755 = AXIS2_PLACEMENT_3D('',#3756,#3757,#3758);
#3756 = CARTESIAN_POINT('',(157.684574,-92.668959,1.51));
#3757 = DIRECTION('',(-0.707106781187,0.707106781187,0.));
#3758 = DIRECTION('',(0.707106781187,0.707106781187,0.));
#3759 = ADVANCED_FACE('',(#3760),#3787,.T.);
#3760 = FACE_BOUND('',#3761,.T.);
#3761 = EDGE_LOOP('',(#3762,#3763,#3772,#3780));
#3762 = ORIENTED_EDGE('',*,*,#3741,.T.);
#3763 = ORIENTED_EDGE('',*,*,#3764,.T.);
#3764 = EDGE_CURVE('',#3734,#3765,#3767,.T.);
#3765 = VERTEX_POINT('',#3766);
#3766 = CARTESIAN_POINT('',(159.101425,-91.431512,1.545));
#3767 = CIRCLE('',#3768,0.123997681478);
#3768 = AXIS2_PLACEMENT_3D('',#3769,#3770,#3771);
#3769 = CARTESIAN_POINT('',(159.0117463272,-91.51714587564,1.545));
#3770 = DIRECTION('',(0.,0.,-1.));
#3771 = DIRECTION('',(-0.707104569699,0.707108992667,0.));
#3772 = ORIENTED_EDGE('',*,*,#3773,.F.);
#3773 = EDGE_CURVE('',#3774,#3765,#3776,.T.);
#3774 = VERTEX_POINT('',#3775);
#3775 = CARTESIAN_POINT('',(159.101425,-91.431512,1.51));
#3776 = LINE('',#3777,#3778);
#3777 = CARTESIAN_POINT('',(159.101425,-91.431512,1.51));
#3778 = VECTOR('',#3779,1.);
#3779 = DIRECTION('',(0.,0.,1.));
#3780 = ORIENTED_EDGE('',*,*,#3781,.F.);
#3781 = EDGE_CURVE('',#3742,#3774,#3782,.T.);
#3782 = CIRCLE('',#3783,0.123997681478);
#3783 = AXIS2_PLACEMENT_3D('',#3784,#3785,#3786);
#3784 = CARTESIAN_POINT('',(159.0117463272,-91.51714587564,1.51));
#3785 = DIRECTION('',(0.,0.,-1.));
#3786 = DIRECTION('',(-0.707104569699,0.707108992667,0.));
#3787 = CYLINDRICAL_SURFACE('',#3788,0.123997681478);
#3788 = AXIS2_PLACEMENT_3D('',#3789,#3790,#3791);
#3789 = CARTESIAN_POINT('',(159.0117463272,-91.51714587564,1.51));
#3790 = DIRECTION('',(0.,0.,-1.));
#3791 = DIRECTION('',(-0.707104569699,0.707108992667,0.));
#3792 = ADVANCED_FACE('',(#3793),#3818,.T.);
#3793 = FACE_BOUND('',#3794,.T.);
#3794 = EDGE_LOOP('',(#3795,#3796,#3804,#3812));
#3795 = ORIENTED_EDGE('',*,*,#3773,.T.);
#3796 = ORIENTED_EDGE('',*,*,#3797,.T.);
#3797 = EDGE_CURVE('',#3765,#3798,#3800,.T.);
#3798 = VERTEX_POINT('',#3799);
#3799 = CARTESIAN_POINT('',(159.331595,-91.682451,1.545));
#3800 = LINE('',#3801,#3802);
#3801 = CARTESIAN_POINT('',(159.101425,-91.431512,1.545));
#3802 = VECTOR('',#3803,1.);
#3803 = DIRECTION('',(0.67595213363,-0.736945529222,0.));
#3804 = ORIENTED_EDGE('',*,*,#3805,.F.);
#3805 = EDGE_CURVE('',#3806,#3798,#3808,.T.);
#3806 = VERTEX_POINT('',#3807);
#3807 = CARTESIAN_POINT('',(159.331595,-91.682451,1.51));
#3808 = LINE('',#3809,#3810);
#3809 = CARTESIAN_POINT('',(159.331595,-91.682451,1.51));
#3810 = VECTOR('',#3811,1.);
#3811 = DIRECTION('',(0.,0.,1.));
#3812 = ORIENTED_EDGE('',*,*,#3813,.F.);
#3813 = EDGE_CURVE('',#3774,#3806,#3814,.T.);
#3814 = LINE('',#3815,#3816);
#3815 = CARTESIAN_POINT('',(159.101425,-91.431512,1.51));
#3816 = VECTOR('',#3817,1.);
#3817 = DIRECTION('',(0.67595213363,-0.736945529222,0.));
#3818 = PLANE('',#3819);
#3819 = AXIS2_PLACEMENT_3D('',#3820,#3821,#3822);
#3820 = CARTESIAN_POINT('',(159.101425,-91.431512,1.51));
#3821 = DIRECTION('',(0.736945529222,0.67595213363,-0.));
#3822 = DIRECTION('',(0.67595213363,-0.736945529222,0.));
#3823 = ADVANCED_FACE('',(#3824),#3851,.T.);
#3824 = FACE_BOUND('',#3825,.T.);
#3825 = EDGE_LOOP('',(#3826,#3827,#3836,#3844));
#3826 = ORIENTED_EDGE('',*,*,#3805,.T.);
#3827 = ORIENTED_EDGE('',*,*,#3828,.T.);
#3828 = EDGE_CURVE('',#3798,#3829,#3831,.T.);
#3829 = VERTEX_POINT('',#3830);
#3830 = CARTESIAN_POINT('',(162.494517,-99.623162,1.545));
#3831 = CIRCLE('',#3832,12.498640022132);
#3832 = AXIS2_PLACEMENT_3D('',#3833,#3834,#3835);
#3833 = CARTESIAN_POINT('',(150.0015306941,-99.99905502151,1.545));
#3834 = DIRECTION('',(0.,0.,-1.));
#3835 = DIRECTION('',(0.746486360866,0.665400716141,0.));
#3836 = ORIENTED_EDGE('',*,*,#3837,.F.);
#3837 = EDGE_CURVE('',#3838,#3829,#3840,.T.);
#3838 = VERTEX_POINT('',#3839);
#3839 = CARTESIAN_POINT('',(162.494517,-99.623162,1.51));
#3840 = LINE('',#3841,#3842);
#3841 = CARTESIAN_POINT('',(162.494517,-99.623162,1.51));
#3842 = VECTOR('',#3843,1.);
#3843 = DIRECTION('',(0.,0.,1.));
#3844 = ORIENTED_EDGE('',*,*,#3845,.F.);
#3845 = EDGE_CURVE('',#3806,#3838,#3846,.T.);
#3846 = CIRCLE('',#3847,12.498640022132);
#3847 = AXIS2_PLACEMENT_3D('',#3848,#3849,#3850);
#3848 = CARTESIAN_POINT('',(150.0015306941,-99.99905502151,1.51));
#3849 = DIRECTION('',(0.,0.,-1.));
#3850 = DIRECTION('',(0.746486360866,0.665400716141,0.));
#3851 = CYLINDRICAL_SURFACE('',#3852,12.498640022132);
#3852 = AXIS2_PLACEMENT_3D('',#3853,#3854,#3855);
#3853 = CARTESIAN_POINT('',(150.0015306941,-99.99905502151,1.51));
#3854 = DIRECTION('',(0.,0.,-1.));
#3855 = DIRECTION('',(0.746486360866,0.665400716141,0.));
#3856 = ADVANCED_FACE('',(#3857),#3882,.T.);
#3857 = FACE_BOUND('',#3858,.T.);
#3858 = EDGE_LOOP('',(#3859,#3860,#3868,#3876));
#3859 = ORIENTED_EDGE('',*,*,#3837,.T.);
#3860 = ORIENTED_EDGE('',*,*,#3861,.T.);
#3861 = EDGE_CURVE('',#3829,#3862,#3864,.T.);
#3862 = VERTEX_POINT('',#3863);
#3863 = CARTESIAN_POINT('',(162.476388,-99.690639,1.545));
#3864 = LINE('',#3865,#3866);
#3865 = CARTESIAN_POINT('',(162.494517,-99.623162,1.545));
#3866 = VECTOR('',#3867,1.);
#3867 = DIRECTION('',(-0.259467867803,-0.965751741173,0.));
#3868 = ORIENTED_EDGE('',*,*,#3869,.F.);
#3869 = EDGE_CURVE('',#3870,#3862,#3872,.T.);
#3870 = VERTEX_POINT('',#3871);
#3871 = CARTESIAN_POINT('',(162.476388,-99.690639,1.51));
#3872 = LINE('',#3873,#3874);
#3873 = CARTESIAN_POINT('',(162.476388,-99.690639,1.51));
#3874 = VECTOR('',#3875,1.);
#3875 = DIRECTION('',(0.,0.,1.));
#3876 = ORIENTED_EDGE('',*,*,#3877,.F.);
#3877 = EDGE_CURVE('',#3838,#3870,#3878,.T.);
#3878 = LINE('',#3879,#3880);
#3879 = CARTESIAN_POINT('',(162.494517,-99.623162,1.51));
#3880 = VECTOR('',#3881,1.);
#3881 = DIRECTION('',(-0.259467867803,-0.965751741173,0.));
#3882 = PLANE('',#3883);
#3883 = AXIS2_PLACEMENT_3D('',#3884,#3885,#3886);
#3884 = CARTESIAN_POINT('',(162.494517,-99.623162,1.51));
#3885 = DIRECTION('',(0.965751741173,-0.259467867803,0.));
#3886 = DIRECTION('',(-0.259467867803,-0.965751741173,0.));
#3887 = ADVANCED_FACE('',(#3888),#3913,.T.);
#3888 = FACE_BOUND('',#3889,.T.);
#3889 = EDGE_LOOP('',(#3890,#3891,#3899,#3907));
#3890 = ORIENTED_EDGE('',*,*,#3869,.T.);
#3891 = ORIENTED_EDGE('',*,*,#3892,.T.);
#3892 = EDGE_CURVE('',#3862,#3893,#3895,.T.);
#3893 = VERTEX_POINT('',#3894);
#3894 = CARTESIAN_POINT('',(162.424656,-99.737603,1.545));
#3895 = LINE('',#3896,#3897);
#3896 = CARTESIAN_POINT('',(162.476388,-99.690639,1.545));
#3897 = VECTOR('',#3898,1.);
#3898 = DIRECTION('',(-0.740403590015,-0.672162572517,0.));
#3899 = ORIENTED_EDGE('',*,*,#3900,.F.);
#3900 = EDGE_CURVE('',#3901,#3893,#3903,.T.);
#3901 = VERTEX_POINT('',#3902);
#3902 = CARTESIAN_POINT('',(162.424656,-99.737603,1.51));
#3903 = LINE('',#3904,#3905);
#3904 = CARTESIAN_POINT('',(162.424656,-99.737603,1.51));
#3905 = VECTOR('',#3906,1.);
#3906 = DIRECTION('',(0.,0.,1.));
#3907 = ORIENTED_EDGE('',*,*,#3908,.F.);
#3908 = EDGE_CURVE('',#3870,#3901,#3909,.T.);
#3909 = LINE('',#3910,#3911);
#3910 = CARTESIAN_POINT('',(162.476388,-99.690639,1.51));
#3911 = VECTOR('',#3912,1.);
#3912 = DIRECTION('',(-0.740403590015,-0.672162572517,0.));
#3913 = PLANE('',#3914);
#3914 = AXIS2_PLACEMENT_3D('',#3915,#3916,#3917);
#3915 = CARTESIAN_POINT('',(162.476388,-99.690639,1.51));
#3916 = DIRECTION('',(0.672162572517,-0.740403590015,0.));
#3917 = DIRECTION('',(-0.740403590015,-0.672162572517,0.));
#3918 = ADVANCED_FACE('',(#3919),#3944,.T.);
#3919 = FACE_BOUND('',#3920,.T.);
#3920 = EDGE_LOOP('',(#3921,#3922,#3930,#3938));
#3921 = ORIENTED_EDGE('',*,*,#3900,.T.);
#3922 = ORIENTED_EDGE('',*,*,#3923,.T.);
#3923 = EDGE_CURVE('',#3893,#3924,#3926,.T.);
#3924 = VERTEX_POINT('',#3925);
#3925 = CARTESIAN_POINT('',(162.37055,-99.75003,1.545));
#3926 = LINE('',#3927,#3928);
#3927 = CARTESIAN_POINT('',(162.424656,-99.737603,1.545));
#3928 = VECTOR('',#3929,1.);
#3929 = DIRECTION('',(-0.974623529577,-0.223850341959,0.));
#3930 = ORIENTED_EDGE('',*,*,#3931,.F.);
#3931 = EDGE_CURVE('',#3932,#3924,#3934,.T.);
#3932 = VERTEX_POINT('',#3933);
#3933 = CARTESIAN_POINT('',(162.37055,-99.75003,1.51));
#3934 = LINE('',#3935,#3936);
#3935 = CARTESIAN_POINT('',(162.37055,-99.75003,1.51));
#3936 = VECTOR('',#3937,1.);
#3937 = DIRECTION('',(0.,0.,1.));
#3938 = ORIENTED_EDGE('',*,*,#3939,.F.);
#3939 = EDGE_CURVE('',#3901,#3932,#3940,.T.);
#3940 = LINE('',#3941,#3942);
#3941 = CARTESIAN_POINT('',(162.424656,-99.737603,1.51));
#3942 = VECTOR('',#3943,1.);
#3943 = DIRECTION('',(-0.974623529577,-0.223850341959,0.));
#3944 = PLANE('',#3945);
#3945 = AXIS2_PLACEMENT_3D('',#3946,#3947,#3948);
#3946 = CARTESIAN_POINT('',(162.424656,-99.737603,1.51));
#3947 = DIRECTION('',(0.223850341959,-0.974623529577,0.));
#3948 = DIRECTION('',(-0.974623529577,-0.223850341959,0.));
#3949 = ADVANCED_FACE('',(#3950),#3975,.T.);
#3950 = FACE_BOUND('',#3951,.T.);
#3951 = EDGE_LOOP('',(#3952,#3953,#3961,#3969));
#3952 = ORIENTED_EDGE('',*,*,#3931,.T.);
#3953 = ORIENTED_EDGE('',*,*,#3954,.T.);
#3954 = EDGE_CURVE('',#3924,#3955,#3957,.T.);
#3955 = VERTEX_POINT('',#3956);
#3956 = CARTESIAN_POINT('',(160.617644,-99.75003,1.545));
#3957 = LINE('',#3958,#3959);
#3958 = CARTESIAN_POINT('',(162.37055,-99.75003,1.545));
#3959 = VECTOR('',#3960,1.);
#3960 = DIRECTION('',(-1.,0.,0.));
#3961 = ORIENTED_EDGE('',*,*,#3962,.F.);
#3962 = EDGE_CURVE('',#3963,#3955,#3965,.T.);
#3963 = VERTEX_POINT('',#3964);
#3964 = CARTESIAN_POINT('',(160.617644,-99.75003,1.51));
#3965 = LINE('',#3966,#3967);
#3966 = CARTESIAN_POINT('',(160.617644,-99.75003,1.51));
#3967 = VECTOR('',#3968,1.);
#3968 = DIRECTION('',(0.,0.,1.));
#3969 = ORIENTED_EDGE('',*,*,#3970,.F.);
#3970 = EDGE_CURVE('',#3932,#3963,#3971,.T.);
#3971 = LINE('',#3972,#3973);
#3972 = CARTESIAN_POINT('',(162.37055,-99.75003,1.51));
#3973 = VECTOR('',#3974,1.);
#3974 = DIRECTION('',(-1.,0.,0.));
#3975 = PLANE('',#3976);
#3976 = AXIS2_PLACEMENT_3D('',#3977,#3978,#3979);
#3977 = CARTESIAN_POINT('',(162.37055,-99.75003,1.51));
#3978 = DIRECTION('',(0.,-1.,0.));
#3979 = DIRECTION('',(-1.,0.,0.));
#3980 = ADVANCED_FACE('',(#3981),#4008,.T.);
#3981 = FACE_BOUND('',#3982,.T.);
#3982 = EDGE_LOOP('',(#3983,#3984,#3993,#4001));
#3983 = ORIENTED_EDGE('',*,*,#3962,.T.);
#3984 = ORIENTED_EDGE('',*,*,#3985,.T.);
#3985 = EDGE_CURVE('',#3955,#3986,#3988,.T.);
#3986 = VERTEX_POINT('',#3987);
#3987 = CARTESIAN_POINT('',(160.49369,-99.629397,1.545));
#3988 = CIRCLE('',#3989,0.124001271257);
#3989 = AXIS2_PLACEMENT_3D('',#3990,#3991,#3992);
#3990 = CARTESIAN_POINT('',(160.6176455163,-99.62602872875,1.545));
#3991 = DIRECTION('',(0.,0.,-1.));
#3992 = DIRECTION('',(-1.222813427409E-05,-0.999999999925,-0.));
#3993 = ORIENTED_EDGE('',*,*,#3994,.F.);
#3994 = EDGE_CURVE('',#3995,#3986,#3997,.T.);
#3995 = VERTEX_POINT('',#3996);
#3996 = CARTESIAN_POINT('',(160.49369,-99.629397,1.51));
#3997 = LINE('',#3998,#3999);
#3998 = CARTESIAN_POINT('',(160.49369,-99.629397,1.51));
#3999 = VECTOR('',#4000,1.);
#4000 = DIRECTION('',(0.,0.,1.));
#4001 = ORIENTED_EDGE('',*,*,#4002,.F.);
#4002 = EDGE_CURVE('',#3963,#3995,#4003,.T.);
#4003 = CIRCLE('',#4004,0.124001271257);
#4004 = AXIS2_PLACEMENT_3D('',#4005,#4006,#4007);
#4005 = CARTESIAN_POINT('',(160.6176455163,-99.62602872875,1.51));
#4006 = DIRECTION('',(0.,0.,-1.));
#4007 = DIRECTION('',(-1.222813427409E-05,-0.999999999925,-0.));
#4008 = CYLINDRICAL_SURFACE('',#4009,0.124001271257);
#4009 = AXIS2_PLACEMENT_3D('',#4010,#4011,#4012);
#4010 = CARTESIAN_POINT('',(160.6176455163,-99.62602872875,1.51));
#4011 = DIRECTION('',(0.,0.,-1.));
#4012 = DIRECTION('',(-1.222813427409E-05,-0.999999999925,-0.));
#4013 = ADVANCED_FACE('',(#4014),#4039,.T.);
#4014 = FACE_BOUND('',#4015,.T.);
#4015 = EDGE_LOOP('',(#4016,#4017,#4025,#4033));
#4016 = ORIENTED_EDGE('',*,*,#3994,.T.);
#4017 = ORIENTED_EDGE('',*,*,#4018,.T.);
#4018 = EDGE_CURVE('',#3986,#4019,#4021,.T.);
#4019 = VERTEX_POINT('',#4020);
#4020 = CARTESIAN_POINT('',(160.478406,-99.320082,1.545));
#4021 = LINE('',#4022,#4023);
#4022 = CARTESIAN_POINT('',(160.49369,-99.629397,1.545));
#4023 = VECTOR('',#4024,1.);
#4024 = DIRECTION('',(-4.935219919778E-02,0.99878143777,0.));
#4025 = ORIENTED_EDGE('',*,*,#4026,.F.);
#4026 = EDGE_CURVE('',#4027,#4019,#4029,.T.);
#4027 = VERTEX_POINT('',#4028);
#4028 = CARTESIAN_POINT('',(160.478406,-99.320082,1.51));
#4029 = LINE('',#4030,#4031);
#4030 = CARTESIAN_POINT('',(160.478406,-99.320082,1.51));
#4031 = VECTOR('',#4032,1.);
#4032 = DIRECTION('',(0.,0.,1.));
#4033 = ORIENTED_EDGE('',*,*,#4034,.F.);
#4034 = EDGE_CURVE('',#3995,#4027,#4035,.T.);
#4035 = LINE('',#4036,#4037);
#4036 = CARTESIAN_POINT('',(160.49369,-99.629397,1.51));
#4037 = VECTOR('',#4038,1.);
#4038 = DIRECTION('',(-4.935219919778E-02,0.99878143777,0.));
#4039 = PLANE('',#4040);
#4040 = AXIS2_PLACEMENT_3D('',#4041,#4042,#4043);
#4041 = CARTESIAN_POINT('',(160.49369,-99.629397,1.51));
#4042 = DIRECTION('',(-0.99878143777,-4.935219919778E-02,0.));
#4043 = DIRECTION('',(-4.935219919778E-02,0.99878143777,0.));
#4044 = ADVANCED_FACE('',(#4045),#4072,.F.);
#4045 = FACE_BOUND('',#4046,.T.);
#4046 = EDGE_LOOP('',(#4047,#4048,#4057,#4065));
#4047 = ORIENTED_EDGE('',*,*,#4026,.T.);
#4048 = ORIENTED_EDGE('',*,*,#4049,.T.);
#4049 = EDGE_CURVE('',#4019,#4050,#4052,.T.);
#4050 = VERTEX_POINT('',#4051);
#4051 = CARTESIAN_POINT('',(157.682225,-92.841908,1.545));
#4052 = CIRCLE('',#4053,10.498709455131);
#4053 = AXIS2_PLACEMENT_3D('',#4054,#4055,#4056);
#4054 = CARTESIAN_POINT('',(150.00171035231,-99.99960280838,1.545));
#4055 = DIRECTION('',(0.,0.,1.));
#4056 = DIRECTION('',(0.997903189193,6.472422265675E-02,-0.));
#4057 = ORIENTED_EDGE('',*,*,#4058,.F.);
#4058 = EDGE_CURVE('',#4059,#4050,#4061,.T.);
#4059 = VERTEX_POINT('',#4060);
#4060 = CARTESIAN_POINT('',(157.682225,-92.841908,1.51));
#4061 = LINE('',#4062,#4063);
#4062 = CARTESIAN_POINT('',(157.682225,-92.841908,1.51));
#4063 = VECTOR('',#4064,1.);
#4064 = DIRECTION('',(0.,0.,1.));
#4065 = ORIENTED_EDGE('',*,*,#4066,.F.);
#4066 = EDGE_CURVE('',#4027,#4059,#4067,.T.);
#4067 = CIRCLE('',#4068,10.498709455131);
#4068 = AXIS2_PLACEMENT_3D('',#4069,#4070,#4071);
#4069 = CARTESIAN_POINT('',(150.00171035231,-99.99960280838,1.51));
#4070 = DIRECTION('',(0.,0.,1.));
#4071 = DIRECTION('',(0.997903189193,6.472422265675E-02,-0.));
#4072 = CYLINDRICAL_SURFACE('',#4073,10.498709455131);
#4073 = AXIS2_PLACEMENT_3D('',#4074,#4075,#4076);
#4074 = CARTESIAN_POINT('',(150.00171035231,-99.99960280838,1.51));
#4075 = DIRECTION('',(-0.,-0.,-1.));
#4076 = DIRECTION('',(0.997903189193,6.472422265675E-02,-0.));
#4077 = ADVANCED_FACE('',(#4078),#4103,.T.);
#4078 = FACE_BOUND('',#4079,.T.);
#4079 = EDGE_LOOP('',(#4080,#4081,#4089,#4097));
#4080 = ORIENTED_EDGE('',*,*,#4058,.T.);
#4081 = ORIENTED_EDGE('',*,*,#4082,.T.);
#4082 = EDGE_CURVE('',#4050,#4083,#4085,.T.);
#4083 = VERTEX_POINT('',#4084);
#4084 = CARTESIAN_POINT('',(157.650418,-92.779698,1.545));
#4085 = LINE('',#4086,#4087);
#4086 = CARTESIAN_POINT('',(157.682225,-92.841908,1.545));
#4087 = VECTOR('',#4088,1.);
#4088 = DIRECTION('',(-0.455233360642,0.890372162277,0.));
#4089 = ORIENTED_EDGE('',*,*,#4090,.F.);
#4090 = EDGE_CURVE('',#4091,#4083,#4093,.T.);
#4091 = VERTEX_POINT('',#4092);
#4092 = CARTESIAN_POINT('',(157.650418,-92.779698,1.51));
#4093 = LINE('',#4094,#4095);
#4094 = CARTESIAN_POINT('',(157.650418,-92.779698,1.51));
#4095 = VECTOR('',#4096,1.);
#4096 = DIRECTION('',(0.,0.,1.));
#4097 = ORIENTED_EDGE('',*,*,#4098,.F.);
#4098 = EDGE_CURVE('',#4059,#4091,#4099,.T.);
#4099 = LINE('',#4100,#4101);
#4100 = CARTESIAN_POINT('',(157.682225,-92.841908,1.51));
#4101 = VECTOR('',#4102,1.);
#4102 = DIRECTION('',(-0.455233360642,0.890372162277,0.));
#4103 = PLANE('',#4104);
#4104 = AXIS2_PLACEMENT_3D('',#4105,#4106,#4107);
#4105 = CARTESIAN_POINT('',(157.682225,-92.841908,1.51));
#4106 = DIRECTION('',(-0.890372162277,-0.455233360642,0.));
#4107 = DIRECTION('',(-0.455233360642,0.890372162277,0.));
#4108 = ADVANCED_FACE('',(#4109),#4134,.T.);
#4109 = FACE_BOUND('',#4110,.T.);
#4110 = EDGE_LOOP('',(#4111,#4112,#4120,#4128));
#4111 = ORIENTED_EDGE('',*,*,#4090,.T.);
#4112 = ORIENTED_EDGE('',*,*,#4113,.T.);
#4113 = EDGE_CURVE('',#4083,#4114,#4116,.T.);
#4114 = VERTEX_POINT('',#4115);
#4115 = CARTESIAN_POINT('',(157.657293,-92.710167,1.545));
#4116 = LINE('',#4117,#4118);
#4117 = CARTESIAN_POINT('',(157.650418,-92.779698,1.545));
#4118 = VECTOR('',#4119,1.);
#4119 = DIRECTION('',(9.83969355063E-02,0.995147246935,0.));
#4120 = ORIENTED_EDGE('',*,*,#4121,.F.);
#4121 = EDGE_CURVE('',#4122,#4114,#4124,.T.);
#4122 = VERTEX_POINT('',#4123);
#4123 = CARTESIAN_POINT('',(157.657293,-92.710167,1.51));
#4124 = LINE('',#4125,#4126);
#4125 = CARTESIAN_POINT('',(157.657293,-92.710167,1.51));
#4126 = VECTOR('',#4127,1.);
#4127 = DIRECTION('',(0.,0.,1.));
#4128 = ORIENTED_EDGE('',*,*,#4129,.F.);
#4129 = EDGE_CURVE('',#4091,#4122,#4130,.T.);
#4130 = LINE('',#4131,#4132);
#4131 = CARTESIAN_POINT('',(157.650418,-92.779698,1.51));
#4132 = VECTOR('',#4133,1.);
#4133 = DIRECTION('',(9.83969355063E-02,0.995147246935,0.));
#4134 = PLANE('',#4135);
#4135 = AXIS2_PLACEMENT_3D('',#4136,#4137,#4138);
#4136 = CARTESIAN_POINT('',(157.650418,-92.779698,1.51));
#4137 = DIRECTION('',(-0.995147246935,9.83969355063E-02,0.));
#4138 = DIRECTION('',(9.83969355063E-02,0.995147246935,0.));
#4139 = ADVANCED_FACE('',(#4140),#4156,.T.);
#4140 = FACE_BOUND('',#4141,.T.);
#4141 = EDGE_LOOP('',(#4142,#4143,#4149,#4150));
#4142 = ORIENTED_EDGE('',*,*,#4121,.T.);
#4143 = ORIENTED_EDGE('',*,*,#4144,.T.);
#4144 = EDGE_CURVE('',#4114,#3726,#4145,.T.);
#4145 = LINE('',#4146,#4147);
#4146 = CARTESIAN_POINT('',(157.657293,-92.710167,1.545));
#4147 = VECTOR('',#4148,1.);
#4148 = DIRECTION('',(0.552021683882,0.83382975512,0.));
#4149 = ORIENTED_EDGE('',*,*,#3723,.F.);
#4150 = ORIENTED_EDGE('',*,*,#4151,.F.);
#4151 = EDGE_CURVE('',#4122,#3724,#4152,.T.);
#4152 = LINE('',#4153,#4154);
#4153 = CARTESIAN_POINT('',(157.657293,-92.710167,1.51));
#4154 = VECTOR('',#4155,1.);
#4155 = DIRECTION('',(0.552021683882,0.83382975512,0.));
#4156 = PLANE('',#4157);
#4157 = AXIS2_PLACEMENT_3D('',#4158,#4159,#4160);
#4158 = CARTESIAN_POINT('',(157.657293,-92.710167,1.51));
#4159 = DIRECTION('',(-0.83382975512,0.552021683882,0.));
#4160 = DIRECTION('',(0.552021683882,0.83382975512,0.));
#4161 = ADVANCED_FACE('',(#4162),#4178,.F.);
#4162 = FACE_BOUND('',#4163,.T.);
#4163 = EDGE_LOOP('',(#4164,#4165,#4166,#4167,#4168,#4169,#4170,#4171,
    #4172,#4173,#4174,#4175,#4176,#4177));
#4164 = ORIENTED_EDGE('',*,*,#3749,.T.);
#4165 = ORIENTED_EDGE('',*,*,#3781,.T.);
#4166 = ORIENTED_EDGE('',*,*,#3813,.T.);
#4167 = ORIENTED_EDGE('',*,*,#3845,.T.);
#4168 = ORIENTED_EDGE('',*,*,#3877,.T.);
#4169 = ORIENTED_EDGE('',*,*,#3908,.T.);
#4170 = ORIENTED_EDGE('',*,*,#3939,.T.);
#4171 = ORIENTED_EDGE('',*,*,#3970,.T.);
#4172 = ORIENTED_EDGE('',*,*,#4002,.T.);
#4173 = ORIENTED_EDGE('',*,*,#4034,.T.);
#4174 = ORIENTED_EDGE('',*,*,#4066,.T.);
#4175 = ORIENTED_EDGE('',*,*,#4098,.T.);
#4176 = ORIENTED_EDGE('',*,*,#4129,.T.);
#4177 = ORIENTED_EDGE('',*,*,#4151,.T.);
#4178 = PLANE('',#4179);
#4179 = AXIS2_PLACEMENT_3D('',#4180,#4181,#4182);
#4180 = CARTESIAN_POINT('',(0.,0.,1.51));
#4181 = DIRECTION('',(0.,0.,1.));
#4182 = DIRECTION('',(1.,0.,-0.));
#4183 = ADVANCED_FACE('',(#4184),#4200,.T.);
#4184 = FACE_BOUND('',#4185,.F.);
#4185 = EDGE_LOOP('',(#4186,#4187,#4188,#4189,#4190,#4191,#4192,#4193,
    #4194,#4195,#4196,#4197,#4198,#4199));
#4186 = ORIENTED_EDGE('',*,*,#3733,.T.);
#4187 = ORIENTED_EDGE('',*,*,#3764,.T.);
#4188 = ORIENTED_EDGE('',*,*,#3797,.T.);
#4189 = ORIENTED_EDGE('',*,*,#3828,.T.);
#4190 = ORIENTED_EDGE('',*,*,#3861,.T.);
#4191 = ORIENTED_EDGE('',*,*,#3892,.T.);
#4192 = ORIENTED_EDGE('',*,*,#3923,.T.);
#4193 = ORIENTED_EDGE('',*,*,#3954,.T.);
#4194 = ORIENTED_EDGE('',*,*,#3985,.T.);
#4195 = ORIENTED_EDGE('',*,*,#4018,.T.);
#4196 = ORIENTED_EDGE('',*,*,#4049,.T.);
#4197 = ORIENTED_EDGE('',*,*,#4082,.T.);
#4198 = ORIENTED_EDGE('',*,*,#4113,.T.);
#4199 = ORIENTED_EDGE('',*,*,#4144,.T.);
#4200 = PLANE('',#4201);
#4201 = AXIS2_PLACEMENT_3D('',#4202,#4203,#4204);
#4202 = CARTESIAN_POINT('',(0.,0.,1.545));
#4203 = DIRECTION('',(0.,0.,1.));
#4204 = DIRECTION('',(1.,0.,-0.));
#4205 = MANIFOLD_SOLID_BREP('',#4206);
#4206 = CLOSED_SHELL('',(#4207,#4249,#4280,#4313,#4344,#4377,#4408,#4439
    ,#4470,#4501,#4534,#4565,#4598,#4629,#4660,#4691,#4713,#4737));
#4207 = ADVANCED_FACE('',(#4208),#4244,.T.);
#4208 = FACE_BOUND('',#4209,.T.);
#4209 = EDGE_LOOP('',(#4210,#4220,#4229,#4237));
#4210 = ORIENTED_EDGE('',*,*,#4211,.T.);
#4211 = EDGE_CURVE('',#4212,#4214,#4216,.T.);
#4212 = VERTEX_POINT('',#4213);
#4213 = CARTESIAN_POINT('',(150.24995,-87.629424,1.51));
#4214 = VERTEX_POINT('',#4215);
#4215 = CARTESIAN_POINT('',(150.24995,-87.629424,1.545));
#4216 = LINE('',#4217,#4218);
#4217 = CARTESIAN_POINT('',(150.24995,-87.629424,1.51));
#4218 = VECTOR('',#4219,1.);
#4219 = DIRECTION('',(0.,0.,1.));
#4220 = ORIENTED_EDGE('',*,*,#4221,.T.);
#4221 = EDGE_CURVE('',#4214,#4222,#4224,.T.);
#4222 = VERTEX_POINT('',#4223);
#4223 = CARTESIAN_POINT('',(150.376807,-87.505457,1.545));
#4224 = CIRCLE('',#4225,0.124001453379);
#4225 = AXIS2_PLACEMENT_3D('',#4226,#4227,#4228);
#4226 = CARTESIAN_POINT('',(150.37395145336,-87.62942556978,1.545));
#4227 = DIRECTION('',(0.,0.,-1.));
#4228 = DIRECTION('',(-0.99999999992,1.265937918437E-05,0.));
#4229 = ORIENTED_EDGE('',*,*,#4230,.F.);
#4230 = EDGE_CURVE('',#4231,#4222,#4233,.T.);
#4231 = VERTEX_POINT('',#4232);
#4232 = CARTESIAN_POINT('',(150.376807,-87.505457,1.51));
#4233 = LINE('',#4234,#4235);
#4234 = CARTESIAN_POINT('',(150.376807,-87.505457,1.51));
#4235 = VECTOR('',#4236,1.);
#4236 = DIRECTION('',(0.,0.,1.));
#4237 = ORIENTED_EDGE('',*,*,#4238,.F.);
#4238 = EDGE_CURVE('',#4212,#4231,#4239,.T.);
#4239 = CIRCLE('',#4240,0.124001453379);
#4240 = AXIS2_PLACEMENT_3D('',#4241,#4242,#4243);
#4241 = CARTESIAN_POINT('',(150.37395145336,-87.62942556978,1.51));
#4242 = DIRECTION('',(0.,0.,-1.));
#4243 = DIRECTION('',(-0.99999999992,1.265937918437E-05,0.));
#4244 = CYLINDRICAL_SURFACE('',#4245,0.124001453379);
#4245 = AXIS2_PLACEMENT_3D('',#4246,#4247,#4248);
#4246 = CARTESIAN_POINT('',(150.37395145336,-87.62942556978,1.51));
#4247 = DIRECTION('',(0.,0.,-1.));
#4248 = DIRECTION('',(-0.99999999992,1.265937918437E-05,0.));
#4249 = ADVANCED_FACE('',(#4250),#4275,.T.);
#4250 = FACE_BOUND('',#4251,.T.);
#4251 = EDGE_LOOP('',(#4252,#4253,#4261,#4269));
#4252 = ORIENTED_EDGE('',*,*,#4230,.T.);
#4253 = ORIENTED_EDGE('',*,*,#4254,.T.);
#4254 = EDGE_CURVE('',#4222,#4255,#4257,.T.);
#4255 = VERTEX_POINT('',#4256);
#4256 = CARTESIAN_POINT('',(150.40388,-87.506081,1.545));
#4257 = LINE('',#4258,#4259);
#4258 = CARTESIAN_POINT('',(150.376807,-87.505457,1.545));
#4259 = VECTOR('',#4260,1.);
#4260 = DIRECTION('',(0.999734482334,-2.3042674139E-02,0.));
#4261 = ORIENTED_EDGE('',*,*,#4262,.F.);
#4262 = EDGE_CURVE('',#4263,#4255,#4265,.T.);
#4263 = VERTEX_POINT('',#4264);
#4264 = CARTESIAN_POINT('',(150.40388,-87.506081,1.51));
#4265 = LINE('',#4266,#4267);
#4266 = CARTESIAN_POINT('',(150.40388,-87.506081,1.51));
#4267 = VECTOR('',#4268,1.);
#4268 = DIRECTION('',(0.,0.,1.));
#4269 = ORIENTED_EDGE('',*,*,#4270,.F.);
#4270 = EDGE_CURVE('',#4231,#4263,#4271,.T.);
#4271 = LINE('',#4272,#4273);
#4272 = CARTESIAN_POINT('',(150.376807,-87.505457,1.51));
#4273 = VECTOR('',#4274,1.);
#4274 = DIRECTION('',(0.999734482334,-2.3042674139E-02,0.));
#4275 = PLANE('',#4276);
#4276 = AXIS2_PLACEMENT_3D('',#4277,#4278,#4279);
#4277 = CARTESIAN_POINT('',(150.376807,-87.505457,1.51));
#4278 = DIRECTION('',(2.3042674139E-02,0.999734482334,-0.));
#4279 = DIRECTION('',(0.999734482334,-2.3042674139E-02,0.));
#4280 = ADVANCED_FACE('',(#4281),#4308,.T.);
#4281 = FACE_BOUND('',#4282,.T.);
#4282 = EDGE_LOOP('',(#4283,#4284,#4293,#4301));
#4283 = ORIENTED_EDGE('',*,*,#4262,.T.);
#4284 = ORIENTED_EDGE('',*,*,#4285,.T.);
#4285 = EDGE_CURVE('',#4255,#4286,#4288,.T.);
#4286 = VERTEX_POINT('',#4287);
#4287 = CARTESIAN_POINT('',(155.770014,-88.910911,1.545));
#4288 = CIRCLE('',#4289,12.500552965597);
#4289 = AXIS2_PLACEMENT_3D('',#4290,#4291,#4292);
#4290 = CARTESIAN_POINT('',(149.99995588399,-100.0001063623,1.545));
#4291 = DIRECTION('',(0.,0.,-1.));
#4292 = DIRECTION('',(3.231249986434E-02,0.999477814838,0.));
#4293 = ORIENTED_EDGE('',*,*,#4294,.F.);
#4294 = EDGE_CURVE('',#4295,#4286,#4297,.T.);
#4295 = VERTEX_POINT('',#4296);
#4296 = CARTESIAN_POINT('',(155.770014,-88.910911,1.51));
#4297 = LINE('',#4298,#4299);
#4298 = CARTESIAN_POINT('',(155.770014,-88.910911,1.51));
#4299 = VECTOR('',#4300,1.);
#4300 = DIRECTION('',(0.,0.,1.));
#4301 = ORIENTED_EDGE('',*,*,#4302,.F.);
#4302 = EDGE_CURVE('',#4263,#4295,#4303,.T.);
#4303 = CIRCLE('',#4304,12.500552965597);
#4304 = AXIS2_PLACEMENT_3D('',#4305,#4306,#4307);
#4305 = CARTESIAN_POINT('',(149.99995588399,-100.0001063623,1.51));
#4306 = DIRECTION('',(0.,0.,-1.));
#4307 = DIRECTION('',(3.231249986434E-02,0.999477814838,0.));
#4308 = CYLINDRICAL_SURFACE('',#4309,12.500552965597);
#4309 = AXIS2_PLACEMENT_3D('',#4310,#4311,#4312);
#4310 = CARTESIAN_POINT('',(149.99995588399,-100.0001063623,1.51));
#4311 = DIRECTION('',(0.,0.,-1.));
#4312 = DIRECTION('',(3.231249986434E-02,0.999477814838,0.));
#4313 = ADVANCED_FACE('',(#4314),#4339,.T.);
#4314 = FACE_BOUND('',#4315,.T.);
#4315 = EDGE_LOOP('',(#4316,#4317,#4325,#4333));
#4316 = ORIENTED_EDGE('',*,*,#4294,.T.);
#4317 = ORIENTED_EDGE('',*,*,#4318,.T.);
#4318 = EDGE_CURVE('',#4286,#4319,#4321,.T.);
#4319 = VERTEX_POINT('',#4320);
#4320 = CARTESIAN_POINT('',(156.043757,-89.0577,1.545));
#4321 = LINE('',#4322,#4323);
#4322 = CARTESIAN_POINT('',(155.770014,-88.910911,1.545));
#4323 = VECTOR('',#4324,1.);
#4324 = DIRECTION('',(0.881290994465,-0.472573997459,0.));
#4325 = ORIENTED_EDGE('',*,*,#4326,.F.);
#4326 = EDGE_CURVE('',#4327,#4319,#4329,.T.);
#4327 = VERTEX_POINT('',#4328);
#4328 = CARTESIAN_POINT('',(156.043757,-89.0577,1.51));
#4329 = LINE('',#4330,#4331);
#4330 = CARTESIAN_POINT('',(156.043757,-89.0577,1.51));
#4331 = VECTOR('',#4332,1.);
#4332 = DIRECTION('',(0.,0.,1.));
#4333 = ORIENTED_EDGE('',*,*,#4334,.F.);
#4334 = EDGE_CURVE('',#4295,#4327,#4335,.T.);
#4335 = LINE('',#4336,#4337);
#4336 = CARTESIAN_POINT('',(155.770014,-88.910911,1.51));
#4337 = VECTOR('',#4338,1.);
#4338 = DIRECTION('',(0.881290994465,-0.472573997459,0.));
#4339 = PLANE('',#4340);
#4340 = AXIS2_PLACEMENT_3D('',#4341,#4342,#4343);
#4341 = CARTESIAN_POINT('',(155.770014,-88.910911,1.51));
#4342 = DIRECTION('',(0.472573997459,0.881290994465,-0.));
#4343 = DIRECTION('',(0.881290994465,-0.472573997459,0.));
#4344 = ADVANCED_FACE('',(#4345),#4372,.T.);
#4345 = FACE_BOUND('',#4346,.T.);
#4346 = EDGE_LOOP('',(#4347,#4348,#4357,#4365));
#4347 = ORIENTED_EDGE('',*,*,#4326,.T.);
#4348 = ORIENTED_EDGE('',*,*,#4349,.T.);
#4349 = EDGE_CURVE('',#4319,#4350,#4352,.T.);
#4350 = VERTEX_POINT('',#4351);
#4351 = CARTESIAN_POINT('',(158.568495,-90.898552,1.545));
#4352 = CIRCLE('',#4353,12.486539308674);
#4353 = AXIS2_PLACEMENT_3D('',#4354,#4355,#4356);
#4354 = CARTESIAN_POINT('',(150.00748103048,-99.98825517011,1.545));
#4355 = DIRECTION('',(0.,0.,-1.));
#4356 = DIRECTION('',(0.483422653811,0.87538707883,0.));
#4357 = ORIENTED_EDGE('',*,*,#4358,.F.);
#4358 = EDGE_CURVE('',#4359,#4350,#4361,.T.);
#4359 = VERTEX_POINT('',#4360);
#4360 = CARTESIAN_POINT('',(158.568495,-90.898552,1.51));
#4361 = LINE('',#4362,#4363);
#4362 = CARTESIAN_POINT('',(158.568495,-90.898552,1.51));
#4363 = VECTOR('',#4364,1.);
#4364 = DIRECTION('',(0.,0.,1.));
#4365 = ORIENTED_EDGE('',*,*,#4366,.F.);
#4366 = EDGE_CURVE('',#4327,#4359,#4367,.T.);
#4367 = CIRCLE('',#4368,12.486539308674);
#4368 = AXIS2_PLACEMENT_3D('',#4369,#4370,#4371);
#4369 = CARTESIAN_POINT('',(150.00748103048,-99.98825517011,1.51));
#4370 = DIRECTION('',(0.,0.,-1.));
#4371 = DIRECTION('',(0.483422653811,0.87538707883,0.));
#4372 = CYLINDRICAL_SURFACE('',#4373,12.486539308674);
#4373 = AXIS2_PLACEMENT_3D('',#4374,#4375,#4376);
#4374 = CARTESIAN_POINT('',(150.00748103048,-99.98825517011,1.51));
#4375 = DIRECTION('',(0.,0.,-1.));
#4376 = DIRECTION('',(0.483422653811,0.87538707883,0.));
#4377 = ADVANCED_FACE('',(#4378),#4403,.T.);
#4378 = FACE_BOUND('',#4379,.T.);
#4379 = EDGE_LOOP('',(#4380,#4381,#4389,#4397));
#4380 = ORIENTED_EDGE('',*,*,#4358,.T.);
#4381 = ORIENTED_EDGE('',*,*,#4382,.T.);
#4382 = EDGE_CURVE('',#4350,#4383,#4385,.T.);
#4383 = VERTEX_POINT('',#4384);
#4384 = CARTESIAN_POINT('',(158.603376,-90.959092,1.545));
#4385 = LINE('',#4386,#4387);
#4386 = CARTESIAN_POINT('',(158.568495,-90.898552,1.545));
#4387 = VECTOR('',#4388,1.);
#4388 = DIRECTION('',(0.499229239613,-0.86646994542,0.));
#4389 = ORIENTED_EDGE('',*,*,#4390,.F.);
#4390 = EDGE_CURVE('',#4391,#4383,#4393,.T.);
#4391 = VERTEX_POINT('',#4392);
#4392 = CARTESIAN_POINT('',(158.603376,-90.959092,1.51));
#4393 = LINE('',#4394,#4395);
#4394 = CARTESIAN_POINT('',(158.603376,-90.959092,1.51));
#4395 = VECTOR('',#4396,1.);
#4396 = DIRECTION('',(0.,0.,1.));
#4397 = ORIENTED_EDGE('',*,*,#4398,.F.);
#4398 = EDGE_CURVE('',#4359,#4391,#4399,.T.);
#4399 = LINE('',#4400,#4401);
#4400 = CARTESIAN_POINT('',(158.568495,-90.898552,1.51));
#4401 = VECTOR('',#4402,1.);
#4402 = DIRECTION('',(0.499229239613,-0.86646994542,0.));
#4403 = PLANE('',#4404);
#4404 = AXIS2_PLACEMENT_3D('',#4405,#4406,#4407);
#4405 = CARTESIAN_POINT('',(158.568495,-90.898552,1.51));
#4406 = DIRECTION('',(0.86646994542,0.499229239613,-0.));
#4407 = DIRECTION('',(0.499229239613,-0.86646994542,0.));
#4408 = ADVANCED_FACE('',(#4409),#4434,.T.);
#4409 = FACE_BOUND('',#4410,.T.);
#4410 = EDGE_LOOP('',(#4411,#4412,#4420,#4428));
#4411 = ORIENTED_EDGE('',*,*,#4390,.T.);
#4412 = ORIENTED_EDGE('',*,*,#4413,.T.);
#4413 = EDGE_CURVE('',#4383,#4414,#4416,.T.);
#4414 = VERTEX_POINT('',#4415);
#4415 = CARTESIAN_POINT('',(158.599989,-91.02888,1.545));
#4416 = LINE('',#4417,#4418);
#4417 = CARTESIAN_POINT('',(158.603376,-90.959092,1.545));
#4418 = VECTOR('',#4419,1.);
#4419 = DIRECTION('',(-4.847564229145E-02,-0.998824364993,0.));
#4420 = ORIENTED_EDGE('',*,*,#4421,.F.);
#4421 = EDGE_CURVE('',#4422,#4414,#4424,.T.);
#4422 = VERTEX_POINT('',#4423);
#4423 = CARTESIAN_POINT('',(158.599989,-91.02888,1.51));
#4424 = LINE('',#4425,#4426);
#4425 = CARTESIAN_POINT('',(158.599989,-91.02888,1.51));
#4426 = VECTOR('',#4427,1.);
#4427 = DIRECTION('',(0.,0.,1.));
#4428 = ORIENTED_EDGE('',*,*,#4429,.F.);
#4429 = EDGE_CURVE('',#4391,#4422,#4430,.T.);
#4430 = LINE('',#4431,#4432);
#4431 = CARTESIAN_POINT('',(158.603376,-90.959092,1.51));
#4432 = VECTOR('',#4433,1.);
#4433 = DIRECTION('',(-4.847564229145E-02,-0.998824364993,0.));
#4434 = PLANE('',#4435);
#4435 = AXIS2_PLACEMENT_3D('',#4436,#4437,#4438);
#4436 = CARTESIAN_POINT('',(158.603376,-90.959092,1.51));
#4437 = DIRECTION('',(0.998824364993,-4.847564229145E-02,0.));
#4438 = DIRECTION('',(-4.847564229145E-02,-0.998824364993,0.));
#4439 = ADVANCED_FACE('',(#4440),#4465,.T.);
#4440 = FACE_BOUND('',#4441,.T.);
#4441 = EDGE_LOOP('',(#4442,#4443,#4451,#4459));
#4442 = ORIENTED_EDGE('',*,*,#4421,.T.);
#4443 = ORIENTED_EDGE('',*,*,#4444,.T.);
#4444 = EDGE_CURVE('',#4414,#4445,#4447,.T.);
#4445 = VERTEX_POINT('',#4446);
#4446 = CARTESIAN_POINT('',(158.570526,-91.075899,1.545));
#4447 = LINE('',#4448,#4449);
#4448 = CARTESIAN_POINT('',(158.599989,-91.02888,1.545));
#4449 = VECTOR('',#4450,1.);
#4450 = DIRECTION('',(-0.530985139445,-0.847381131303,0.));
#4451 = ORIENTED_EDGE('',*,*,#4452,.F.);
#4452 = EDGE_CURVE('',#4453,#4445,#4455,.T.);
#4453 = VERTEX_POINT('',#4454);
#4454 = CARTESIAN_POINT('',(158.570526,-91.075899,1.51));
#4455 = LINE('',#4456,#4457);
#4456 = CARTESIAN_POINT('',(158.570526,-91.075899,1.51));
#4457 = VECTOR('',#4458,1.);
#4458 = DIRECTION('',(0.,0.,1.));
#4459 = ORIENTED_EDGE('',*,*,#4460,.F.);
#4460 = EDGE_CURVE('',#4422,#4453,#4461,.T.);
#4461 = LINE('',#4462,#4463);
#4462 = CARTESIAN_POINT('',(158.599989,-91.02888,1.51));
#4463 = VECTOR('',#4464,1.);
#4464 = DIRECTION('',(-0.530985139445,-0.847381131303,0.));
#4465 = PLANE('',#4466);
#4466 = AXIS2_PLACEMENT_3D('',#4467,#4468,#4469);
#4467 = CARTESIAN_POINT('',(158.599989,-91.02888,1.51));
#4468 = DIRECTION('',(0.847381131303,-0.530985139445,0.));
#4469 = DIRECTION('',(-0.530985139445,-0.847381131303,0.));
#4470 = ADVANCED_FACE('',(#4471),#4496,.T.);
#4471 = FACE_BOUND('',#4472,.T.);
#4472 = EDGE_LOOP('',(#4473,#4474,#4482,#4490));
#4473 = ORIENTED_EDGE('',*,*,#4452,.T.);
#4474 = ORIENTED_EDGE('',*,*,#4475,.T.);
#4475 = EDGE_CURVE('',#4445,#4476,#4478,.T.);
#4476 = VERTEX_POINT('',#4477);
#4477 = CARTESIAN_POINT('',(157.331019,-92.315406,1.545));
#4478 = LINE('',#4479,#4480);
#4479 = CARTESIAN_POINT('',(158.570526,-91.075899,1.545));
#4480 = VECTOR('',#4481,1.);
#4481 = DIRECTION('',(-0.707106781187,-0.707106781187,0.));
#4482 = ORIENTED_EDGE('',*,*,#4483,.F.);
#4483 = EDGE_CURVE('',#4484,#4476,#4486,.T.);
#4484 = VERTEX_POINT('',#4485);
#4485 = CARTESIAN_POINT('',(157.331019,-92.315406,1.51));
#4486 = LINE('',#4487,#4488);
#4487 = CARTESIAN_POINT('',(157.331019,-92.315406,1.51));
#4488 = VECTOR('',#4489,1.);
#4489 = DIRECTION('',(0.,0.,1.));
#4490 = ORIENTED_EDGE('',*,*,#4491,.F.);
#4491 = EDGE_CURVE('',#4453,#4484,#4492,.T.);
#4492 = LINE('',#4493,#4494);
#4493 = CARTESIAN_POINT('',(158.570526,-91.075899,1.51));
#4494 = VECTOR('',#4495,1.);
#4495 = DIRECTION('',(-0.707106781187,-0.707106781187,0.));
#4496 = PLANE('',#4497);
#4497 = AXIS2_PLACEMENT_3D('',#4498,#4499,#4500);
#4498 = CARTESIAN_POINT('',(158.570526,-91.075899,1.51));
#4499 = DIRECTION('',(0.707106781187,-0.707106781187,0.));
#4500 = DIRECTION('',(-0.707106781187,-0.707106781187,0.));
#4501 = ADVANCED_FACE('',(#4502),#4529,.T.);
#4502 = FACE_BOUND('',#4503,.T.);
#4503 = EDGE_LOOP('',(#4504,#4505,#4514,#4522));
#4504 = ORIENTED_EDGE('',*,*,#4483,.T.);
#4505 = ORIENTED_EDGE('',*,*,#4506,.T.);
#4506 = EDGE_CURVE('',#4476,#4507,#4509,.T.);
#4507 = VERTEX_POINT('',#4508);
#4508 = CARTESIAN_POINT('',(157.158073,-92.317757,1.545));
#4509 = CIRCLE('',#4510,0.123999146439);
#4510 = AXIS2_PLACEMENT_3D('',#4511,#4512,#4513);
#4511 = CARTESIAN_POINT('',(157.24333810748,-92.22772561789,1.545));
#4512 = DIRECTION('',(-0.,0.,-1.));
#4513 = DIRECTION('',(0.707108839315,-0.707104723052,-0.));
#4514 = ORIENTED_EDGE('',*,*,#4515,.F.);
#4515 = EDGE_CURVE('',#4516,#4507,#4518,.T.);
#4516 = VERTEX_POINT('',#4517);
#4517 = CARTESIAN_POINT('',(157.158073,-92.317757,1.51));
#4518 = LINE('',#4519,#4520);
#4519 = CARTESIAN_POINT('',(157.158073,-92.317757,1.51));
#4520 = VECTOR('',#4521,1.);
#4521 = DIRECTION('',(0.,0.,1.));
#4522 = ORIENTED_EDGE('',*,*,#4523,.F.);
#4523 = EDGE_CURVE('',#4484,#4516,#4524,.T.);
#4524 = CIRCLE('',#4525,0.123999146439);
#4525 = AXIS2_PLACEMENT_3D('',#4526,#4527,#4528);
#4526 = CARTESIAN_POINT('',(157.24333810748,-92.22772561789,1.51));
#4527 = DIRECTION('',(-0.,0.,-1.));
#4528 = DIRECTION('',(0.707108839315,-0.707104723052,-0.));
#4529 = CYLINDRICAL_SURFACE('',#4530,0.123999146439);
#4530 = AXIS2_PLACEMENT_3D('',#4531,#4532,#4533);
#4531 = CARTESIAN_POINT('',(157.24333810748,-92.22772561789,1.51));
#4532 = DIRECTION('',(-0.,0.,-1.));
#4533 = DIRECTION('',(0.707108839315,-0.707104723052,-0.));
#4534 = ADVANCED_FACE('',(#4535),#4560,.T.);
#4535 = FACE_BOUND('',#4536,.T.);
#4536 = EDGE_LOOP('',(#4537,#4538,#4546,#4554));
#4537 = ORIENTED_EDGE('',*,*,#4515,.T.);
#4538 = ORIENTED_EDGE('',*,*,#4539,.T.);
#4539 = EDGE_CURVE('',#4507,#4540,#4542,.T.);
#4540 = VERTEX_POINT('',#4541);
#4541 = CARTESIAN_POINT('',(156.928543,-92.109845,1.545));
#4542 = LINE('',#4543,#4544);
#4543 = CARTESIAN_POINT('',(157.158073,-92.317757,1.545));
#4544 = VECTOR('',#4545,1.);
#4545 = DIRECTION('',(-0.74114689718,0.671342890631,0.));
#4546 = ORIENTED_EDGE('',*,*,#4547,.F.);
#4547 = EDGE_CURVE('',#4548,#4540,#4550,.T.);
#4548 = VERTEX_POINT('',#4549);
#4549 = CARTESIAN_POINT('',(156.928543,-92.109845,1.51));
#4550 = LINE('',#4551,#4552);
#4551 = CARTESIAN_POINT('',(156.928543,-92.109845,1.51));
#4552 = VECTOR('',#4553,1.);
#4553 = DIRECTION('',(0.,0.,1.));
#4554 = ORIENTED_EDGE('',*,*,#4555,.F.);
#4555 = EDGE_CURVE('',#4516,#4548,#4556,.T.);
#4556 = LINE('',#4557,#4558);
#4557 = CARTESIAN_POINT('',(157.158073,-92.317757,1.51));
#4558 = VECTOR('',#4559,1.);
#4559 = DIRECTION('',(-0.74114689718,0.671342890631,0.));
#4560 = PLANE('',#4561);
#4561 = AXIS2_PLACEMENT_3D('',#4562,#4563,#4564);
#4562 = CARTESIAN_POINT('',(157.158073,-92.317757,1.51));
#4563 = DIRECTION('',(-0.671342890631,-0.74114689718,0.));
#4564 = DIRECTION('',(-0.74114689718,0.671342890631,0.));
#4565 = ADVANCED_FACE('',(#4566),#4593,.F.);
#4566 = FACE_BOUND('',#4567,.T.);
#4567 = EDGE_LOOP('',(#4568,#4569,#4578,#4586));
#4568 = ORIENTED_EDGE('',*,*,#4547,.T.);
#4569 = ORIENTED_EDGE('',*,*,#4570,.T.);
#4570 = EDGE_CURVE('',#4540,#4571,#4573,.T.);
#4571 = VERTEX_POINT('',#4572);
#4572 = CARTESIAN_POINT('',(150.370557,-89.506306,1.545));
#4573 = CIRCLE('',#4574,10.498721345333);
#4574 = AXIS2_PLACEMENT_3D('',#4575,#4576,#4577);
#4575 = CARTESIAN_POINT('',(150.00091823649,-99.99851821056,1.545));
#4576 = DIRECTION('',(0.,0.,1.));
#4577 = DIRECTION('',(0.659854141817,0.751393712728,-0.));
#4578 = ORIENTED_EDGE('',*,*,#4579,.F.);
#4579 = EDGE_CURVE('',#4580,#4571,#4582,.T.);
#4580 = VERTEX_POINT('',#4581);
#4581 = CARTESIAN_POINT('',(150.370557,-89.506306,1.51));
#4582 = LINE('',#4583,#4584);
#4583 = CARTESIAN_POINT('',(150.370557,-89.506306,1.51));
#4584 = VECTOR('',#4585,1.);
#4585 = DIRECTION('',(0.,0.,1.));
#4586 = ORIENTED_EDGE('',*,*,#4587,.F.);
#4587 = EDGE_CURVE('',#4548,#4580,#4588,.T.);
#4588 = CIRCLE('',#4589,10.498721345333);
#4589 = AXIS2_PLACEMENT_3D('',#4590,#4591,#4592);
#4590 = CARTESIAN_POINT('',(150.00091823649,-99.99851821056,1.51));
#4591 = DIRECTION('',(0.,0.,1.));
#4592 = DIRECTION('',(0.659854141817,0.751393712728,-0.));
#4593 = CYLINDRICAL_SURFACE('',#4594,10.498721345333);
#4594 = AXIS2_PLACEMENT_3D('',#4595,#4596,#4597);
#4595 = CARTESIAN_POINT('',(150.00091823649,-99.99851821056,1.51));
#4596 = DIRECTION('',(-0.,-0.,-1.));
#4597 = DIRECTION('',(0.659854141817,0.751393712728,-0.));
#4598 = ADVANCED_FACE('',(#4599),#4624,.T.);
#4599 = FACE_BOUND('',#4600,.T.);
#4600 = EDGE_LOOP('',(#4601,#4602,#4610,#4618));
#4601 = ORIENTED_EDGE('',*,*,#4579,.T.);
#4602 = ORIENTED_EDGE('',*,*,#4603,.T.);
#4603 = EDGE_CURVE('',#4571,#4604,#4606,.T.);
#4604 = VERTEX_POINT('',#4605);
#4605 = CARTESIAN_POINT('',(150.304083,-89.484796,1.545));
#4606 = LINE('',#4607,#4608);
#4607 = CARTESIAN_POINT('',(150.370557,-89.506306,1.545));
#4608 = VECTOR('',#4609,1.);
#4609 = DIRECTION('',(-0.951428982857,0.307868300708,0.));
#4610 = ORIENTED_EDGE('',*,*,#4611,.F.);
#4611 = EDGE_CURVE('',#4612,#4604,#4614,.T.);
#4612 = VERTEX_POINT('',#4613);
#4613 = CARTESIAN_POINT('',(150.304083,-89.484796,1.51));
#4614 = LINE('',#4615,#4616);
#4615 = CARTESIAN_POINT('',(150.304083,-89.484796,1.51));
#4616 = VECTOR('',#4617,1.);
#4617 = DIRECTION('',(0.,0.,1.));
#4618 = ORIENTED_EDGE('',*,*,#4619,.F.);
#4619 = EDGE_CURVE('',#4580,#4612,#4620,.T.);
#4620 = LINE('',#4621,#4622);
#4621 = CARTESIAN_POINT('',(150.370557,-89.506306,1.51));
#4622 = VECTOR('',#4623,1.);
#4623 = DIRECTION('',(-0.951428982857,0.307868300708,0.));
#4624 = PLANE('',#4625);
#4625 = AXIS2_PLACEMENT_3D('',#4626,#4627,#4628);
#4626 = CARTESIAN_POINT('',(150.370557,-89.506306,1.51));
#4627 = DIRECTION('',(-0.307868300708,-0.951428982857,0.));
#4628 = DIRECTION('',(-0.951428982857,0.307868300708,0.));
#4629 = ADVANCED_FACE('',(#4630),#4655,.T.);
#4630 = FACE_BOUND('',#4631,.T.);
#4631 = EDGE_LOOP('',(#4632,#4633,#4641,#4649));
#4632 = ORIENTED_EDGE('',*,*,#4611,.T.);
#4633 = ORIENTED_EDGE('',*,*,#4634,.T.);
#4634 = EDGE_CURVE('',#4604,#4635,#4637,.T.);
#4635 = VERTEX_POINT('',#4636);
#4636 = CARTESIAN_POINT('',(150.259789,-89.43076,1.545));
#4637 = LINE('',#4638,#4639);
#4638 = CARTESIAN_POINT('',(150.304083,-89.484796,1.545));
#4639 = VECTOR('',#4640,1.);
#4640 = DIRECTION('',(-0.633946760087,0.773376690479,0.));
#4641 = ORIENTED_EDGE('',*,*,#4642,.F.);
#4642 = EDGE_CURVE('',#4643,#4635,#4645,.T.);
#4643 = VERTEX_POINT('',#4644);
#4644 = CARTESIAN_POINT('',(150.259789,-89.43076,1.51));
#4645 = LINE('',#4646,#4647);
#4646 = CARTESIAN_POINT('',(150.259789,-89.43076,1.51));
#4647 = VECTOR('',#4648,1.);
#4648 = DIRECTION('',(0.,0.,1.));
#4649 = ORIENTED_EDGE('',*,*,#4650,.F.);
#4650 = EDGE_CURVE('',#4612,#4643,#4651,.T.);
#4651 = LINE('',#4652,#4653);
#4652 = CARTESIAN_POINT('',(150.304083,-89.484796,1.51));
#4653 = VECTOR('',#4654,1.);
#4654 = DIRECTION('',(-0.633946760087,0.773376690479,0.));
#4655 = PLANE('',#4656);
#4656 = AXIS2_PLACEMENT_3D('',#4657,#4658,#4659);
#4657 = CARTESIAN_POINT('',(150.304083,-89.484796,1.51));
#4658 = DIRECTION('',(-0.773376690479,-0.633946760087,0.));
#4659 = DIRECTION('',(-0.633946760087,0.773376690479,0.));
#4660 = ADVANCED_FACE('',(#4661),#4686,.T.);
#4661 = FACE_BOUND('',#4662,.T.);
#4662 = EDGE_LOOP('',(#4663,#4664,#4672,#4680));
#4663 = ORIENTED_EDGE('',*,*,#4642,.T.);
#4664 = ORIENTED_EDGE('',*,*,#4665,.T.);
#4665 = EDGE_CURVE('',#4635,#4666,#4668,.T.);
#4666 = VERTEX_POINT('',#4667);
#4667 = CARTESIAN_POINT('',(150.24995,-89.382353,1.545));
#4668 = LINE('',#4669,#4670);
#4669 = CARTESIAN_POINT('',(150.259789,-89.43076,1.545));
#4670 = VECTOR('',#4671,1.);
#4671 = DIRECTION('',(-0.199182954463,0.979962321037,0.));
#4672 = ORIENTED_EDGE('',*,*,#4673,.F.);
#4673 = EDGE_CURVE('',#4674,#4666,#4676,.T.);
#4674 = VERTEX_POINT('',#4675);
#4675 = CARTESIAN_POINT('',(150.24995,-89.382353,1.51));
#4676 = LINE('',#4677,#4678);
#4677 = CARTESIAN_POINT('',(150.24995,-89.382353,1.51));
#4678 = VECTOR('',#4679,1.);
#4679 = DIRECTION('',(0.,0.,1.));
#4680 = ORIENTED_EDGE('',*,*,#4681,.F.);
#4681 = EDGE_CURVE('',#4643,#4674,#4682,.T.);
#4682 = LINE('',#4683,#4684);
#4683 = CARTESIAN_POINT('',(150.259789,-89.43076,1.51));
#4684 = VECTOR('',#4685,1.);
#4685 = DIRECTION('',(-0.199182954463,0.979962321037,0.));
#4686 = PLANE('',#4687);
#4687 = AXIS2_PLACEMENT_3D('',#4688,#4689,#4690);
#4688 = CARTESIAN_POINT('',(150.259789,-89.43076,1.51));
#4689 = DIRECTION('',(-0.979962321037,-0.199182954463,0.));
#4690 = DIRECTION('',(-0.199182954463,0.979962321037,0.));
#4691 = ADVANCED_FACE('',(#4692),#4708,.T.);
#4692 = FACE_BOUND('',#4693,.T.);
#4693 = EDGE_LOOP('',(#4694,#4695,#4701,#4702));
#4694 = ORIENTED_EDGE('',*,*,#4673,.T.);
#4695 = ORIENTED_EDGE('',*,*,#4696,.T.);
#4696 = EDGE_CURVE('',#4666,#4214,#4697,.T.);
#4697 = LINE('',#4698,#4699);
#4698 = CARTESIAN_POINT('',(150.24995,-89.382353,1.545));
#4699 = VECTOR('',#4700,1.);
#4700 = DIRECTION('',(0.,1.,0.));
#4701 = ORIENTED_EDGE('',*,*,#4211,.F.);
#4702 = ORIENTED_EDGE('',*,*,#4703,.F.);
#4703 = EDGE_CURVE('',#4674,#4212,#4704,.T.);
#4704 = LINE('',#4705,#4706);
#4705 = CARTESIAN_POINT('',(150.24995,-89.382353,1.51));
#4706 = VECTOR('',#4707,1.);
#4707 = DIRECTION('',(0.,1.,0.));
#4708 = PLANE('',#4709);
#4709 = AXIS2_PLACEMENT_3D('',#4710,#4711,#4712);
#4710 = CARTESIAN_POINT('',(150.24995,-89.382353,1.51));
#4711 = DIRECTION('',(-1.,0.,0.));
#4712 = DIRECTION('',(0.,1.,0.));
#4713 = ADVANCED_FACE('',(#4714),#4732,.F.);
#4714 = FACE_BOUND('',#4715,.T.);
#4715 = EDGE_LOOP('',(#4716,#4717,#4718,#4719,#4720,#4721,#4722,#4723,
    #4724,#4725,#4726,#4727,#4728,#4729,#4730,#4731));
#4716 = ORIENTED_EDGE('',*,*,#4238,.T.);
#4717 = ORIENTED_EDGE('',*,*,#4270,.T.);
#4718 = ORIENTED_EDGE('',*,*,#4302,.T.);
#4719 = ORIENTED_EDGE('',*,*,#4334,.T.);
#4720 = ORIENTED_EDGE('',*,*,#4366,.T.);
#4721 = ORIENTED_EDGE('',*,*,#4398,.T.);
#4722 = ORIENTED_EDGE('',*,*,#4429,.T.);
#4723 = ORIENTED_EDGE('',*,*,#4460,.T.);
#4724 = ORIENTED_EDGE('',*,*,#4491,.T.);
#4725 = ORIENTED_EDGE('',*,*,#4523,.T.);
#4726 = ORIENTED_EDGE('',*,*,#4555,.T.);
#4727 = ORIENTED_EDGE('',*,*,#4587,.T.);
#4728 = ORIENTED_EDGE('',*,*,#4619,.T.);
#4729 = ORIENTED_EDGE('',*,*,#4650,.T.);
#4730 = ORIENTED_EDGE('',*,*,#4681,.T.);
#4731 = ORIENTED_EDGE('',*,*,#4703,.T.);
#4732 = PLANE('',#4733);
#4733 = AXIS2_PLACEMENT_3D('',#4734,#4735,#4736);
#4734 = CARTESIAN_POINT('',(0.,0.,1.51));
#4735 = DIRECTION('',(0.,0.,1.));
#4736 = DIRECTION('',(1.,0.,-0.));
#4737 = ADVANCED_FACE('',(#4738),#4756,.T.);
#4738 = FACE_BOUND('',#4739,.F.);
#4739 = EDGE_LOOP('',(#4740,#4741,#4742,#4743,#4744,#4745,#4746,#4747,
    #4748,#4749,#4750,#4751,#4752,#4753,#4754,#4755));
#4740 = ORIENTED_EDGE('',*,*,#4221,.T.);
#4741 = ORIENTED_EDGE('',*,*,#4254,.T.);
#4742 = ORIENTED_EDGE('',*,*,#4285,.T.);
#4743 = ORIENTED_EDGE('',*,*,#4318,.T.);
#4744 = ORIENTED_EDGE('',*,*,#4349,.T.);
#4745 = ORIENTED_EDGE('',*,*,#4382,.T.);
#4746 = ORIENTED_EDGE('',*,*,#4413,.T.);
#4747 = ORIENTED_EDGE('',*,*,#4444,.T.);
#4748 = ORIENTED_EDGE('',*,*,#4475,.T.);
#4749 = ORIENTED_EDGE('',*,*,#4506,.T.);
#4750 = ORIENTED_EDGE('',*,*,#4539,.T.);
#4751 = ORIENTED_EDGE('',*,*,#4570,.T.);
#4752 = ORIENTED_EDGE('',*,*,#4603,.T.);
#4753 = ORIENTED_EDGE('',*,*,#4634,.T.);
#4754 = ORIENTED_EDGE('',*,*,#4665,.T.);
#4755 = ORIENTED_EDGE('',*,*,#4696,.T.);
#4756 = PLANE('',#4757);
#4757 = AXIS2_PLACEMENT_3D('',#4758,#4759,#4760);
#4758 = CARTESIAN_POINT('',(0.,0.,1.545));
#4759 = DIRECTION('',(0.,0.,1.));
#4760 = DIRECTION('',(1.,0.,-0.));
#4761 = ( GEOMETRIC_REPRESENTATION_CONTEXT(3) 
GLOBAL_UNCERTAINTY_ASSIGNED_CONTEXT((#4765)) 
GLOBAL_UNIT_ASSIGNED_CONTEXT((#4762,#4763,#4764)) REPRESENTATION_CONTEXT
('Context #1','3D Context with UNIT and UNCERTAINTY') );
#4762 = ( LENGTH_UNIT() NAMED_UNIT(*) SI_UNIT(.MILLI.,.METRE.) );
#4763 = ( NAMED_UNIT(*) PLANE_ANGLE_UNIT() SI_UNIT($,.RADIAN.) );
#4764 = ( NAMED_UNIT(*) SI_UNIT($,.STERADIAN.) SOLID_ANGLE_UNIT() );
#4765 = UNCERTAINTY_MEASURE_WITH_UNIT(LENGTH_MEASURE(1.E-07),#4762,
  'distance_accuracy_value','confusion accuracy');
#4766 = SHAPE_DEFINITION_REPRESENTATION(#4767,#881);
#4767 = PRODUCT_DEFINITION_SHAPE('','',#4768);
#4768 = PRODUCT_DEFINITION('design','',#4769,#4772);
#4769 = PRODUCT_DEFINITION_FORMATION('','',#4770);
#4770 = PRODUCT('mounted_cap_sense_v2_25mm_copper',
  'mounted_cap_sense_v2_25mm_copper','',(#4771));
#4771 = PRODUCT_CONTEXT('',#2,'mechanical');
#4772 = PRODUCT_DEFINITION_CONTEXT('part definition',#2,'design');
#4773 = CONTEXT_DEPENDENT_SHAPE_REPRESENTATION(#4774,#4776);
#4774 = ( REPRESENTATION_RELATIONSHIP('','',#881,#10) 
REPRESENTATION_RELATIONSHIP_WITH_TRANSFORMATION(#4775) 
SHAPE_REPRESENTATION_RELATIONSHIP() );
#4775 = ITEM_DEFINED_TRANSFORMATION('','',#11,#47);
#4776 = PRODUCT_DEFINITION_SHAPE('Placement','Placement of an item',
  #4777);
#4777 = NEXT_ASSEMBLY_USAGE_OCCURRENCE('9','','',#5,#4768,$);
#4778 = PRODUCT_RELATED_PRODUCT_CATEGORY('part',$,(#4770));
#4779 = SHAPE_REPRESENTATION('',(#11,#4780,#4969,#5158,#5250,#5439,#5628
    ,#5720,#5909,#6098,#6190,#6379,#6568,#6660,#6849,#7038,#7130,#7319,
    #7508,#7600,#7789,#7978,#8070,#8259,#8448),#8540);
#4780 = MANIFOLD_SOLID_BREP('',#4781);
#4781 = CLOSED_SHELL('',(#4782,#4822,#4853,#4884,#4912,#4940,#4952));
#4782 = ADVANCED_FACE('',(#4783),#4817,.T.);
#4783 = FACE_BOUND('',#4784,.T.);
#4784 = EDGE_LOOP('',(#4785,#4795,#4803,#4811));
#4785 = ORIENTED_EDGE('',*,*,#4786,.T.);
#4786 = EDGE_CURVE('',#4787,#4789,#4791,.T.);
#4787 = VERTEX_POINT('',#4788);
#4788 = CARTESIAN_POINT('',(144.182365,-88.176296,1.51));
#4789 = VERTEX_POINT('',#4790);
#4790 = CARTESIAN_POINT('',(144.182365,-88.176296,1.55));
#4791 = LINE('',#4792,#4793);
#4792 = CARTESIAN_POINT('',(144.182365,-88.176296,1.51));
#4793 = VECTOR('',#4794,1.);
#4794 = DIRECTION('',(0.,0.,1.));
#4795 = ORIENTED_EDGE('',*,*,#4796,.T.);
#4796 = EDGE_CURVE('',#4789,#4797,#4799,.T.);
#4797 = VERTEX_POINT('',#4798);
#4798 = CARTESIAN_POINT('',(143.531803,-86.6057,1.55));
#4799 = LINE('',#4800,#4801);
#4800 = CARTESIAN_POINT('',(144.182365,-88.176296,1.55));
#4801 = VECTOR('',#4802,1.);
#4802 = DIRECTION('',(-0.382683349917,0.923879566662,0.));
#4803 = ORIENTED_EDGE('',*,*,#4804,.F.);
#4804 = EDGE_CURVE('',#4805,#4797,#4807,.T.);
#4805 = VERTEX_POINT('',#4806);
#4806 = CARTESIAN_POINT('',(143.531803,-86.6057,1.51));
#4807 = LINE('',#4808,#4809);
#4808 = CARTESIAN_POINT('',(143.531803,-86.6057,1.51));
#4809 = VECTOR('',#4810,1.);
#4810 = DIRECTION('',(0.,0.,1.));
#4811 = ORIENTED_EDGE('',*,*,#4812,.F.);
#4812 = EDGE_CURVE('',#4787,#4805,#4813,.T.);
#4813 = LINE('',#4814,#4815);
#4814 = CARTESIAN_POINT('',(144.182365,-88.176296,1.51));
#4815 = VECTOR('',#4816,1.);
#4816 = DIRECTION('',(-0.382683349917,0.923879566662,0.));
#4817 = PLANE('',#4818);
#4818 = AXIS2_PLACEMENT_3D('',#4819,#4820,#4821);
#4819 = CARTESIAN_POINT('',(144.182365,-88.176296,1.51));
#4820 = DIRECTION('',(-0.923879566662,-0.382683349917,0.));
#4821 = DIRECTION('',(-0.382683349917,0.923879566662,0.));
#4822 = ADVANCED_FACE('',(#4823),#4848,.T.);
#4823 = FACE_BOUND('',#4824,.T.);
#4824 = EDGE_LOOP('',(#4825,#4835,#4841,#4842));
#4825 = ORIENTED_EDGE('',*,*,#4826,.T.);
#4826 = EDGE_CURVE('',#4827,#4829,#4831,.T.);
#4827 = VERTEX_POINT('',#4828);
#4828 = CARTESIAN_POINT('',(145.752961,-87.525734,1.51));
#4829 = VERTEX_POINT('',#4830);
#4830 = CARTESIAN_POINT('',(145.752961,-87.525734,1.55));
#4831 = LINE('',#4832,#4833);
#4832 = CARTESIAN_POINT('',(145.752961,-87.525734,1.51));
#4833 = VECTOR('',#4834,1.);
#4834 = DIRECTION('',(0.,0.,1.));
#4835 = ORIENTED_EDGE('',*,*,#4836,.T.);
#4836 = EDGE_CURVE('',#4829,#4789,#4837,.T.);
#4837 = LINE('',#4838,#4839);
#4838 = CARTESIAN_POINT('',(145.752961,-87.525734,1.55));
#4839 = VECTOR('',#4840,1.);
#4840 = DIRECTION('',(-0.923879566662,-0.382683349917,0.));
#4841 = ORIENTED_EDGE('',*,*,#4786,.F.);
#4842 = ORIENTED_EDGE('',*,*,#4843,.F.);
#4843 = EDGE_CURVE('',#4827,#4787,#4844,.T.);
#4844 = LINE('',#4845,#4846);
#4845 = CARTESIAN_POINT('',(145.752961,-87.525734,1.51));
#4846 = VECTOR('',#4847,1.);
#4847 = DIRECTION('',(-0.923879566662,-0.382683349917,0.));
#4848 = PLANE('',#4849);
#4849 = AXIS2_PLACEMENT_3D('',#4850,#4851,#4852);
#4850 = CARTESIAN_POINT('',(145.752961,-87.525734,1.51));
#4851 = DIRECTION('',(0.382683349917,-0.923879566662,0.));
#4852 = DIRECTION('',(-0.923879566662,-0.382683349917,0.));
#4853 = ADVANCED_FACE('',(#4854),#4879,.T.);
#4854 = FACE_BOUND('',#4855,.T.);
#4855 = EDGE_LOOP('',(#4856,#4857,#4865,#4873));
#4856 = ORIENTED_EDGE('',*,*,#4804,.T.);
#4857 = ORIENTED_EDGE('',*,*,#4858,.T.);
#4858 = EDGE_CURVE('',#4797,#4859,#4861,.T.);
#4859 = VERTEX_POINT('',#4860);
#4860 = CARTESIAN_POINT('',(145.102399,-85.955138,1.55));
#4861 = LINE('',#4862,#4863);
#4862 = CARTESIAN_POINT('',(143.531803,-86.6057,1.55));
#4863 = VECTOR('',#4864,1.);
#4864 = DIRECTION('',(0.923879566662,0.382683349917,0.));
#4865 = ORIENTED_EDGE('',*,*,#4866,.F.);
#4866 = EDGE_CURVE('',#4867,#4859,#4869,.T.);
#4867 = VERTEX_POINT('',#4868);
#4868 = CARTESIAN_POINT('',(145.102399,-85.955138,1.51));
#4869 = LINE('',#4870,#4871);
#4870 = CARTESIAN_POINT('',(145.102399,-85.955138,1.51));
#4871 = VECTOR('',#4872,1.);
#4872 = DIRECTION('',(0.,0.,1.));
#4873 = ORIENTED_EDGE('',*,*,#4874,.F.);
#4874 = EDGE_CURVE('',#4805,#4867,#4875,.T.);
#4875 = LINE('',#4876,#4877);
#4876 = CARTESIAN_POINT('',(143.531803,-86.6057,1.51));
#4877 = VECTOR('',#4878,1.);
#4878 = DIRECTION('',(0.923879566662,0.382683349917,0.));
#4879 = PLANE('',#4880);
#4880 = AXIS2_PLACEMENT_3D('',#4881,#4882,#4883);
#4881 = CARTESIAN_POINT('',(143.531803,-86.6057,1.51));
#4882 = DIRECTION('',(-0.382683349917,0.923879566662,0.));
#4883 = DIRECTION('',(0.923879566662,0.382683349917,0.));
#4884 = ADVANCED_FACE('',(#4885,#4896),#4907,.F.);
#4885 = FACE_BOUND('',#4886,.F.);
#4886 = EDGE_LOOP('',(#4887,#4888,#4889,#4895));
#4887 = ORIENTED_EDGE('',*,*,#4812,.F.);
#4888 = ORIENTED_EDGE('',*,*,#4843,.F.);
#4889 = ORIENTED_EDGE('',*,*,#4890,.F.);
#4890 = EDGE_CURVE('',#4867,#4827,#4891,.T.);
#4891 = LINE('',#4892,#4893);
#4892 = CARTESIAN_POINT('',(145.102399,-85.955138,1.51));
#4893 = VECTOR('',#4894,1.);
#4894 = DIRECTION('',(0.382683349917,-0.923879566662,0.));
#4895 = ORIENTED_EDGE('',*,*,#4874,.F.);
#4896 = FACE_BOUND('',#4897,.F.);
#4897 = EDGE_LOOP('',(#4898));
#4898 = ORIENTED_EDGE('',*,*,#4899,.T.);
#4899 = EDGE_CURVE('',#4900,#4900,#4902,.T.);
#4900 = VERTEX_POINT('',#4901);
#4901 = CARTESIAN_POINT('',(144.642382,-87.540717,1.51));
#4902 = CIRCLE('',#4903,0.475);
#4903 = AXIS2_PLACEMENT_3D('',#4904,#4905,#4906);
#4904 = CARTESIAN_POINT('',(144.642382,-87.065717,1.51));
#4905 = DIRECTION('',(-0.,0.,-1.));
#4906 = DIRECTION('',(-0.,-1.,0.));
#4907 = PLANE('',#4908);
#4908 = AXIS2_PLACEMENT_3D('',#4909,#4910,#4911);
#4909 = CARTESIAN_POINT('',(0.,0.,1.51));
#4910 = DIRECTION('',(0.,0.,1.));
#4911 = DIRECTION('',(1.,0.,-0.));
#4912 = ADVANCED_FACE('',(#4913,#4924),#4935,.T.);
#4913 = FACE_BOUND('',#4914,.T.);
#4914 = EDGE_LOOP('',(#4915,#4916,#4917,#4923));
#4915 = ORIENTED_EDGE('',*,*,#4796,.F.);
#4916 = ORIENTED_EDGE('',*,*,#4836,.F.);
#4917 = ORIENTED_EDGE('',*,*,#4918,.F.);
#4918 = EDGE_CURVE('',#4859,#4829,#4919,.T.);
#4919 = LINE('',#4920,#4921);
#4920 = CARTESIAN_POINT('',(145.102399,-85.955138,1.55));
#4921 = VECTOR('',#4922,1.);
#4922 = DIRECTION('',(0.382683349917,-0.923879566662,0.));
#4923 = ORIENTED_EDGE('',*,*,#4858,.F.);
#4924 = FACE_BOUND('',#4925,.T.);
#4925 = EDGE_LOOP('',(#4926));
#4926 = ORIENTED_EDGE('',*,*,#4927,.T.);
#4927 = EDGE_CURVE('',#4928,#4928,#4930,.T.);
#4928 = VERTEX_POINT('',#4929);
#4929 = CARTESIAN_POINT('',(144.642382,-87.540717,1.55));
#4930 = CIRCLE('',#4931,0.475);
#4931 = AXIS2_PLACEMENT_3D('',#4932,#4933,#4934);
#4932 = CARTESIAN_POINT('',(144.642382,-87.065717,1.55));
#4933 = DIRECTION('',(-0.,0.,-1.));
#4934 = DIRECTION('',(-0.,-1.,0.));
#4935 = PLANE('',#4936);
#4936 = AXIS2_PLACEMENT_3D('',#4937,#4938,#4939);
#4937 = CARTESIAN_POINT('',(0.,0.,1.55));
#4938 = DIRECTION('',(0.,0.,1.));
#4939 = DIRECTION('',(1.,0.,-0.));
#4940 = ADVANCED_FACE('',(#4941),#4947,.T.);
#4941 = FACE_BOUND('',#4942,.T.);
#4942 = EDGE_LOOP('',(#4943,#4944,#4945,#4946));
#4943 = ORIENTED_EDGE('',*,*,#4866,.T.);
#4944 = ORIENTED_EDGE('',*,*,#4918,.T.);
#4945 = ORIENTED_EDGE('',*,*,#4826,.F.);
#4946 = ORIENTED_EDGE('',*,*,#4890,.F.);
#4947 = PLANE('',#4948);
#4948 = AXIS2_PLACEMENT_3D('',#4949,#4950,#4951);
#4949 = CARTESIAN_POINT('',(145.102399,-85.955138,1.51));
#4950 = DIRECTION('',(0.923879566662,0.382683349917,-0.));
#4951 = DIRECTION('',(0.382683349917,-0.923879566662,0.));
#4952 = ADVANCED_FACE('',(#4953),#4964,.F.);
#4953 = FACE_BOUND('',#4954,.T.);
#4954 = EDGE_LOOP('',(#4955,#4956,#4962,#4963));
#4955 = ORIENTED_EDGE('',*,*,#4899,.T.);
#4956 = ORIENTED_EDGE('',*,*,#4957,.T.);
#4957 = EDGE_CURVE('',#4900,#4928,#4958,.T.);
#4958 = LINE('',#4959,#4960);
#4959 = CARTESIAN_POINT('',(144.642382,-87.540717,-4.6E-02));
#4960 = VECTOR('',#4961,1.);
#4961 = DIRECTION('',(0.,0.,1.));
#4962 = ORIENTED_EDGE('',*,*,#4927,.F.);
#4963 = ORIENTED_EDGE('',*,*,#4957,.F.);
#4964 = CYLINDRICAL_SURFACE('',#4965,0.475);
#4965 = AXIS2_PLACEMENT_3D('',#4966,#4967,#4968);
#4966 = CARTESIAN_POINT('',(144.642382,-87.065717,-4.6E-02));
#4967 = DIRECTION('',(-0.,-0.,-1.));
#4968 = DIRECTION('',(-0.,-1.,0.));
#4969 = MANIFOLD_SOLID_BREP('',#4970);
#4970 = CLOSED_SHELL('',(#4971,#5011,#5042,#5073,#5101,#5129,#5141));
#4971 = ADVANCED_FACE('',(#4972),#5006,.F.);
#4972 = FACE_BOUND('',#4973,.F.);
#4973 = EDGE_LOOP('',(#4974,#4984,#4992,#5000));
#4974 = ORIENTED_EDGE('',*,*,#4975,.T.);
#4975 = EDGE_CURVE('',#4976,#4978,#4980,.T.);
#4976 = VERTEX_POINT('',#4977);
#4977 = CARTESIAN_POINT('',(144.182365,-88.176296,0.));
#4978 = VERTEX_POINT('',#4979);
#4979 = CARTESIAN_POINT('',(144.182365,-88.176296,-4.E-02));
#4980 = LINE('',#4981,#4982);
#4981 = CARTESIAN_POINT('',(144.182365,-88.176296,0.));
#4982 = VECTOR('',#4983,1.);
#4983 = DIRECTION('',(0.,0.,-1.));
#4984 = ORIENTED_EDGE('',*,*,#4985,.T.);
#4985 = EDGE_CURVE('',#4978,#4986,#4988,.T.);
#4986 = VERTEX_POINT('',#4987);
#4987 = CARTESIAN_POINT('',(143.531803,-86.6057,-4.E-02));
#4988 = LINE('',#4989,#4990);
#4989 = CARTESIAN_POINT('',(144.182365,-88.176296,-4.E-02));
#4990 = VECTOR('',#4991,1.);
#4991 = DIRECTION('',(-0.382683349917,0.923879566662,0.));
#4992 = ORIENTED_EDGE('',*,*,#4993,.F.);
#4993 = EDGE_CURVE('',#4994,#4986,#4996,.T.);
#4994 = VERTEX_POINT('',#4995);
#4995 = CARTESIAN_POINT('',(143.531803,-86.6057,0.));
#4996 = LINE('',#4997,#4998);
#4997 = CARTESIAN_POINT('',(143.531803,-86.6057,0.));
#4998 = VECTOR('',#4999,1.);
#4999 = DIRECTION('',(0.,0.,-1.));
#5000 = ORIENTED_EDGE('',*,*,#5001,.F.);
#5001 = EDGE_CURVE('',#4976,#4994,#5002,.T.);
#5002 = LINE('',#5003,#5004);
#5003 = CARTESIAN_POINT('',(144.182365,-88.176296,0.));
#5004 = VECTOR('',#5005,1.);
#5005 = DIRECTION('',(-0.382683349917,0.923879566662,0.));
#5006 = PLANE('',#5007);
#5007 = AXIS2_PLACEMENT_3D('',#5008,#5009,#5010);
#5008 = CARTESIAN_POINT('',(144.182365,-88.176296,0.));
#5009 = DIRECTION('',(0.923879566662,0.382683349917,0.));
#5010 = DIRECTION('',(-0.382683349917,0.923879566662,0.));
#5011 = ADVANCED_FACE('',(#5012),#5037,.F.);
#5012 = FACE_BOUND('',#5013,.F.);
#5013 = EDGE_LOOP('',(#5014,#5024,#5030,#5031));
#5014 = ORIENTED_EDGE('',*,*,#5015,.T.);
#5015 = EDGE_CURVE('',#5016,#5018,#5020,.T.);
#5016 = VERTEX_POINT('',#5017);
#5017 = CARTESIAN_POINT('',(145.752961,-87.525734,0.));
#5018 = VERTEX_POINT('',#5019);
#5019 = CARTESIAN_POINT('',(145.752961,-87.525734,-4.E-02));
#5020 = LINE('',#5021,#5022);
#5021 = CARTESIAN_POINT('',(145.752961,-87.525734,0.));
#5022 = VECTOR('',#5023,1.);
#5023 = DIRECTION('',(0.,0.,-1.));
#5024 = ORIENTED_EDGE('',*,*,#5025,.T.);
#5025 = EDGE_CURVE('',#5018,#4978,#5026,.T.);
#5026 = LINE('',#5027,#5028);
#5027 = CARTESIAN_POINT('',(145.752961,-87.525734,-4.E-02));
#5028 = VECTOR('',#5029,1.);
#5029 = DIRECTION('',(-0.923879566662,-0.382683349917,0.));
#5030 = ORIENTED_EDGE('',*,*,#4975,.F.);
#5031 = ORIENTED_EDGE('',*,*,#5032,.F.);
#5032 = EDGE_CURVE('',#5016,#4976,#5033,.T.);
#5033 = LINE('',#5034,#5035);
#5034 = CARTESIAN_POINT('',(145.752961,-87.525734,0.));
#5035 = VECTOR('',#5036,1.);
#5036 = DIRECTION('',(-0.923879566662,-0.382683349917,0.));
#5037 = PLANE('',#5038);
#5038 = AXIS2_PLACEMENT_3D('',#5039,#5040,#5041);
#5039 = CARTESIAN_POINT('',(145.752961,-87.525734,0.));
#5040 = DIRECTION('',(-0.382683349917,0.923879566662,0.));
#5041 = DIRECTION('',(-0.923879566662,-0.382683349917,0.));
#5042 = ADVANCED_FACE('',(#5043),#5068,.F.);
#5043 = FACE_BOUND('',#5044,.F.);
#5044 = EDGE_LOOP('',(#5045,#5046,#5054,#5062));
#5045 = ORIENTED_EDGE('',*,*,#4993,.T.);
#5046 = ORIENTED_EDGE('',*,*,#5047,.T.);
#5047 = EDGE_CURVE('',#4986,#5048,#5050,.T.);
#5048 = VERTEX_POINT('',#5049);
#5049 = CARTESIAN_POINT('',(145.102399,-85.955138,-4.E-02));
#5050 = LINE('',#5051,#5052);
#5051 = CARTESIAN_POINT('',(143.531803,-86.6057,-4.E-02));
#5052 = VECTOR('',#5053,1.);
#5053 = DIRECTION('',(0.923879566662,0.382683349917,0.));
#5054 = ORIENTED_EDGE('',*,*,#5055,.F.);
#5055 = EDGE_CURVE('',#5056,#5048,#5058,.T.);
#5056 = VERTEX_POINT('',#5057);
#5057 = CARTESIAN_POINT('',(145.102399,-85.955138,0.));
#5058 = LINE('',#5059,#5060);
#5059 = CARTESIAN_POINT('',(145.102399,-85.955138,0.));
#5060 = VECTOR('',#5061,1.);
#5061 = DIRECTION('',(0.,0.,-1.));
#5062 = ORIENTED_EDGE('',*,*,#5063,.F.);
#5063 = EDGE_CURVE('',#4994,#5056,#5064,.T.);
#5064 = LINE('',#5065,#5066);
#5065 = CARTESIAN_POINT('',(143.531803,-86.6057,0.));
#5066 = VECTOR('',#5067,1.);
#5067 = DIRECTION('',(0.923879566662,0.382683349917,0.));
#5068 = PLANE('',#5069);
#5069 = AXIS2_PLACEMENT_3D('',#5070,#5071,#5072);
#5070 = CARTESIAN_POINT('',(143.531803,-86.6057,0.));
#5071 = DIRECTION('',(0.382683349917,-0.923879566662,0.));
#5072 = DIRECTION('',(0.923879566662,0.382683349917,0.));
#5073 = ADVANCED_FACE('',(#5074,#5085),#5096,.F.);
#5074 = FACE_BOUND('',#5075,.F.);
#5075 = EDGE_LOOP('',(#5076,#5077,#5078,#5084));
#5076 = ORIENTED_EDGE('',*,*,#5001,.T.);
#5077 = ORIENTED_EDGE('',*,*,#5063,.T.);
#5078 = ORIENTED_EDGE('',*,*,#5079,.T.);
#5079 = EDGE_CURVE('',#5056,#5016,#5080,.T.);
#5080 = LINE('',#5081,#5082);
#5081 = CARTESIAN_POINT('',(145.102399,-85.955138,0.));
#5082 = VECTOR('',#5083,1.);
#5083 = DIRECTION('',(0.382683349917,-0.923879566662,0.));
#5084 = ORIENTED_EDGE('',*,*,#5032,.T.);
#5085 = FACE_BOUND('',#5086,.F.);
#5086 = EDGE_LOOP('',(#5087));
#5087 = ORIENTED_EDGE('',*,*,#5088,.F.);
#5088 = EDGE_CURVE('',#5089,#5089,#5091,.T.);
#5089 = VERTEX_POINT('',#5090);
#5090 = CARTESIAN_POINT('',(144.642382,-87.540717,0.));
#5091 = CIRCLE('',#5092,0.475);
#5092 = AXIS2_PLACEMENT_3D('',#5093,#5094,#5095);
#5093 = CARTESIAN_POINT('',(144.642382,-87.065717,0.));
#5094 = DIRECTION('',(-0.,0.,-1.));
#5095 = DIRECTION('',(-0.,-1.,0.));
#5096 = PLANE('',#5097);
#5097 = AXIS2_PLACEMENT_3D('',#5098,#5099,#5100);
#5098 = CARTESIAN_POINT('',(0.,0.,0.));
#5099 = DIRECTION('',(-0.,-0.,-1.));
#5100 = DIRECTION('',(-1.,0.,0.));
#5101 = ADVANCED_FACE('',(#5102,#5113),#5124,.T.);
#5102 = FACE_BOUND('',#5103,.T.);
#5103 = EDGE_LOOP('',(#5104,#5105,#5106,#5112));
#5104 = ORIENTED_EDGE('',*,*,#4985,.T.);
#5105 = ORIENTED_EDGE('',*,*,#5047,.T.);
#5106 = ORIENTED_EDGE('',*,*,#5107,.T.);
#5107 = EDGE_CURVE('',#5048,#5018,#5108,.T.);
#5108 = LINE('',#5109,#5110);
#5109 = CARTESIAN_POINT('',(145.102399,-85.955138,-4.E-02));
#5110 = VECTOR('',#5111,1.);
#5111 = DIRECTION('',(0.382683349917,-0.923879566662,0.));
#5112 = ORIENTED_EDGE('',*,*,#5025,.T.);
#5113 = FACE_BOUND('',#5114,.T.);
#5114 = EDGE_LOOP('',(#5115));
#5115 = ORIENTED_EDGE('',*,*,#5116,.F.);
#5116 = EDGE_CURVE('',#5117,#5117,#5119,.T.);
#5117 = VERTEX_POINT('',#5118);
#5118 = CARTESIAN_POINT('',(144.642382,-87.540717,-4.E-02));
#5119 = CIRCLE('',#5120,0.475);
#5120 = AXIS2_PLACEMENT_3D('',#5121,#5122,#5123);
#5121 = CARTESIAN_POINT('',(144.642382,-87.065717,-4.E-02));
#5122 = DIRECTION('',(-0.,0.,-1.));
#5123 = DIRECTION('',(-0.,-1.,0.));
#5124 = PLANE('',#5125);
#5125 = AXIS2_PLACEMENT_3D('',#5126,#5127,#5128);
#5126 = CARTESIAN_POINT('',(0.,0.,-4.E-02));
#5127 = DIRECTION('',(-0.,-0.,-1.));
#5128 = DIRECTION('',(-1.,0.,0.));
#5129 = ADVANCED_FACE('',(#5130),#5136,.F.);
#5130 = FACE_BOUND('',#5131,.F.);
#5131 = EDGE_LOOP('',(#5132,#5133,#5134,#5135));
#5132 = ORIENTED_EDGE('',*,*,#5055,.T.);
#5133 = ORIENTED_EDGE('',*,*,#5107,.T.);
#5134 = ORIENTED_EDGE('',*,*,#5015,.F.);
#5135 = ORIENTED_EDGE('',*,*,#5079,.F.);
#5136 = PLANE('',#5137);
#5137 = AXIS2_PLACEMENT_3D('',#5138,#5139,#5140);
#5138 = CARTESIAN_POINT('',(145.102399,-85.955138,0.));
#5139 = DIRECTION('',(-0.923879566662,-0.382683349917,-0.));
#5140 = DIRECTION('',(0.382683349917,-0.923879566662,0.));
#5141 = ADVANCED_FACE('',(#5142),#5153,.F.);
#5142 = FACE_BOUND('',#5143,.T.);
#5143 = EDGE_LOOP('',(#5144,#5145,#5151,#5152));
#5144 = ORIENTED_EDGE('',*,*,#5116,.T.);
#5145 = ORIENTED_EDGE('',*,*,#5146,.T.);
#5146 = EDGE_CURVE('',#5117,#5089,#5147,.T.);
#5147 = LINE('',#5148,#5149);
#5148 = CARTESIAN_POINT('',(144.642382,-87.540717,-4.6E-02));
#5149 = VECTOR('',#5150,1.);
#5150 = DIRECTION('',(0.,0.,1.));
#5151 = ORIENTED_EDGE('',*,*,#5088,.F.);
#5152 = ORIENTED_EDGE('',*,*,#5146,.F.);
#5153 = CYLINDRICAL_SURFACE('',#5154,0.475);
#5154 = AXIS2_PLACEMENT_3D('',#5155,#5156,#5157);
#5155 = CARTESIAN_POINT('',(144.642382,-87.065717,-4.6E-02));
#5156 = DIRECTION('',(-0.,-0.,-1.));
#5157 = DIRECTION('',(-0.,-1.,0.));
#5158 = MANIFOLD_SOLID_BREP('',#5159);
#5159 = CLOSED_SHELL('',(#5160,#5193,#5213,#5233));
#5160 = ADVANCED_FACE('',(#5161),#5188,.T.);
#5161 = FACE_BOUND('',#5162,.F.);
#5162 = EDGE_LOOP('',(#5163,#5173,#5180,#5181));
#5163 = ORIENTED_EDGE('',*,*,#5164,.T.);
#5164 = EDGE_CURVE('',#5165,#5167,#5169,.T.);
#5165 = VERTEX_POINT('',#5166);
#5166 = CARTESIAN_POINT('',(144.642382,-87.565717,-4.E-02));
#5167 = VERTEX_POINT('',#5168);
#5168 = CARTESIAN_POINT('',(144.642382,-87.565717,1.55));
#5169 = LINE('',#5170,#5171);
#5170 = CARTESIAN_POINT('',(144.642382,-87.565717,-4.E-02));
#5171 = VECTOR('',#5172,1.);
#5172 = DIRECTION('',(0.,0.,1.));
#5173 = ORIENTED_EDGE('',*,*,#5174,.T.);
#5174 = EDGE_CURVE('',#5167,#5167,#5175,.T.);
#5175 = CIRCLE('',#5176,0.5);
#5176 = AXIS2_PLACEMENT_3D('',#5177,#5178,#5179);
#5177 = CARTESIAN_POINT('',(144.642382,-87.065717,1.55));
#5178 = DIRECTION('',(0.,0.,1.));
#5179 = DIRECTION('',(-0.,-1.,0.));
#5180 = ORIENTED_EDGE('',*,*,#5164,.F.);
#5181 = ORIENTED_EDGE('',*,*,#5182,.F.);
#5182 = EDGE_CURVE('',#5165,#5165,#5183,.T.);
#5183 = CIRCLE('',#5184,0.5);
#5184 = AXIS2_PLACEMENT_3D('',#5185,#5186,#5187);
#5185 = CARTESIAN_POINT('',(144.642382,-87.065717,-4.E-02));
#5186 = DIRECTION('',(0.,0.,1.));
#5187 = DIRECTION('',(-0.,-1.,0.));
#5188 = CYLINDRICAL_SURFACE('',#5189,0.5);
#5189 = AXIS2_PLACEMENT_3D('',#5190,#5191,#5192);
#5190 = CARTESIAN_POINT('',(144.642382,-87.065717,-4.E-02));
#5191 = DIRECTION('',(-0.,-0.,-1.));
#5192 = DIRECTION('',(-0.,-1.,0.));
#5193 = ADVANCED_FACE('',(#5194,#5197),#5208,.F.);
#5194 = FACE_BOUND('',#5195,.F.);
#5195 = EDGE_LOOP('',(#5196));
#5196 = ORIENTED_EDGE('',*,*,#5182,.T.);
#5197 = FACE_BOUND('',#5198,.F.);
#5198 = EDGE_LOOP('',(#5199));
#5199 = ORIENTED_EDGE('',*,*,#5200,.T.);
#5200 = EDGE_CURVE('',#5201,#5201,#5203,.T.);
#5201 = VERTEX_POINT('',#5202);
#5202 = CARTESIAN_POINT('',(144.642382,-87.540717,-4.E-02));
#5203 = CIRCLE('',#5204,0.475);
#5204 = AXIS2_PLACEMENT_3D('',#5205,#5206,#5207);
#5205 = CARTESIAN_POINT('',(144.642382,-87.065717,-4.E-02));
#5206 = DIRECTION('',(-0.,0.,-1.));
#5207 = DIRECTION('',(-0.,-1.,0.));
#5208 = PLANE('',#5209);
#5209 = AXIS2_PLACEMENT_3D('',#5210,#5211,#5212);
#5210 = CARTESIAN_POINT('',(144.642382,-87.565717,-4.E-02));
#5211 = DIRECTION('',(0.,0.,1.));
#5212 = DIRECTION('',(1.,0.,-0.));
#5213 = ADVANCED_FACE('',(#5214,#5217),#5228,.T.);
#5214 = FACE_BOUND('',#5215,.T.);
#5215 = EDGE_LOOP('',(#5216));
#5216 = ORIENTED_EDGE('',*,*,#5174,.T.);
#5217 = FACE_BOUND('',#5218,.T.);
#5218 = EDGE_LOOP('',(#5219));
#5219 = ORIENTED_EDGE('',*,*,#5220,.T.);
#5220 = EDGE_CURVE('',#5221,#5221,#5223,.T.);
#5221 = VERTEX_POINT('',#5222);
#5222 = CARTESIAN_POINT('',(144.642382,-87.540717,1.55));
#5223 = CIRCLE('',#5224,0.475);
#5224 = AXIS2_PLACEMENT_3D('',#5225,#5226,#5227);
#5225 = CARTESIAN_POINT('',(144.642382,-87.065717,1.55));
#5226 = DIRECTION('',(-0.,0.,-1.));
#5227 = DIRECTION('',(-0.,-1.,0.));
#5228 = PLANE('',#5229);
#5229 = AXIS2_PLACEMENT_3D('',#5230,#5231,#5232);
#5230 = CARTESIAN_POINT('',(144.642382,-87.565717,1.55));
#5231 = DIRECTION('',(0.,0.,1.));
#5232 = DIRECTION('',(1.,0.,-0.));
#5233 = ADVANCED_FACE('',(#5234),#5245,.F.);
#5234 = FACE_BOUND('',#5235,.T.);
#5235 = EDGE_LOOP('',(#5236,#5237,#5243,#5244));
#5236 = ORIENTED_EDGE('',*,*,#5200,.T.);
#5237 = ORIENTED_EDGE('',*,*,#5238,.T.);
#5238 = EDGE_CURVE('',#5201,#5221,#5239,.T.);
#5239 = LINE('',#5240,#5241);
#5240 = CARTESIAN_POINT('',(144.642382,-87.540717,-4.6E-02));
#5241 = VECTOR('',#5242,1.);
#5242 = DIRECTION('',(0.,0.,1.));
#5243 = ORIENTED_EDGE('',*,*,#5220,.F.);
#5244 = ORIENTED_EDGE('',*,*,#5238,.F.);
#5245 = CYLINDRICAL_SURFACE('',#5246,0.475);
#5246 = AXIS2_PLACEMENT_3D('',#5247,#5248,#5249);
#5247 = CARTESIAN_POINT('',(144.642382,-87.065717,-4.6E-02));
#5248 = DIRECTION('',(-0.,-0.,-1.));
#5249 = DIRECTION('',(-0.,-1.,0.));
#5250 = MANIFOLD_SOLID_BREP('',#5251);
#5251 = CLOSED_SHELL('',(#5252,#5292,#5323,#5354,#5382,#5410,#5422));
#5252 = ADVANCED_FACE('',(#5253),#5287,.T.);
#5253 = FACE_BOUND('',#5254,.T.);
#5254 = EDGE_LOOP('',(#5255,#5265,#5273,#5281));
#5255 = ORIENTED_EDGE('',*,*,#5256,.T.);
#5256 = EDGE_CURVE('',#5257,#5259,#5261,.T.);
#5257 = VERTEX_POINT('',#5258);
#5258 = CARTESIAN_POINT('',(137.525654,-95.753041,1.51));
#5259 = VERTEX_POINT('',#5260);
#5260 = CARTESIAN_POINT('',(137.525654,-95.753041,1.55));
#5261 = LINE('',#5262,#5263);
#5262 = CARTESIAN_POINT('',(137.525654,-95.753041,1.51));
#5263 = VECTOR('',#5264,1.);
#5264 = DIRECTION('',(0.,0.,1.));
#5265 = ORIENTED_EDGE('',*,*,#5266,.T.);
#5266 = EDGE_CURVE('',#5259,#5267,#5269,.T.);
#5267 = VERTEX_POINT('',#5268);
#5268 = CARTESIAN_POINT('',(135.955058,-95.102479,1.55));
#5269 = LINE('',#5270,#5271);
#5270 = CARTESIAN_POINT('',(137.525654,-95.753041,1.55));
#5271 = VECTOR('',#5272,1.);
#5272 = DIRECTION('',(-0.923879566662,0.382683349917,0.));
#5273 = ORIENTED_EDGE('',*,*,#5274,.F.);
#5274 = EDGE_CURVE('',#5275,#5267,#5277,.T.);
#5275 = VERTEX_POINT('',#5276);
#5276 = CARTESIAN_POINT('',(135.955058,-95.102479,1.51));
#5277 = LINE('',#5278,#5279);
#5278 = CARTESIAN_POINT('',(135.955058,-95.102479,1.51));
#5279 = VECTOR('',#5280,1.);
#5280 = DIRECTION('',(0.,0.,1.));
#5281 = ORIENTED_EDGE('',*,*,#5282,.F.);
#5282 = EDGE_CURVE('',#5257,#5275,#5283,.T.);
#5283 = LINE('',#5284,#5285);
#5284 = CARTESIAN_POINT('',(137.525654,-95.753041,1.51));
#5285 = VECTOR('',#5286,1.);
#5286 = DIRECTION('',(-0.923879566662,0.382683349917,0.));
#5287 = PLANE('',#5288);
#5288 = AXIS2_PLACEMENT_3D('',#5289,#5290,#5291);
#5289 = CARTESIAN_POINT('',(137.525654,-95.753041,1.51));
#5290 = DIRECTION('',(-0.382683349917,-0.923879566662,0.));
#5291 = DIRECTION('',(-0.923879566662,0.382683349917,0.));
#5292 = ADVANCED_FACE('',(#5293),#5318,.T.);
#5293 = FACE_BOUND('',#5294,.T.);
#5294 = EDGE_LOOP('',(#5295,#5305,#5311,#5312));
#5295 = ORIENTED_EDGE('',*,*,#5296,.T.);
#5296 = EDGE_CURVE('',#5297,#5299,#5301,.T.);
#5297 = VERTEX_POINT('',#5298);
#5298 = CARTESIAN_POINT('',(138.176216,-94.182445,1.51));
#5299 = VERTEX_POINT('',#5300);
#5300 = CARTESIAN_POINT('',(138.176216,-94.182445,1.55));
#5301 = LINE('',#5302,#5303);
#5302 = CARTESIAN_POINT('',(138.176216,-94.182445,1.51));
#5303 = VECTOR('',#5304,1.);
#5304 = DIRECTION('',(0.,0.,1.));
#5305 = ORIENTED_EDGE('',*,*,#5306,.T.);
#5306 = EDGE_CURVE('',#5299,#5259,#5307,.T.);
#5307 = LINE('',#5308,#5309);
#5308 = CARTESIAN_POINT('',(138.176216,-94.182445,1.55));
#5309 = VECTOR('',#5310,1.);
#5310 = DIRECTION('',(-0.382683349917,-0.923879566662,0.));
#5311 = ORIENTED_EDGE('',*,*,#5256,.F.);
#5312 = ORIENTED_EDGE('',*,*,#5313,.F.);
#5313 = EDGE_CURVE('',#5297,#5257,#5314,.T.);
#5314 = LINE('',#5315,#5316);
#5315 = CARTESIAN_POINT('',(138.176216,-94.182445,1.51));
#5316 = VECTOR('',#5317,1.);
#5317 = DIRECTION('',(-0.382683349917,-0.923879566662,0.));
#5318 = PLANE('',#5319);
#5319 = AXIS2_PLACEMENT_3D('',#5320,#5321,#5322);
#5320 = CARTESIAN_POINT('',(138.176216,-94.182445,1.51));
#5321 = DIRECTION('',(0.923879566662,-0.382683349917,0.));
#5322 = DIRECTION('',(-0.382683349917,-0.923879566662,0.));
#5323 = ADVANCED_FACE('',(#5324),#5349,.T.);
#5324 = FACE_BOUND('',#5325,.T.);
#5325 = EDGE_LOOP('',(#5326,#5327,#5335,#5343));
#5326 = ORIENTED_EDGE('',*,*,#5274,.T.);
#5327 = ORIENTED_EDGE('',*,*,#5328,.T.);
#5328 = EDGE_CURVE('',#5267,#5329,#5331,.T.);
#5329 = VERTEX_POINT('',#5330);
#5330 = CARTESIAN_POINT('',(136.60562,-93.531883,1.55));
#5331 = LINE('',#5332,#5333);
#5332 = CARTESIAN_POINT('',(135.955058,-95.102479,1.55));
#5333 = VECTOR('',#5334,1.);
#5334 = DIRECTION('',(0.382683349917,0.923879566662,0.));
#5335 = ORIENTED_EDGE('',*,*,#5336,.F.);
#5336 = EDGE_CURVE('',#5337,#5329,#5339,.T.);
#5337 = VERTEX_POINT('',#5338);
#5338 = CARTESIAN_POINT('',(136.60562,-93.531883,1.51));
#5339 = LINE('',#5340,#5341);
#5340 = CARTESIAN_POINT('',(136.60562,-93.531883,1.51));
#5341 = VECTOR('',#5342,1.);
#5342 = DIRECTION('',(0.,0.,1.));
#5343 = ORIENTED_EDGE('',*,*,#5344,.F.);
#5344 = EDGE_CURVE('',#5275,#5337,#5345,.T.);
#5345 = LINE('',#5346,#5347);
#5346 = CARTESIAN_POINT('',(135.955058,-95.102479,1.51));
#5347 = VECTOR('',#5348,1.);
#5348 = DIRECTION('',(0.382683349917,0.923879566662,0.));
#5349 = PLANE('',#5350);
#5350 = AXIS2_PLACEMENT_3D('',#5351,#5352,#5353);
#5351 = CARTESIAN_POINT('',(135.955058,-95.102479,1.51));
#5352 = DIRECTION('',(-0.923879566662,0.382683349917,0.));
#5353 = DIRECTION('',(0.382683349917,0.923879566662,0.));
#5354 = ADVANCED_FACE('',(#5355,#5366),#5377,.F.);
#5355 = FACE_BOUND('',#5356,.F.);
#5356 = EDGE_LOOP('',(#5357,#5358,#5359,#5365));
#5357 = ORIENTED_EDGE('',*,*,#5282,.F.);
#5358 = ORIENTED_EDGE('',*,*,#5313,.F.);
#5359 = ORIENTED_EDGE('',*,*,#5360,.F.);
#5360 = EDGE_CURVE('',#5337,#5297,#5361,.T.);
#5361 = LINE('',#5362,#5363);
#5362 = CARTESIAN_POINT('',(136.60562,-93.531883,1.51));
#5363 = VECTOR('',#5364,1.);
#5364 = DIRECTION('',(0.923879566662,-0.382683349917,0.));
#5365 = ORIENTED_EDGE('',*,*,#5344,.F.);
#5366 = FACE_BOUND('',#5367,.F.);
#5367 = EDGE_LOOP('',(#5368));
#5368 = ORIENTED_EDGE('',*,*,#5369,.T.);
#5369 = EDGE_CURVE('',#5370,#5370,#5372,.T.);
#5370 = VERTEX_POINT('',#5371);
#5371 = CARTESIAN_POINT('',(137.065637,-95.117462,1.51));
#5372 = CIRCLE('',#5373,0.475);
#5373 = AXIS2_PLACEMENT_3D('',#5374,#5375,#5376);
#5374 = CARTESIAN_POINT('',(137.065637,-94.642462,1.51));
#5375 = DIRECTION('',(-0.,0.,-1.));
#5376 = DIRECTION('',(5.983517774822E-14,-1.,-0.));
#5377 = PLANE('',#5378);
#5378 = AXIS2_PLACEMENT_3D('',#5379,#5380,#5381);
#5379 = CARTESIAN_POINT('',(0.,0.,1.51));
#5380 = DIRECTION('',(0.,0.,1.));
#5381 = DIRECTION('',(1.,0.,-0.));
#5382 = ADVANCED_FACE('',(#5383,#5394),#5405,.T.);
#5383 = FACE_BOUND('',#5384,.T.);
#5384 = EDGE_LOOP('',(#5385,#5386,#5387,#5393));
#5385 = ORIENTED_EDGE('',*,*,#5266,.F.);
#5386 = ORIENTED_EDGE('',*,*,#5306,.F.);
#5387 = ORIENTED_EDGE('',*,*,#5388,.F.);
#5388 = EDGE_CURVE('',#5329,#5299,#5389,.T.);
#5389 = LINE('',#5390,#5391);
#5390 = CARTESIAN_POINT('',(136.60562,-93.531883,1.55));
#5391 = VECTOR('',#5392,1.);
#5392 = DIRECTION('',(0.923879566662,-0.382683349917,0.));
#5393 = ORIENTED_EDGE('',*,*,#5328,.F.);
#5394 = FACE_BOUND('',#5395,.T.);
#5395 = EDGE_LOOP('',(#5396));
#5396 = ORIENTED_EDGE('',*,*,#5397,.T.);
#5397 = EDGE_CURVE('',#5398,#5398,#5400,.T.);
#5398 = VERTEX_POINT('',#5399);
#5399 = CARTESIAN_POINT('',(137.065637,-95.117462,1.55));
#5400 = CIRCLE('',#5401,0.475);
#5401 = AXIS2_PLACEMENT_3D('',#5402,#5403,#5404);
#5402 = CARTESIAN_POINT('',(137.065637,-94.642462,1.55));
#5403 = DIRECTION('',(-0.,0.,-1.));
#5404 = DIRECTION('',(5.983517774822E-14,-1.,-0.));
#5405 = PLANE('',#5406);
#5406 = AXIS2_PLACEMENT_3D('',#5407,#5408,#5409);
#5407 = CARTESIAN_POINT('',(0.,0.,1.55));
#5408 = DIRECTION('',(0.,0.,1.));
#5409 = DIRECTION('',(1.,0.,-0.));
#5410 = ADVANCED_FACE('',(#5411),#5417,.T.);
#5411 = FACE_BOUND('',#5412,.T.);
#5412 = EDGE_LOOP('',(#5413,#5414,#5415,#5416));
#5413 = ORIENTED_EDGE('',*,*,#5336,.T.);
#5414 = ORIENTED_EDGE('',*,*,#5388,.T.);
#5415 = ORIENTED_EDGE('',*,*,#5296,.F.);
#5416 = ORIENTED_EDGE('',*,*,#5360,.F.);
#5417 = PLANE('',#5418);
#5418 = AXIS2_PLACEMENT_3D('',#5419,#5420,#5421);
#5419 = CARTESIAN_POINT('',(136.60562,-93.531883,1.51));
#5420 = DIRECTION('',(0.382683349917,0.923879566662,-0.));
#5421 = DIRECTION('',(0.923879566662,-0.382683349917,0.));
#5422 = ADVANCED_FACE('',(#5423),#5434,.F.);
#5423 = FACE_BOUND('',#5424,.T.);
#5424 = EDGE_LOOP('',(#5425,#5426,#5432,#5433));
#5425 = ORIENTED_EDGE('',*,*,#5369,.T.);
#5426 = ORIENTED_EDGE('',*,*,#5427,.T.);
#5427 = EDGE_CURVE('',#5370,#5398,#5428,.T.);
#5428 = LINE('',#5429,#5430);
#5429 = CARTESIAN_POINT('',(137.065637,-95.117462,-4.6E-02));
#5430 = VECTOR('',#5431,1.);
#5431 = DIRECTION('',(0.,0.,1.));
#5432 = ORIENTED_EDGE('',*,*,#5397,.F.);
#5433 = ORIENTED_EDGE('',*,*,#5427,.F.);
#5434 = CYLINDRICAL_SURFACE('',#5435,0.475);
#5435 = AXIS2_PLACEMENT_3D('',#5436,#5437,#5438);
#5436 = CARTESIAN_POINT('',(137.065637,-94.642462,-4.6E-02));
#5437 = DIRECTION('',(-0.,0.,-1.));
#5438 = DIRECTION('',(5.983517774822E-14,-1.,-0.));
#5439 = MANIFOLD_SOLID_BREP('',#5440);
#5440 = CLOSED_SHELL('',(#5441,#5481,#5512,#5543,#5571,#5599,#5611));
#5441 = ADVANCED_FACE('',(#5442),#5476,.F.);
#5442 = FACE_BOUND('',#5443,.F.);
#5443 = EDGE_LOOP('',(#5444,#5454,#5462,#5470));
#5444 = ORIENTED_EDGE('',*,*,#5445,.T.);
#5445 = EDGE_CURVE('',#5446,#5448,#5450,.T.);
#5446 = VERTEX_POINT('',#5447);
#5447 = CARTESIAN_POINT('',(137.525654,-95.753041,0.));
#5448 = VERTEX_POINT('',#5449);
#5449 = CARTESIAN_POINT('',(137.525654,-95.753041,-4.E-02));
#5450 = LINE('',#5451,#5452);
#5451 = CARTESIAN_POINT('',(137.525654,-95.753041,0.));
#5452 = VECTOR('',#5453,1.);
#5453 = DIRECTION('',(0.,0.,-1.));
#5454 = ORIENTED_EDGE('',*,*,#5455,.T.);
#5455 = EDGE_CURVE('',#5448,#5456,#5458,.T.);
#5456 = VERTEX_POINT('',#5457);
#5457 = CARTESIAN_POINT('',(135.955058,-95.102479,-4.E-02));
#5458 = LINE('',#5459,#5460);
#5459 = CARTESIAN_POINT('',(137.525654,-95.753041,-4.E-02));
#5460 = VECTOR('',#5461,1.);
#5461 = DIRECTION('',(-0.923879566662,0.382683349917,0.));
#5462 = ORIENTED_EDGE('',*,*,#5463,.F.);
#5463 = EDGE_CURVE('',#5464,#5456,#5466,.T.);
#5464 = VERTEX_POINT('',#5465);
#5465 = CARTESIAN_POINT('',(135.955058,-95.102479,0.));
#5466 = LINE('',#5467,#5468);
#5467 = CARTESIAN_POINT('',(135.955058,-95.102479,0.));
#5468 = VECTOR('',#5469,1.);
#5469 = DIRECTION('',(0.,0.,-1.));
#5470 = ORIENTED_EDGE('',*,*,#5471,.F.);
#5471 = EDGE_CURVE('',#5446,#5464,#5472,.T.);
#5472 = LINE('',#5473,#5474);
#5473 = CARTESIAN_POINT('',(137.525654,-95.753041,0.));
#5474 = VECTOR('',#5475,1.);
#5475 = DIRECTION('',(-0.923879566662,0.382683349917,0.));
#5476 = PLANE('',#5477);
#5477 = AXIS2_PLACEMENT_3D('',#5478,#5479,#5480);
#5478 = CARTESIAN_POINT('',(137.525654,-95.753041,0.));
#5479 = DIRECTION('',(0.382683349917,0.923879566662,0.));
#5480 = DIRECTION('',(-0.923879566662,0.382683349917,0.));
#5481 = ADVANCED_FACE('',(#5482),#5507,.F.);
#5482 = FACE_BOUND('',#5483,.F.);
#5483 = EDGE_LOOP('',(#5484,#5494,#5500,#5501));
#5484 = ORIENTED_EDGE('',*,*,#5485,.T.);
#5485 = EDGE_CURVE('',#5486,#5488,#5490,.T.);
#5486 = VERTEX_POINT('',#5487);
#5487 = CARTESIAN_POINT('',(138.176216,-94.182445,0.));
#5488 = VERTEX_POINT('',#5489);
#5489 = CARTESIAN_POINT('',(138.176216,-94.182445,-4.E-02));
#5490 = LINE('',#5491,#5492);
#5491 = CARTESIAN_POINT('',(138.176216,-94.182445,0.));
#5492 = VECTOR('',#5493,1.);
#5493 = DIRECTION('',(0.,0.,-1.));
#5494 = ORIENTED_EDGE('',*,*,#5495,.T.);
#5495 = EDGE_CURVE('',#5488,#5448,#5496,.T.);
#5496 = LINE('',#5497,#5498);
#5497 = CARTESIAN_POINT('',(138.176216,-94.182445,-4.E-02));
#5498 = VECTOR('',#5499,1.);
#5499 = DIRECTION('',(-0.382683349917,-0.923879566662,0.));
#5500 = ORIENTED_EDGE('',*,*,#5445,.F.);
#5501 = ORIENTED_EDGE('',*,*,#5502,.F.);
#5502 = EDGE_CURVE('',#5486,#5446,#5503,.T.);
#5503 = LINE('',#5504,#5505);
#5504 = CARTESIAN_POINT('',(138.176216,-94.182445,0.));
#5505 = VECTOR('',#5506,1.);
#5506 = DIRECTION('',(-0.382683349917,-0.923879566662,0.));
#5507 = PLANE('',#5508);
#5508 = AXIS2_PLACEMENT_3D('',#5509,#5510,#5511);
#5509 = CARTESIAN_POINT('',(138.176216,-94.182445,0.));
#5510 = DIRECTION('',(-0.923879566662,0.382683349917,0.));
#5511 = DIRECTION('',(-0.382683349917,-0.923879566662,0.));
#5512 = ADVANCED_FACE('',(#5513),#5538,.F.);
#5513 = FACE_BOUND('',#5514,.F.);
#5514 = EDGE_LOOP('',(#5515,#5516,#5524,#5532));
#5515 = ORIENTED_EDGE('',*,*,#5463,.T.);
#5516 = ORIENTED_EDGE('',*,*,#5517,.T.);
#5517 = EDGE_CURVE('',#5456,#5518,#5520,.T.);
#5518 = VERTEX_POINT('',#5519);
#5519 = CARTESIAN_POINT('',(136.60562,-93.531883,-4.E-02));
#5520 = LINE('',#5521,#5522);
#5521 = CARTESIAN_POINT('',(135.955058,-95.102479,-4.E-02));
#5522 = VECTOR('',#5523,1.);
#5523 = DIRECTION('',(0.382683349917,0.923879566662,0.));
#5524 = ORIENTED_EDGE('',*,*,#5525,.F.);
#5525 = EDGE_CURVE('',#5526,#5518,#5528,.T.);
#5526 = VERTEX_POINT('',#5527);
#5527 = CARTESIAN_POINT('',(136.60562,-93.531883,0.));
#5528 = LINE('',#5529,#5530);
#5529 = CARTESIAN_POINT('',(136.60562,-93.531883,0.));
#5530 = VECTOR('',#5531,1.);
#5531 = DIRECTION('',(0.,0.,-1.));
#5532 = ORIENTED_EDGE('',*,*,#5533,.F.);
#5533 = EDGE_CURVE('',#5464,#5526,#5534,.T.);
#5534 = LINE('',#5535,#5536);
#5535 = CARTESIAN_POINT('',(135.955058,-95.102479,0.));
#5536 = VECTOR('',#5537,1.);
#5537 = DIRECTION('',(0.382683349917,0.923879566662,0.));
#5538 = PLANE('',#5539);
#5539 = AXIS2_PLACEMENT_3D('',#5540,#5541,#5542);
#5540 = CARTESIAN_POINT('',(135.955058,-95.102479,0.));
#5541 = DIRECTION('',(0.923879566662,-0.382683349917,0.));
#5542 = DIRECTION('',(0.382683349917,0.923879566662,0.));
#5543 = ADVANCED_FACE('',(#5544,#5555),#5566,.F.);
#5544 = FACE_BOUND('',#5545,.F.);
#5545 = EDGE_LOOP('',(#5546,#5547,#5548,#5554));
#5546 = ORIENTED_EDGE('',*,*,#5471,.T.);
#5547 = ORIENTED_EDGE('',*,*,#5533,.T.);
#5548 = ORIENTED_EDGE('',*,*,#5549,.T.);
#5549 = EDGE_CURVE('',#5526,#5486,#5550,.T.);
#5550 = LINE('',#5551,#5552);
#5551 = CARTESIAN_POINT('',(136.60562,-93.531883,0.));
#5552 = VECTOR('',#5553,1.);
#5553 = DIRECTION('',(0.923879566662,-0.382683349917,0.));
#5554 = ORIENTED_EDGE('',*,*,#5502,.T.);
#5555 = FACE_BOUND('',#5556,.F.);
#5556 = EDGE_LOOP('',(#5557));
#5557 = ORIENTED_EDGE('',*,*,#5558,.F.);
#5558 = EDGE_CURVE('',#5559,#5559,#5561,.T.);
#5559 = VERTEX_POINT('',#5560);
#5560 = CARTESIAN_POINT('',(137.065637,-95.117462,0.));
#5561 = CIRCLE('',#5562,0.475);
#5562 = AXIS2_PLACEMENT_3D('',#5563,#5564,#5565);
#5563 = CARTESIAN_POINT('',(137.065637,-94.642462,0.));
#5564 = DIRECTION('',(-0.,0.,-1.));
#5565 = DIRECTION('',(5.983517774822E-14,-1.,-0.));
#5566 = PLANE('',#5567);
#5567 = AXIS2_PLACEMENT_3D('',#5568,#5569,#5570);
#5568 = CARTESIAN_POINT('',(0.,0.,0.));
#5569 = DIRECTION('',(-0.,-0.,-1.));
#5570 = DIRECTION('',(-1.,0.,0.));
#5571 = ADVANCED_FACE('',(#5572,#5583),#5594,.T.);
#5572 = FACE_BOUND('',#5573,.T.);
#5573 = EDGE_LOOP('',(#5574,#5575,#5576,#5582));
#5574 = ORIENTED_EDGE('',*,*,#5455,.T.);
#5575 = ORIENTED_EDGE('',*,*,#5517,.T.);
#5576 = ORIENTED_EDGE('',*,*,#5577,.T.);
#5577 = EDGE_CURVE('',#5518,#5488,#5578,.T.);
#5578 = LINE('',#5579,#5580);
#5579 = CARTESIAN_POINT('',(136.60562,-93.531883,-4.E-02));
#5580 = VECTOR('',#5581,1.);
#5581 = DIRECTION('',(0.923879566662,-0.382683349917,0.));
#5582 = ORIENTED_EDGE('',*,*,#5495,.T.);
#5583 = FACE_BOUND('',#5584,.T.);
#5584 = EDGE_LOOP('',(#5585));
#5585 = ORIENTED_EDGE('',*,*,#5586,.F.);
#5586 = EDGE_CURVE('',#5587,#5587,#5589,.T.);
#5587 = VERTEX_POINT('',#5588);
#5588 = CARTESIAN_POINT('',(137.065637,-95.117462,-4.E-02));
#5589 = CIRCLE('',#5590,0.475);
#5590 = AXIS2_PLACEMENT_3D('',#5591,#5592,#5593);
#5591 = CARTESIAN_POINT('',(137.065637,-94.642462,-4.E-02));
#5592 = DIRECTION('',(-0.,0.,-1.));
#5593 = DIRECTION('',(5.983517774822E-14,-1.,-0.));
#5594 = PLANE('',#5595);
#5595 = AXIS2_PLACEMENT_3D('',#5596,#5597,#5598);
#5596 = CARTESIAN_POINT('',(0.,0.,-4.E-02));
#5597 = DIRECTION('',(-0.,-0.,-1.));
#5598 = DIRECTION('',(-1.,0.,0.));
#5599 = ADVANCED_FACE('',(#5600),#5606,.F.);
#5600 = FACE_BOUND('',#5601,.F.);
#5601 = EDGE_LOOP('',(#5602,#5603,#5604,#5605));
#5602 = ORIENTED_EDGE('',*,*,#5525,.T.);
#5603 = ORIENTED_EDGE('',*,*,#5577,.T.);
#5604 = ORIENTED_EDGE('',*,*,#5485,.F.);
#5605 = ORIENTED_EDGE('',*,*,#5549,.F.);
#5606 = PLANE('',#5607);
#5607 = AXIS2_PLACEMENT_3D('',#5608,#5609,#5610);
#5608 = CARTESIAN_POINT('',(136.60562,-93.531883,0.));
#5609 = DIRECTION('',(-0.382683349917,-0.923879566662,-0.));
#5610 = DIRECTION('',(0.923879566662,-0.382683349917,0.));
#5611 = ADVANCED_FACE('',(#5612),#5623,.F.);
#5612 = FACE_BOUND('',#5613,.T.);
#5613 = EDGE_LOOP('',(#5614,#5615,#5621,#5622));
#5614 = ORIENTED_EDGE('',*,*,#5586,.T.);
#5615 = ORIENTED_EDGE('',*,*,#5616,.T.);
#5616 = EDGE_CURVE('',#5587,#5559,#5617,.T.);
#5617 = LINE('',#5618,#5619);
#5618 = CARTESIAN_POINT('',(137.065637,-95.117462,-4.6E-02));
#5619 = VECTOR('',#5620,1.);
#5620 = DIRECTION('',(0.,0.,1.));
#5621 = ORIENTED_EDGE('',*,*,#5558,.F.);
#5622 = ORIENTED_EDGE('',*,*,#5616,.F.);
#5623 = CYLINDRICAL_SURFACE('',#5624,0.475);
#5624 = AXIS2_PLACEMENT_3D('',#5625,#5626,#5627);
#5625 = CARTESIAN_POINT('',(137.065637,-94.642462,-4.6E-02));
#5626 = DIRECTION('',(-0.,0.,-1.));
#5627 = DIRECTION('',(5.983517774822E-14,-1.,-0.));
#5628 = MANIFOLD_SOLID_BREP('',#5629);
#5629 = CLOSED_SHELL('',(#5630,#5663,#5683,#5703));
#5630 = ADVANCED_FACE('',(#5631),#5658,.T.);
#5631 = FACE_BOUND('',#5632,.F.);
#5632 = EDGE_LOOP('',(#5633,#5643,#5650,#5651));
#5633 = ORIENTED_EDGE('',*,*,#5634,.T.);
#5634 = EDGE_CURVE('',#5635,#5637,#5639,.T.);
#5635 = VERTEX_POINT('',#5636);
#5636 = CARTESIAN_POINT('',(137.065637,-95.142462,-4.E-02));
#5637 = VERTEX_POINT('',#5638);
#5638 = CARTESIAN_POINT('',(137.065637,-95.142462,1.55));
#5639 = LINE('',#5640,#5641);
#5640 = CARTESIAN_POINT('',(137.065637,-95.142462,-4.E-02));
#5641 = VECTOR('',#5642,1.);
#5642 = DIRECTION('',(0.,0.,1.));
#5643 = ORIENTED_EDGE('',*,*,#5644,.T.);
#5644 = EDGE_CURVE('',#5637,#5637,#5645,.T.);
#5645 = CIRCLE('',#5646,0.5);
#5646 = AXIS2_PLACEMENT_3D('',#5647,#5648,#5649);
#5647 = CARTESIAN_POINT('',(137.065637,-94.642462,1.55));
#5648 = DIRECTION('',(0.,0.,1.));
#5649 = DIRECTION('',(-0.,-1.,0.));
#5650 = ORIENTED_EDGE('',*,*,#5634,.F.);
#5651 = ORIENTED_EDGE('',*,*,#5652,.F.);
#5652 = EDGE_CURVE('',#5635,#5635,#5653,.T.);
#5653 = CIRCLE('',#5654,0.5);
#5654 = AXIS2_PLACEMENT_3D('',#5655,#5656,#5657);
#5655 = CARTESIAN_POINT('',(137.065637,-94.642462,-4.E-02));
#5656 = DIRECTION('',(0.,0.,1.));
#5657 = DIRECTION('',(-0.,-1.,0.));
#5658 = CYLINDRICAL_SURFACE('',#5659,0.5);
#5659 = AXIS2_PLACEMENT_3D('',#5660,#5661,#5662);
#5660 = CARTESIAN_POINT('',(137.065637,-94.642462,-4.E-02));
#5661 = DIRECTION('',(-0.,-0.,-1.));
#5662 = DIRECTION('',(-0.,-1.,0.));
#5663 = ADVANCED_FACE('',(#5664,#5667),#5678,.F.);
#5664 = FACE_BOUND('',#5665,.F.);
#5665 = EDGE_LOOP('',(#5666));
#5666 = ORIENTED_EDGE('',*,*,#5652,.T.);
#5667 = FACE_BOUND('',#5668,.F.);
#5668 = EDGE_LOOP('',(#5669));
#5669 = ORIENTED_EDGE('',*,*,#5670,.T.);
#5670 = EDGE_CURVE('',#5671,#5671,#5673,.T.);
#5671 = VERTEX_POINT('',#5672);
#5672 = CARTESIAN_POINT('',(137.065637,-95.117462,-4.E-02));
#5673 = CIRCLE('',#5674,0.475);
#5674 = AXIS2_PLACEMENT_3D('',#5675,#5676,#5677);
#5675 = CARTESIAN_POINT('',(137.065637,-94.642462,-4.E-02));
#5676 = DIRECTION('',(-0.,0.,-1.));
#5677 = DIRECTION('',(5.983517774822E-14,-1.,-0.));
#5678 = PLANE('',#5679);
#5679 = AXIS2_PLACEMENT_3D('',#5680,#5681,#5682);
#5680 = CARTESIAN_POINT('',(137.065637,-95.142462,-4.E-02));
#5681 = DIRECTION('',(0.,0.,1.));
#5682 = DIRECTION('',(1.,0.,-0.));
#5683 = ADVANCED_FACE('',(#5684,#5687),#5698,.T.);
#5684 = FACE_BOUND('',#5685,.T.);
#5685 = EDGE_LOOP('',(#5686));
#5686 = ORIENTED_EDGE('',*,*,#5644,.T.);
#5687 = FACE_BOUND('',#5688,.T.);
#5688 = EDGE_LOOP('',(#5689));
#5689 = ORIENTED_EDGE('',*,*,#5690,.T.);
#5690 = EDGE_CURVE('',#5691,#5691,#5693,.T.);
#5691 = VERTEX_POINT('',#5692);
#5692 = CARTESIAN_POINT('',(137.065637,-95.117462,1.55));
#5693 = CIRCLE('',#5694,0.475);
#5694 = AXIS2_PLACEMENT_3D('',#5695,#5696,#5697);
#5695 = CARTESIAN_POINT('',(137.065637,-94.642462,1.55));
#5696 = DIRECTION('',(-0.,0.,-1.));
#5697 = DIRECTION('',(5.983517774822E-14,-1.,-0.));
#5698 = PLANE('',#5699);
#5699 = AXIS2_PLACEMENT_3D('',#5700,#5701,#5702);
#5700 = CARTESIAN_POINT('',(137.065637,-95.142462,1.55));
#5701 = DIRECTION('',(0.,0.,1.));
#5702 = DIRECTION('',(1.,0.,-0.));
#5703 = ADVANCED_FACE('',(#5704),#5715,.F.);
#5704 = FACE_BOUND('',#5705,.T.);
#5705 = EDGE_LOOP('',(#5706,#5707,#5713,#5714));
#5706 = ORIENTED_EDGE('',*,*,#5670,.T.);
#5707 = ORIENTED_EDGE('',*,*,#5708,.T.);
#5708 = EDGE_CURVE('',#5671,#5691,#5709,.T.);
#5709 = LINE('',#5710,#5711);
#5710 = CARTESIAN_POINT('',(137.065637,-95.117462,-4.6E-02));
#5711 = VECTOR('',#5712,1.);
#5712 = DIRECTION('',(0.,0.,1.));
#5713 = ORIENTED_EDGE('',*,*,#5690,.F.);
#5714 = ORIENTED_EDGE('',*,*,#5708,.F.);
#5715 = CYLINDRICAL_SURFACE('',#5716,0.475);
#5716 = AXIS2_PLACEMENT_3D('',#5717,#5718,#5719);
#5717 = CARTESIAN_POINT('',(137.065637,-94.642462,-4.6E-02));
#5718 = DIRECTION('',(-0.,0.,-1.));
#5719 = DIRECTION('',(5.983517774822E-14,-1.,-0.));
#5720 = MANIFOLD_SOLID_BREP('',#5721);
#5721 = CLOSED_SHELL('',(#5722,#5762,#5793,#5824,#5852,#5880,#5892));
#5722 = ADVANCED_FACE('',(#5723),#5757,.T.);
#5723 = FACE_BOUND('',#5724,.T.);
#5724 = EDGE_LOOP('',(#5725,#5735,#5743,#5751));
#5725 = ORIENTED_EDGE('',*,*,#5726,.T.);
#5726 = EDGE_CURVE('',#5727,#5729,#5731,.T.);
#5727 = VERTEX_POINT('',#5728);
#5728 = CARTESIAN_POINT('',(136.60562,-106.468177,1.51));
#5729 = VERTEX_POINT('',#5730);
#5730 = CARTESIAN_POINT('',(136.60562,-106.468177,1.55));
#5731 = LINE('',#5732,#5733);
#5732 = CARTESIAN_POINT('',(136.60562,-106.468177,1.51));
#5733 = VECTOR('',#5734,1.);
#5734 = DIRECTION('',(0.,0.,1.));
#5735 = ORIENTED_EDGE('',*,*,#5736,.T.);
#5736 = EDGE_CURVE('',#5729,#5737,#5739,.T.);
#5737 = VERTEX_POINT('',#5738);
#5738 = CARTESIAN_POINT('',(135.955058,-104.897581,1.55));
#5739 = LINE('',#5740,#5741);
#5740 = CARTESIAN_POINT('',(136.60562,-106.468177,1.55));
#5741 = VECTOR('',#5742,1.);
#5742 = DIRECTION('',(-0.382683349917,0.923879566662,0.));
#5743 = ORIENTED_EDGE('',*,*,#5744,.F.);
#5744 = EDGE_CURVE('',#5745,#5737,#5747,.T.);
#5745 = VERTEX_POINT('',#5746);
#5746 = CARTESIAN_POINT('',(135.955058,-104.897581,1.51));
#5747 = LINE('',#5748,#5749);
#5748 = CARTESIAN_POINT('',(135.955058,-104.897581,1.51));
#5749 = VECTOR('',#5750,1.);
#5750 = DIRECTION('',(0.,0.,1.));
#5751 = ORIENTED_EDGE('',*,*,#5752,.F.);
#5752 = EDGE_CURVE('',#5727,#5745,#5753,.T.);
#5753 = LINE('',#5754,#5755);
#5754 = CARTESIAN_POINT('',(136.60562,-106.468177,1.51));
#5755 = VECTOR('',#5756,1.);
#5756 = DIRECTION('',(-0.382683349917,0.923879566662,0.));
#5757 = PLANE('',#5758);
#5758 = AXIS2_PLACEMENT_3D('',#5759,#5760,#5761);
#5759 = CARTESIAN_POINT('',(136.60562,-106.468177,1.51));
#5760 = DIRECTION('',(-0.923879566662,-0.382683349917,0.));
#5761 = DIRECTION('',(-0.382683349917,0.923879566662,0.));
#5762 = ADVANCED_FACE('',(#5763),#5788,.T.);
#5763 = FACE_BOUND('',#5764,.T.);
#5764 = EDGE_LOOP('',(#5765,#5775,#5781,#5782));
#5765 = ORIENTED_EDGE('',*,*,#5766,.T.);
#5766 = EDGE_CURVE('',#5767,#5769,#5771,.T.);
#5767 = VERTEX_POINT('',#5768);
#5768 = CARTESIAN_POINT('',(138.176216,-105.817615,1.51));
#5769 = VERTEX_POINT('',#5770);
#5770 = CARTESIAN_POINT('',(138.176216,-105.817615,1.55));
#5771 = LINE('',#5772,#5773);
#5772 = CARTESIAN_POINT('',(138.176216,-105.817615,1.51));
#5773 = VECTOR('',#5774,1.);
#5774 = DIRECTION('',(0.,0.,1.));
#5775 = ORIENTED_EDGE('',*,*,#5776,.T.);
#5776 = EDGE_CURVE('',#5769,#5729,#5777,.T.);
#5777 = LINE('',#5778,#5779);
#5778 = CARTESIAN_POINT('',(138.176216,-105.817615,1.55));
#5779 = VECTOR('',#5780,1.);
#5780 = DIRECTION('',(-0.923879566662,-0.382683349917,0.));
#5781 = ORIENTED_EDGE('',*,*,#5726,.F.);
#5782 = ORIENTED_EDGE('',*,*,#5783,.F.);
#5783 = EDGE_CURVE('',#5767,#5727,#5784,.T.);
#5784 = LINE('',#5785,#5786);
#5785 = CARTESIAN_POINT('',(138.176216,-105.817615,1.51));
#5786 = VECTOR('',#5787,1.);
#5787 = DIRECTION('',(-0.923879566662,-0.382683349917,0.));
#5788 = PLANE('',#5789);
#5789 = AXIS2_PLACEMENT_3D('',#5790,#5791,#5792);
#5790 = CARTESIAN_POINT('',(138.176216,-105.817615,1.51));
#5791 = DIRECTION('',(0.382683349917,-0.923879566662,0.));
#5792 = DIRECTION('',(-0.923879566662,-0.382683349917,0.));
#5793 = ADVANCED_FACE('',(#5794),#5819,.T.);
#5794 = FACE_BOUND('',#5795,.T.);
#5795 = EDGE_LOOP('',(#5796,#5797,#5805,#5813));
#5796 = ORIENTED_EDGE('',*,*,#5744,.T.);
#5797 = ORIENTED_EDGE('',*,*,#5798,.T.);
#5798 = EDGE_CURVE('',#5737,#5799,#5801,.T.);
#5799 = VERTEX_POINT('',#5800);
#5800 = CARTESIAN_POINT('',(137.525654,-104.247019,1.55));
#5801 = LINE('',#5802,#5803);
#5802 = CARTESIAN_POINT('',(135.955058,-104.897581,1.55));
#5803 = VECTOR('',#5804,1.);
#5804 = DIRECTION('',(0.923879566662,0.382683349917,0.));
#5805 = ORIENTED_EDGE('',*,*,#5806,.F.);
#5806 = EDGE_CURVE('',#5807,#5799,#5809,.T.);
#5807 = VERTEX_POINT('',#5808);
#5808 = CARTESIAN_POINT('',(137.525654,-104.247019,1.51));
#5809 = LINE('',#5810,#5811);
#5810 = CARTESIAN_POINT('',(137.525654,-104.247019,1.51));
#5811 = VECTOR('',#5812,1.);
#5812 = DIRECTION('',(0.,0.,1.));
#5813 = ORIENTED_EDGE('',*,*,#5814,.F.);
#5814 = EDGE_CURVE('',#5745,#5807,#5815,.T.);
#5815 = LINE('',#5816,#5817);
#5816 = CARTESIAN_POINT('',(135.955058,-104.897581,1.51));
#5817 = VECTOR('',#5818,1.);
#5818 = DIRECTION('',(0.923879566662,0.382683349917,0.));
#5819 = PLANE('',#5820);
#5820 = AXIS2_PLACEMENT_3D('',#5821,#5822,#5823);
#5821 = CARTESIAN_POINT('',(135.955058,-104.897581,1.51));
#5822 = DIRECTION('',(-0.382683349917,0.923879566662,0.));
#5823 = DIRECTION('',(0.923879566662,0.382683349917,0.));
#5824 = ADVANCED_FACE('',(#5825,#5836),#5847,.F.);
#5825 = FACE_BOUND('',#5826,.F.);
#5826 = EDGE_LOOP('',(#5827,#5828,#5829,#5835));
#5827 = ORIENTED_EDGE('',*,*,#5752,.F.);
#5828 = ORIENTED_EDGE('',*,*,#5783,.F.);
#5829 = ORIENTED_EDGE('',*,*,#5830,.F.);
#5830 = EDGE_CURVE('',#5807,#5767,#5831,.T.);
#5831 = LINE('',#5832,#5833);
#5832 = CARTESIAN_POINT('',(137.525654,-104.247019,1.51));
#5833 = VECTOR('',#5834,1.);
#5834 = DIRECTION('',(0.382683349917,-0.923879566662,0.));
#5835 = ORIENTED_EDGE('',*,*,#5814,.F.);
#5836 = FACE_BOUND('',#5837,.F.);
#5837 = EDGE_LOOP('',(#5838));
#5838 = ORIENTED_EDGE('',*,*,#5839,.T.);
#5839 = EDGE_CURVE('',#5840,#5840,#5842,.T.);
#5840 = VERTEX_POINT('',#5841);
#5841 = CARTESIAN_POINT('',(137.065637,-105.832598,1.51));
#5842 = CIRCLE('',#5843,0.475);
#5843 = AXIS2_PLACEMENT_3D('',#5844,#5845,#5846);
#5844 = CARTESIAN_POINT('',(137.065637,-105.357598,1.51));
#5845 = DIRECTION('',(-0.,0.,-1.));
#5846 = DIRECTION('',(5.983517774822E-14,-1.,-0.));
#5847 = PLANE('',#5848);
#5848 = AXIS2_PLACEMENT_3D('',#5849,#5850,#5851);
#5849 = CARTESIAN_POINT('',(0.,0.,1.51));
#5850 = DIRECTION('',(0.,0.,1.));
#5851 = DIRECTION('',(1.,0.,-0.));
#5852 = ADVANCED_FACE('',(#5853,#5864),#5875,.T.);
#5853 = FACE_BOUND('',#5854,.T.);
#5854 = EDGE_LOOP('',(#5855,#5856,#5857,#5863));
#5855 = ORIENTED_EDGE('',*,*,#5736,.F.);
#5856 = ORIENTED_EDGE('',*,*,#5776,.F.);
#5857 = ORIENTED_EDGE('',*,*,#5858,.F.);
#5858 = EDGE_CURVE('',#5799,#5769,#5859,.T.);
#5859 = LINE('',#5860,#5861);
#5860 = CARTESIAN_POINT('',(137.525654,-104.247019,1.55));
#5861 = VECTOR('',#5862,1.);
#5862 = DIRECTION('',(0.382683349917,-0.923879566662,0.));
#5863 = ORIENTED_EDGE('',*,*,#5798,.F.);
#5864 = FACE_BOUND('',#5865,.T.);
#5865 = EDGE_LOOP('',(#5866));
#5866 = ORIENTED_EDGE('',*,*,#5867,.T.);
#5867 = EDGE_CURVE('',#5868,#5868,#5870,.T.);
#5868 = VERTEX_POINT('',#5869);
#5869 = CARTESIAN_POINT('',(137.065637,-105.832598,1.55));
#5870 = CIRCLE('',#5871,0.475);
#5871 = AXIS2_PLACEMENT_3D('',#5872,#5873,#5874);
#5872 = CARTESIAN_POINT('',(137.065637,-105.357598,1.55));
#5873 = DIRECTION('',(-0.,0.,-1.));
#5874 = DIRECTION('',(5.983517774822E-14,-1.,-0.));
#5875 = PLANE('',#5876);
#5876 = AXIS2_PLACEMENT_3D('',#5877,#5878,#5879);
#5877 = CARTESIAN_POINT('',(0.,0.,1.55));
#5878 = DIRECTION('',(0.,0.,1.));
#5879 = DIRECTION('',(1.,0.,-0.));
#5880 = ADVANCED_FACE('',(#5881),#5887,.T.);
#5881 = FACE_BOUND('',#5882,.T.);
#5882 = EDGE_LOOP('',(#5883,#5884,#5885,#5886));
#5883 = ORIENTED_EDGE('',*,*,#5806,.T.);
#5884 = ORIENTED_EDGE('',*,*,#5858,.T.);
#5885 = ORIENTED_EDGE('',*,*,#5766,.F.);
#5886 = ORIENTED_EDGE('',*,*,#5830,.F.);
#5887 = PLANE('',#5888);
#5888 = AXIS2_PLACEMENT_3D('',#5889,#5890,#5891);
#5889 = CARTESIAN_POINT('',(137.525654,-104.247019,1.51));
#5890 = DIRECTION('',(0.923879566662,0.382683349917,-0.));
#5891 = DIRECTION('',(0.382683349917,-0.923879566662,0.));
#5892 = ADVANCED_FACE('',(#5893),#5904,.F.);
#5893 = FACE_BOUND('',#5894,.T.);
#5894 = EDGE_LOOP('',(#5895,#5896,#5902,#5903));
#5895 = ORIENTED_EDGE('',*,*,#5839,.T.);
#5896 = ORIENTED_EDGE('',*,*,#5897,.T.);
#5897 = EDGE_CURVE('',#5840,#5868,#5898,.T.);
#5898 = LINE('',#5899,#5900);
#5899 = CARTESIAN_POINT('',(137.065637,-105.832598,-4.6E-02));
#5900 = VECTOR('',#5901,1.);
#5901 = DIRECTION('',(0.,0.,1.));
#5902 = ORIENTED_EDGE('',*,*,#5867,.F.);
#5903 = ORIENTED_EDGE('',*,*,#5897,.F.);
#5904 = CYLINDRICAL_SURFACE('',#5905,0.475);
#5905 = AXIS2_PLACEMENT_3D('',#5906,#5907,#5908);
#5906 = CARTESIAN_POINT('',(137.065637,-105.357598,-4.6E-02));
#5907 = DIRECTION('',(-0.,0.,-1.));
#5908 = DIRECTION('',(5.983517774822E-14,-1.,-0.));
#5909 = MANIFOLD_SOLID_BREP('',#5910);
#5910 = CLOSED_SHELL('',(#5911,#5951,#5982,#6013,#6041,#6069,#6081));
#5911 = ADVANCED_FACE('',(#5912),#5946,.F.);
#5912 = FACE_BOUND('',#5913,.F.);
#5913 = EDGE_LOOP('',(#5914,#5924,#5932,#5940));
#5914 = ORIENTED_EDGE('',*,*,#5915,.T.);
#5915 = EDGE_CURVE('',#5916,#5918,#5920,.T.);
#5916 = VERTEX_POINT('',#5917);
#5917 = CARTESIAN_POINT('',(136.60562,-106.468177,0.));
#5918 = VERTEX_POINT('',#5919);
#5919 = CARTESIAN_POINT('',(136.60562,-106.468177,-4.E-02));
#5920 = LINE('',#5921,#5922);
#5921 = CARTESIAN_POINT('',(136.60562,-106.468177,0.));
#5922 = VECTOR('',#5923,1.);
#5923 = DIRECTION('',(0.,0.,-1.));
#5924 = ORIENTED_EDGE('',*,*,#5925,.T.);
#5925 = EDGE_CURVE('',#5918,#5926,#5928,.T.);
#5926 = VERTEX_POINT('',#5927);
#5927 = CARTESIAN_POINT('',(135.955058,-104.897581,-4.E-02));
#5928 = LINE('',#5929,#5930);
#5929 = CARTESIAN_POINT('',(136.60562,-106.468177,-4.E-02));
#5930 = VECTOR('',#5931,1.);
#5931 = DIRECTION('',(-0.382683349917,0.923879566662,0.));
#5932 = ORIENTED_EDGE('',*,*,#5933,.F.);
#5933 = EDGE_CURVE('',#5934,#5926,#5936,.T.);
#5934 = VERTEX_POINT('',#5935);
#5935 = CARTESIAN_POINT('',(135.955058,-104.897581,0.));
#5936 = LINE('',#5937,#5938);
#5937 = CARTESIAN_POINT('',(135.955058,-104.897581,0.));
#5938 = VECTOR('',#5939,1.);
#5939 = DIRECTION('',(0.,0.,-1.));
#5940 = ORIENTED_EDGE('',*,*,#5941,.F.);
#5941 = EDGE_CURVE('',#5916,#5934,#5942,.T.);
#5942 = LINE('',#5943,#5944);
#5943 = CARTESIAN_POINT('',(136.60562,-106.468177,0.));
#5944 = VECTOR('',#5945,1.);
#5945 = DIRECTION('',(-0.382683349917,0.923879566662,0.));
#5946 = PLANE('',#5947);
#5947 = AXIS2_PLACEMENT_3D('',#5948,#5949,#5950);
#5948 = CARTESIAN_POINT('',(136.60562,-106.468177,0.));
#5949 = DIRECTION('',(0.923879566662,0.382683349917,0.));
#5950 = DIRECTION('',(-0.382683349917,0.923879566662,0.));
#5951 = ADVANCED_FACE('',(#5952),#5977,.F.);
#5952 = FACE_BOUND('',#5953,.F.);
#5953 = EDGE_LOOP('',(#5954,#5964,#5970,#5971));
#5954 = ORIENTED_EDGE('',*,*,#5955,.T.);
#5955 = EDGE_CURVE('',#5956,#5958,#5960,.T.);
#5956 = VERTEX_POINT('',#5957);
#5957 = CARTESIAN_POINT('',(138.176216,-105.817615,0.));
#5958 = VERTEX_POINT('',#5959);
#5959 = CARTESIAN_POINT('',(138.176216,-105.817615,-4.E-02));
#5960 = LINE('',#5961,#5962);
#5961 = CARTESIAN_POINT('',(138.176216,-105.817615,0.));
#5962 = VECTOR('',#5963,1.);
#5963 = DIRECTION('',(0.,0.,-1.));
#5964 = ORIENTED_EDGE('',*,*,#5965,.T.);
#5965 = EDGE_CURVE('',#5958,#5918,#5966,.T.);
#5966 = LINE('',#5967,#5968);
#5967 = CARTESIAN_POINT('',(138.176216,-105.817615,-4.E-02));
#5968 = VECTOR('',#5969,1.);
#5969 = DIRECTION('',(-0.923879566662,-0.382683349917,0.));
#5970 = ORIENTED_EDGE('',*,*,#5915,.F.);
#5971 = ORIENTED_EDGE('',*,*,#5972,.F.);
#5972 = EDGE_CURVE('',#5956,#5916,#5973,.T.);
#5973 = LINE('',#5974,#5975);
#5974 = CARTESIAN_POINT('',(138.176216,-105.817615,0.));
#5975 = VECTOR('',#5976,1.);
#5976 = DIRECTION('',(-0.923879566662,-0.382683349917,0.));
#5977 = PLANE('',#5978);
#5978 = AXIS2_PLACEMENT_3D('',#5979,#5980,#5981);
#5979 = CARTESIAN_POINT('',(138.176216,-105.817615,0.));
#5980 = DIRECTION('',(-0.382683349917,0.923879566662,0.));
#5981 = DIRECTION('',(-0.923879566662,-0.382683349917,0.));
#5982 = ADVANCED_FACE('',(#5983),#6008,.F.);
#5983 = FACE_BOUND('',#5984,.F.);
#5984 = EDGE_LOOP('',(#5985,#5986,#5994,#6002));
#5985 = ORIENTED_EDGE('',*,*,#5933,.T.);
#5986 = ORIENTED_EDGE('',*,*,#5987,.T.);
#5987 = EDGE_CURVE('',#5926,#5988,#5990,.T.);
#5988 = VERTEX_POINT('',#5989);
#5989 = CARTESIAN_POINT('',(137.525654,-104.247019,-4.E-02));
#5990 = LINE('',#5991,#5992);
#5991 = CARTESIAN_POINT('',(135.955058,-104.897581,-4.E-02));
#5992 = VECTOR('',#5993,1.);
#5993 = DIRECTION('',(0.923879566662,0.382683349917,0.));
#5994 = ORIENTED_EDGE('',*,*,#5995,.F.);
#5995 = EDGE_CURVE('',#5996,#5988,#5998,.T.);
#5996 = VERTEX_POINT('',#5997);
#5997 = CARTESIAN_POINT('',(137.525654,-104.247019,0.));
#5998 = LINE('',#5999,#6000);
#5999 = CARTESIAN_POINT('',(137.525654,-104.247019,0.));
#6000 = VECTOR('',#6001,1.);
#6001 = DIRECTION('',(0.,0.,-1.));
#6002 = ORIENTED_EDGE('',*,*,#6003,.F.);
#6003 = EDGE_CURVE('',#5934,#5996,#6004,.T.);
#6004 = LINE('',#6005,#6006);
#6005 = CARTESIAN_POINT('',(135.955058,-104.897581,0.));
#6006 = VECTOR('',#6007,1.);
#6007 = DIRECTION('',(0.923879566662,0.382683349917,0.));
#6008 = PLANE('',#6009);
#6009 = AXIS2_PLACEMENT_3D('',#6010,#6011,#6012);
#6010 = CARTESIAN_POINT('',(135.955058,-104.897581,0.));
#6011 = DIRECTION('',(0.382683349917,-0.923879566662,0.));
#6012 = DIRECTION('',(0.923879566662,0.382683349917,0.));
#6013 = ADVANCED_FACE('',(#6014,#6025),#6036,.F.);
#6014 = FACE_BOUND('',#6015,.F.);
#6015 = EDGE_LOOP('',(#6016,#6017,#6018,#6024));
#6016 = ORIENTED_EDGE('',*,*,#5941,.T.);
#6017 = ORIENTED_EDGE('',*,*,#6003,.T.);
#6018 = ORIENTED_EDGE('',*,*,#6019,.T.);
#6019 = EDGE_CURVE('',#5996,#5956,#6020,.T.);
#6020 = LINE('',#6021,#6022);
#6021 = CARTESIAN_POINT('',(137.525654,-104.247019,0.));
#6022 = VECTOR('',#6023,1.);
#6023 = DIRECTION('',(0.382683349917,-0.923879566662,0.));
#6024 = ORIENTED_EDGE('',*,*,#5972,.T.);
#6025 = FACE_BOUND('',#6026,.F.);
#6026 = EDGE_LOOP('',(#6027));
#6027 = ORIENTED_EDGE('',*,*,#6028,.F.);
#6028 = EDGE_CURVE('',#6029,#6029,#6031,.T.);
#6029 = VERTEX_POINT('',#6030);
#6030 = CARTESIAN_POINT('',(137.065637,-105.832598,0.));
#6031 = CIRCLE('',#6032,0.475);
#6032 = AXIS2_PLACEMENT_3D('',#6033,#6034,#6035);
#6033 = CARTESIAN_POINT('',(137.065637,-105.357598,0.));
#6034 = DIRECTION('',(-0.,0.,-1.));
#6035 = DIRECTION('',(5.983517774822E-14,-1.,-0.));
#6036 = PLANE('',#6037);
#6037 = AXIS2_PLACEMENT_3D('',#6038,#6039,#6040);
#6038 = CARTESIAN_POINT('',(0.,0.,0.));
#6039 = DIRECTION('',(-0.,-0.,-1.));
#6040 = DIRECTION('',(-1.,0.,0.));
#6041 = ADVANCED_FACE('',(#6042,#6053),#6064,.T.);
#6042 = FACE_BOUND('',#6043,.T.);
#6043 = EDGE_LOOP('',(#6044,#6045,#6046,#6052));
#6044 = ORIENTED_EDGE('',*,*,#5925,.T.);
#6045 = ORIENTED_EDGE('',*,*,#5987,.T.);
#6046 = ORIENTED_EDGE('',*,*,#6047,.T.);
#6047 = EDGE_CURVE('',#5988,#5958,#6048,.T.);
#6048 = LINE('',#6049,#6050);
#6049 = CARTESIAN_POINT('',(137.525654,-104.247019,-4.E-02));
#6050 = VECTOR('',#6051,1.);
#6051 = DIRECTION('',(0.382683349917,-0.923879566662,0.));
#6052 = ORIENTED_EDGE('',*,*,#5965,.T.);
#6053 = FACE_BOUND('',#6054,.T.);
#6054 = EDGE_LOOP('',(#6055));
#6055 = ORIENTED_EDGE('',*,*,#6056,.F.);
#6056 = EDGE_CURVE('',#6057,#6057,#6059,.T.);
#6057 = VERTEX_POINT('',#6058);
#6058 = CARTESIAN_POINT('',(137.065637,-105.832598,-4.E-02));
#6059 = CIRCLE('',#6060,0.475);
#6060 = AXIS2_PLACEMENT_3D('',#6061,#6062,#6063);
#6061 = CARTESIAN_POINT('',(137.065637,-105.357598,-4.E-02));
#6062 = DIRECTION('',(-0.,0.,-1.));
#6063 = DIRECTION('',(5.983517774822E-14,-1.,-0.));
#6064 = PLANE('',#6065);
#6065 = AXIS2_PLACEMENT_3D('',#6066,#6067,#6068);
#6066 = CARTESIAN_POINT('',(0.,0.,-4.E-02));
#6067 = DIRECTION('',(-0.,-0.,-1.));
#6068 = DIRECTION('',(-1.,0.,0.));
#6069 = ADVANCED_FACE('',(#6070),#6076,.F.);
#6070 = FACE_BOUND('',#6071,.F.);
#6071 = EDGE_LOOP('',(#6072,#6073,#6074,#6075));
#6072 = ORIENTED_EDGE('',*,*,#5995,.T.);
#6073 = ORIENTED_EDGE('',*,*,#6047,.T.);
#6074 = ORIENTED_EDGE('',*,*,#5955,.F.);
#6075 = ORIENTED_EDGE('',*,*,#6019,.F.);
#6076 = PLANE('',#6077);
#6077 = AXIS2_PLACEMENT_3D('',#6078,#6079,#6080);
#6078 = CARTESIAN_POINT('',(137.525654,-104.247019,0.));
#6079 = DIRECTION('',(-0.923879566662,-0.382683349917,-0.));
#6080 = DIRECTION('',(0.382683349917,-0.923879566662,0.));
#6081 = ADVANCED_FACE('',(#6082),#6093,.F.);
#6082 = FACE_BOUND('',#6083,.T.);
#6083 = EDGE_LOOP('',(#6084,#6085,#6091,#6092));
#6084 = ORIENTED_EDGE('',*,*,#6056,.T.);
#6085 = ORIENTED_EDGE('',*,*,#6086,.T.);
#6086 = EDGE_CURVE('',#6057,#6029,#6087,.T.);
#6087 = LINE('',#6088,#6089);
#6088 = CARTESIAN_POINT('',(137.065637,-105.832598,-4.6E-02));
#6089 = VECTOR('',#6090,1.);
#6090 = DIRECTION('',(0.,0.,1.));
#6091 = ORIENTED_EDGE('',*,*,#6028,.F.);
#6092 = ORIENTED_EDGE('',*,*,#6086,.F.);
#6093 = CYLINDRICAL_SURFACE('',#6094,0.475);
#6094 = AXIS2_PLACEMENT_3D('',#6095,#6096,#6097);
#6095 = CARTESIAN_POINT('',(137.065637,-105.357598,-4.6E-02));
#6096 = DIRECTION('',(-0.,0.,-1.));
#6097 = DIRECTION('',(5.983517774822E-14,-1.,-0.));
#6098 = MANIFOLD_SOLID_BREP('',#6099);
#6099 = CLOSED_SHELL('',(#6100,#6133,#6153,#6173));
#6100 = ADVANCED_FACE('',(#6101),#6128,.T.);
#6101 = FACE_BOUND('',#6102,.F.);
#6102 = EDGE_LOOP('',(#6103,#6113,#6120,#6121));
#6103 = ORIENTED_EDGE('',*,*,#6104,.T.);
#6104 = EDGE_CURVE('',#6105,#6107,#6109,.T.);
#6105 = VERTEX_POINT('',#6106);
#6106 = CARTESIAN_POINT('',(137.065637,-105.857598,-4.E-02));
#6107 = VERTEX_POINT('',#6108);
#6108 = CARTESIAN_POINT('',(137.065637,-105.857598,1.55));
#6109 = LINE('',#6110,#6111);
#6110 = CARTESIAN_POINT('',(137.065637,-105.857598,-4.E-02));
#6111 = VECTOR('',#6112,1.);
#6112 = DIRECTION('',(0.,0.,1.));
#6113 = ORIENTED_EDGE('',*,*,#6114,.T.);
#6114 = EDGE_CURVE('',#6107,#6107,#6115,.T.);
#6115 = CIRCLE('',#6116,0.5);
#6116 = AXIS2_PLACEMENT_3D('',#6117,#6118,#6119);
#6117 = CARTESIAN_POINT('',(137.065637,-105.357598,1.55));
#6118 = DIRECTION('',(0.,0.,1.));
#6119 = DIRECTION('',(-0.,-1.,0.));
#6120 = ORIENTED_EDGE('',*,*,#6104,.F.);
#6121 = ORIENTED_EDGE('',*,*,#6122,.F.);
#6122 = EDGE_CURVE('',#6105,#6105,#6123,.T.);
#6123 = CIRCLE('',#6124,0.5);
#6124 = AXIS2_PLACEMENT_3D('',#6125,#6126,#6127);
#6125 = CARTESIAN_POINT('',(137.065637,-105.357598,-4.E-02));
#6126 = DIRECTION('',(0.,0.,1.));
#6127 = DIRECTION('',(-0.,-1.,0.));
#6128 = CYLINDRICAL_SURFACE('',#6129,0.5);
#6129 = AXIS2_PLACEMENT_3D('',#6130,#6131,#6132);
#6130 = CARTESIAN_POINT('',(137.065637,-105.357598,-4.E-02));
#6131 = DIRECTION('',(-0.,-0.,-1.));
#6132 = DIRECTION('',(-0.,-1.,0.));
#6133 = ADVANCED_FACE('',(#6134,#6137),#6148,.F.);
#6134 = FACE_BOUND('',#6135,.F.);
#6135 = EDGE_LOOP('',(#6136));
#6136 = ORIENTED_EDGE('',*,*,#6122,.T.);
#6137 = FACE_BOUND('',#6138,.F.);
#6138 = EDGE_LOOP('',(#6139));
#6139 = ORIENTED_EDGE('',*,*,#6140,.T.);
#6140 = EDGE_CURVE('',#6141,#6141,#6143,.T.);
#6141 = VERTEX_POINT('',#6142);
#6142 = CARTESIAN_POINT('',(137.065637,-105.832598,-4.E-02));
#6143 = CIRCLE('',#6144,0.475);
#6144 = AXIS2_PLACEMENT_3D('',#6145,#6146,#6147);
#6145 = CARTESIAN_POINT('',(137.065637,-105.357598,-4.E-02));
#6146 = DIRECTION('',(-0.,0.,-1.));
#6147 = DIRECTION('',(5.983517774822E-14,-1.,-0.));
#6148 = PLANE('',#6149);
#6149 = AXIS2_PLACEMENT_3D('',#6150,#6151,#6152);
#6150 = CARTESIAN_POINT('',(137.065637,-105.857598,-4.E-02));
#6151 = DIRECTION('',(0.,0.,1.));
#6152 = DIRECTION('',(1.,0.,-0.));
#6153 = ADVANCED_FACE('',(#6154,#6157),#6168,.T.);
#6154 = FACE_BOUND('',#6155,.T.);
#6155 = EDGE_LOOP('',(#6156));
#6156 = ORIENTED_EDGE('',*,*,#6114,.T.);
#6157 = FACE_BOUND('',#6158,.T.);
#6158 = EDGE_LOOP('',(#6159));
#6159 = ORIENTED_EDGE('',*,*,#6160,.T.);
#6160 = EDGE_CURVE('',#6161,#6161,#6163,.T.);
#6161 = VERTEX_POINT('',#6162);
#6162 = CARTESIAN_POINT('',(137.065637,-105.832598,1.55));
#6163 = CIRCLE('',#6164,0.475);
#6164 = AXIS2_PLACEMENT_3D('',#6165,#6166,#6167);
#6165 = CARTESIAN_POINT('',(137.065637,-105.357598,1.55));
#6166 = DIRECTION('',(-0.,0.,-1.));
#6167 = DIRECTION('',(5.983517774822E-14,-1.,-0.));
#6168 = PLANE('',#6169);
#6169 = AXIS2_PLACEMENT_3D('',#6170,#6171,#6172);
#6170 = CARTESIAN_POINT('',(137.065637,-105.857598,1.55));
#6171 = DIRECTION('',(0.,0.,1.));
#6172 = DIRECTION('',(1.,0.,-0.));
#6173 = ADVANCED_FACE('',(#6174),#6185,.F.);
#6174 = FACE_BOUND('',#6175,.T.);
#6175 = EDGE_LOOP('',(#6176,#6177,#6183,#6184));
#6176 = ORIENTED_EDGE('',*,*,#6140,.T.);
#6177 = ORIENTED_EDGE('',*,*,#6178,.T.);
#6178 = EDGE_CURVE('',#6141,#6161,#6179,.T.);
#6179 = LINE('',#6180,#6181);
#6180 = CARTESIAN_POINT('',(137.065637,-105.832598,-4.6E-02));
#6181 = VECTOR('',#6182,1.);
#6182 = DIRECTION('',(0.,0.,1.));
#6183 = ORIENTED_EDGE('',*,*,#6160,.F.);
#6184 = ORIENTED_EDGE('',*,*,#6178,.F.);
#6185 = CYLINDRICAL_SURFACE('',#6186,0.475);
#6186 = AXIS2_PLACEMENT_3D('',#6187,#6188,#6189);
#6187 = CARTESIAN_POINT('',(137.065637,-105.357598,-4.6E-02));
#6188 = DIRECTION('',(-0.,0.,-1.));
#6189 = DIRECTION('',(5.983517774822E-14,-1.,-0.));
#6190 = MANIFOLD_SOLID_BREP('',#6191);
#6191 = CLOSED_SHELL('',(#6192,#6232,#6263,#6294,#6322,#6350,#6362));
#6192 = ADVANCED_FACE('',(#6193),#6227,.T.);
#6193 = FACE_BOUND('',#6194,.T.);
#6194 = EDGE_LOOP('',(#6195,#6205,#6213,#6221));
#6195 = ORIENTED_EDGE('',*,*,#6196,.T.);
#6196 = EDGE_CURVE('',#6197,#6199,#6201,.T.);
#6197 = VERTEX_POINT('',#6198);
#6198 = CARTESIAN_POINT('',(145.102399,-114.044922,1.51));
#6199 = VERTEX_POINT('',#6200);
#6200 = CARTESIAN_POINT('',(145.102399,-114.044922,1.55));
#6201 = LINE('',#6202,#6203);
#6202 = CARTESIAN_POINT('',(145.102399,-114.044922,1.51));
#6203 = VECTOR('',#6204,1.);
#6204 = DIRECTION('',(0.,0.,1.));
#6205 = ORIENTED_EDGE('',*,*,#6206,.T.);
#6206 = EDGE_CURVE('',#6199,#6207,#6209,.T.);
#6207 = VERTEX_POINT('',#6208);
#6208 = CARTESIAN_POINT('',(143.531803,-113.39436,1.55));
#6209 = LINE('',#6210,#6211);
#6210 = CARTESIAN_POINT('',(145.102399,-114.044922,1.55));
#6211 = VECTOR('',#6212,1.);
#6212 = DIRECTION('',(-0.923879566662,0.382683349917,0.));
#6213 = ORIENTED_EDGE('',*,*,#6214,.F.);
#6214 = EDGE_CURVE('',#6215,#6207,#6217,.T.);
#6215 = VERTEX_POINT('',#6216);
#6216 = CARTESIAN_POINT('',(143.531803,-113.39436,1.51));
#6217 = LINE('',#6218,#6219);
#6218 = CARTESIAN_POINT('',(143.531803,-113.39436,1.51));
#6219 = VECTOR('',#6220,1.);
#6220 = DIRECTION('',(0.,0.,1.));
#6221 = ORIENTED_EDGE('',*,*,#6222,.F.);
#6222 = EDGE_CURVE('',#6197,#6215,#6223,.T.);
#6223 = LINE('',#6224,#6225);
#6224 = CARTESIAN_POINT('',(145.102399,-114.044922,1.51));
#6225 = VECTOR('',#6226,1.);
#6226 = DIRECTION('',(-0.923879566662,0.382683349917,0.));
#6227 = PLANE('',#6228);
#6228 = AXIS2_PLACEMENT_3D('',#6229,#6230,#6231);
#6229 = CARTESIAN_POINT('',(145.102399,-114.044922,1.51));
#6230 = DIRECTION('',(-0.382683349917,-0.923879566662,0.));
#6231 = DIRECTION('',(-0.923879566662,0.382683349917,0.));
#6232 = ADVANCED_FACE('',(#6233),#6258,.T.);
#6233 = FACE_BOUND('',#6234,.T.);
#6234 = EDGE_LOOP('',(#6235,#6245,#6251,#6252));
#6235 = ORIENTED_EDGE('',*,*,#6236,.T.);
#6236 = EDGE_CURVE('',#6237,#6239,#6241,.T.);
#6237 = VERTEX_POINT('',#6238);
#6238 = CARTESIAN_POINT('',(145.752961,-112.474326,1.51));
#6239 = VERTEX_POINT('',#6240);
#6240 = CARTESIAN_POINT('',(145.752961,-112.474326,1.55));
#6241 = LINE('',#6242,#6243);
#6242 = CARTESIAN_POINT('',(145.752961,-112.474326,1.51));
#6243 = VECTOR('',#6244,1.);
#6244 = DIRECTION('',(0.,0.,1.));
#6245 = ORIENTED_EDGE('',*,*,#6246,.T.);
#6246 = EDGE_CURVE('',#6239,#6199,#6247,.T.);
#6247 = LINE('',#6248,#6249);
#6248 = CARTESIAN_POINT('',(145.752961,-112.474326,1.55));
#6249 = VECTOR('',#6250,1.);
#6250 = DIRECTION('',(-0.382683349917,-0.923879566662,0.));
#6251 = ORIENTED_EDGE('',*,*,#6196,.F.);
#6252 = ORIENTED_EDGE('',*,*,#6253,.F.);
#6253 = EDGE_CURVE('',#6237,#6197,#6254,.T.);
#6254 = LINE('',#6255,#6256);
#6255 = CARTESIAN_POINT('',(145.752961,-112.474326,1.51));
#6256 = VECTOR('',#6257,1.);
#6257 = DIRECTION('',(-0.382683349917,-0.923879566662,0.));
#6258 = PLANE('',#6259);
#6259 = AXIS2_PLACEMENT_3D('',#6260,#6261,#6262);
#6260 = CARTESIAN_POINT('',(145.752961,-112.474326,1.51));
#6261 = DIRECTION('',(0.923879566662,-0.382683349917,0.));
#6262 = DIRECTION('',(-0.382683349917,-0.923879566662,0.));
#6263 = ADVANCED_FACE('',(#6264),#6289,.T.);
#6264 = FACE_BOUND('',#6265,.T.);
#6265 = EDGE_LOOP('',(#6266,#6267,#6275,#6283));
#6266 = ORIENTED_EDGE('',*,*,#6214,.T.);
#6267 = ORIENTED_EDGE('',*,*,#6268,.T.);
#6268 = EDGE_CURVE('',#6207,#6269,#6271,.T.);
#6269 = VERTEX_POINT('',#6270);
#6270 = CARTESIAN_POINT('',(144.182365,-111.823764,1.55));
#6271 = LINE('',#6272,#6273);
#6272 = CARTESIAN_POINT('',(143.531803,-113.39436,1.55));
#6273 = VECTOR('',#6274,1.);
#6274 = DIRECTION('',(0.382683349917,0.923879566662,0.));
#6275 = ORIENTED_EDGE('',*,*,#6276,.F.);
#6276 = EDGE_CURVE('',#6277,#6269,#6279,.T.);
#6277 = VERTEX_POINT('',#6278);
#6278 = CARTESIAN_POINT('',(144.182365,-111.823764,1.51));
#6279 = LINE('',#6280,#6281);
#6280 = CARTESIAN_POINT('',(144.182365,-111.823764,1.51));
#6281 = VECTOR('',#6282,1.);
#6282 = DIRECTION('',(0.,0.,1.));
#6283 = ORIENTED_EDGE('',*,*,#6284,.F.);
#6284 = EDGE_CURVE('',#6215,#6277,#6285,.T.);
#6285 = LINE('',#6286,#6287);
#6286 = CARTESIAN_POINT('',(143.531803,-113.39436,1.51));
#6287 = VECTOR('',#6288,1.);
#6288 = DIRECTION('',(0.382683349917,0.923879566662,0.));
#6289 = PLANE('',#6290);
#6290 = AXIS2_PLACEMENT_3D('',#6291,#6292,#6293);
#6291 = CARTESIAN_POINT('',(143.531803,-113.39436,1.51));
#6292 = DIRECTION('',(-0.923879566662,0.382683349917,0.));
#6293 = DIRECTION('',(0.382683349917,0.923879566662,0.));
#6294 = ADVANCED_FACE('',(#6295,#6306),#6317,.F.);
#6295 = FACE_BOUND('',#6296,.F.);
#6296 = EDGE_LOOP('',(#6297,#6298,#6299,#6305));
#6297 = ORIENTED_EDGE('',*,*,#6222,.F.);
#6298 = ORIENTED_EDGE('',*,*,#6253,.F.);
#6299 = ORIENTED_EDGE('',*,*,#6300,.F.);
#6300 = EDGE_CURVE('',#6277,#6237,#6301,.T.);
#6301 = LINE('',#6302,#6303);
#6302 = CARTESIAN_POINT('',(144.182365,-111.823764,1.51));
#6303 = VECTOR('',#6304,1.);
#6304 = DIRECTION('',(0.923879566662,-0.382683349917,0.));
#6305 = ORIENTED_EDGE('',*,*,#6284,.F.);
#6306 = FACE_BOUND('',#6307,.F.);
#6307 = EDGE_LOOP('',(#6308));
#6308 = ORIENTED_EDGE('',*,*,#6309,.T.);
#6309 = EDGE_CURVE('',#6310,#6310,#6312,.T.);
#6310 = VERTEX_POINT('',#6311);
#6311 = CARTESIAN_POINT('',(144.642382,-113.409343,1.51));
#6312 = CIRCLE('',#6313,0.475);
#6313 = AXIS2_PLACEMENT_3D('',#6314,#6315,#6316);
#6314 = CARTESIAN_POINT('',(144.642382,-112.934343,1.51));
#6315 = DIRECTION('',(-0.,0.,-1.));
#6316 = DIRECTION('',(-0.,-1.,0.));
#6317 = PLANE('',#6318);
#6318 = AXIS2_PLACEMENT_3D('',#6319,#6320,#6321);
#6319 = CARTESIAN_POINT('',(0.,0.,1.51));
#6320 = DIRECTION('',(0.,0.,1.));
#6321 = DIRECTION('',(1.,0.,-0.));
#6322 = ADVANCED_FACE('',(#6323,#6334),#6345,.T.);
#6323 = FACE_BOUND('',#6324,.T.);
#6324 = EDGE_LOOP('',(#6325,#6326,#6327,#6333));
#6325 = ORIENTED_EDGE('',*,*,#6206,.F.);
#6326 = ORIENTED_EDGE('',*,*,#6246,.F.);
#6327 = ORIENTED_EDGE('',*,*,#6328,.F.);
#6328 = EDGE_CURVE('',#6269,#6239,#6329,.T.);
#6329 = LINE('',#6330,#6331);
#6330 = CARTESIAN_POINT('',(144.182365,-111.823764,1.55));
#6331 = VECTOR('',#6332,1.);
#6332 = DIRECTION('',(0.923879566662,-0.382683349917,0.));
#6333 = ORIENTED_EDGE('',*,*,#6268,.F.);
#6334 = FACE_BOUND('',#6335,.T.);
#6335 = EDGE_LOOP('',(#6336));
#6336 = ORIENTED_EDGE('',*,*,#6337,.T.);
#6337 = EDGE_CURVE('',#6338,#6338,#6340,.T.);
#6338 = VERTEX_POINT('',#6339);
#6339 = CARTESIAN_POINT('',(144.642382,-113.409343,1.55));
#6340 = CIRCLE('',#6341,0.475);
#6341 = AXIS2_PLACEMENT_3D('',#6342,#6343,#6344);
#6342 = CARTESIAN_POINT('',(144.642382,-112.934343,1.55));
#6343 = DIRECTION('',(-0.,0.,-1.));
#6344 = DIRECTION('',(-0.,-1.,0.));
#6345 = PLANE('',#6346);
#6346 = AXIS2_PLACEMENT_3D('',#6347,#6348,#6349);
#6347 = CARTESIAN_POINT('',(0.,0.,1.55));
#6348 = DIRECTION('',(0.,0.,1.));
#6349 = DIRECTION('',(1.,0.,-0.));
#6350 = ADVANCED_FACE('',(#6351),#6357,.T.);
#6351 = FACE_BOUND('',#6352,.T.);
#6352 = EDGE_LOOP('',(#6353,#6354,#6355,#6356));
#6353 = ORIENTED_EDGE('',*,*,#6276,.T.);
#6354 = ORIENTED_EDGE('',*,*,#6328,.T.);
#6355 = ORIENTED_EDGE('',*,*,#6236,.F.);
#6356 = ORIENTED_EDGE('',*,*,#6300,.F.);
#6357 = PLANE('',#6358);
#6358 = AXIS2_PLACEMENT_3D('',#6359,#6360,#6361);
#6359 = CARTESIAN_POINT('',(144.182365,-111.823764,1.51));
#6360 = DIRECTION('',(0.382683349917,0.923879566662,-0.));
#6361 = DIRECTION('',(0.923879566662,-0.382683349917,0.));
#6362 = ADVANCED_FACE('',(#6363),#6374,.F.);
#6363 = FACE_BOUND('',#6364,.T.);
#6364 = EDGE_LOOP('',(#6365,#6366,#6372,#6373));
#6365 = ORIENTED_EDGE('',*,*,#6309,.T.);
#6366 = ORIENTED_EDGE('',*,*,#6367,.T.);
#6367 = EDGE_CURVE('',#6310,#6338,#6368,.T.);
#6368 = LINE('',#6369,#6370);
#6369 = CARTESIAN_POINT('',(144.642382,-113.409343,-4.6E-02));
#6370 = VECTOR('',#6371,1.);
#6371 = DIRECTION('',(0.,0.,1.));
#6372 = ORIENTED_EDGE('',*,*,#6337,.F.);
#6373 = ORIENTED_EDGE('',*,*,#6367,.F.);
#6374 = CYLINDRICAL_SURFACE('',#6375,0.475);
#6375 = AXIS2_PLACEMENT_3D('',#6376,#6377,#6378);
#6376 = CARTESIAN_POINT('',(144.642382,-112.934343,-4.6E-02));
#6377 = DIRECTION('',(-0.,-0.,-1.));
#6378 = DIRECTION('',(-0.,-1.,0.));
#6379 = MANIFOLD_SOLID_BREP('',#6380);
#6380 = CLOSED_SHELL('',(#6381,#6421,#6452,#6483,#6511,#6539,#6551));
#6381 = ADVANCED_FACE('',(#6382),#6416,.F.);
#6382 = FACE_BOUND('',#6383,.F.);
#6383 = EDGE_LOOP('',(#6384,#6394,#6402,#6410));
#6384 = ORIENTED_EDGE('',*,*,#6385,.T.);
#6385 = EDGE_CURVE('',#6386,#6388,#6390,.T.);
#6386 = VERTEX_POINT('',#6387);
#6387 = CARTESIAN_POINT('',(145.102399,-114.044922,0.));
#6388 = VERTEX_POINT('',#6389);
#6389 = CARTESIAN_POINT('',(145.102399,-114.044922,-4.E-02));
#6390 = LINE('',#6391,#6392);
#6391 = CARTESIAN_POINT('',(145.102399,-114.044922,0.));
#6392 = VECTOR('',#6393,1.);
#6393 = DIRECTION('',(0.,0.,-1.));
#6394 = ORIENTED_EDGE('',*,*,#6395,.T.);
#6395 = EDGE_CURVE('',#6388,#6396,#6398,.T.);
#6396 = VERTEX_POINT('',#6397);
#6397 = CARTESIAN_POINT('',(143.531803,-113.39436,-4.E-02));
#6398 = LINE('',#6399,#6400);
#6399 = CARTESIAN_POINT('',(145.102399,-114.044922,-4.E-02));
#6400 = VECTOR('',#6401,1.);
#6401 = DIRECTION('',(-0.923879566662,0.382683349917,0.));
#6402 = ORIENTED_EDGE('',*,*,#6403,.F.);
#6403 = EDGE_CURVE('',#6404,#6396,#6406,.T.);
#6404 = VERTEX_POINT('',#6405);
#6405 = CARTESIAN_POINT('',(143.531803,-113.39436,0.));
#6406 = LINE('',#6407,#6408);
#6407 = CARTESIAN_POINT('',(143.531803,-113.39436,0.));
#6408 = VECTOR('',#6409,1.);
#6409 = DIRECTION('',(0.,0.,-1.));
#6410 = ORIENTED_EDGE('',*,*,#6411,.F.);
#6411 = EDGE_CURVE('',#6386,#6404,#6412,.T.);
#6412 = LINE('',#6413,#6414);
#6413 = CARTESIAN_POINT('',(145.102399,-114.044922,0.));
#6414 = VECTOR('',#6415,1.);
#6415 = DIRECTION('',(-0.923879566662,0.382683349917,0.));
#6416 = PLANE('',#6417);
#6417 = AXIS2_PLACEMENT_3D('',#6418,#6419,#6420);
#6418 = CARTESIAN_POINT('',(145.102399,-114.044922,0.));
#6419 = DIRECTION('',(0.382683349917,0.923879566662,0.));
#6420 = DIRECTION('',(-0.923879566662,0.382683349917,0.));
#6421 = ADVANCED_FACE('',(#6422),#6447,.F.);
#6422 = FACE_BOUND('',#6423,.F.);
#6423 = EDGE_LOOP('',(#6424,#6434,#6440,#6441));
#6424 = ORIENTED_EDGE('',*,*,#6425,.T.);
#6425 = EDGE_CURVE('',#6426,#6428,#6430,.T.);
#6426 = VERTEX_POINT('',#6427);
#6427 = CARTESIAN_POINT('',(145.752961,-112.474326,0.));
#6428 = VERTEX_POINT('',#6429);
#6429 = CARTESIAN_POINT('',(145.752961,-112.474326,-4.E-02));
#6430 = LINE('',#6431,#6432);
#6431 = CARTESIAN_POINT('',(145.752961,-112.474326,0.));
#6432 = VECTOR('',#6433,1.);
#6433 = DIRECTION('',(0.,0.,-1.));
#6434 = ORIENTED_EDGE('',*,*,#6435,.T.);
#6435 = EDGE_CURVE('',#6428,#6388,#6436,.T.);
#6436 = LINE('',#6437,#6438);
#6437 = CARTESIAN_POINT('',(145.752961,-112.474326,-4.E-02));
#6438 = VECTOR('',#6439,1.);
#6439 = DIRECTION('',(-0.382683349917,-0.923879566662,0.));
#6440 = ORIENTED_EDGE('',*,*,#6385,.F.);
#6441 = ORIENTED_EDGE('',*,*,#6442,.F.);
#6442 = EDGE_CURVE('',#6426,#6386,#6443,.T.);
#6443 = LINE('',#6444,#6445);
#6444 = CARTESIAN_POINT('',(145.752961,-112.474326,0.));
#6445 = VECTOR('',#6446,1.);
#6446 = DIRECTION('',(-0.382683349917,-0.923879566662,0.));
#6447 = PLANE('',#6448);
#6448 = AXIS2_PLACEMENT_3D('',#6449,#6450,#6451);
#6449 = CARTESIAN_POINT('',(145.752961,-112.474326,0.));
#6450 = DIRECTION('',(-0.923879566662,0.382683349917,0.));
#6451 = DIRECTION('',(-0.382683349917,-0.923879566662,0.));
#6452 = ADVANCED_FACE('',(#6453),#6478,.F.);
#6453 = FACE_BOUND('',#6454,.F.);
#6454 = EDGE_LOOP('',(#6455,#6456,#6464,#6472));
#6455 = ORIENTED_EDGE('',*,*,#6403,.T.);
#6456 = ORIENTED_EDGE('',*,*,#6457,.T.);
#6457 = EDGE_CURVE('',#6396,#6458,#6460,.T.);
#6458 = VERTEX_POINT('',#6459);
#6459 = CARTESIAN_POINT('',(144.182365,-111.823764,-4.E-02));
#6460 = LINE('',#6461,#6462);
#6461 = CARTESIAN_POINT('',(143.531803,-113.39436,-4.E-02));
#6462 = VECTOR('',#6463,1.);
#6463 = DIRECTION('',(0.382683349917,0.923879566662,0.));
#6464 = ORIENTED_EDGE('',*,*,#6465,.F.);
#6465 = EDGE_CURVE('',#6466,#6458,#6468,.T.);
#6466 = VERTEX_POINT('',#6467);
#6467 = CARTESIAN_POINT('',(144.182365,-111.823764,0.));
#6468 = LINE('',#6469,#6470);
#6469 = CARTESIAN_POINT('',(144.182365,-111.823764,0.));
#6470 = VECTOR('',#6471,1.);
#6471 = DIRECTION('',(0.,0.,-1.));
#6472 = ORIENTED_EDGE('',*,*,#6473,.F.);
#6473 = EDGE_CURVE('',#6404,#6466,#6474,.T.);
#6474 = LINE('',#6475,#6476);
#6475 = CARTESIAN_POINT('',(143.531803,-113.39436,0.));
#6476 = VECTOR('',#6477,1.);
#6477 = DIRECTION('',(0.382683349917,0.923879566662,0.));
#6478 = PLANE('',#6479);
#6479 = AXIS2_PLACEMENT_3D('',#6480,#6481,#6482);
#6480 = CARTESIAN_POINT('',(143.531803,-113.39436,0.));
#6481 = DIRECTION('',(0.923879566662,-0.382683349917,0.));
#6482 = DIRECTION('',(0.382683349917,0.923879566662,0.));
#6483 = ADVANCED_FACE('',(#6484,#6495),#6506,.F.);
#6484 = FACE_BOUND('',#6485,.F.);
#6485 = EDGE_LOOP('',(#6486,#6487,#6488,#6494));
#6486 = ORIENTED_EDGE('',*,*,#6411,.T.);
#6487 = ORIENTED_EDGE('',*,*,#6473,.T.);
#6488 = ORIENTED_EDGE('',*,*,#6489,.T.);
#6489 = EDGE_CURVE('',#6466,#6426,#6490,.T.);
#6490 = LINE('',#6491,#6492);
#6491 = CARTESIAN_POINT('',(144.182365,-111.823764,0.));
#6492 = VECTOR('',#6493,1.);
#6493 = DIRECTION('',(0.923879566662,-0.382683349917,0.));
#6494 = ORIENTED_EDGE('',*,*,#6442,.T.);
#6495 = FACE_BOUND('',#6496,.F.);
#6496 = EDGE_LOOP('',(#6497));
#6497 = ORIENTED_EDGE('',*,*,#6498,.F.);
#6498 = EDGE_CURVE('',#6499,#6499,#6501,.T.);
#6499 = VERTEX_POINT('',#6500);
#6500 = CARTESIAN_POINT('',(144.642382,-113.409343,0.));
#6501 = CIRCLE('',#6502,0.475);
#6502 = AXIS2_PLACEMENT_3D('',#6503,#6504,#6505);
#6503 = CARTESIAN_POINT('',(144.642382,-112.934343,0.));
#6504 = DIRECTION('',(-0.,0.,-1.));
#6505 = DIRECTION('',(-0.,-1.,0.));
#6506 = PLANE('',#6507);
#6507 = AXIS2_PLACEMENT_3D('',#6508,#6509,#6510);
#6508 = CARTESIAN_POINT('',(0.,0.,0.));
#6509 = DIRECTION('',(-0.,-0.,-1.));
#6510 = DIRECTION('',(-1.,0.,0.));
#6511 = ADVANCED_FACE('',(#6512,#6523),#6534,.T.);
#6512 = FACE_BOUND('',#6513,.T.);
#6513 = EDGE_LOOP('',(#6514,#6515,#6516,#6522));
#6514 = ORIENTED_EDGE('',*,*,#6395,.T.);
#6515 = ORIENTED_EDGE('',*,*,#6457,.T.);
#6516 = ORIENTED_EDGE('',*,*,#6517,.T.);
#6517 = EDGE_CURVE('',#6458,#6428,#6518,.T.);
#6518 = LINE('',#6519,#6520);
#6519 = CARTESIAN_POINT('',(144.182365,-111.823764,-4.E-02));
#6520 = VECTOR('',#6521,1.);
#6521 = DIRECTION('',(0.923879566662,-0.382683349917,0.));
#6522 = ORIENTED_EDGE('',*,*,#6435,.T.);
#6523 = FACE_BOUND('',#6524,.T.);
#6524 = EDGE_LOOP('',(#6525));
#6525 = ORIENTED_EDGE('',*,*,#6526,.F.);
#6526 = EDGE_CURVE('',#6527,#6527,#6529,.T.);
#6527 = VERTEX_POINT('',#6528);
#6528 = CARTESIAN_POINT('',(144.642382,-113.409343,-4.E-02));
#6529 = CIRCLE('',#6530,0.475);
#6530 = AXIS2_PLACEMENT_3D('',#6531,#6532,#6533);
#6531 = CARTESIAN_POINT('',(144.642382,-112.934343,-4.E-02));
#6532 = DIRECTION('',(-0.,0.,-1.));
#6533 = DIRECTION('',(-0.,-1.,0.));
#6534 = PLANE('',#6535);
#6535 = AXIS2_PLACEMENT_3D('',#6536,#6537,#6538);
#6536 = CARTESIAN_POINT('',(0.,0.,-4.E-02));
#6537 = DIRECTION('',(-0.,-0.,-1.));
#6538 = DIRECTION('',(-1.,0.,0.));
#6539 = ADVANCED_FACE('',(#6540),#6546,.F.);
#6540 = FACE_BOUND('',#6541,.F.);
#6541 = EDGE_LOOP('',(#6542,#6543,#6544,#6545));
#6542 = ORIENTED_EDGE('',*,*,#6465,.T.);
#6543 = ORIENTED_EDGE('',*,*,#6517,.T.);
#6544 = ORIENTED_EDGE('',*,*,#6425,.F.);
#6545 = ORIENTED_EDGE('',*,*,#6489,.F.);
#6546 = PLANE('',#6547);
#6547 = AXIS2_PLACEMENT_3D('',#6548,#6549,#6550);
#6548 = CARTESIAN_POINT('',(144.182365,-111.823764,0.));
#6549 = DIRECTION('',(-0.382683349917,-0.923879566662,-0.));
#6550 = DIRECTION('',(0.923879566662,-0.382683349917,0.));
#6551 = ADVANCED_FACE('',(#6552),#6563,.F.);
#6552 = FACE_BOUND('',#6553,.T.);
#6553 = EDGE_LOOP('',(#6554,#6555,#6561,#6562));
#6554 = ORIENTED_EDGE('',*,*,#6526,.T.);
#6555 = ORIENTED_EDGE('',*,*,#6556,.T.);
#6556 = EDGE_CURVE('',#6527,#6499,#6557,.T.);
#6557 = LINE('',#6558,#6559);
#6558 = CARTESIAN_POINT('',(144.642382,-113.409343,-4.6E-02));
#6559 = VECTOR('',#6560,1.);
#6560 = DIRECTION('',(0.,0.,1.));
#6561 = ORIENTED_EDGE('',*,*,#6498,.F.);
#6562 = ORIENTED_EDGE('',*,*,#6556,.F.);
#6563 = CYLINDRICAL_SURFACE('',#6564,0.475);
#6564 = AXIS2_PLACEMENT_3D('',#6565,#6566,#6567);
#6565 = CARTESIAN_POINT('',(144.642382,-112.934343,-4.6E-02));
#6566 = DIRECTION('',(-0.,-0.,-1.));
#6567 = DIRECTION('',(-0.,-1.,0.));
#6568 = MANIFOLD_SOLID_BREP('',#6569);
#6569 = CLOSED_SHELL('',(#6570,#6603,#6623,#6643));
#6570 = ADVANCED_FACE('',(#6571),#6598,.T.);
#6571 = FACE_BOUND('',#6572,.F.);
#6572 = EDGE_LOOP('',(#6573,#6583,#6590,#6591));
#6573 = ORIENTED_EDGE('',*,*,#6574,.T.);
#6574 = EDGE_CURVE('',#6575,#6577,#6579,.T.);
#6575 = VERTEX_POINT('',#6576);
#6576 = CARTESIAN_POINT('',(144.642382,-113.434343,-4.E-02));
#6577 = VERTEX_POINT('',#6578);
#6578 = CARTESIAN_POINT('',(144.642382,-113.434343,1.55));
#6579 = LINE('',#6580,#6581);
#6580 = CARTESIAN_POINT('',(144.642382,-113.434343,-4.E-02));
#6581 = VECTOR('',#6582,1.);
#6582 = DIRECTION('',(0.,0.,1.));
#6583 = ORIENTED_EDGE('',*,*,#6584,.T.);
#6584 = EDGE_CURVE('',#6577,#6577,#6585,.T.);
#6585 = CIRCLE('',#6586,0.5);
#6586 = AXIS2_PLACEMENT_3D('',#6587,#6588,#6589);
#6587 = CARTESIAN_POINT('',(144.642382,-112.934343,1.55));
#6588 = DIRECTION('',(0.,0.,1.));
#6589 = DIRECTION('',(-0.,-1.,0.));
#6590 = ORIENTED_EDGE('',*,*,#6574,.F.);
#6591 = ORIENTED_EDGE('',*,*,#6592,.F.);
#6592 = EDGE_CURVE('',#6575,#6575,#6593,.T.);
#6593 = CIRCLE('',#6594,0.5);
#6594 = AXIS2_PLACEMENT_3D('',#6595,#6596,#6597);
#6595 = CARTESIAN_POINT('',(144.642382,-112.934343,-4.E-02));
#6596 = DIRECTION('',(0.,0.,1.));
#6597 = DIRECTION('',(-0.,-1.,0.));
#6598 = CYLINDRICAL_SURFACE('',#6599,0.5);
#6599 = AXIS2_PLACEMENT_3D('',#6600,#6601,#6602);
#6600 = CARTESIAN_POINT('',(144.642382,-112.934343,-4.E-02));
#6601 = DIRECTION('',(-0.,-0.,-1.));
#6602 = DIRECTION('',(-0.,-1.,0.));
#6603 = ADVANCED_FACE('',(#6604,#6607),#6618,.F.);
#6604 = FACE_BOUND('',#6605,.F.);
#6605 = EDGE_LOOP('',(#6606));
#6606 = ORIENTED_EDGE('',*,*,#6592,.T.);
#6607 = FACE_BOUND('',#6608,.F.);
#6608 = EDGE_LOOP('',(#6609));
#6609 = ORIENTED_EDGE('',*,*,#6610,.T.);
#6610 = EDGE_CURVE('',#6611,#6611,#6613,.T.);
#6611 = VERTEX_POINT('',#6612);
#6612 = CARTESIAN_POINT('',(144.642382,-113.409343,-4.E-02));
#6613 = CIRCLE('',#6614,0.475);
#6614 = AXIS2_PLACEMENT_3D('',#6615,#6616,#6617);
#6615 = CARTESIAN_POINT('',(144.642382,-112.934343,-4.E-02));
#6616 = DIRECTION('',(-0.,0.,-1.));
#6617 = DIRECTION('',(-0.,-1.,0.));
#6618 = PLANE('',#6619);
#6619 = AXIS2_PLACEMENT_3D('',#6620,#6621,#6622);
#6620 = CARTESIAN_POINT('',(144.642382,-113.434343,-4.E-02));
#6621 = DIRECTION('',(0.,0.,1.));
#6622 = DIRECTION('',(1.,0.,-0.));
#6623 = ADVANCED_FACE('',(#6624,#6627),#6638,.T.);
#6624 = FACE_BOUND('',#6625,.T.);
#6625 = EDGE_LOOP('',(#6626));
#6626 = ORIENTED_EDGE('',*,*,#6584,.T.);
#6627 = FACE_BOUND('',#6628,.T.);
#6628 = EDGE_LOOP('',(#6629));
#6629 = ORIENTED_EDGE('',*,*,#6630,.T.);
#6630 = EDGE_CURVE('',#6631,#6631,#6633,.T.);
#6631 = VERTEX_POINT('',#6632);
#6632 = CARTESIAN_POINT('',(144.642382,-113.409343,1.55));
#6633 = CIRCLE('',#6634,0.475);
#6634 = AXIS2_PLACEMENT_3D('',#6635,#6636,#6637);
#6635 = CARTESIAN_POINT('',(144.642382,-112.934343,1.55));
#6636 = DIRECTION('',(-0.,0.,-1.));
#6637 = DIRECTION('',(-0.,-1.,0.));
#6638 = PLANE('',#6639);
#6639 = AXIS2_PLACEMENT_3D('',#6640,#6641,#6642);
#6640 = CARTESIAN_POINT('',(144.642382,-113.434343,1.55));
#6641 = DIRECTION('',(0.,0.,1.));
#6642 = DIRECTION('',(1.,0.,-0.));
#6643 = ADVANCED_FACE('',(#6644),#6655,.F.);
#6644 = FACE_BOUND('',#6645,.T.);
#6645 = EDGE_LOOP('',(#6646,#6647,#6653,#6654));
#6646 = ORIENTED_EDGE('',*,*,#6610,.T.);
#6647 = ORIENTED_EDGE('',*,*,#6648,.T.);
#6648 = EDGE_CURVE('',#6611,#6631,#6649,.T.);
#6649 = LINE('',#6650,#6651);
#6650 = CARTESIAN_POINT('',(144.642382,-113.409343,-4.6E-02));
#6651 = VECTOR('',#6652,1.);
#6652 = DIRECTION('',(0.,0.,1.));
#6653 = ORIENTED_EDGE('',*,*,#6630,.F.);
#6654 = ORIENTED_EDGE('',*,*,#6648,.F.);
#6655 = CYLINDRICAL_SURFACE('',#6656,0.475);
#6656 = AXIS2_PLACEMENT_3D('',#6657,#6658,#6659);
#6657 = CARTESIAN_POINT('',(144.642382,-112.934343,-4.6E-02));
#6658 = DIRECTION('',(-0.,-0.,-1.));
#6659 = DIRECTION('',(-0.,-1.,0.));
#6660 = MANIFOLD_SOLID_BREP('',#6661);
#6661 = CLOSED_SHELL('',(#6662,#6702,#6733,#6764,#6792,#6820,#6832));
#6662 = ADVANCED_FACE('',(#6663),#6697,.T.);
#6663 = FACE_BOUND('',#6664,.T.);
#6664 = EDGE_LOOP('',(#6665,#6675,#6683,#6691));
#6665 = ORIENTED_EDGE('',*,*,#6666,.T.);
#6666 = EDGE_CURVE('',#6667,#6669,#6671,.T.);
#6667 = VERTEX_POINT('',#6668);
#6668 = CARTESIAN_POINT('',(154.897501,-114.044922,1.51));
#6669 = VERTEX_POINT('',#6670);
#6670 = CARTESIAN_POINT('',(154.897501,-114.044922,1.55));
#6671 = LINE('',#6672,#6673);
#6672 = CARTESIAN_POINT('',(154.897501,-114.044922,1.51));
#6673 = VECTOR('',#6674,1.);
#6674 = DIRECTION('',(0.,0.,1.));
#6675 = ORIENTED_EDGE('',*,*,#6676,.T.);
#6676 = EDGE_CURVE('',#6669,#6677,#6679,.T.);
#6677 = VERTEX_POINT('',#6678);
#6678 = CARTESIAN_POINT('',(154.246939,-112.474326,1.55));
#6679 = LINE('',#6680,#6681);
#6680 = CARTESIAN_POINT('',(154.897501,-114.044922,1.55));
#6681 = VECTOR('',#6682,1.);
#6682 = DIRECTION('',(-0.382683349917,0.923879566662,0.));
#6683 = ORIENTED_EDGE('',*,*,#6684,.F.);
#6684 = EDGE_CURVE('',#6685,#6677,#6687,.T.);
#6685 = VERTEX_POINT('',#6686);
#6686 = CARTESIAN_POINT('',(154.246939,-112.474326,1.51));
#6687 = LINE('',#6688,#6689);
#6688 = CARTESIAN_POINT('',(154.246939,-112.474326,1.51));
#6689 = VECTOR('',#6690,1.);
#6690 = DIRECTION('',(0.,0.,1.));
#6691 = ORIENTED_EDGE('',*,*,#6692,.F.);
#6692 = EDGE_CURVE('',#6667,#6685,#6693,.T.);
#6693 = LINE('',#6694,#6695);
#6694 = CARTESIAN_POINT('',(154.897501,-114.044922,1.51));
#6695 = VECTOR('',#6696,1.);
#6696 = DIRECTION('',(-0.382683349917,0.923879566662,0.));
#6697 = PLANE('',#6698);
#6698 = AXIS2_PLACEMENT_3D('',#6699,#6700,#6701);
#6699 = CARTESIAN_POINT('',(154.897501,-114.044922,1.51));
#6700 = DIRECTION('',(-0.923879566662,-0.382683349917,0.));
#6701 = DIRECTION('',(-0.382683349917,0.923879566662,0.));
#6702 = ADVANCED_FACE('',(#6703),#6728,.T.);
#6703 = FACE_BOUND('',#6704,.T.);
#6704 = EDGE_LOOP('',(#6705,#6715,#6721,#6722));
#6705 = ORIENTED_EDGE('',*,*,#6706,.T.);
#6706 = EDGE_CURVE('',#6707,#6709,#6711,.T.);
#6707 = VERTEX_POINT('',#6708);
#6708 = CARTESIAN_POINT('',(156.468097,-113.39436,1.51));
#6709 = VERTEX_POINT('',#6710);
#6710 = CARTESIAN_POINT('',(156.468097,-113.39436,1.55));
#6711 = LINE('',#6712,#6713);
#6712 = CARTESIAN_POINT('',(156.468097,-113.39436,1.51));
#6713 = VECTOR('',#6714,1.);
#6714 = DIRECTION('',(0.,0.,1.));
#6715 = ORIENTED_EDGE('',*,*,#6716,.T.);
#6716 = EDGE_CURVE('',#6709,#6669,#6717,.T.);
#6717 = LINE('',#6718,#6719);
#6718 = CARTESIAN_POINT('',(156.468097,-113.39436,1.55));
#6719 = VECTOR('',#6720,1.);
#6720 = DIRECTION('',(-0.923879566662,-0.382683349917,0.));
#6721 = ORIENTED_EDGE('',*,*,#6666,.F.);
#6722 = ORIENTED_EDGE('',*,*,#6723,.F.);
#6723 = EDGE_CURVE('',#6707,#6667,#6724,.T.);
#6724 = LINE('',#6725,#6726);
#6725 = CARTESIAN_POINT('',(156.468097,-113.39436,1.51));
#6726 = VECTOR('',#6727,1.);
#6727 = DIRECTION('',(-0.923879566662,-0.382683349917,0.));
#6728 = PLANE('',#6729);
#6729 = AXIS2_PLACEMENT_3D('',#6730,#6731,#6732);
#6730 = CARTESIAN_POINT('',(156.468097,-113.39436,1.51));
#6731 = DIRECTION('',(0.382683349917,-0.923879566662,0.));
#6732 = DIRECTION('',(-0.923879566662,-0.382683349917,0.));
#6733 = ADVANCED_FACE('',(#6734),#6759,.T.);
#6734 = FACE_BOUND('',#6735,.T.);
#6735 = EDGE_LOOP('',(#6736,#6737,#6745,#6753));
#6736 = ORIENTED_EDGE('',*,*,#6684,.T.);
#6737 = ORIENTED_EDGE('',*,*,#6738,.T.);
#6738 = EDGE_CURVE('',#6677,#6739,#6741,.T.);
#6739 = VERTEX_POINT('',#6740);
#6740 = CARTESIAN_POINT('',(155.817535,-111.823764,1.55));
#6741 = LINE('',#6742,#6743);
#6742 = CARTESIAN_POINT('',(154.246939,-112.474326,1.55));
#6743 = VECTOR('',#6744,1.);
#6744 = DIRECTION('',(0.923879566662,0.382683349917,0.));
#6745 = ORIENTED_EDGE('',*,*,#6746,.F.);
#6746 = EDGE_CURVE('',#6747,#6739,#6749,.T.);
#6747 = VERTEX_POINT('',#6748);
#6748 = CARTESIAN_POINT('',(155.817535,-111.823764,1.51));
#6749 = LINE('',#6750,#6751);
#6750 = CARTESIAN_POINT('',(155.817535,-111.823764,1.51));
#6751 = VECTOR('',#6752,1.);
#6752 = DIRECTION('',(0.,0.,1.));
#6753 = ORIENTED_EDGE('',*,*,#6754,.F.);
#6754 = EDGE_CURVE('',#6685,#6747,#6755,.T.);
#6755 = LINE('',#6756,#6757);
#6756 = CARTESIAN_POINT('',(154.246939,-112.474326,1.51));
#6757 = VECTOR('',#6758,1.);
#6758 = DIRECTION('',(0.923879566662,0.382683349917,0.));
#6759 = PLANE('',#6760);
#6760 = AXIS2_PLACEMENT_3D('',#6761,#6762,#6763);
#6761 = CARTESIAN_POINT('',(154.246939,-112.474326,1.51));
#6762 = DIRECTION('',(-0.382683349917,0.923879566662,0.));
#6763 = DIRECTION('',(0.923879566662,0.382683349917,0.));
#6764 = ADVANCED_FACE('',(#6765,#6776),#6787,.F.);
#6765 = FACE_BOUND('',#6766,.F.);
#6766 = EDGE_LOOP('',(#6767,#6768,#6769,#6775));
#6767 = ORIENTED_EDGE('',*,*,#6692,.F.);
#6768 = ORIENTED_EDGE('',*,*,#6723,.F.);
#6769 = ORIENTED_EDGE('',*,*,#6770,.F.);
#6770 = EDGE_CURVE('',#6747,#6707,#6771,.T.);
#6771 = LINE('',#6772,#6773);
#6772 = CARTESIAN_POINT('',(155.817535,-111.823764,1.51));
#6773 = VECTOR('',#6774,1.);
#6774 = DIRECTION('',(0.382683349917,-0.923879566662,0.));
#6775 = ORIENTED_EDGE('',*,*,#6754,.F.);
#6776 = FACE_BOUND('',#6777,.F.);
#6777 = EDGE_LOOP('',(#6778));
#6778 = ORIENTED_EDGE('',*,*,#6779,.T.);
#6779 = EDGE_CURVE('',#6780,#6780,#6782,.T.);
#6780 = VERTEX_POINT('',#6781);
#6781 = CARTESIAN_POINT('',(155.357518,-113.409343,1.51));
#6782 = CIRCLE('',#6783,0.475);
#6783 = AXIS2_PLACEMENT_3D('',#6784,#6785,#6786);
#6784 = CARTESIAN_POINT('',(155.357518,-112.934343,1.51));
#6785 = DIRECTION('',(-0.,0.,-1.));
#6786 = DIRECTION('',(-0.,-1.,0.));
#6787 = PLANE('',#6788);
#6788 = AXIS2_PLACEMENT_3D('',#6789,#6790,#6791);
#6789 = CARTESIAN_POINT('',(0.,0.,1.51));
#6790 = DIRECTION('',(0.,0.,1.));
#6791 = DIRECTION('',(1.,0.,-0.));
#6792 = ADVANCED_FACE('',(#6793,#6804),#6815,.T.);
#6793 = FACE_BOUND('',#6794,.T.);
#6794 = EDGE_LOOP('',(#6795,#6796,#6797,#6803));
#6795 = ORIENTED_EDGE('',*,*,#6676,.F.);
#6796 = ORIENTED_EDGE('',*,*,#6716,.F.);
#6797 = ORIENTED_EDGE('',*,*,#6798,.F.);
#6798 = EDGE_CURVE('',#6739,#6709,#6799,.T.);
#6799 = LINE('',#6800,#6801);
#6800 = CARTESIAN_POINT('',(155.817535,-111.823764,1.55));
#6801 = VECTOR('',#6802,1.);
#6802 = DIRECTION('',(0.382683349917,-0.923879566662,0.));
#6803 = ORIENTED_EDGE('',*,*,#6738,.F.);
#6804 = FACE_BOUND('',#6805,.T.);
#6805 = EDGE_LOOP('',(#6806));
#6806 = ORIENTED_EDGE('',*,*,#6807,.T.);
#6807 = EDGE_CURVE('',#6808,#6808,#6810,.T.);
#6808 = VERTEX_POINT('',#6809);
#6809 = CARTESIAN_POINT('',(155.357518,-113.409343,1.55));
#6810 = CIRCLE('',#6811,0.475);
#6811 = AXIS2_PLACEMENT_3D('',#6812,#6813,#6814);
#6812 = CARTESIAN_POINT('',(155.357518,-112.934343,1.55));
#6813 = DIRECTION('',(-0.,0.,-1.));
#6814 = DIRECTION('',(-0.,-1.,0.));
#6815 = PLANE('',#6816);
#6816 = AXIS2_PLACEMENT_3D('',#6817,#6818,#6819);
#6817 = CARTESIAN_POINT('',(0.,0.,1.55));
#6818 = DIRECTION('',(0.,0.,1.));
#6819 = DIRECTION('',(1.,0.,-0.));
#6820 = ADVANCED_FACE('',(#6821),#6827,.T.);
#6821 = FACE_BOUND('',#6822,.T.);
#6822 = EDGE_LOOP('',(#6823,#6824,#6825,#6826));
#6823 = ORIENTED_EDGE('',*,*,#6746,.T.);
#6824 = ORIENTED_EDGE('',*,*,#6798,.T.);
#6825 = ORIENTED_EDGE('',*,*,#6706,.F.);
#6826 = ORIENTED_EDGE('',*,*,#6770,.F.);
#6827 = PLANE('',#6828);
#6828 = AXIS2_PLACEMENT_3D('',#6829,#6830,#6831);
#6829 = CARTESIAN_POINT('',(155.817535,-111.823764,1.51));
#6830 = DIRECTION('',(0.923879566662,0.382683349917,-0.));
#6831 = DIRECTION('',(0.382683349917,-0.923879566662,0.));
#6832 = ADVANCED_FACE('',(#6833),#6844,.F.);
#6833 = FACE_BOUND('',#6834,.T.);
#6834 = EDGE_LOOP('',(#6835,#6836,#6842,#6843));
#6835 = ORIENTED_EDGE('',*,*,#6779,.T.);
#6836 = ORIENTED_EDGE('',*,*,#6837,.T.);
#6837 = EDGE_CURVE('',#6780,#6808,#6838,.T.);
#6838 = LINE('',#6839,#6840);
#6839 = CARTESIAN_POINT('',(155.357518,-113.409343,-4.6E-02));
#6840 = VECTOR('',#6841,1.);
#6841 = DIRECTION('',(0.,0.,1.));
#6842 = ORIENTED_EDGE('',*,*,#6807,.F.);
#6843 = ORIENTED_EDGE('',*,*,#6837,.F.);
#6844 = CYLINDRICAL_SURFACE('',#6845,0.475);
#6845 = AXIS2_PLACEMENT_3D('',#6846,#6847,#6848);
#6846 = CARTESIAN_POINT('',(155.357518,-112.934343,-4.6E-02));
#6847 = DIRECTION('',(-0.,-0.,-1.));
#6848 = DIRECTION('',(-0.,-1.,0.));
#6849 = MANIFOLD_SOLID_BREP('',#6850);
#6850 = CLOSED_SHELL('',(#6851,#6891,#6922,#6953,#6981,#7009,#7021));
#6851 = ADVANCED_FACE('',(#6852),#6886,.F.);
#6852 = FACE_BOUND('',#6853,.F.);
#6853 = EDGE_LOOP('',(#6854,#6864,#6872,#6880));
#6854 = ORIENTED_EDGE('',*,*,#6855,.T.);
#6855 = EDGE_CURVE('',#6856,#6858,#6860,.T.);
#6856 = VERTEX_POINT('',#6857);
#6857 = CARTESIAN_POINT('',(154.897501,-114.044922,0.));
#6858 = VERTEX_POINT('',#6859);
#6859 = CARTESIAN_POINT('',(154.897501,-114.044922,-4.E-02));
#6860 = LINE('',#6861,#6862);
#6861 = CARTESIAN_POINT('',(154.897501,-114.044922,0.));
#6862 = VECTOR('',#6863,1.);
#6863 = DIRECTION('',(0.,0.,-1.));
#6864 = ORIENTED_EDGE('',*,*,#6865,.T.);
#6865 = EDGE_CURVE('',#6858,#6866,#6868,.T.);
#6866 = VERTEX_POINT('',#6867);
#6867 = CARTESIAN_POINT('',(154.246939,-112.474326,-4.E-02));
#6868 = LINE('',#6869,#6870);
#6869 = CARTESIAN_POINT('',(154.897501,-114.044922,-4.E-02));
#6870 = VECTOR('',#6871,1.);
#6871 = DIRECTION('',(-0.382683349917,0.923879566662,0.));
#6872 = ORIENTED_EDGE('',*,*,#6873,.F.);
#6873 = EDGE_CURVE('',#6874,#6866,#6876,.T.);
#6874 = VERTEX_POINT('',#6875);
#6875 = CARTESIAN_POINT('',(154.246939,-112.474326,0.));
#6876 = LINE('',#6877,#6878);
#6877 = CARTESIAN_POINT('',(154.246939,-112.474326,0.));
#6878 = VECTOR('',#6879,1.);
#6879 = DIRECTION('',(0.,0.,-1.));
#6880 = ORIENTED_EDGE('',*,*,#6881,.F.);
#6881 = EDGE_CURVE('',#6856,#6874,#6882,.T.);
#6882 = LINE('',#6883,#6884);
#6883 = CARTESIAN_POINT('',(154.897501,-114.044922,0.));
#6884 = VECTOR('',#6885,1.);
#6885 = DIRECTION('',(-0.382683349917,0.923879566662,0.));
#6886 = PLANE('',#6887);
#6887 = AXIS2_PLACEMENT_3D('',#6888,#6889,#6890);
#6888 = CARTESIAN_POINT('',(154.897501,-114.044922,0.));
#6889 = DIRECTION('',(0.923879566662,0.382683349917,0.));
#6890 = DIRECTION('',(-0.382683349917,0.923879566662,0.));
#6891 = ADVANCED_FACE('',(#6892),#6917,.F.);
#6892 = FACE_BOUND('',#6893,.F.);
#6893 = EDGE_LOOP('',(#6894,#6904,#6910,#6911));
#6894 = ORIENTED_EDGE('',*,*,#6895,.T.);
#6895 = EDGE_CURVE('',#6896,#6898,#6900,.T.);
#6896 = VERTEX_POINT('',#6897);
#6897 = CARTESIAN_POINT('',(156.468097,-113.39436,0.));
#6898 = VERTEX_POINT('',#6899);
#6899 = CARTESIAN_POINT('',(156.468097,-113.39436,-4.E-02));
#6900 = LINE('',#6901,#6902);
#6901 = CARTESIAN_POINT('',(156.468097,-113.39436,0.));
#6902 = VECTOR('',#6903,1.);
#6903 = DIRECTION('',(0.,0.,-1.));
#6904 = ORIENTED_EDGE('',*,*,#6905,.T.);
#6905 = EDGE_CURVE('',#6898,#6858,#6906,.T.);
#6906 = LINE('',#6907,#6908);
#6907 = CARTESIAN_POINT('',(156.468097,-113.39436,-4.E-02));
#6908 = VECTOR('',#6909,1.);
#6909 = DIRECTION('',(-0.923879566662,-0.382683349917,0.));
#6910 = ORIENTED_EDGE('',*,*,#6855,.F.);
#6911 = ORIENTED_EDGE('',*,*,#6912,.F.);
#6912 = EDGE_CURVE('',#6896,#6856,#6913,.T.);
#6913 = LINE('',#6914,#6915);
#6914 = CARTESIAN_POINT('',(156.468097,-113.39436,0.));
#6915 = VECTOR('',#6916,1.);
#6916 = DIRECTION('',(-0.923879566662,-0.382683349917,0.));
#6917 = PLANE('',#6918);
#6918 = AXIS2_PLACEMENT_3D('',#6919,#6920,#6921);
#6919 = CARTESIAN_POINT('',(156.468097,-113.39436,0.));
#6920 = DIRECTION('',(-0.382683349917,0.923879566662,0.));
#6921 = DIRECTION('',(-0.923879566662,-0.382683349917,0.));
#6922 = ADVANCED_FACE('',(#6923),#6948,.F.);
#6923 = FACE_BOUND('',#6924,.F.);
#6924 = EDGE_LOOP('',(#6925,#6926,#6934,#6942));
#6925 = ORIENTED_EDGE('',*,*,#6873,.T.);
#6926 = ORIENTED_EDGE('',*,*,#6927,.T.);
#6927 = EDGE_CURVE('',#6866,#6928,#6930,.T.);
#6928 = VERTEX_POINT('',#6929);
#6929 = CARTESIAN_POINT('',(155.817535,-111.823764,-4.E-02));
#6930 = LINE('',#6931,#6932);
#6931 = CARTESIAN_POINT('',(154.246939,-112.474326,-4.E-02));
#6932 = VECTOR('',#6933,1.);
#6933 = DIRECTION('',(0.923879566662,0.382683349917,0.));
#6934 = ORIENTED_EDGE('',*,*,#6935,.F.);
#6935 = EDGE_CURVE('',#6936,#6928,#6938,.T.);
#6936 = VERTEX_POINT('',#6937);
#6937 = CARTESIAN_POINT('',(155.817535,-111.823764,0.));
#6938 = LINE('',#6939,#6940);
#6939 = CARTESIAN_POINT('',(155.817535,-111.823764,0.));
#6940 = VECTOR('',#6941,1.);
#6941 = DIRECTION('',(0.,0.,-1.));
#6942 = ORIENTED_EDGE('',*,*,#6943,.F.);
#6943 = EDGE_CURVE('',#6874,#6936,#6944,.T.);
#6944 = LINE('',#6945,#6946);
#6945 = CARTESIAN_POINT('',(154.246939,-112.474326,0.));
#6946 = VECTOR('',#6947,1.);
#6947 = DIRECTION('',(0.923879566662,0.382683349917,0.));
#6948 = PLANE('',#6949);
#6949 = AXIS2_PLACEMENT_3D('',#6950,#6951,#6952);
#6950 = CARTESIAN_POINT('',(154.246939,-112.474326,0.));
#6951 = DIRECTION('',(0.382683349917,-0.923879566662,0.));
#6952 = DIRECTION('',(0.923879566662,0.382683349917,0.));
#6953 = ADVANCED_FACE('',(#6954,#6965),#6976,.F.);
#6954 = FACE_BOUND('',#6955,.F.);
#6955 = EDGE_LOOP('',(#6956,#6957,#6958,#6964));
#6956 = ORIENTED_EDGE('',*,*,#6881,.T.);
#6957 = ORIENTED_EDGE('',*,*,#6943,.T.);
#6958 = ORIENTED_EDGE('',*,*,#6959,.T.);
#6959 = EDGE_CURVE('',#6936,#6896,#6960,.T.);
#6960 = LINE('',#6961,#6962);
#6961 = CARTESIAN_POINT('',(155.817535,-111.823764,0.));
#6962 = VECTOR('',#6963,1.);
#6963 = DIRECTION('',(0.382683349917,-0.923879566662,0.));
#6964 = ORIENTED_EDGE('',*,*,#6912,.T.);
#6965 = FACE_BOUND('',#6966,.F.);
#6966 = EDGE_LOOP('',(#6967));
#6967 = ORIENTED_EDGE('',*,*,#6968,.F.);
#6968 = EDGE_CURVE('',#6969,#6969,#6971,.T.);
#6969 = VERTEX_POINT('',#6970);
#6970 = CARTESIAN_POINT('',(155.357518,-113.409343,0.));
#6971 = CIRCLE('',#6972,0.475);
#6972 = AXIS2_PLACEMENT_3D('',#6973,#6974,#6975);
#6973 = CARTESIAN_POINT('',(155.357518,-112.934343,0.));
#6974 = DIRECTION('',(-0.,0.,-1.));
#6975 = DIRECTION('',(-0.,-1.,0.));
#6976 = PLANE('',#6977);
#6977 = AXIS2_PLACEMENT_3D('',#6978,#6979,#6980);
#6978 = CARTESIAN_POINT('',(0.,0.,0.));
#6979 = DIRECTION('',(-0.,-0.,-1.));
#6980 = DIRECTION('',(-1.,0.,0.));
#6981 = ADVANCED_FACE('',(#6982,#6993),#7004,.T.);
#6982 = FACE_BOUND('',#6983,.T.);
#6983 = EDGE_LOOP('',(#6984,#6985,#6986,#6992));
#6984 = ORIENTED_EDGE('',*,*,#6865,.T.);
#6985 = ORIENTED_EDGE('',*,*,#6927,.T.);
#6986 = ORIENTED_EDGE('',*,*,#6987,.T.);
#6987 = EDGE_CURVE('',#6928,#6898,#6988,.T.);
#6988 = LINE('',#6989,#6990);
#6989 = CARTESIAN_POINT('',(155.817535,-111.823764,-4.E-02));
#6990 = VECTOR('',#6991,1.);
#6991 = DIRECTION('',(0.382683349917,-0.923879566662,0.));
#6992 = ORIENTED_EDGE('',*,*,#6905,.T.);
#6993 = FACE_BOUND('',#6994,.T.);
#6994 = EDGE_LOOP('',(#6995));
#6995 = ORIENTED_EDGE('',*,*,#6996,.F.);
#6996 = EDGE_CURVE('',#6997,#6997,#6999,.T.);
#6997 = VERTEX_POINT('',#6998);
#6998 = CARTESIAN_POINT('',(155.357518,-113.409343,-4.E-02));
#6999 = CIRCLE('',#7000,0.475);
#7000 = AXIS2_PLACEMENT_3D('',#7001,#7002,#7003);
#7001 = CARTESIAN_POINT('',(155.357518,-112.934343,-4.E-02));
#7002 = DIRECTION('',(-0.,0.,-1.));
#7003 = DIRECTION('',(-0.,-1.,0.));
#7004 = PLANE('',#7005);
#7005 = AXIS2_PLACEMENT_3D('',#7006,#7007,#7008);
#7006 = CARTESIAN_POINT('',(0.,0.,-4.E-02));
#7007 = DIRECTION('',(-0.,-0.,-1.));
#7008 = DIRECTION('',(-1.,0.,0.));
#7009 = ADVANCED_FACE('',(#7010),#7016,.F.);
#7010 = FACE_BOUND('',#7011,.F.);
#7011 = EDGE_LOOP('',(#7012,#7013,#7014,#7015));
#7012 = ORIENTED_EDGE('',*,*,#6935,.T.);
#7013 = ORIENTED_EDGE('',*,*,#6987,.T.);
#7014 = ORIENTED_EDGE('',*,*,#6895,.F.);
#7015 = ORIENTED_EDGE('',*,*,#6959,.F.);
#7016 = PLANE('',#7017);
#7017 = AXIS2_PLACEMENT_3D('',#7018,#7019,#7020);
#7018 = CARTESIAN_POINT('',(155.817535,-111.823764,0.));
#7019 = DIRECTION('',(-0.923879566662,-0.382683349917,-0.));
#7020 = DIRECTION('',(0.382683349917,-0.923879566662,0.));
#7021 = ADVANCED_FACE('',(#7022),#7033,.F.);
#7022 = FACE_BOUND('',#7023,.T.);
#7023 = EDGE_LOOP('',(#7024,#7025,#7031,#7032));
#7024 = ORIENTED_EDGE('',*,*,#6996,.T.);
#7025 = ORIENTED_EDGE('',*,*,#7026,.T.);
#7026 = EDGE_CURVE('',#6997,#6969,#7027,.T.);
#7027 = LINE('',#7028,#7029);
#7028 = CARTESIAN_POINT('',(155.357518,-113.409343,-4.6E-02));
#7029 = VECTOR('',#7030,1.);
#7030 = DIRECTION('',(0.,0.,1.));
#7031 = ORIENTED_EDGE('',*,*,#6968,.F.);
#7032 = ORIENTED_EDGE('',*,*,#7026,.F.);
#7033 = CYLINDRICAL_SURFACE('',#7034,0.475);
#7034 = AXIS2_PLACEMENT_3D('',#7035,#7036,#7037);
#7035 = CARTESIAN_POINT('',(155.357518,-112.934343,-4.6E-02));
#7036 = DIRECTION('',(-0.,-0.,-1.));
#7037 = DIRECTION('',(-0.,-1.,0.));
#7038 = MANIFOLD_SOLID_BREP('',#7039);
#7039 = CLOSED_SHELL('',(#7040,#7073,#7093,#7113));
#7040 = ADVANCED_FACE('',(#7041),#7068,.T.);
#7041 = FACE_BOUND('',#7042,.F.);
#7042 = EDGE_LOOP('',(#7043,#7053,#7060,#7061));
#7043 = ORIENTED_EDGE('',*,*,#7044,.T.);
#7044 = EDGE_CURVE('',#7045,#7047,#7049,.T.);
#7045 = VERTEX_POINT('',#7046);
#7046 = CARTESIAN_POINT('',(155.357518,-113.434343,-4.E-02));
#7047 = VERTEX_POINT('',#7048);
#7048 = CARTESIAN_POINT('',(155.357518,-113.434343,1.55));
#7049 = LINE('',#7050,#7051);
#7050 = CARTESIAN_POINT('',(155.357518,-113.434343,-4.E-02));
#7051 = VECTOR('',#7052,1.);
#7052 = DIRECTION('',(0.,0.,1.));
#7053 = ORIENTED_EDGE('',*,*,#7054,.T.);
#7054 = EDGE_CURVE('',#7047,#7047,#7055,.T.);
#7055 = CIRCLE('',#7056,0.5);
#7056 = AXIS2_PLACEMENT_3D('',#7057,#7058,#7059);
#7057 = CARTESIAN_POINT('',(155.357518,-112.934343,1.55));
#7058 = DIRECTION('',(0.,0.,1.));
#7059 = DIRECTION('',(-0.,-1.,0.));
#7060 = ORIENTED_EDGE('',*,*,#7044,.F.);
#7061 = ORIENTED_EDGE('',*,*,#7062,.F.);
#7062 = EDGE_CURVE('',#7045,#7045,#7063,.T.);
#7063 = CIRCLE('',#7064,0.5);
#7064 = AXIS2_PLACEMENT_3D('',#7065,#7066,#7067);
#7065 = CARTESIAN_POINT('',(155.357518,-112.934343,-4.E-02));
#7066 = DIRECTION('',(0.,0.,1.));
#7067 = DIRECTION('',(-0.,-1.,0.));
#7068 = CYLINDRICAL_SURFACE('',#7069,0.5);
#7069 = AXIS2_PLACEMENT_3D('',#7070,#7071,#7072);
#7070 = CARTESIAN_POINT('',(155.357518,-112.934343,-4.E-02));
#7071 = DIRECTION('',(-0.,-0.,-1.));
#7072 = DIRECTION('',(-0.,-1.,0.));
#7073 = ADVANCED_FACE('',(#7074,#7077),#7088,.F.);
#7074 = FACE_BOUND('',#7075,.F.);
#7075 = EDGE_LOOP('',(#7076));
#7076 = ORIENTED_EDGE('',*,*,#7062,.T.);
#7077 = FACE_BOUND('',#7078,.F.);
#7078 = EDGE_LOOP('',(#7079));
#7079 = ORIENTED_EDGE('',*,*,#7080,.T.);
#7080 = EDGE_CURVE('',#7081,#7081,#7083,.T.);
#7081 = VERTEX_POINT('',#7082);
#7082 = CARTESIAN_POINT('',(155.357518,-113.409343,-4.E-02));
#7083 = CIRCLE('',#7084,0.475);
#7084 = AXIS2_PLACEMENT_3D('',#7085,#7086,#7087);
#7085 = CARTESIAN_POINT('',(155.357518,-112.934343,-4.E-02));
#7086 = DIRECTION('',(-0.,0.,-1.));
#7087 = DIRECTION('',(-0.,-1.,0.));
#7088 = PLANE('',#7089);
#7089 = AXIS2_PLACEMENT_3D('',#7090,#7091,#7092);
#7090 = CARTESIAN_POINT('',(155.357518,-113.434343,-4.E-02));
#7091 = DIRECTION('',(0.,0.,1.));
#7092 = DIRECTION('',(1.,0.,-0.));
#7093 = ADVANCED_FACE('',(#7094,#7097),#7108,.T.);
#7094 = FACE_BOUND('',#7095,.T.);
#7095 = EDGE_LOOP('',(#7096));
#7096 = ORIENTED_EDGE('',*,*,#7054,.T.);
#7097 = FACE_BOUND('',#7098,.T.);
#7098 = EDGE_LOOP('',(#7099));
#7099 = ORIENTED_EDGE('',*,*,#7100,.T.);
#7100 = EDGE_CURVE('',#7101,#7101,#7103,.T.);
#7101 = VERTEX_POINT('',#7102);
#7102 = CARTESIAN_POINT('',(155.357518,-113.409343,1.55));
#7103 = CIRCLE('',#7104,0.475);
#7104 = AXIS2_PLACEMENT_3D('',#7105,#7106,#7107);
#7105 = CARTESIAN_POINT('',(155.357518,-112.934343,1.55));
#7106 = DIRECTION('',(-0.,0.,-1.));
#7107 = DIRECTION('',(-0.,-1.,0.));
#7108 = PLANE('',#7109);
#7109 = AXIS2_PLACEMENT_3D('',#7110,#7111,#7112);
#7110 = CARTESIAN_POINT('',(155.357518,-113.434343,1.55));
#7111 = DIRECTION('',(0.,0.,1.));
#7112 = DIRECTION('',(1.,0.,-0.));
#7113 = ADVANCED_FACE('',(#7114),#7125,.F.);
#7114 = FACE_BOUND('',#7115,.T.);
#7115 = EDGE_LOOP('',(#7116,#7117,#7123,#7124));
#7116 = ORIENTED_EDGE('',*,*,#7080,.T.);
#7117 = ORIENTED_EDGE('',*,*,#7118,.T.);
#7118 = EDGE_CURVE('',#7081,#7101,#7119,.T.);
#7119 = LINE('',#7120,#7121);
#7120 = CARTESIAN_POINT('',(155.357518,-113.409343,-4.6E-02));
#7121 = VECTOR('',#7122,1.);
#7122 = DIRECTION('',(0.,0.,1.));
#7123 = ORIENTED_EDGE('',*,*,#7100,.F.);
#7124 = ORIENTED_EDGE('',*,*,#7118,.F.);
#7125 = CYLINDRICAL_SURFACE('',#7126,0.475);
#7126 = AXIS2_PLACEMENT_3D('',#7127,#7128,#7129);
#7127 = CARTESIAN_POINT('',(155.357518,-112.934343,-4.6E-02));
#7128 = DIRECTION('',(-0.,-0.,-1.));
#7129 = DIRECTION('',(-0.,-1.,0.));
#7130 = MANIFOLD_SOLID_BREP('',#7131);
#7131 = CLOSED_SHELL('',(#7132,#7172,#7203,#7234,#7262,#7290,#7302));
#7132 = ADVANCED_FACE('',(#7133),#7167,.T.);
#7133 = FACE_BOUND('',#7134,.T.);
#7134 = EDGE_LOOP('',(#7135,#7145,#7153,#7161));
#7135 = ORIENTED_EDGE('',*,*,#7136,.T.);
#7136 = EDGE_CURVE('',#7137,#7139,#7141,.T.);
#7137 = VERTEX_POINT('',#7138);
#7138 = CARTESIAN_POINT('',(163.39428,-106.468177,1.51));
#7139 = VERTEX_POINT('',#7140);
#7140 = CARTESIAN_POINT('',(163.39428,-106.468177,1.55));
#7141 = LINE('',#7142,#7143);
#7142 = CARTESIAN_POINT('',(163.39428,-106.468177,1.51));
#7143 = VECTOR('',#7144,1.);
#7144 = DIRECTION('',(0.,0.,1.));
#7145 = ORIENTED_EDGE('',*,*,#7146,.T.);
#7146 = EDGE_CURVE('',#7139,#7147,#7149,.T.);
#7147 = VERTEX_POINT('',#7148);
#7148 = CARTESIAN_POINT('',(161.823684,-105.817615,1.55));
#7149 = LINE('',#7150,#7151);
#7150 = CARTESIAN_POINT('',(163.39428,-106.468177,1.55));
#7151 = VECTOR('',#7152,1.);
#7152 = DIRECTION('',(-0.923879566662,0.382683349917,0.));
#7153 = ORIENTED_EDGE('',*,*,#7154,.F.);
#7154 = EDGE_CURVE('',#7155,#7147,#7157,.T.);
#7155 = VERTEX_POINT('',#7156);
#7156 = CARTESIAN_POINT('',(161.823684,-105.817615,1.51));
#7157 = LINE('',#7158,#7159);
#7158 = CARTESIAN_POINT('',(161.823684,-105.817615,1.51));
#7159 = VECTOR('',#7160,1.);
#7160 = DIRECTION('',(0.,0.,1.));
#7161 = ORIENTED_EDGE('',*,*,#7162,.F.);
#7162 = EDGE_CURVE('',#7137,#7155,#7163,.T.);
#7163 = LINE('',#7164,#7165);
#7164 = CARTESIAN_POINT('',(163.39428,-106.468177,1.51));
#7165 = VECTOR('',#7166,1.);
#7166 = DIRECTION('',(-0.923879566662,0.382683349917,0.));
#7167 = PLANE('',#7168);
#7168 = AXIS2_PLACEMENT_3D('',#7169,#7170,#7171);
#7169 = CARTESIAN_POINT('',(163.39428,-106.468177,1.51));
#7170 = DIRECTION('',(-0.382683349917,-0.923879566662,0.));
#7171 = DIRECTION('',(-0.923879566662,0.382683349917,0.));
#7172 = ADVANCED_FACE('',(#7173),#7198,.T.);
#7173 = FACE_BOUND('',#7174,.T.);
#7174 = EDGE_LOOP('',(#7175,#7185,#7191,#7192));
#7175 = ORIENTED_EDGE('',*,*,#7176,.T.);
#7176 = EDGE_CURVE('',#7177,#7179,#7181,.T.);
#7177 = VERTEX_POINT('',#7178);
#7178 = CARTESIAN_POINT('',(164.044842,-104.897581,1.51));
#7179 = VERTEX_POINT('',#7180);
#7180 = CARTESIAN_POINT('',(164.044842,-104.897581,1.55));
#7181 = LINE('',#7182,#7183);
#7182 = CARTESIAN_POINT('',(164.044842,-104.897581,1.51));
#7183 = VECTOR('',#7184,1.);
#7184 = DIRECTION('',(0.,0.,1.));
#7185 = ORIENTED_EDGE('',*,*,#7186,.T.);
#7186 = EDGE_CURVE('',#7179,#7139,#7187,.T.);
#7187 = LINE('',#7188,#7189);
#7188 = CARTESIAN_POINT('',(164.044842,-104.897581,1.55));
#7189 = VECTOR('',#7190,1.);
#7190 = DIRECTION('',(-0.382683349917,-0.923879566662,0.));
#7191 = ORIENTED_EDGE('',*,*,#7136,.F.);
#7192 = ORIENTED_EDGE('',*,*,#7193,.F.);
#7193 = EDGE_CURVE('',#7177,#7137,#7194,.T.);
#7194 = LINE('',#7195,#7196);
#7195 = CARTESIAN_POINT('',(164.044842,-104.897581,1.51));
#7196 = VECTOR('',#7197,1.);
#7197 = DIRECTION('',(-0.382683349917,-0.923879566662,0.));
#7198 = PLANE('',#7199);
#7199 = AXIS2_PLACEMENT_3D('',#7200,#7201,#7202);
#7200 = CARTESIAN_POINT('',(164.044842,-104.897581,1.51));
#7201 = DIRECTION('',(0.923879566662,-0.382683349917,0.));
#7202 = DIRECTION('',(-0.382683349917,-0.923879566662,0.));
#7203 = ADVANCED_FACE('',(#7204),#7229,.T.);
#7204 = FACE_BOUND('',#7205,.T.);
#7205 = EDGE_LOOP('',(#7206,#7207,#7215,#7223));
#7206 = ORIENTED_EDGE('',*,*,#7154,.T.);
#7207 = ORIENTED_EDGE('',*,*,#7208,.T.);
#7208 = EDGE_CURVE('',#7147,#7209,#7211,.T.);
#7209 = VERTEX_POINT('',#7210);
#7210 = CARTESIAN_POINT('',(162.474246,-104.247019,1.55));
#7211 = LINE('',#7212,#7213);
#7212 = CARTESIAN_POINT('',(161.823684,-105.817615,1.55));
#7213 = VECTOR('',#7214,1.);
#7214 = DIRECTION('',(0.382683349917,0.923879566662,0.));
#7215 = ORIENTED_EDGE('',*,*,#7216,.F.);
#7216 = EDGE_CURVE('',#7217,#7209,#7219,.T.);
#7217 = VERTEX_POINT('',#7218);
#7218 = CARTESIAN_POINT('',(162.474246,-104.247019,1.51));
#7219 = LINE('',#7220,#7221);
#7220 = CARTESIAN_POINT('',(162.474246,-104.247019,1.51));
#7221 = VECTOR('',#7222,1.);
#7222 = DIRECTION('',(0.,0.,1.));
#7223 = ORIENTED_EDGE('',*,*,#7224,.F.);
#7224 = EDGE_CURVE('',#7155,#7217,#7225,.T.);
#7225 = LINE('',#7226,#7227);
#7226 = CARTESIAN_POINT('',(161.823684,-105.817615,1.51));
#7227 = VECTOR('',#7228,1.);
#7228 = DIRECTION('',(0.382683349917,0.923879566662,0.));
#7229 = PLANE('',#7230);
#7230 = AXIS2_PLACEMENT_3D('',#7231,#7232,#7233);
#7231 = CARTESIAN_POINT('',(161.823684,-105.817615,1.51));
#7232 = DIRECTION('',(-0.923879566662,0.382683349917,0.));
#7233 = DIRECTION('',(0.382683349917,0.923879566662,0.));
#7234 = ADVANCED_FACE('',(#7235,#7246),#7257,.F.);
#7235 = FACE_BOUND('',#7236,.F.);
#7236 = EDGE_LOOP('',(#7237,#7238,#7239,#7245));
#7237 = ORIENTED_EDGE('',*,*,#7162,.F.);
#7238 = ORIENTED_EDGE('',*,*,#7193,.F.);
#7239 = ORIENTED_EDGE('',*,*,#7240,.F.);
#7240 = EDGE_CURVE('',#7217,#7177,#7241,.T.);
#7241 = LINE('',#7242,#7243);
#7242 = CARTESIAN_POINT('',(162.474246,-104.247019,1.51));
#7243 = VECTOR('',#7244,1.);
#7244 = DIRECTION('',(0.923879566662,-0.382683349917,0.));
#7245 = ORIENTED_EDGE('',*,*,#7224,.F.);
#7246 = FACE_BOUND('',#7247,.F.);
#7247 = EDGE_LOOP('',(#7248));
#7248 = ORIENTED_EDGE('',*,*,#7249,.T.);
#7249 = EDGE_CURVE('',#7250,#7250,#7252,.T.);
#7250 = VERTEX_POINT('',#7251);
#7251 = CARTESIAN_POINT('',(162.934263,-105.832598,1.51));
#7252 = CIRCLE('',#7253,0.475);
#7253 = AXIS2_PLACEMENT_3D('',#7254,#7255,#7256);
#7254 = CARTESIAN_POINT('',(162.934263,-105.357598,1.51));
#7255 = DIRECTION('',(-0.,0.,-1.));
#7256 = DIRECTION('',(-0.,-1.,0.));
#7257 = PLANE('',#7258);
#7258 = AXIS2_PLACEMENT_3D('',#7259,#7260,#7261);
#7259 = CARTESIAN_POINT('',(0.,0.,1.51));
#7260 = DIRECTION('',(0.,0.,1.));
#7261 = DIRECTION('',(1.,0.,-0.));
#7262 = ADVANCED_FACE('',(#7263,#7274),#7285,.T.);
#7263 = FACE_BOUND('',#7264,.T.);
#7264 = EDGE_LOOP('',(#7265,#7266,#7267,#7273));
#7265 = ORIENTED_EDGE('',*,*,#7146,.F.);
#7266 = ORIENTED_EDGE('',*,*,#7186,.F.);
#7267 = ORIENTED_EDGE('',*,*,#7268,.F.);
#7268 = EDGE_CURVE('',#7209,#7179,#7269,.T.);
#7269 = LINE('',#7270,#7271);
#7270 = CARTESIAN_POINT('',(162.474246,-104.247019,1.55));
#7271 = VECTOR('',#7272,1.);
#7272 = DIRECTION('',(0.923879566662,-0.382683349917,0.));
#7273 = ORIENTED_EDGE('',*,*,#7208,.F.);
#7274 = FACE_BOUND('',#7275,.T.);
#7275 = EDGE_LOOP('',(#7276));
#7276 = ORIENTED_EDGE('',*,*,#7277,.T.);
#7277 = EDGE_CURVE('',#7278,#7278,#7280,.T.);
#7278 = VERTEX_POINT('',#7279);
#7279 = CARTESIAN_POINT('',(162.934263,-105.832598,1.55));
#7280 = CIRCLE('',#7281,0.475);
#7281 = AXIS2_PLACEMENT_3D('',#7282,#7283,#7284);
#7282 = CARTESIAN_POINT('',(162.934263,-105.357598,1.55));
#7283 = DIRECTION('',(-0.,0.,-1.));
#7284 = DIRECTION('',(-0.,-1.,0.));
#7285 = PLANE('',#7286);
#7286 = AXIS2_PLACEMENT_3D('',#7287,#7288,#7289);
#7287 = CARTESIAN_POINT('',(0.,0.,1.55));
#7288 = DIRECTION('',(0.,0.,1.));
#7289 = DIRECTION('',(1.,0.,-0.));
#7290 = ADVANCED_FACE('',(#7291),#7297,.T.);
#7291 = FACE_BOUND('',#7292,.T.);
#7292 = EDGE_LOOP('',(#7293,#7294,#7295,#7296));
#7293 = ORIENTED_EDGE('',*,*,#7216,.T.);
#7294 = ORIENTED_EDGE('',*,*,#7268,.T.);
#7295 = ORIENTED_EDGE('',*,*,#7176,.F.);
#7296 = ORIENTED_EDGE('',*,*,#7240,.F.);
#7297 = PLANE('',#7298);
#7298 = AXIS2_PLACEMENT_3D('',#7299,#7300,#7301);
#7299 = CARTESIAN_POINT('',(162.474246,-104.247019,1.51));
#7300 = DIRECTION('',(0.382683349917,0.923879566662,-0.));
#7301 = DIRECTION('',(0.923879566662,-0.382683349917,0.));
#7302 = ADVANCED_FACE('',(#7303),#7314,.F.);
#7303 = FACE_BOUND('',#7304,.T.);
#7304 = EDGE_LOOP('',(#7305,#7306,#7312,#7313));
#7305 = ORIENTED_EDGE('',*,*,#7249,.T.);
#7306 = ORIENTED_EDGE('',*,*,#7307,.T.);
#7307 = EDGE_CURVE('',#7250,#7278,#7308,.T.);
#7308 = LINE('',#7309,#7310);
#7309 = CARTESIAN_POINT('',(162.934263,-105.832598,-4.6E-02));
#7310 = VECTOR('',#7311,1.);
#7311 = DIRECTION('',(0.,0.,1.));
#7312 = ORIENTED_EDGE('',*,*,#7277,.F.);
#7313 = ORIENTED_EDGE('',*,*,#7307,.F.);
#7314 = CYLINDRICAL_SURFACE('',#7315,0.475);
#7315 = AXIS2_PLACEMENT_3D('',#7316,#7317,#7318);
#7316 = CARTESIAN_POINT('',(162.934263,-105.357598,-4.6E-02));
#7317 = DIRECTION('',(-0.,-0.,-1.));
#7318 = DIRECTION('',(-0.,-1.,0.));
#7319 = MANIFOLD_SOLID_BREP('',#7320);
#7320 = CLOSED_SHELL('',(#7321,#7361,#7392,#7423,#7451,#7479,#7491));
#7321 = ADVANCED_FACE('',(#7322),#7356,.F.);
#7322 = FACE_BOUND('',#7323,.F.);
#7323 = EDGE_LOOP('',(#7324,#7334,#7342,#7350));
#7324 = ORIENTED_EDGE('',*,*,#7325,.T.);
#7325 = EDGE_CURVE('',#7326,#7328,#7330,.T.);
#7326 = VERTEX_POINT('',#7327);
#7327 = CARTESIAN_POINT('',(163.39428,-106.468177,0.));
#7328 = VERTEX_POINT('',#7329);
#7329 = CARTESIAN_POINT('',(163.39428,-106.468177,-4.E-02));
#7330 = LINE('',#7331,#7332);
#7331 = CARTESIAN_POINT('',(163.39428,-106.468177,0.));
#7332 = VECTOR('',#7333,1.);
#7333 = DIRECTION('',(0.,0.,-1.));
#7334 = ORIENTED_EDGE('',*,*,#7335,.T.);
#7335 = EDGE_CURVE('',#7328,#7336,#7338,.T.);
#7336 = VERTEX_POINT('',#7337);
#7337 = CARTESIAN_POINT('',(161.823684,-105.817615,-4.E-02));
#7338 = LINE('',#7339,#7340);
#7339 = CARTESIAN_POINT('',(163.39428,-106.468177,-4.E-02));
#7340 = VECTOR('',#7341,1.);
#7341 = DIRECTION('',(-0.923879566662,0.382683349917,0.));
#7342 = ORIENTED_EDGE('',*,*,#7343,.F.);
#7343 = EDGE_CURVE('',#7344,#7336,#7346,.T.);
#7344 = VERTEX_POINT('',#7345);
#7345 = CARTESIAN_POINT('',(161.823684,-105.817615,0.));
#7346 = LINE('',#7347,#7348);
#7347 = CARTESIAN_POINT('',(161.823684,-105.817615,0.));
#7348 = VECTOR('',#7349,1.);
#7349 = DIRECTION('',(0.,0.,-1.));
#7350 = ORIENTED_EDGE('',*,*,#7351,.F.);
#7351 = EDGE_CURVE('',#7326,#7344,#7352,.T.);
#7352 = LINE('',#7353,#7354);
#7353 = CARTESIAN_POINT('',(163.39428,-106.468177,0.));
#7354 = VECTOR('',#7355,1.);
#7355 = DIRECTION('',(-0.923879566662,0.382683349917,0.));
#7356 = PLANE('',#7357);
#7357 = AXIS2_PLACEMENT_3D('',#7358,#7359,#7360);
#7358 = CARTESIAN_POINT('',(163.39428,-106.468177,0.));
#7359 = DIRECTION('',(0.382683349917,0.923879566662,0.));
#7360 = DIRECTION('',(-0.923879566662,0.382683349917,0.));
#7361 = ADVANCED_FACE('',(#7362),#7387,.F.);
#7362 = FACE_BOUND('',#7363,.F.);
#7363 = EDGE_LOOP('',(#7364,#7374,#7380,#7381));
#7364 = ORIENTED_EDGE('',*,*,#7365,.T.);
#7365 = EDGE_CURVE('',#7366,#7368,#7370,.T.);
#7366 = VERTEX_POINT('',#7367);
#7367 = CARTESIAN_POINT('',(164.044842,-104.897581,0.));
#7368 = VERTEX_POINT('',#7369);
#7369 = CARTESIAN_POINT('',(164.044842,-104.897581,-4.E-02));
#7370 = LINE('',#7371,#7372);
#7371 = CARTESIAN_POINT('',(164.044842,-104.897581,0.));
#7372 = VECTOR('',#7373,1.);
#7373 = DIRECTION('',(0.,0.,-1.));
#7374 = ORIENTED_EDGE('',*,*,#7375,.T.);
#7375 = EDGE_CURVE('',#7368,#7328,#7376,.T.);
#7376 = LINE('',#7377,#7378);
#7377 = CARTESIAN_POINT('',(164.044842,-104.897581,-4.E-02));
#7378 = VECTOR('',#7379,1.);
#7379 = DIRECTION('',(-0.382683349917,-0.923879566662,0.));
#7380 = ORIENTED_EDGE('',*,*,#7325,.F.);
#7381 = ORIENTED_EDGE('',*,*,#7382,.F.);
#7382 = EDGE_CURVE('',#7366,#7326,#7383,.T.);
#7383 = LINE('',#7384,#7385);
#7384 = CARTESIAN_POINT('',(164.044842,-104.897581,0.));
#7385 = VECTOR('',#7386,1.);
#7386 = DIRECTION('',(-0.382683349917,-0.923879566662,0.));
#7387 = PLANE('',#7388);
#7388 = AXIS2_PLACEMENT_3D('',#7389,#7390,#7391);
#7389 = CARTESIAN_POINT('',(164.044842,-104.897581,0.));
#7390 = DIRECTION('',(-0.923879566662,0.382683349917,0.));
#7391 = DIRECTION('',(-0.382683349917,-0.923879566662,0.));
#7392 = ADVANCED_FACE('',(#7393),#7418,.F.);
#7393 = FACE_BOUND('',#7394,.F.);
#7394 = EDGE_LOOP('',(#7395,#7396,#7404,#7412));
#7395 = ORIENTED_EDGE('',*,*,#7343,.T.);
#7396 = ORIENTED_EDGE('',*,*,#7397,.T.);
#7397 = EDGE_CURVE('',#7336,#7398,#7400,.T.);
#7398 = VERTEX_POINT('',#7399);
#7399 = CARTESIAN_POINT('',(162.474246,-104.247019,-4.E-02));
#7400 = LINE('',#7401,#7402);
#7401 = CARTESIAN_POINT('',(161.823684,-105.817615,-4.E-02));
#7402 = VECTOR('',#7403,1.);
#7403 = DIRECTION('',(0.382683349917,0.923879566662,0.));
#7404 = ORIENTED_EDGE('',*,*,#7405,.F.);
#7405 = EDGE_CURVE('',#7406,#7398,#7408,.T.);
#7406 = VERTEX_POINT('',#7407);
#7407 = CARTESIAN_POINT('',(162.474246,-104.247019,0.));
#7408 = LINE('',#7409,#7410);
#7409 = CARTESIAN_POINT('',(162.474246,-104.247019,0.));
#7410 = VECTOR('',#7411,1.);
#7411 = DIRECTION('',(0.,0.,-1.));
#7412 = ORIENTED_EDGE('',*,*,#7413,.F.);
#7413 = EDGE_CURVE('',#7344,#7406,#7414,.T.);
#7414 = LINE('',#7415,#7416);
#7415 = CARTESIAN_POINT('',(161.823684,-105.817615,0.));
#7416 = VECTOR('',#7417,1.);
#7417 = DIRECTION('',(0.382683349917,0.923879566662,0.));
#7418 = PLANE('',#7419);
#7419 = AXIS2_PLACEMENT_3D('',#7420,#7421,#7422);
#7420 = CARTESIAN_POINT('',(161.823684,-105.817615,0.));
#7421 = DIRECTION('',(0.923879566662,-0.382683349917,0.));
#7422 = DIRECTION('',(0.382683349917,0.923879566662,0.));
#7423 = ADVANCED_FACE('',(#7424,#7435),#7446,.F.);
#7424 = FACE_BOUND('',#7425,.F.);
#7425 = EDGE_LOOP('',(#7426,#7427,#7428,#7434));
#7426 = ORIENTED_EDGE('',*,*,#7351,.T.);
#7427 = ORIENTED_EDGE('',*,*,#7413,.T.);
#7428 = ORIENTED_EDGE('',*,*,#7429,.T.);
#7429 = EDGE_CURVE('',#7406,#7366,#7430,.T.);
#7430 = LINE('',#7431,#7432);
#7431 = CARTESIAN_POINT('',(162.474246,-104.247019,0.));
#7432 = VECTOR('',#7433,1.);
#7433 = DIRECTION('',(0.923879566662,-0.382683349917,0.));
#7434 = ORIENTED_EDGE('',*,*,#7382,.T.);
#7435 = FACE_BOUND('',#7436,.F.);
#7436 = EDGE_LOOP('',(#7437));
#7437 = ORIENTED_EDGE('',*,*,#7438,.F.);
#7438 = EDGE_CURVE('',#7439,#7439,#7441,.T.);
#7439 = VERTEX_POINT('',#7440);
#7440 = CARTESIAN_POINT('',(162.934263,-105.832598,0.));
#7441 = CIRCLE('',#7442,0.475);
#7442 = AXIS2_PLACEMENT_3D('',#7443,#7444,#7445);
#7443 = CARTESIAN_POINT('',(162.934263,-105.357598,0.));
#7444 = DIRECTION('',(-0.,0.,-1.));
#7445 = DIRECTION('',(-0.,-1.,0.));
#7446 = PLANE('',#7447);
#7447 = AXIS2_PLACEMENT_3D('',#7448,#7449,#7450);
#7448 = CARTESIAN_POINT('',(0.,0.,0.));
#7449 = DIRECTION('',(-0.,-0.,-1.));
#7450 = DIRECTION('',(-1.,0.,0.));
#7451 = ADVANCED_FACE('',(#7452,#7463),#7474,.T.);
#7452 = FACE_BOUND('',#7453,.T.);
#7453 = EDGE_LOOP('',(#7454,#7455,#7456,#7462));
#7454 = ORIENTED_EDGE('',*,*,#7335,.T.);
#7455 = ORIENTED_EDGE('',*,*,#7397,.T.);
#7456 = ORIENTED_EDGE('',*,*,#7457,.T.);
#7457 = EDGE_CURVE('',#7398,#7368,#7458,.T.);
#7458 = LINE('',#7459,#7460);
#7459 = CARTESIAN_POINT('',(162.474246,-104.247019,-4.E-02));
#7460 = VECTOR('',#7461,1.);
#7461 = DIRECTION('',(0.923879566662,-0.382683349917,0.));
#7462 = ORIENTED_EDGE('',*,*,#7375,.T.);
#7463 = FACE_BOUND('',#7464,.T.);
#7464 = EDGE_LOOP('',(#7465));
#7465 = ORIENTED_EDGE('',*,*,#7466,.F.);
#7466 = EDGE_CURVE('',#7467,#7467,#7469,.T.);
#7467 = VERTEX_POINT('',#7468);
#7468 = CARTESIAN_POINT('',(162.934263,-105.832598,-4.E-02));
#7469 = CIRCLE('',#7470,0.475);
#7470 = AXIS2_PLACEMENT_3D('',#7471,#7472,#7473);
#7471 = CARTESIAN_POINT('',(162.934263,-105.357598,-4.E-02));
#7472 = DIRECTION('',(-0.,0.,-1.));
#7473 = DIRECTION('',(-0.,-1.,0.));
#7474 = PLANE('',#7475);
#7475 = AXIS2_PLACEMENT_3D('',#7476,#7477,#7478);
#7476 = CARTESIAN_POINT('',(0.,0.,-4.E-02));
#7477 = DIRECTION('',(-0.,-0.,-1.));
#7478 = DIRECTION('',(-1.,0.,0.));
#7479 = ADVANCED_FACE('',(#7480),#7486,.F.);
#7480 = FACE_BOUND('',#7481,.F.);
#7481 = EDGE_LOOP('',(#7482,#7483,#7484,#7485));
#7482 = ORIENTED_EDGE('',*,*,#7405,.T.);
#7483 = ORIENTED_EDGE('',*,*,#7457,.T.);
#7484 = ORIENTED_EDGE('',*,*,#7365,.F.);
#7485 = ORIENTED_EDGE('',*,*,#7429,.F.);
#7486 = PLANE('',#7487);
#7487 = AXIS2_PLACEMENT_3D('',#7488,#7489,#7490);
#7488 = CARTESIAN_POINT('',(162.474246,-104.247019,0.));
#7489 = DIRECTION('',(-0.382683349917,-0.923879566662,-0.));
#7490 = DIRECTION('',(0.923879566662,-0.382683349917,0.));
#7491 = ADVANCED_FACE('',(#7492),#7503,.F.);
#7492 = FACE_BOUND('',#7493,.T.);
#7493 = EDGE_LOOP('',(#7494,#7495,#7501,#7502));
#7494 = ORIENTED_EDGE('',*,*,#7466,.T.);
#7495 = ORIENTED_EDGE('',*,*,#7496,.T.);
#7496 = EDGE_CURVE('',#7467,#7439,#7497,.T.);
#7497 = LINE('',#7498,#7499);
#7498 = CARTESIAN_POINT('',(162.934263,-105.832598,-4.6E-02));
#7499 = VECTOR('',#7500,1.);
#7500 = DIRECTION('',(0.,0.,1.));
#7501 = ORIENTED_EDGE('',*,*,#7438,.F.);
#7502 = ORIENTED_EDGE('',*,*,#7496,.F.);
#7503 = CYLINDRICAL_SURFACE('',#7504,0.475);
#7504 = AXIS2_PLACEMENT_3D('',#7505,#7506,#7507);
#7505 = CARTESIAN_POINT('',(162.934263,-105.357598,-4.6E-02));
#7506 = DIRECTION('',(-0.,-0.,-1.));
#7507 = DIRECTION('',(-0.,-1.,0.));
#7508 = MANIFOLD_SOLID_BREP('',#7509);
#7509 = CLOSED_SHELL('',(#7510,#7543,#7563,#7583));
#7510 = ADVANCED_FACE('',(#7511),#7538,.T.);
#7511 = FACE_BOUND('',#7512,.F.);
#7512 = EDGE_LOOP('',(#7513,#7523,#7530,#7531));
#7513 = ORIENTED_EDGE('',*,*,#7514,.T.);
#7514 = EDGE_CURVE('',#7515,#7517,#7519,.T.);
#7515 = VERTEX_POINT('',#7516);
#7516 = CARTESIAN_POINT('',(162.934263,-105.857598,-4.E-02));
#7517 = VERTEX_POINT('',#7518);
#7518 = CARTESIAN_POINT('',(162.934263,-105.857598,1.55));
#7519 = LINE('',#7520,#7521);
#7520 = CARTESIAN_POINT('',(162.934263,-105.857598,-4.E-02));
#7521 = VECTOR('',#7522,1.);
#7522 = DIRECTION('',(0.,0.,1.));
#7523 = ORIENTED_EDGE('',*,*,#7524,.T.);
#7524 = EDGE_CURVE('',#7517,#7517,#7525,.T.);
#7525 = CIRCLE('',#7526,0.5);
#7526 = AXIS2_PLACEMENT_3D('',#7527,#7528,#7529);
#7527 = CARTESIAN_POINT('',(162.934263,-105.357598,1.55));
#7528 = DIRECTION('',(0.,0.,1.));
#7529 = DIRECTION('',(-0.,-1.,0.));
#7530 = ORIENTED_EDGE('',*,*,#7514,.F.);
#7531 = ORIENTED_EDGE('',*,*,#7532,.F.);
#7532 = EDGE_CURVE('',#7515,#7515,#7533,.T.);
#7533 = CIRCLE('',#7534,0.5);
#7534 = AXIS2_PLACEMENT_3D('',#7535,#7536,#7537);
#7535 = CARTESIAN_POINT('',(162.934263,-105.357598,-4.E-02));
#7536 = DIRECTION('',(0.,0.,1.));
#7537 = DIRECTION('',(-0.,-1.,0.));
#7538 = CYLINDRICAL_SURFACE('',#7539,0.5);
#7539 = AXIS2_PLACEMENT_3D('',#7540,#7541,#7542);
#7540 = CARTESIAN_POINT('',(162.934263,-105.357598,-4.E-02));
#7541 = DIRECTION('',(-0.,-0.,-1.));
#7542 = DIRECTION('',(-0.,-1.,0.));
#7543 = ADVANCED_FACE('',(#7544,#7547),#7558,.F.);
#7544 = FACE_BOUND('',#7545,.F.);
#7545 = EDGE_LOOP('',(#7546));
#7546 = ORIENTED_EDGE('',*,*,#7532,.T.);
#7547 = FACE_BOUND('',#7548,.F.);
#7548 = EDGE_LOOP('',(#7549));
#7549 = ORIENTED_EDGE('',*,*,#7550,.T.);
#7550 = EDGE_CURVE('',#7551,#7551,#7553,.T.);
#7551 = VERTEX_POINT('',#7552);
#7552 = CARTESIAN_POINT('',(162.934263,-105.832598,-4.E-02));
#7553 = CIRCLE('',#7554,0.475);
#7554 = AXIS2_PLACEMENT_3D('',#7555,#7556,#7557);
#7555 = CARTESIAN_POINT('',(162.934263,-105.357598,-4.E-02));
#7556 = DIRECTION('',(-0.,0.,-1.));
#7557 = DIRECTION('',(-0.,-1.,0.));
#7558 = PLANE('',#7559);
#7559 = AXIS2_PLACEMENT_3D('',#7560,#7561,#7562);
#7560 = CARTESIAN_POINT('',(162.934263,-105.857598,-4.E-02));
#7561 = DIRECTION('',(0.,0.,1.));
#7562 = DIRECTION('',(1.,0.,-0.));
#7563 = ADVANCED_FACE('',(#7564,#7567),#7578,.T.);
#7564 = FACE_BOUND('',#7565,.T.);
#7565 = EDGE_LOOP('',(#7566));
#7566 = ORIENTED_EDGE('',*,*,#7524,.T.);
#7567 = FACE_BOUND('',#7568,.T.);
#7568 = EDGE_LOOP('',(#7569));
#7569 = ORIENTED_EDGE('',*,*,#7570,.T.);
#7570 = EDGE_CURVE('',#7571,#7571,#7573,.T.);
#7571 = VERTEX_POINT('',#7572);
#7572 = CARTESIAN_POINT('',(162.934263,-105.832598,1.55));
#7573 = CIRCLE('',#7574,0.475);
#7574 = AXIS2_PLACEMENT_3D('',#7575,#7576,#7577);
#7575 = CARTESIAN_POINT('',(162.934263,-105.357598,1.55));
#7576 = DIRECTION('',(-0.,0.,-1.));
#7577 = DIRECTION('',(-0.,-1.,0.));
#7578 = PLANE('',#7579);
#7579 = AXIS2_PLACEMENT_3D('',#7580,#7581,#7582);
#7580 = CARTESIAN_POINT('',(162.934263,-105.857598,1.55));
#7581 = DIRECTION('',(0.,0.,1.));
#7582 = DIRECTION('',(1.,0.,-0.));
#7583 = ADVANCED_FACE('',(#7584),#7595,.F.);
#7584 = FACE_BOUND('',#7585,.T.);
#7585 = EDGE_LOOP('',(#7586,#7587,#7593,#7594));
#7586 = ORIENTED_EDGE('',*,*,#7550,.T.);
#7587 = ORIENTED_EDGE('',*,*,#7588,.T.);
#7588 = EDGE_CURVE('',#7551,#7571,#7589,.T.);
#7589 = LINE('',#7590,#7591);
#7590 = CARTESIAN_POINT('',(162.934263,-105.832598,-4.6E-02));
#7591 = VECTOR('',#7592,1.);
#7592 = DIRECTION('',(0.,0.,1.));
#7593 = ORIENTED_EDGE('',*,*,#7570,.F.);
#7594 = ORIENTED_EDGE('',*,*,#7588,.F.);
#7595 = CYLINDRICAL_SURFACE('',#7596,0.475);
#7596 = AXIS2_PLACEMENT_3D('',#7597,#7598,#7599);
#7597 = CARTESIAN_POINT('',(162.934263,-105.357598,-4.6E-02));
#7598 = DIRECTION('',(-0.,-0.,-1.));
#7599 = DIRECTION('',(-0.,-1.,0.));
#7600 = MANIFOLD_SOLID_BREP('',#7601);
#7601 = CLOSED_SHELL('',(#7602,#7642,#7673,#7704,#7732,#7760,#7772));
#7602 = ADVANCED_FACE('',(#7603),#7637,.T.);
#7603 = FACE_BOUND('',#7604,.T.);
#7604 = EDGE_LOOP('',(#7605,#7615,#7623,#7631));
#7605 = ORIENTED_EDGE('',*,*,#7606,.T.);
#7606 = EDGE_CURVE('',#7607,#7609,#7611,.T.);
#7607 = VERTEX_POINT('',#7608);
#7608 = CARTESIAN_POINT('',(162.474246,-95.753041,1.51));
#7609 = VERTEX_POINT('',#7610);
#7610 = CARTESIAN_POINT('',(162.474246,-95.753041,1.55));
#7611 = LINE('',#7612,#7613);
#7612 = CARTESIAN_POINT('',(162.474246,-95.753041,1.51));
#7613 = VECTOR('',#7614,1.);
#7614 = DIRECTION('',(0.,0.,1.));
#7615 = ORIENTED_EDGE('',*,*,#7616,.T.);
#7616 = EDGE_CURVE('',#7609,#7617,#7619,.T.);
#7617 = VERTEX_POINT('',#7618);
#7618 = CARTESIAN_POINT('',(161.823684,-94.182445,1.55));
#7619 = LINE('',#7620,#7621);
#7620 = CARTESIAN_POINT('',(162.474246,-95.753041,1.55));
#7621 = VECTOR('',#7622,1.);
#7622 = DIRECTION('',(-0.382683349917,0.923879566662,0.));
#7623 = ORIENTED_EDGE('',*,*,#7624,.F.);
#7624 = EDGE_CURVE('',#7625,#7617,#7627,.T.);
#7625 = VERTEX_POINT('',#7626);
#7626 = CARTESIAN_POINT('',(161.823684,-94.182445,1.51));
#7627 = LINE('',#7628,#7629);
#7628 = CARTESIAN_POINT('',(161.823684,-94.182445,1.51));
#7629 = VECTOR('',#7630,1.);
#7630 = DIRECTION('',(0.,0.,1.));
#7631 = ORIENTED_EDGE('',*,*,#7632,.F.);
#7632 = EDGE_CURVE('',#7607,#7625,#7633,.T.);
#7633 = LINE('',#7634,#7635);
#7634 = CARTESIAN_POINT('',(162.474246,-95.753041,1.51));
#7635 = VECTOR('',#7636,1.);
#7636 = DIRECTION('',(-0.382683349917,0.923879566662,0.));
#7637 = PLANE('',#7638);
#7638 = AXIS2_PLACEMENT_3D('',#7639,#7640,#7641);
#7639 = CARTESIAN_POINT('',(162.474246,-95.753041,1.51));
#7640 = DIRECTION('',(-0.923879566662,-0.382683349917,0.));
#7641 = DIRECTION('',(-0.382683349917,0.923879566662,0.));
#7642 = ADVANCED_FACE('',(#7643),#7668,.T.);
#7643 = FACE_BOUND('',#7644,.T.);
#7644 = EDGE_LOOP('',(#7645,#7655,#7661,#7662));
#7645 = ORIENTED_EDGE('',*,*,#7646,.T.);
#7646 = EDGE_CURVE('',#7647,#7649,#7651,.T.);
#7647 = VERTEX_POINT('',#7648);
#7648 = CARTESIAN_POINT('',(164.044842,-95.102479,1.51));
#7649 = VERTEX_POINT('',#7650);
#7650 = CARTESIAN_POINT('',(164.044842,-95.102479,1.55));
#7651 = LINE('',#7652,#7653);
#7652 = CARTESIAN_POINT('',(164.044842,-95.102479,1.51));
#7653 = VECTOR('',#7654,1.);
#7654 = DIRECTION('',(0.,0.,1.));
#7655 = ORIENTED_EDGE('',*,*,#7656,.T.);
#7656 = EDGE_CURVE('',#7649,#7609,#7657,.T.);
#7657 = LINE('',#7658,#7659);
#7658 = CARTESIAN_POINT('',(164.044842,-95.102479,1.55));
#7659 = VECTOR('',#7660,1.);
#7660 = DIRECTION('',(-0.923879566662,-0.382683349917,0.));
#7661 = ORIENTED_EDGE('',*,*,#7606,.F.);
#7662 = ORIENTED_EDGE('',*,*,#7663,.F.);
#7663 = EDGE_CURVE('',#7647,#7607,#7664,.T.);
#7664 = LINE('',#7665,#7666);
#7665 = CARTESIAN_POINT('',(164.044842,-95.102479,1.51));
#7666 = VECTOR('',#7667,1.);
#7667 = DIRECTION('',(-0.923879566662,-0.382683349917,0.));
#7668 = PLANE('',#7669);
#7669 = AXIS2_PLACEMENT_3D('',#7670,#7671,#7672);
#7670 = CARTESIAN_POINT('',(164.044842,-95.102479,1.51));
#7671 = DIRECTION('',(0.382683349917,-0.923879566662,0.));
#7672 = DIRECTION('',(-0.923879566662,-0.382683349917,0.));
#7673 = ADVANCED_FACE('',(#7674),#7699,.T.);
#7674 = FACE_BOUND('',#7675,.T.);
#7675 = EDGE_LOOP('',(#7676,#7677,#7685,#7693));
#7676 = ORIENTED_EDGE('',*,*,#7624,.T.);
#7677 = ORIENTED_EDGE('',*,*,#7678,.T.);
#7678 = EDGE_CURVE('',#7617,#7679,#7681,.T.);
#7679 = VERTEX_POINT('',#7680);
#7680 = CARTESIAN_POINT('',(163.39428,-93.531883,1.55));
#7681 = LINE('',#7682,#7683);
#7682 = CARTESIAN_POINT('',(161.823684,-94.182445,1.55));
#7683 = VECTOR('',#7684,1.);
#7684 = DIRECTION('',(0.923879566662,0.382683349917,0.));
#7685 = ORIENTED_EDGE('',*,*,#7686,.F.);
#7686 = EDGE_CURVE('',#7687,#7679,#7689,.T.);
#7687 = VERTEX_POINT('',#7688);
#7688 = CARTESIAN_POINT('',(163.39428,-93.531883,1.51));
#7689 = LINE('',#7690,#7691);
#7690 = CARTESIAN_POINT('',(163.39428,-93.531883,1.51));
#7691 = VECTOR('',#7692,1.);
#7692 = DIRECTION('',(0.,0.,1.));
#7693 = ORIENTED_EDGE('',*,*,#7694,.F.);
#7694 = EDGE_CURVE('',#7625,#7687,#7695,.T.);
#7695 = LINE('',#7696,#7697);
#7696 = CARTESIAN_POINT('',(161.823684,-94.182445,1.51));
#7697 = VECTOR('',#7698,1.);
#7698 = DIRECTION('',(0.923879566662,0.382683349917,0.));
#7699 = PLANE('',#7700);
#7700 = AXIS2_PLACEMENT_3D('',#7701,#7702,#7703);
#7701 = CARTESIAN_POINT('',(161.823684,-94.182445,1.51));
#7702 = DIRECTION('',(-0.382683349917,0.923879566662,0.));
#7703 = DIRECTION('',(0.923879566662,0.382683349917,0.));
#7704 = ADVANCED_FACE('',(#7705,#7716),#7727,.F.);
#7705 = FACE_BOUND('',#7706,.F.);
#7706 = EDGE_LOOP('',(#7707,#7708,#7709,#7715));
#7707 = ORIENTED_EDGE('',*,*,#7632,.F.);
#7708 = ORIENTED_EDGE('',*,*,#7663,.F.);
#7709 = ORIENTED_EDGE('',*,*,#7710,.F.);
#7710 = EDGE_CURVE('',#7687,#7647,#7711,.T.);
#7711 = LINE('',#7712,#7713);
#7712 = CARTESIAN_POINT('',(163.39428,-93.531883,1.51));
#7713 = VECTOR('',#7714,1.);
#7714 = DIRECTION('',(0.382683349917,-0.923879566662,0.));
#7715 = ORIENTED_EDGE('',*,*,#7694,.F.);
#7716 = FACE_BOUND('',#7717,.F.);
#7717 = EDGE_LOOP('',(#7718));
#7718 = ORIENTED_EDGE('',*,*,#7719,.T.);
#7719 = EDGE_CURVE('',#7720,#7720,#7722,.T.);
#7720 = VERTEX_POINT('',#7721);
#7721 = CARTESIAN_POINT('',(162.934263,-95.117462,1.51));
#7722 = CIRCLE('',#7723,0.475);
#7723 = AXIS2_PLACEMENT_3D('',#7724,#7725,#7726);
#7724 = CARTESIAN_POINT('',(162.934263,-94.642462,1.51));
#7725 = DIRECTION('',(-0.,0.,-1.));
#7726 = DIRECTION('',(-0.,-1.,0.));
#7727 = PLANE('',#7728);
#7728 = AXIS2_PLACEMENT_3D('',#7729,#7730,#7731);
#7729 = CARTESIAN_POINT('',(0.,0.,1.51));
#7730 = DIRECTION('',(0.,0.,1.));
#7731 = DIRECTION('',(1.,0.,-0.));
#7732 = ADVANCED_FACE('',(#7733,#7744),#7755,.T.);
#7733 = FACE_BOUND('',#7734,.T.);
#7734 = EDGE_LOOP('',(#7735,#7736,#7737,#7743));
#7735 = ORIENTED_EDGE('',*,*,#7616,.F.);
#7736 = ORIENTED_EDGE('',*,*,#7656,.F.);
#7737 = ORIENTED_EDGE('',*,*,#7738,.F.);
#7738 = EDGE_CURVE('',#7679,#7649,#7739,.T.);
#7739 = LINE('',#7740,#7741);
#7740 = CARTESIAN_POINT('',(163.39428,-93.531883,1.55));
#7741 = VECTOR('',#7742,1.);
#7742 = DIRECTION('',(0.382683349917,-0.923879566662,0.));
#7743 = ORIENTED_EDGE('',*,*,#7678,.F.);
#7744 = FACE_BOUND('',#7745,.T.);
#7745 = EDGE_LOOP('',(#7746));
#7746 = ORIENTED_EDGE('',*,*,#7747,.T.);
#7747 = EDGE_CURVE('',#7748,#7748,#7750,.T.);
#7748 = VERTEX_POINT('',#7749);
#7749 = CARTESIAN_POINT('',(162.934263,-95.117462,1.55));
#7750 = CIRCLE('',#7751,0.475);
#7751 = AXIS2_PLACEMENT_3D('',#7752,#7753,#7754);
#7752 = CARTESIAN_POINT('',(162.934263,-94.642462,1.55));
#7753 = DIRECTION('',(-0.,0.,-1.));
#7754 = DIRECTION('',(-0.,-1.,0.));
#7755 = PLANE('',#7756);
#7756 = AXIS2_PLACEMENT_3D('',#7757,#7758,#7759);
#7757 = CARTESIAN_POINT('',(0.,0.,1.55));
#7758 = DIRECTION('',(0.,0.,1.));
#7759 = DIRECTION('',(1.,0.,-0.));
#7760 = ADVANCED_FACE('',(#7761),#7767,.T.);
#7761 = FACE_BOUND('',#7762,.T.);
#7762 = EDGE_LOOP('',(#7763,#7764,#7765,#7766));
#7763 = ORIENTED_EDGE('',*,*,#7686,.T.);
#7764 = ORIENTED_EDGE('',*,*,#7738,.T.);
#7765 = ORIENTED_EDGE('',*,*,#7646,.F.);
#7766 = ORIENTED_EDGE('',*,*,#7710,.F.);
#7767 = PLANE('',#7768);
#7768 = AXIS2_PLACEMENT_3D('',#7769,#7770,#7771);
#7769 = CARTESIAN_POINT('',(163.39428,-93.531883,1.51));
#7770 = DIRECTION('',(0.923879566662,0.382683349917,-0.));
#7771 = DIRECTION('',(0.382683349917,-0.923879566662,0.));
#7772 = ADVANCED_FACE('',(#7773),#7784,.F.);
#7773 = FACE_BOUND('',#7774,.T.);
#7774 = EDGE_LOOP('',(#7775,#7776,#7782,#7783));
#7775 = ORIENTED_EDGE('',*,*,#7719,.T.);
#7776 = ORIENTED_EDGE('',*,*,#7777,.T.);
#7777 = EDGE_CURVE('',#7720,#7748,#7778,.T.);
#7778 = LINE('',#7779,#7780);
#7779 = CARTESIAN_POINT('',(162.934263,-95.117462,-4.6E-02));
#7780 = VECTOR('',#7781,1.);
#7781 = DIRECTION('',(0.,0.,1.));
#7782 = ORIENTED_EDGE('',*,*,#7747,.F.);
#7783 = ORIENTED_EDGE('',*,*,#7777,.F.);
#7784 = CYLINDRICAL_SURFACE('',#7785,0.475);
#7785 = AXIS2_PLACEMENT_3D('',#7786,#7787,#7788);
#7786 = CARTESIAN_POINT('',(162.934263,-94.642462,-4.6E-02));
#7787 = DIRECTION('',(-0.,-0.,-1.));
#7788 = DIRECTION('',(-0.,-1.,0.));
#7789 = MANIFOLD_SOLID_BREP('',#7790);
#7790 = CLOSED_SHELL('',(#7791,#7831,#7862,#7893,#7921,#7949,#7961));
#7791 = ADVANCED_FACE('',(#7792),#7826,.F.);
#7792 = FACE_BOUND('',#7793,.F.);
#7793 = EDGE_LOOP('',(#7794,#7804,#7812,#7820));
#7794 = ORIENTED_EDGE('',*,*,#7795,.T.);
#7795 = EDGE_CURVE('',#7796,#7798,#7800,.T.);
#7796 = VERTEX_POINT('',#7797);
#7797 = CARTESIAN_POINT('',(162.474246,-95.753041,0.));
#7798 = VERTEX_POINT('',#7799);
#7799 = CARTESIAN_POINT('',(162.474246,-95.753041,-4.E-02));
#7800 = LINE('',#7801,#7802);
#7801 = CARTESIAN_POINT('',(162.474246,-95.753041,0.));
#7802 = VECTOR('',#7803,1.);
#7803 = DIRECTION('',(0.,0.,-1.));
#7804 = ORIENTED_EDGE('',*,*,#7805,.T.);
#7805 = EDGE_CURVE('',#7798,#7806,#7808,.T.);
#7806 = VERTEX_POINT('',#7807);
#7807 = CARTESIAN_POINT('',(161.823684,-94.182445,-4.E-02));
#7808 = LINE('',#7809,#7810);
#7809 = CARTESIAN_POINT('',(162.474246,-95.753041,-4.E-02));
#7810 = VECTOR('',#7811,1.);
#7811 = DIRECTION('',(-0.382683349917,0.923879566662,0.));
#7812 = ORIENTED_EDGE('',*,*,#7813,.F.);
#7813 = EDGE_CURVE('',#7814,#7806,#7816,.T.);
#7814 = VERTEX_POINT('',#7815);
#7815 = CARTESIAN_POINT('',(161.823684,-94.182445,0.));
#7816 = LINE('',#7817,#7818);
#7817 = CARTESIAN_POINT('',(161.823684,-94.182445,0.));
#7818 = VECTOR('',#7819,1.);
#7819 = DIRECTION('',(0.,0.,-1.));
#7820 = ORIENTED_EDGE('',*,*,#7821,.F.);
#7821 = EDGE_CURVE('',#7796,#7814,#7822,.T.);
#7822 = LINE('',#7823,#7824);
#7823 = CARTESIAN_POINT('',(162.474246,-95.753041,0.));
#7824 = VECTOR('',#7825,1.);
#7825 = DIRECTION('',(-0.382683349917,0.923879566662,0.));
#7826 = PLANE('',#7827);
#7827 = AXIS2_PLACEMENT_3D('',#7828,#7829,#7830);
#7828 = CARTESIAN_POINT('',(162.474246,-95.753041,0.));
#7829 = DIRECTION('',(0.923879566662,0.382683349917,0.));
#7830 = DIRECTION('',(-0.382683349917,0.923879566662,0.));
#7831 = ADVANCED_FACE('',(#7832),#7857,.F.);
#7832 = FACE_BOUND('',#7833,.F.);
#7833 = EDGE_LOOP('',(#7834,#7844,#7850,#7851));
#7834 = ORIENTED_EDGE('',*,*,#7835,.T.);
#7835 = EDGE_CURVE('',#7836,#7838,#7840,.T.);
#7836 = VERTEX_POINT('',#7837);
#7837 = CARTESIAN_POINT('',(164.044842,-95.102479,0.));
#7838 = VERTEX_POINT('',#7839);
#7839 = CARTESIAN_POINT('',(164.044842,-95.102479,-4.E-02));
#7840 = LINE('',#7841,#7842);
#7841 = CARTESIAN_POINT('',(164.044842,-95.102479,0.));
#7842 = VECTOR('',#7843,1.);
#7843 = DIRECTION('',(0.,0.,-1.));
#7844 = ORIENTED_EDGE('',*,*,#7845,.T.);
#7845 = EDGE_CURVE('',#7838,#7798,#7846,.T.);
#7846 = LINE('',#7847,#7848);
#7847 = CARTESIAN_POINT('',(164.044842,-95.102479,-4.E-02));
#7848 = VECTOR('',#7849,1.);
#7849 = DIRECTION('',(-0.923879566662,-0.382683349917,0.));
#7850 = ORIENTED_EDGE('',*,*,#7795,.F.);
#7851 = ORIENTED_EDGE('',*,*,#7852,.F.);
#7852 = EDGE_CURVE('',#7836,#7796,#7853,.T.);
#7853 = LINE('',#7854,#7855);
#7854 = CARTESIAN_POINT('',(164.044842,-95.102479,0.));
#7855 = VECTOR('',#7856,1.);
#7856 = DIRECTION('',(-0.923879566662,-0.382683349917,0.));
#7857 = PLANE('',#7858);
#7858 = AXIS2_PLACEMENT_3D('',#7859,#7860,#7861);
#7859 = CARTESIAN_POINT('',(164.044842,-95.102479,0.));
#7860 = DIRECTION('',(-0.382683349917,0.923879566662,0.));
#7861 = DIRECTION('',(-0.923879566662,-0.382683349917,0.));
#7862 = ADVANCED_FACE('',(#7863),#7888,.F.);
#7863 = FACE_BOUND('',#7864,.F.);
#7864 = EDGE_LOOP('',(#7865,#7866,#7874,#7882));
#7865 = ORIENTED_EDGE('',*,*,#7813,.T.);
#7866 = ORIENTED_EDGE('',*,*,#7867,.T.);
#7867 = EDGE_CURVE('',#7806,#7868,#7870,.T.);
#7868 = VERTEX_POINT('',#7869);
#7869 = CARTESIAN_POINT('',(163.39428,-93.531883,-4.E-02));
#7870 = LINE('',#7871,#7872);
#7871 = CARTESIAN_POINT('',(161.823684,-94.182445,-4.E-02));
#7872 = VECTOR('',#7873,1.);
#7873 = DIRECTION('',(0.923879566662,0.382683349917,0.));
#7874 = ORIENTED_EDGE('',*,*,#7875,.F.);
#7875 = EDGE_CURVE('',#7876,#7868,#7878,.T.);
#7876 = VERTEX_POINT('',#7877);
#7877 = CARTESIAN_POINT('',(163.39428,-93.531883,0.));
#7878 = LINE('',#7879,#7880);
#7879 = CARTESIAN_POINT('',(163.39428,-93.531883,0.));
#7880 = VECTOR('',#7881,1.);
#7881 = DIRECTION('',(0.,0.,-1.));
#7882 = ORIENTED_EDGE('',*,*,#7883,.F.);
#7883 = EDGE_CURVE('',#7814,#7876,#7884,.T.);
#7884 = LINE('',#7885,#7886);
#7885 = CARTESIAN_POINT('',(161.823684,-94.182445,0.));
#7886 = VECTOR('',#7887,1.);
#7887 = DIRECTION('',(0.923879566662,0.382683349917,0.));
#7888 = PLANE('',#7889);
#7889 = AXIS2_PLACEMENT_3D('',#7890,#7891,#7892);
#7890 = CARTESIAN_POINT('',(161.823684,-94.182445,0.));
#7891 = DIRECTION('',(0.382683349917,-0.923879566662,0.));
#7892 = DIRECTION('',(0.923879566662,0.382683349917,0.));
#7893 = ADVANCED_FACE('',(#7894,#7905),#7916,.F.);
#7894 = FACE_BOUND('',#7895,.F.);
#7895 = EDGE_LOOP('',(#7896,#7897,#7898,#7904));
#7896 = ORIENTED_EDGE('',*,*,#7821,.T.);
#7897 = ORIENTED_EDGE('',*,*,#7883,.T.);
#7898 = ORIENTED_EDGE('',*,*,#7899,.T.);
#7899 = EDGE_CURVE('',#7876,#7836,#7900,.T.);
#7900 = LINE('',#7901,#7902);
#7901 = CARTESIAN_POINT('',(163.39428,-93.531883,0.));
#7902 = VECTOR('',#7903,1.);
#7903 = DIRECTION('',(0.382683349917,-0.923879566662,0.));
#7904 = ORIENTED_EDGE('',*,*,#7852,.T.);
#7905 = FACE_BOUND('',#7906,.F.);
#7906 = EDGE_LOOP('',(#7907));
#7907 = ORIENTED_EDGE('',*,*,#7908,.F.);
#7908 = EDGE_CURVE('',#7909,#7909,#7911,.T.);
#7909 = VERTEX_POINT('',#7910);
#7910 = CARTESIAN_POINT('',(162.934263,-95.117462,0.));
#7911 = CIRCLE('',#7912,0.475);
#7912 = AXIS2_PLACEMENT_3D('',#7913,#7914,#7915);
#7913 = CARTESIAN_POINT('',(162.934263,-94.642462,0.));
#7914 = DIRECTION('',(-0.,0.,-1.));
#7915 = DIRECTION('',(-0.,-1.,0.));
#7916 = PLANE('',#7917);
#7917 = AXIS2_PLACEMENT_3D('',#7918,#7919,#7920);
#7918 = CARTESIAN_POINT('',(0.,0.,0.));
#7919 = DIRECTION('',(-0.,-0.,-1.));
#7920 = DIRECTION('',(-1.,0.,0.));
#7921 = ADVANCED_FACE('',(#7922,#7933),#7944,.T.);
#7922 = FACE_BOUND('',#7923,.T.);
#7923 = EDGE_LOOP('',(#7924,#7925,#7926,#7932));
#7924 = ORIENTED_EDGE('',*,*,#7805,.T.);
#7925 = ORIENTED_EDGE('',*,*,#7867,.T.);
#7926 = ORIENTED_EDGE('',*,*,#7927,.T.);
#7927 = EDGE_CURVE('',#7868,#7838,#7928,.T.);
#7928 = LINE('',#7929,#7930);
#7929 = CARTESIAN_POINT('',(163.39428,-93.531883,-4.E-02));
#7930 = VECTOR('',#7931,1.);
#7931 = DIRECTION('',(0.382683349917,-0.923879566662,0.));
#7932 = ORIENTED_EDGE('',*,*,#7845,.T.);
#7933 = FACE_BOUND('',#7934,.T.);
#7934 = EDGE_LOOP('',(#7935));
#7935 = ORIENTED_EDGE('',*,*,#7936,.F.);
#7936 = EDGE_CURVE('',#7937,#7937,#7939,.T.);
#7937 = VERTEX_POINT('',#7938);
#7938 = CARTESIAN_POINT('',(162.934263,-95.117462,-4.E-02));
#7939 = CIRCLE('',#7940,0.475);
#7940 = AXIS2_PLACEMENT_3D('',#7941,#7942,#7943);
#7941 = CARTESIAN_POINT('',(162.934263,-94.642462,-4.E-02));
#7942 = DIRECTION('',(-0.,0.,-1.));
#7943 = DIRECTION('',(-0.,-1.,0.));
#7944 = PLANE('',#7945);
#7945 = AXIS2_PLACEMENT_3D('',#7946,#7947,#7948);
#7946 = CARTESIAN_POINT('',(0.,0.,-4.E-02));
#7947 = DIRECTION('',(-0.,-0.,-1.));
#7948 = DIRECTION('',(-1.,0.,0.));
#7949 = ADVANCED_FACE('',(#7950),#7956,.F.);
#7950 = FACE_BOUND('',#7951,.F.);
#7951 = EDGE_LOOP('',(#7952,#7953,#7954,#7955));
#7952 = ORIENTED_EDGE('',*,*,#7875,.T.);
#7953 = ORIENTED_EDGE('',*,*,#7927,.T.);
#7954 = ORIENTED_EDGE('',*,*,#7835,.F.);
#7955 = ORIENTED_EDGE('',*,*,#7899,.F.);
#7956 = PLANE('',#7957);
#7957 = AXIS2_PLACEMENT_3D('',#7958,#7959,#7960);
#7958 = CARTESIAN_POINT('',(163.39428,-93.531883,0.));
#7959 = DIRECTION('',(-0.923879566662,-0.382683349917,-0.));
#7960 = DIRECTION('',(0.382683349917,-0.923879566662,0.));
#7961 = ADVANCED_FACE('',(#7962),#7973,.F.);
#7962 = FACE_BOUND('',#7963,.T.);
#7963 = EDGE_LOOP('',(#7964,#7965,#7971,#7972));
#7964 = ORIENTED_EDGE('',*,*,#7936,.T.);
#7965 = ORIENTED_EDGE('',*,*,#7966,.T.);
#7966 = EDGE_CURVE('',#7937,#7909,#7967,.T.);
#7967 = LINE('',#7968,#7969);
#7968 = CARTESIAN_POINT('',(162.934263,-95.117462,-4.6E-02));
#7969 = VECTOR('',#7970,1.);
#7970 = DIRECTION('',(0.,0.,1.));
#7971 = ORIENTED_EDGE('',*,*,#7908,.F.);
#7972 = ORIENTED_EDGE('',*,*,#7966,.F.);
#7973 = CYLINDRICAL_SURFACE('',#7974,0.475);
#7974 = AXIS2_PLACEMENT_3D('',#7975,#7976,#7977);
#7975 = CARTESIAN_POINT('',(162.934263,-94.642462,-4.6E-02));
#7976 = DIRECTION('',(-0.,-0.,-1.));
#7977 = DIRECTION('',(-0.,-1.,0.));
#7978 = MANIFOLD_SOLID_BREP('',#7979);
#7979 = CLOSED_SHELL('',(#7980,#8013,#8033,#8053));
#7980 = ADVANCED_FACE('',(#7981),#8008,.T.);
#7981 = FACE_BOUND('',#7982,.F.);
#7982 = EDGE_LOOP('',(#7983,#7993,#8000,#8001));
#7983 = ORIENTED_EDGE('',*,*,#7984,.T.);
#7984 = EDGE_CURVE('',#7985,#7987,#7989,.T.);
#7985 = VERTEX_POINT('',#7986);
#7986 = CARTESIAN_POINT('',(162.934263,-95.142462,-4.E-02));
#7987 = VERTEX_POINT('',#7988);
#7988 = CARTESIAN_POINT('',(162.934263,-95.142462,1.55));
#7989 = LINE('',#7990,#7991);
#7990 = CARTESIAN_POINT('',(162.934263,-95.142462,-4.E-02));
#7991 = VECTOR('',#7992,1.);
#7992 = DIRECTION('',(0.,0.,1.));
#7993 = ORIENTED_EDGE('',*,*,#7994,.T.);
#7994 = EDGE_CURVE('',#7987,#7987,#7995,.T.);
#7995 = CIRCLE('',#7996,0.5);
#7996 = AXIS2_PLACEMENT_3D('',#7997,#7998,#7999);
#7997 = CARTESIAN_POINT('',(162.934263,-94.642462,1.55));
#7998 = DIRECTION('',(0.,0.,1.));
#7999 = DIRECTION('',(-0.,-1.,0.));
#8000 = ORIENTED_EDGE('',*,*,#7984,.F.);
#8001 = ORIENTED_EDGE('',*,*,#8002,.F.);
#8002 = EDGE_CURVE('',#7985,#7985,#8003,.T.);
#8003 = CIRCLE('',#8004,0.5);
#8004 = AXIS2_PLACEMENT_3D('',#8005,#8006,#8007);
#8005 = CARTESIAN_POINT('',(162.934263,-94.642462,-4.E-02));
#8006 = DIRECTION('',(0.,0.,1.));
#8007 = DIRECTION('',(-0.,-1.,0.));
#8008 = CYLINDRICAL_SURFACE('',#8009,0.5);
#8009 = AXIS2_PLACEMENT_3D('',#8010,#8011,#8012);
#8010 = CARTESIAN_POINT('',(162.934263,-94.642462,-4.E-02));
#8011 = DIRECTION('',(-0.,-0.,-1.));
#8012 = DIRECTION('',(-0.,-1.,0.));
#8013 = ADVANCED_FACE('',(#8014,#8017),#8028,.F.);
#8014 = FACE_BOUND('',#8015,.F.);
#8015 = EDGE_LOOP('',(#8016));
#8016 = ORIENTED_EDGE('',*,*,#8002,.T.);
#8017 = FACE_BOUND('',#8018,.F.);
#8018 = EDGE_LOOP('',(#8019));
#8019 = ORIENTED_EDGE('',*,*,#8020,.T.);
#8020 = EDGE_CURVE('',#8021,#8021,#8023,.T.);
#8021 = VERTEX_POINT('',#8022);
#8022 = CARTESIAN_POINT('',(162.934263,-95.117462,-4.E-02));
#8023 = CIRCLE('',#8024,0.475);
#8024 = AXIS2_PLACEMENT_3D('',#8025,#8026,#8027);
#8025 = CARTESIAN_POINT('',(162.934263,-94.642462,-4.E-02));
#8026 = DIRECTION('',(-0.,0.,-1.));
#8027 = DIRECTION('',(-0.,-1.,0.));
#8028 = PLANE('',#8029);
#8029 = AXIS2_PLACEMENT_3D('',#8030,#8031,#8032);
#8030 = CARTESIAN_POINT('',(162.934263,-95.142462,-4.E-02));
#8031 = DIRECTION('',(0.,0.,1.));
#8032 = DIRECTION('',(1.,0.,-0.));
#8033 = ADVANCED_FACE('',(#8034,#8037),#8048,.T.);
#8034 = FACE_BOUND('',#8035,.T.);
#8035 = EDGE_LOOP('',(#8036));
#8036 = ORIENTED_EDGE('',*,*,#7994,.T.);
#8037 = FACE_BOUND('',#8038,.T.);
#8038 = EDGE_LOOP('',(#8039));
#8039 = ORIENTED_EDGE('',*,*,#8040,.T.);
#8040 = EDGE_CURVE('',#8041,#8041,#8043,.T.);
#8041 = VERTEX_POINT('',#8042);
#8042 = CARTESIAN_POINT('',(162.934263,-95.117462,1.55));
#8043 = CIRCLE('',#8044,0.475);
#8044 = AXIS2_PLACEMENT_3D('',#8045,#8046,#8047);
#8045 = CARTESIAN_POINT('',(162.934263,-94.642462,1.55));
#8046 = DIRECTION('',(-0.,0.,-1.));
#8047 = DIRECTION('',(-0.,-1.,0.));
#8048 = PLANE('',#8049);
#8049 = AXIS2_PLACEMENT_3D('',#8050,#8051,#8052);
#8050 = CARTESIAN_POINT('',(162.934263,-95.142462,1.55));
#8051 = DIRECTION('',(0.,0.,1.));
#8052 = DIRECTION('',(1.,0.,-0.));
#8053 = ADVANCED_FACE('',(#8054),#8065,.F.);
#8054 = FACE_BOUND('',#8055,.T.);
#8055 = EDGE_LOOP('',(#8056,#8057,#8063,#8064));
#8056 = ORIENTED_EDGE('',*,*,#8020,.T.);
#8057 = ORIENTED_EDGE('',*,*,#8058,.T.);
#8058 = EDGE_CURVE('',#8021,#8041,#8059,.T.);
#8059 = LINE('',#8060,#8061);
#8060 = CARTESIAN_POINT('',(162.934263,-95.117462,-4.6E-02));
#8061 = VECTOR('',#8062,1.);
#8062 = DIRECTION('',(0.,0.,1.));
#8063 = ORIENTED_EDGE('',*,*,#8040,.F.);
#8064 = ORIENTED_EDGE('',*,*,#8058,.F.);
#8065 = CYLINDRICAL_SURFACE('',#8066,0.475);
#8066 = AXIS2_PLACEMENT_3D('',#8067,#8068,#8069);
#8067 = CARTESIAN_POINT('',(162.934263,-94.642462,-4.6E-02));
#8068 = DIRECTION('',(-0.,-0.,-1.));
#8069 = DIRECTION('',(-0.,-1.,0.));
#8070 = MANIFOLD_SOLID_BREP('',#8071);
#8071 = CLOSED_SHELL('',(#8072,#8112,#8143,#8174,#8202,#8230,#8242));
#8072 = ADVANCED_FACE('',(#8073),#8107,.T.);
#8073 = FACE_BOUND('',#8074,.T.);
#8074 = EDGE_LOOP('',(#8075,#8085,#8093,#8101));
#8075 = ORIENTED_EDGE('',*,*,#8076,.T.);
#8076 = EDGE_CURVE('',#8077,#8079,#8081,.T.);
#8077 = VERTEX_POINT('',#8078);
#8078 = CARTESIAN_POINT('',(155.817535,-88.176296,1.51));
#8079 = VERTEX_POINT('',#8080);
#8080 = CARTESIAN_POINT('',(155.817535,-88.176296,1.55));
#8081 = LINE('',#8082,#8083);
#8082 = CARTESIAN_POINT('',(155.817535,-88.176296,1.51));
#8083 = VECTOR('',#8084,1.);
#8084 = DIRECTION('',(0.,0.,1.));
#8085 = ORIENTED_EDGE('',*,*,#8086,.T.);
#8086 = EDGE_CURVE('',#8079,#8087,#8089,.T.);
#8087 = VERTEX_POINT('',#8088);
#8088 = CARTESIAN_POINT('',(154.246939,-87.525734,1.55));
#8089 = LINE('',#8090,#8091);
#8090 = CARTESIAN_POINT('',(155.817535,-88.176296,1.55));
#8091 = VECTOR('',#8092,1.);
#8092 = DIRECTION('',(-0.923879566662,0.382683349917,0.));
#8093 = ORIENTED_EDGE('',*,*,#8094,.F.);
#8094 = EDGE_CURVE('',#8095,#8087,#8097,.T.);
#8095 = VERTEX_POINT('',#8096);
#8096 = CARTESIAN_POINT('',(154.246939,-87.525734,1.51));
#8097 = LINE('',#8098,#8099);
#8098 = CARTESIAN_POINT('',(154.246939,-87.525734,1.51));
#8099 = VECTOR('',#8100,1.);
#8100 = DIRECTION('',(0.,0.,1.));
#8101 = ORIENTED_EDGE('',*,*,#8102,.F.);
#8102 = EDGE_CURVE('',#8077,#8095,#8103,.T.);
#8103 = LINE('',#8104,#8105);
#8104 = CARTESIAN_POINT('',(155.817535,-88.176296,1.51));
#8105 = VECTOR('',#8106,1.);
#8106 = DIRECTION('',(-0.923879566662,0.382683349917,0.));
#8107 = PLANE('',#8108);
#8108 = AXIS2_PLACEMENT_3D('',#8109,#8110,#8111);
#8109 = CARTESIAN_POINT('',(155.817535,-88.176296,1.51));
#8110 = DIRECTION('',(-0.382683349917,-0.923879566662,0.));
#8111 = DIRECTION('',(-0.923879566662,0.382683349917,0.));
#8112 = ADVANCED_FACE('',(#8113),#8138,.T.);
#8113 = FACE_BOUND('',#8114,.T.);
#8114 = EDGE_LOOP('',(#8115,#8125,#8131,#8132));
#8115 = ORIENTED_EDGE('',*,*,#8116,.T.);
#8116 = EDGE_CURVE('',#8117,#8119,#8121,.T.);
#8117 = VERTEX_POINT('',#8118);
#8118 = CARTESIAN_POINT('',(156.468097,-86.6057,1.51));
#8119 = VERTEX_POINT('',#8120);
#8120 = CARTESIAN_POINT('',(156.468097,-86.6057,1.55));
#8121 = LINE('',#8122,#8123);
#8122 = CARTESIAN_POINT('',(156.468097,-86.6057,1.51));
#8123 = VECTOR('',#8124,1.);
#8124 = DIRECTION('',(0.,0.,1.));
#8125 = ORIENTED_EDGE('',*,*,#8126,.T.);
#8126 = EDGE_CURVE('',#8119,#8079,#8127,.T.);
#8127 = LINE('',#8128,#8129);
#8128 = CARTESIAN_POINT('',(156.468097,-86.6057,1.55));
#8129 = VECTOR('',#8130,1.);
#8130 = DIRECTION('',(-0.382683349917,-0.923879566662,0.));
#8131 = ORIENTED_EDGE('',*,*,#8076,.F.);
#8132 = ORIENTED_EDGE('',*,*,#8133,.F.);
#8133 = EDGE_CURVE('',#8117,#8077,#8134,.T.);
#8134 = LINE('',#8135,#8136);
#8135 = CARTESIAN_POINT('',(156.468097,-86.6057,1.51));
#8136 = VECTOR('',#8137,1.);
#8137 = DIRECTION('',(-0.382683349917,-0.923879566662,0.));
#8138 = PLANE('',#8139);
#8139 = AXIS2_PLACEMENT_3D('',#8140,#8141,#8142);
#8140 = CARTESIAN_POINT('',(156.468097,-86.6057,1.51));
#8141 = DIRECTION('',(0.923879566662,-0.382683349917,0.));
#8142 = DIRECTION('',(-0.382683349917,-0.923879566662,0.));
#8143 = ADVANCED_FACE('',(#8144),#8169,.T.);
#8144 = FACE_BOUND('',#8145,.T.);
#8145 = EDGE_LOOP('',(#8146,#8147,#8155,#8163));
#8146 = ORIENTED_EDGE('',*,*,#8094,.T.);
#8147 = ORIENTED_EDGE('',*,*,#8148,.T.);
#8148 = EDGE_CURVE('',#8087,#8149,#8151,.T.);
#8149 = VERTEX_POINT('',#8150);
#8150 = CARTESIAN_POINT('',(154.897501,-85.955138,1.55));
#8151 = LINE('',#8152,#8153);
#8152 = CARTESIAN_POINT('',(154.246939,-87.525734,1.55));
#8153 = VECTOR('',#8154,1.);
#8154 = DIRECTION('',(0.382683349917,0.923879566662,0.));
#8155 = ORIENTED_EDGE('',*,*,#8156,.F.);
#8156 = EDGE_CURVE('',#8157,#8149,#8159,.T.);
#8157 = VERTEX_POINT('',#8158);
#8158 = CARTESIAN_POINT('',(154.897501,-85.955138,1.51));
#8159 = LINE('',#8160,#8161);
#8160 = CARTESIAN_POINT('',(154.897501,-85.955138,1.51));
#8161 = VECTOR('',#8162,1.);
#8162 = DIRECTION('',(0.,0.,1.));
#8163 = ORIENTED_EDGE('',*,*,#8164,.F.);
#8164 = EDGE_CURVE('',#8095,#8157,#8165,.T.);
#8165 = LINE('',#8166,#8167);
#8166 = CARTESIAN_POINT('',(154.246939,-87.525734,1.51));
#8167 = VECTOR('',#8168,1.);
#8168 = DIRECTION('',(0.382683349917,0.923879566662,0.));
#8169 = PLANE('',#8170);
#8170 = AXIS2_PLACEMENT_3D('',#8171,#8172,#8173);
#8171 = CARTESIAN_POINT('',(154.246939,-87.525734,1.51));
#8172 = DIRECTION('',(-0.923879566662,0.382683349917,0.));
#8173 = DIRECTION('',(0.382683349917,0.923879566662,0.));
#8174 = ADVANCED_FACE('',(#8175,#8186),#8197,.F.);
#8175 = FACE_BOUND('',#8176,.F.);
#8176 = EDGE_LOOP('',(#8177,#8178,#8179,#8185));
#8177 = ORIENTED_EDGE('',*,*,#8102,.F.);
#8178 = ORIENTED_EDGE('',*,*,#8133,.F.);
#8179 = ORIENTED_EDGE('',*,*,#8180,.F.);
#8180 = EDGE_CURVE('',#8157,#8117,#8181,.T.);
#8181 = LINE('',#8182,#8183);
#8182 = CARTESIAN_POINT('',(154.897501,-85.955138,1.51));
#8183 = VECTOR('',#8184,1.);
#8184 = DIRECTION('',(0.923879566662,-0.382683349917,0.));
#8185 = ORIENTED_EDGE('',*,*,#8164,.F.);
#8186 = FACE_BOUND('',#8187,.F.);
#8187 = EDGE_LOOP('',(#8188));
#8188 = ORIENTED_EDGE('',*,*,#8189,.T.);
#8189 = EDGE_CURVE('',#8190,#8190,#8192,.T.);
#8190 = VERTEX_POINT('',#8191);
#8191 = CARTESIAN_POINT('',(155.357518,-87.540717,1.51));
#8192 = CIRCLE('',#8193,0.475);
#8193 = AXIS2_PLACEMENT_3D('',#8194,#8195,#8196);
#8194 = CARTESIAN_POINT('',(155.357518,-87.065717,1.51));
#8195 = DIRECTION('',(-0.,0.,-1.));
#8196 = DIRECTION('',(-0.,-1.,0.));
#8197 = PLANE('',#8198);
#8198 = AXIS2_PLACEMENT_3D('',#8199,#8200,#8201);
#8199 = CARTESIAN_POINT('',(0.,0.,1.51));
#8200 = DIRECTION('',(0.,0.,1.));
#8201 = DIRECTION('',(1.,0.,-0.));
#8202 = ADVANCED_FACE('',(#8203,#8214),#8225,.T.);
#8203 = FACE_BOUND('',#8204,.T.);
#8204 = EDGE_LOOP('',(#8205,#8206,#8207,#8213));
#8205 = ORIENTED_EDGE('',*,*,#8086,.F.);
#8206 = ORIENTED_EDGE('',*,*,#8126,.F.);
#8207 = ORIENTED_EDGE('',*,*,#8208,.F.);
#8208 = EDGE_CURVE('',#8149,#8119,#8209,.T.);
#8209 = LINE('',#8210,#8211);
#8210 = CARTESIAN_POINT('',(154.897501,-85.955138,1.55));
#8211 = VECTOR('',#8212,1.);
#8212 = DIRECTION('',(0.923879566662,-0.382683349917,0.));
#8213 = ORIENTED_EDGE('',*,*,#8148,.F.);
#8214 = FACE_BOUND('',#8215,.T.);
#8215 = EDGE_LOOP('',(#8216));
#8216 = ORIENTED_EDGE('',*,*,#8217,.T.);
#8217 = EDGE_CURVE('',#8218,#8218,#8220,.T.);
#8218 = VERTEX_POINT('',#8219);
#8219 = CARTESIAN_POINT('',(155.357518,-87.540717,1.55));
#8220 = CIRCLE('',#8221,0.475);
#8221 = AXIS2_PLACEMENT_3D('',#8222,#8223,#8224);
#8222 = CARTESIAN_POINT('',(155.357518,-87.065717,1.55));
#8223 = DIRECTION('',(-0.,0.,-1.));
#8224 = DIRECTION('',(-0.,-1.,0.));
#8225 = PLANE('',#8226);
#8226 = AXIS2_PLACEMENT_3D('',#8227,#8228,#8229);
#8227 = CARTESIAN_POINT('',(0.,0.,1.55));
#8228 = DIRECTION('',(0.,0.,1.));
#8229 = DIRECTION('',(1.,0.,-0.));
#8230 = ADVANCED_FACE('',(#8231),#8237,.T.);
#8231 = FACE_BOUND('',#8232,.T.);
#8232 = EDGE_LOOP('',(#8233,#8234,#8235,#8236));
#8233 = ORIENTED_EDGE('',*,*,#8156,.T.);
#8234 = ORIENTED_EDGE('',*,*,#8208,.T.);
#8235 = ORIENTED_EDGE('',*,*,#8116,.F.);
#8236 = ORIENTED_EDGE('',*,*,#8180,.F.);
#8237 = PLANE('',#8238);
#8238 = AXIS2_PLACEMENT_3D('',#8239,#8240,#8241);
#8239 = CARTESIAN_POINT('',(154.897501,-85.955138,1.51));
#8240 = DIRECTION('',(0.382683349917,0.923879566662,-0.));
#8241 = DIRECTION('',(0.923879566662,-0.382683349917,0.));
#8242 = ADVANCED_FACE('',(#8243),#8254,.F.);
#8243 = FACE_BOUND('',#8244,.T.);
#8244 = EDGE_LOOP('',(#8245,#8246,#8252,#8253));
#8245 = ORIENTED_EDGE('',*,*,#8189,.T.);
#8246 = ORIENTED_EDGE('',*,*,#8247,.T.);
#8247 = EDGE_CURVE('',#8190,#8218,#8248,.T.);
#8248 = LINE('',#8249,#8250);
#8249 = CARTESIAN_POINT('',(155.357518,-87.540717,-4.6E-02));
#8250 = VECTOR('',#8251,1.);
#8251 = DIRECTION('',(0.,0.,1.));
#8252 = ORIENTED_EDGE('',*,*,#8217,.F.);
#8253 = ORIENTED_EDGE('',*,*,#8247,.F.);
#8254 = CYLINDRICAL_SURFACE('',#8255,0.475);
#8255 = AXIS2_PLACEMENT_3D('',#8256,#8257,#8258);
#8256 = CARTESIAN_POINT('',(155.357518,-87.065717,-4.6E-02));
#8257 = DIRECTION('',(-0.,-0.,-1.));
#8258 = DIRECTION('',(-0.,-1.,0.));
#8259 = MANIFOLD_SOLID_BREP('',#8260);
#8260 = CLOSED_SHELL('',(#8261,#8301,#8332,#8363,#8391,#8419,#8431));
#8261 = ADVANCED_FACE('',(#8262),#8296,.F.);
#8262 = FACE_BOUND('',#8263,.F.);
#8263 = EDGE_LOOP('',(#8264,#8274,#8282,#8290));
#8264 = ORIENTED_EDGE('',*,*,#8265,.T.);
#8265 = EDGE_CURVE('',#8266,#8268,#8270,.T.);
#8266 = VERTEX_POINT('',#8267);
#8267 = CARTESIAN_POINT('',(155.817535,-88.176296,0.));
#8268 = VERTEX_POINT('',#8269);
#8269 = CARTESIAN_POINT('',(155.817535,-88.176296,-4.E-02));
#8270 = LINE('',#8271,#8272);
#8271 = CARTESIAN_POINT('',(155.817535,-88.176296,0.));
#8272 = VECTOR('',#8273,1.);
#8273 = DIRECTION('',(0.,0.,-1.));
#8274 = ORIENTED_EDGE('',*,*,#8275,.T.);
#8275 = EDGE_CURVE('',#8268,#8276,#8278,.T.);
#8276 = VERTEX_POINT('',#8277);
#8277 = CARTESIAN_POINT('',(154.246939,-87.525734,-4.E-02));
#8278 = LINE('',#8279,#8280);
#8279 = CARTESIAN_POINT('',(155.817535,-88.176296,-4.E-02));
#8280 = VECTOR('',#8281,1.);
#8281 = DIRECTION('',(-0.923879566662,0.382683349917,0.));
#8282 = ORIENTED_EDGE('',*,*,#8283,.F.);
#8283 = EDGE_CURVE('',#8284,#8276,#8286,.T.);
#8284 = VERTEX_POINT('',#8285);
#8285 = CARTESIAN_POINT('',(154.246939,-87.525734,0.));
#8286 = LINE('',#8287,#8288);
#8287 = CARTESIAN_POINT('',(154.246939,-87.525734,0.));
#8288 = VECTOR('',#8289,1.);
#8289 = DIRECTION('',(0.,0.,-1.));
#8290 = ORIENTED_EDGE('',*,*,#8291,.F.);
#8291 = EDGE_CURVE('',#8266,#8284,#8292,.T.);
#8292 = LINE('',#8293,#8294);
#8293 = CARTESIAN_POINT('',(155.817535,-88.176296,0.));
#8294 = VECTOR('',#8295,1.);
#8295 = DIRECTION('',(-0.923879566662,0.382683349917,0.));
#8296 = PLANE('',#8297);
#8297 = AXIS2_PLACEMENT_3D('',#8298,#8299,#8300);
#8298 = CARTESIAN_POINT('',(155.817535,-88.176296,0.));
#8299 = DIRECTION('',(0.382683349917,0.923879566662,0.));
#8300 = DIRECTION('',(-0.923879566662,0.382683349917,0.));
#8301 = ADVANCED_FACE('',(#8302),#8327,.F.);
#8302 = FACE_BOUND('',#8303,.F.);
#8303 = EDGE_LOOP('',(#8304,#8314,#8320,#8321));
#8304 = ORIENTED_EDGE('',*,*,#8305,.T.);
#8305 = EDGE_CURVE('',#8306,#8308,#8310,.T.);
#8306 = VERTEX_POINT('',#8307);
#8307 = CARTESIAN_POINT('',(156.468097,-86.6057,0.));
#8308 = VERTEX_POINT('',#8309);
#8309 = CARTESIAN_POINT('',(156.468097,-86.6057,-4.E-02));
#8310 = LINE('',#8311,#8312);
#8311 = CARTESIAN_POINT('',(156.468097,-86.6057,0.));
#8312 = VECTOR('',#8313,1.);
#8313 = DIRECTION('',(0.,0.,-1.));
#8314 = ORIENTED_EDGE('',*,*,#8315,.T.);
#8315 = EDGE_CURVE('',#8308,#8268,#8316,.T.);
#8316 = LINE('',#8317,#8318);
#8317 = CARTESIAN_POINT('',(156.468097,-86.6057,-4.E-02));
#8318 = VECTOR('',#8319,1.);
#8319 = DIRECTION('',(-0.382683349917,-0.923879566662,0.));
#8320 = ORIENTED_EDGE('',*,*,#8265,.F.);
#8321 = ORIENTED_EDGE('',*,*,#8322,.F.);
#8322 = EDGE_CURVE('',#8306,#8266,#8323,.T.);
#8323 = LINE('',#8324,#8325);
#8324 = CARTESIAN_POINT('',(156.468097,-86.6057,0.));
#8325 = VECTOR('',#8326,1.);
#8326 = DIRECTION('',(-0.382683349917,-0.923879566662,0.));
#8327 = PLANE('',#8328);
#8328 = AXIS2_PLACEMENT_3D('',#8329,#8330,#8331);
#8329 = CARTESIAN_POINT('',(156.468097,-86.6057,0.));
#8330 = DIRECTION('',(-0.923879566662,0.382683349917,0.));
#8331 = DIRECTION('',(-0.382683349917,-0.923879566662,0.));
#8332 = ADVANCED_FACE('',(#8333),#8358,.F.);
#8333 = FACE_BOUND('',#8334,.F.);
#8334 = EDGE_LOOP('',(#8335,#8336,#8344,#8352));
#8335 = ORIENTED_EDGE('',*,*,#8283,.T.);
#8336 = ORIENTED_EDGE('',*,*,#8337,.T.);
#8337 = EDGE_CURVE('',#8276,#8338,#8340,.T.);
#8338 = VERTEX_POINT('',#8339);
#8339 = CARTESIAN_POINT('',(154.897501,-85.955138,-4.E-02));
#8340 = LINE('',#8341,#8342);
#8341 = CARTESIAN_POINT('',(154.246939,-87.525734,-4.E-02));
#8342 = VECTOR('',#8343,1.);
#8343 = DIRECTION('',(0.382683349917,0.923879566662,0.));
#8344 = ORIENTED_EDGE('',*,*,#8345,.F.);
#8345 = EDGE_CURVE('',#8346,#8338,#8348,.T.);
#8346 = VERTEX_POINT('',#8347);
#8347 = CARTESIAN_POINT('',(154.897501,-85.955138,0.));
#8348 = LINE('',#8349,#8350);
#8349 = CARTESIAN_POINT('',(154.897501,-85.955138,0.));
#8350 = VECTOR('',#8351,1.);
#8351 = DIRECTION('',(0.,0.,-1.));
#8352 = ORIENTED_EDGE('',*,*,#8353,.F.);
#8353 = EDGE_CURVE('',#8284,#8346,#8354,.T.);
#8354 = LINE('',#8355,#8356);
#8355 = CARTESIAN_POINT('',(154.246939,-87.525734,0.));
#8356 = VECTOR('',#8357,1.);
#8357 = DIRECTION('',(0.382683349917,0.923879566662,0.));
#8358 = PLANE('',#8359);
#8359 = AXIS2_PLACEMENT_3D('',#8360,#8361,#8362);
#8360 = CARTESIAN_POINT('',(154.246939,-87.525734,0.));
#8361 = DIRECTION('',(0.923879566662,-0.382683349917,0.));
#8362 = DIRECTION('',(0.382683349917,0.923879566662,0.));
#8363 = ADVANCED_FACE('',(#8364,#8375),#8386,.F.);
#8364 = FACE_BOUND('',#8365,.F.);
#8365 = EDGE_LOOP('',(#8366,#8367,#8368,#8374));
#8366 = ORIENTED_EDGE('',*,*,#8291,.T.);
#8367 = ORIENTED_EDGE('',*,*,#8353,.T.);
#8368 = ORIENTED_EDGE('',*,*,#8369,.T.);
#8369 = EDGE_CURVE('',#8346,#8306,#8370,.T.);
#8370 = LINE('',#8371,#8372);
#8371 = CARTESIAN_POINT('',(154.897501,-85.955138,0.));
#8372 = VECTOR('',#8373,1.);
#8373 = DIRECTION('',(0.923879566662,-0.382683349917,0.));
#8374 = ORIENTED_EDGE('',*,*,#8322,.T.);
#8375 = FACE_BOUND('',#8376,.F.);
#8376 = EDGE_LOOP('',(#8377));
#8377 = ORIENTED_EDGE('',*,*,#8378,.F.);
#8378 = EDGE_CURVE('',#8379,#8379,#8381,.T.);
#8379 = VERTEX_POINT('',#8380);
#8380 = CARTESIAN_POINT('',(155.357518,-87.540717,0.));
#8381 = CIRCLE('',#8382,0.475);
#8382 = AXIS2_PLACEMENT_3D('',#8383,#8384,#8385);
#8383 = CARTESIAN_POINT('',(155.357518,-87.065717,0.));
#8384 = DIRECTION('',(-0.,0.,-1.));
#8385 = DIRECTION('',(-0.,-1.,0.));
#8386 = PLANE('',#8387);
#8387 = AXIS2_PLACEMENT_3D('',#8388,#8389,#8390);
#8388 = CARTESIAN_POINT('',(0.,0.,0.));
#8389 = DIRECTION('',(-0.,-0.,-1.));
#8390 = DIRECTION('',(-1.,0.,0.));
#8391 = ADVANCED_FACE('',(#8392,#8403),#8414,.T.);
#8392 = FACE_BOUND('',#8393,.T.);
#8393 = EDGE_LOOP('',(#8394,#8395,#8396,#8402));
#8394 = ORIENTED_EDGE('',*,*,#8275,.T.);
#8395 = ORIENTED_EDGE('',*,*,#8337,.T.);
#8396 = ORIENTED_EDGE('',*,*,#8397,.T.);
#8397 = EDGE_CURVE('',#8338,#8308,#8398,.T.);
#8398 = LINE('',#8399,#8400);
#8399 = CARTESIAN_POINT('',(154.897501,-85.955138,-4.E-02));
#8400 = VECTOR('',#8401,1.);
#8401 = DIRECTION('',(0.923879566662,-0.382683349917,0.));
#8402 = ORIENTED_EDGE('',*,*,#8315,.T.);
#8403 = FACE_BOUND('',#8404,.T.);
#8404 = EDGE_LOOP('',(#8405));
#8405 = ORIENTED_EDGE('',*,*,#8406,.F.);
#8406 = EDGE_CURVE('',#8407,#8407,#8409,.T.);
#8407 = VERTEX_POINT('',#8408);
#8408 = CARTESIAN_POINT('',(155.357518,-87.540717,-4.E-02));
#8409 = CIRCLE('',#8410,0.475);
#8410 = AXIS2_PLACEMENT_3D('',#8411,#8412,#8413);
#8411 = CARTESIAN_POINT('',(155.357518,-87.065717,-4.E-02));
#8412 = DIRECTION('',(-0.,0.,-1.));
#8413 = DIRECTION('',(-0.,-1.,0.));
#8414 = PLANE('',#8415);
#8415 = AXIS2_PLACEMENT_3D('',#8416,#8417,#8418);
#8416 = CARTESIAN_POINT('',(0.,0.,-4.E-02));
#8417 = DIRECTION('',(-0.,-0.,-1.));
#8418 = DIRECTION('',(-1.,0.,0.));
#8419 = ADVANCED_FACE('',(#8420),#8426,.F.);
#8420 = FACE_BOUND('',#8421,.F.);
#8421 = EDGE_LOOP('',(#8422,#8423,#8424,#8425));
#8422 = ORIENTED_EDGE('',*,*,#8345,.T.);
#8423 = ORIENTED_EDGE('',*,*,#8397,.T.);
#8424 = ORIENTED_EDGE('',*,*,#8305,.F.);
#8425 = ORIENTED_EDGE('',*,*,#8369,.F.);
#8426 = PLANE('',#8427);
#8427 = AXIS2_PLACEMENT_3D('',#8428,#8429,#8430);
#8428 = CARTESIAN_POINT('',(154.897501,-85.955138,0.));
#8429 = DIRECTION('',(-0.382683349917,-0.923879566662,-0.));
#8430 = DIRECTION('',(0.923879566662,-0.382683349917,0.));
#8431 = ADVANCED_FACE('',(#8432),#8443,.F.);
#8432 = FACE_BOUND('',#8433,.T.);
#8433 = EDGE_LOOP('',(#8434,#8435,#8441,#8442));
#8434 = ORIENTED_EDGE('',*,*,#8406,.T.);
#8435 = ORIENTED_EDGE('',*,*,#8436,.T.);
#8436 = EDGE_CURVE('',#8407,#8379,#8437,.T.);
#8437 = LINE('',#8438,#8439);
#8438 = CARTESIAN_POINT('',(155.357518,-87.540717,-4.6E-02));
#8439 = VECTOR('',#8440,1.);
#8440 = DIRECTION('',(0.,0.,1.));
#8441 = ORIENTED_EDGE('',*,*,#8378,.F.);
#8442 = ORIENTED_EDGE('',*,*,#8436,.F.);
#8443 = CYLINDRICAL_SURFACE('',#8444,0.475);
#8444 = AXIS2_PLACEMENT_3D('',#8445,#8446,#8447);
#8445 = CARTESIAN_POINT('',(155.357518,-87.065717,-4.6E-02));
#8446 = DIRECTION('',(-0.,-0.,-1.));
#8447 = DIRECTION('',(-0.,-1.,0.));
#8448 = MANIFOLD_SOLID_BREP('',#8449);
#8449 = CLOSED_SHELL('',(#8450,#8483,#8503,#8523));
#8450 = ADVANCED_FACE('',(#8451),#8478,.T.);
#8451 = FACE_BOUND('',#8452,.F.);
#8452 = EDGE_LOOP('',(#8453,#8463,#8470,#8471));
#8453 = ORIENTED_EDGE('',*,*,#8454,.T.);
#8454 = EDGE_CURVE('',#8455,#8457,#8459,.T.);
#8455 = VERTEX_POINT('',#8456);
#8456 = CARTESIAN_POINT('',(155.357518,-87.565717,-4.E-02));
#8457 = VERTEX_POINT('',#8458);
#8458 = CARTESIAN_POINT('',(155.357518,-87.565717,1.55));
#8459 = LINE('',#8460,#8461);
#8460 = CARTESIAN_POINT('',(155.357518,-87.565717,-4.E-02));
#8461 = VECTOR('',#8462,1.);
#8462 = DIRECTION('',(0.,0.,1.));
#8463 = ORIENTED_EDGE('',*,*,#8464,.T.);
#8464 = EDGE_CURVE('',#8457,#8457,#8465,.T.);
#8465 = CIRCLE('',#8466,0.5);
#8466 = AXIS2_PLACEMENT_3D('',#8467,#8468,#8469);
#8467 = CARTESIAN_POINT('',(155.357518,-87.065717,1.55));
#8468 = DIRECTION('',(0.,0.,1.));
#8469 = DIRECTION('',(-0.,-1.,0.));
#8470 = ORIENTED_EDGE('',*,*,#8454,.F.);
#8471 = ORIENTED_EDGE('',*,*,#8472,.F.);
#8472 = EDGE_CURVE('',#8455,#8455,#8473,.T.);
#8473 = CIRCLE('',#8474,0.5);
#8474 = AXIS2_PLACEMENT_3D('',#8475,#8476,#8477);
#8475 = CARTESIAN_POINT('',(155.357518,-87.065717,-4.E-02));
#8476 = DIRECTION('',(0.,0.,1.));
#8477 = DIRECTION('',(-0.,-1.,0.));
#8478 = CYLINDRICAL_SURFACE('',#8479,0.5);
#8479 = AXIS2_PLACEMENT_3D('',#8480,#8481,#8482);
#8480 = CARTESIAN_POINT('',(155.357518,-87.065717,-4.E-02));
#8481 = DIRECTION('',(-0.,-0.,-1.));
#8482 = DIRECTION('',(-0.,-1.,0.));
#8483 = ADVANCED_FACE('',(#8484,#8487),#8498,.F.);
#8484 = FACE_BOUND('',#8485,.F.);
#8485 = EDGE_LOOP('',(#8486));
#8486 = ORIENTED_EDGE('',*,*,#8472,.T.);
#8487 = FACE_BOUND('',#8488,.F.);
#8488 = EDGE_LOOP('',(#8489));
#8489 = ORIENTED_EDGE('',*,*,#8490,.T.);
#8490 = EDGE_CURVE('',#8491,#8491,#8493,.T.);
#8491 = VERTEX_POINT('',#8492);
#8492 = CARTESIAN_POINT('',(155.357518,-87.540717,-4.E-02));
#8493 = CIRCLE('',#8494,0.475);
#8494 = AXIS2_PLACEMENT_3D('',#8495,#8496,#8497);
#8495 = CARTESIAN_POINT('',(155.357518,-87.065717,-4.E-02));
#8496 = DIRECTION('',(-0.,0.,-1.));
#8497 = DIRECTION('',(-0.,-1.,0.));
#8498 = PLANE('',#8499);
#8499 = AXIS2_PLACEMENT_3D('',#8500,#8501,#8502);
#8500 = CARTESIAN_POINT('',(155.357518,-87.565717,-4.E-02));
#8501 = DIRECTION('',(0.,0.,1.));
#8502 = DIRECTION('',(1.,0.,-0.));
#8503 = ADVANCED_FACE('',(#8504,#8507),#8518,.T.);
#8504 = FACE_BOUND('',#8505,.T.);
#8505 = EDGE_LOOP('',(#8506));
#8506 = ORIENTED_EDGE('',*,*,#8464,.T.);
#8507 = FACE_BOUND('',#8508,.T.);
#8508 = EDGE_LOOP('',(#8509));
#8509 = ORIENTED_EDGE('',*,*,#8510,.T.);
#8510 = EDGE_CURVE('',#8511,#8511,#8513,.T.);
#8511 = VERTEX_POINT('',#8512);
#8512 = CARTESIAN_POINT('',(155.357518,-87.540717,1.55));
#8513 = CIRCLE('',#8514,0.475);
#8514 = AXIS2_PLACEMENT_3D('',#8515,#8516,#8517);
#8515 = CARTESIAN_POINT('',(155.357518,-87.065717,1.55));
#8516 = DIRECTION('',(-0.,0.,-1.));
#8517 = DIRECTION('',(-0.,-1.,0.));
#8518 = PLANE('',#8519);
#8519 = AXIS2_PLACEMENT_3D('',#8520,#8521,#8522);
#8520 = CARTESIAN_POINT('',(155.357518,-87.565717,1.55));
#8521 = DIRECTION('',(0.,0.,1.));
#8522 = DIRECTION('',(1.,0.,-0.));
#8523 = ADVANCED_FACE('',(#8524),#8535,.F.);
#8524 = FACE_BOUND('',#8525,.T.);
#8525 = EDGE_LOOP('',(#8526,#8527,#8533,#8534));
#8526 = ORIENTED_EDGE('',*,*,#8490,.T.);
#8527 = ORIENTED_EDGE('',*,*,#8528,.T.);
#8528 = EDGE_CURVE('',#8491,#8511,#8529,.T.);
#8529 = LINE('',#8530,#8531);
#8530 = CARTESIAN_POINT('',(155.357518,-87.540717,-4.6E-02));
#8531 = VECTOR('',#8532,1.);
#8532 = DIRECTION('',(0.,0.,1.));
#8533 = ORIENTED_EDGE('',*,*,#8510,.F.);
#8534 = ORIENTED_EDGE('',*,*,#8528,.F.);
#8535 = CYLINDRICAL_SURFACE('',#8536,0.475);
#8536 = AXIS2_PLACEMENT_3D('',#8537,#8538,#8539);
#8537 = CARTESIAN_POINT('',(155.357518,-87.065717,-4.6E-02));
#8538 = DIRECTION('',(-0.,-0.,-1.));
#8539 = DIRECTION('',(-0.,-1.,0.));
#8540 = ( GEOMETRIC_REPRESENTATION_CONTEXT(3) 
GLOBAL_UNCERTAINTY_ASSIGNED_CONTEXT((#8544)) 
GLOBAL_UNIT_ASSIGNED_CONTEXT((#8541,#8542,#8543)) REPRESENTATION_CONTEXT
('Context #1','3D Context with UNIT and UNCERTAINTY') );
#8541 = ( LENGTH_UNIT() NAMED_UNIT(*) SI_UNIT(.MILLI.,.METRE.) );
#8542 = ( NAMED_UNIT(*) PLANE_ANGLE_UNIT() SI_UNIT($,.RADIAN.) );
#8543 = ( NAMED_UNIT(*) SI_UNIT($,.STERADIAN.) SOLID_ANGLE_UNIT() );
#8544 = UNCERTAINTY_MEASURE_WITH_UNIT(LENGTH_MEASURE(1.E-07),#8541,
  'distance_accuracy_value','confusion accuracy');
#8545 = SHAPE_DEFINITION_REPRESENTATION(#8546,#4779);
#8546 = PRODUCT_DEFINITION_SHAPE('','',#8547);
#8547 = PRODUCT_DEFINITION('design','',#8548,#8551);
#8548 = PRODUCT_DEFINITION_FORMATION('','',#8549);
#8549 = PRODUCT('mounted_cap_sense_v2_25mm_pad',
  'mounted_cap_sense_v2_25mm_pad','',(#8550));
#8550 = PRODUCT_CONTEXT('',#2,'mechanical');
#8551 = PRODUCT_DEFINITION_CONTEXT('part definition',#2,'design');
#8552 = CONTEXT_DEPENDENT_SHAPE_REPRESENTATION(#8553,#8555);
#8553 = ( REPRESENTATION_RELATIONSHIP('','',#4779,#10) 
REPRESENTATION_RELATIONSHIP_WITH_TRANSFORMATION(#8554) 
SHAPE_REPRESENTATION_RELATIONSHIP() );
#8554 = ITEM_DEFINED_TRANSFORMATION('','',#11,#51);
#8555 = PRODUCT_DEFINITION_SHAPE('Placement','Placement of an item',
  #8556);
#8556 = NEXT_ASSEMBLY_USAGE_OCCURRENCE('10','','',#5,#8547,$);
#8557 = PRODUCT_RELATED_PRODUCT_CATEGORY('part',$,(#8549));
#8558 = SHAPE_REPRESENTATION('',(#11,#8559,#8910),#9261);
#8559 = SHELL_BASED_SURFACE_MODEL('',(#8560));
#8560 = OPEN_SHELL('',(#8561));
#8561 = ADVANCED_FACE('',(#8562,#8606,#8640,#8674,#8701,#8735,#8769,
    #8803,#8837,#8871),#8905,.T.);
#8562 = FACE_BOUND('',#8563,.F.);
#8563 = EDGE_LOOP('',(#8564,#8574,#8583,#8591,#8600));
#8564 = ORIENTED_EDGE('',*,*,#8565,.T.);
#8565 = EDGE_CURVE('',#8566,#8568,#8570,.T.);
#8566 = VERTEX_POINT('',#8567);
#8567 = CARTESIAN_POINT('',(165.99995,-100.00003,1.56));
#8568 = VERTEX_POINT('',#8569);
#8569 = CARTESIAN_POINT('',(165.997464,-100.398983,1.56));
#8570 = LINE('',#8571,#8572);
#8571 = CARTESIAN_POINT('',(165.99995,-100.00003,1.56));
#8572 = VECTOR('',#8573,1.);
#8573 = DIRECTION('',(-6.231189480157E-03,-0.99998058595,0.));
#8574 = ORIENTED_EDGE('',*,*,#8575,.T.);
#8575 = EDGE_CURVE('',#8568,#8576,#8578,.T.);
#8576 = VERTEX_POINT('',#8577);
#8577 = CARTESIAN_POINT('',(139.713749,-112.258647,1.56));
#8578 = CIRCLE('',#8579,16.002488315026);
#8579 = AXIS2_PLACEMENT_3D('',#8580,#8581,#8582);
#8580 = CARTESIAN_POINT('',(149.99994956361,-100.0000292052,1.56));
#8581 = DIRECTION('',(-0.,0.,-1.));
#8582 = DIRECTION('',(0.999689180923,-2.493073495122E-02,-0.));
#8583 = ORIENTED_EDGE('',*,*,#8584,.T.);
#8584 = EDGE_CURVE('',#8576,#8585,#8587,.T.);
#8585 = VERTEX_POINT('',#8586);
#8586 = CARTESIAN_POINT('',(139.115494,-111.730683,1.56));
#8587 = LINE('',#8588,#8589);
#8588 = CARTESIAN_POINT('',(139.713749,-112.258647,1.56));
#8589 = VECTOR('',#8590,1.);
#8590 = DIRECTION('',(-0.749780686931,0.661686422337,0.));
#8591 = ORIENTED_EDGE('',*,*,#8592,.T.);
#8592 = EDGE_CURVE('',#8585,#8593,#8595,.T.);
#8593 = VERTEX_POINT('',#8594);
#8594 = CARTESIAN_POINT('',(165.997464,-99.601077,1.56));
#8595 = CIRCLE('',#8596,16.002487855898);
#8596 = AXIS2_PLACEMENT_3D('',#8597,#8598,#8599);
#8597 = CARTESIAN_POINT('',(149.99994998643,-100.0000293328,1.56));
#8598 = DIRECTION('',(0.,0.,-1.));
#8599 = DIRECTION('',(-0.680172738417,-0.73305187123,-0.));
#8600 = ORIENTED_EDGE('',*,*,#8601,.T.);
#8601 = EDGE_CURVE('',#8593,#8566,#8602,.T.);
#8602 = LINE('',#8603,#8604);
#8603 = CARTESIAN_POINT('',(165.997464,-99.601077,1.56));
#8604 = VECTOR('',#8605,1.);
#8605 = DIRECTION('',(6.231189480158E-03,-0.99998058595,0.));
#8606 = FACE_BOUND('',#8607,.F.);
#8607 = EDGE_LOOP('',(#8608,#8618,#8626,#8634));
#8608 = ORIENTED_EDGE('',*,*,#8609,.T.);
#8609 = EDGE_CURVE('',#8610,#8612,#8614,.T.);
#8610 = VERTEX_POINT('',#8611);
#8611 = CARTESIAN_POINT('',(145.102399,-114.044922,1.56));
#8612 = VERTEX_POINT('',#8613);
#8613 = CARTESIAN_POINT('',(145.752961,-112.474326,1.56));
#8614 = LINE('',#8615,#8616);
#8615 = CARTESIAN_POINT('',(145.102399,-114.044922,1.56));
#8616 = VECTOR('',#8617,1.);
#8617 = DIRECTION('',(0.382683349917,0.923879566662,0.));
#8618 = ORIENTED_EDGE('',*,*,#8619,.T.);
#8619 = EDGE_CURVE('',#8612,#8620,#8622,.T.);
#8620 = VERTEX_POINT('',#8621);
#8621 = CARTESIAN_POINT('',(144.182365,-111.823764,1.56));
#8622 = LINE('',#8623,#8624);
#8623 = CARTESIAN_POINT('',(145.752961,-112.474326,1.56));
#8624 = VECTOR('',#8625,1.);
#8625 = DIRECTION('',(-0.923879566662,0.382683349917,0.));
#8626 = ORIENTED_EDGE('',*,*,#8627,.T.);
#8627 = EDGE_CURVE('',#8620,#8628,#8630,.T.);
#8628 = VERTEX_POINT('',#8629);
#8629 = CARTESIAN_POINT('',(143.531803,-113.39436,1.56));
#8630 = LINE('',#8631,#8632);
#8631 = CARTESIAN_POINT('',(144.182365,-111.823764,1.56));
#8632 = VECTOR('',#8633,1.);
#8633 = DIRECTION('',(-0.382683349917,-0.923879566662,0.));
#8634 = ORIENTED_EDGE('',*,*,#8635,.T.);
#8635 = EDGE_CURVE('',#8628,#8610,#8636,.T.);
#8636 = LINE('',#8637,#8638);
#8637 = CARTESIAN_POINT('',(143.531803,-113.39436,1.56));
#8638 = VECTOR('',#8639,1.);
#8639 = DIRECTION('',(0.923879566662,-0.382683349917,0.));
#8640 = FACE_BOUND('',#8641,.F.);
#8641 = EDGE_LOOP('',(#8642,#8652,#8660,#8668));
#8642 = ORIENTED_EDGE('',*,*,#8643,.T.);
#8643 = EDGE_CURVE('',#8644,#8646,#8648,.T.);
#8644 = VERTEX_POINT('',#8645);
#8645 = CARTESIAN_POINT('',(154.897501,-114.044922,1.56));
#8646 = VERTEX_POINT('',#8647);
#8647 = CARTESIAN_POINT('',(156.468097,-113.39436,1.56));
#8648 = LINE('',#8649,#8650);
#8649 = CARTESIAN_POINT('',(154.897501,-114.044922,1.56));
#8650 = VECTOR('',#8651,1.);
#8651 = DIRECTION('',(0.923879566662,0.382683349917,0.));
#8652 = ORIENTED_EDGE('',*,*,#8653,.T.);
#8653 = EDGE_CURVE('',#8646,#8654,#8656,.T.);
#8654 = VERTEX_POINT('',#8655);
#8655 = CARTESIAN_POINT('',(155.817535,-111.823764,1.56));
#8656 = LINE('',#8657,#8658);
#8657 = CARTESIAN_POINT('',(156.468097,-113.39436,1.56));
#8658 = VECTOR('',#8659,1.);
#8659 = DIRECTION('',(-0.382683349917,0.923879566662,0.));
#8660 = ORIENTED_EDGE('',*,*,#8661,.T.);
#8661 = EDGE_CURVE('',#8654,#8662,#8664,.T.);
#8662 = VERTEX_POINT('',#8663);
#8663 = CARTESIAN_POINT('',(154.246939,-112.474326,1.56));
#8664 = LINE('',#8665,#8666);
#8665 = CARTESIAN_POINT('',(155.817535,-111.823764,1.56));
#8666 = VECTOR('',#8667,1.);
#8667 = DIRECTION('',(-0.923879566662,-0.382683349917,0.));
#8668 = ORIENTED_EDGE('',*,*,#8669,.T.);
#8669 = EDGE_CURVE('',#8662,#8644,#8670,.T.);
#8670 = LINE('',#8671,#8672);
#8671 = CARTESIAN_POINT('',(154.246939,-112.474326,1.56));
#8672 = VECTOR('',#8673,1.);
#8673 = DIRECTION('',(0.382683349917,-0.923879566662,0.));
#8674 = FACE_BOUND('',#8675,.F.);
#8675 = EDGE_LOOP('',(#8676,#8686,#8695));
#8676 = ORIENTED_EDGE('',*,*,#8677,.T.);
#8677 = EDGE_CURVE('',#8678,#8680,#8682,.T.);
#8678 = VERTEX_POINT('',#8679);
#8679 = CARTESIAN_POINT('',(159.99995,-100.00003,1.56));
#8680 = VERTEX_POINT('',#8681);
#8681 = CARTESIAN_POINT('',(159.997433,-99.682671,1.56));
#8682 = LINE('',#8683,#8684);
#8683 = CARTESIAN_POINT('',(159.99995,-100.00003,1.56));
#8684 = VECTOR('',#8685,1.);
#8685 = DIRECTION('',(-7.930831775741E-03,0.999968550459,0.));
#8686 = ORIENTED_EDGE('',*,*,#8687,.T.);
#8687 = EDGE_CURVE('',#8680,#8688,#8690,.T.);
#8688 = VERTEX_POINT('',#8689);
#8689 = CARTESIAN_POINT('',(159.997433,-100.317389,1.56));
#8690 = CIRCLE('',#8691,10.00251552045);
#8691 = AXIS2_PLACEMENT_3D('',#8692,#8693,#8694);
#8692 = CARTESIAN_POINT('',(149.9999533175,-100.00003,1.56));
#8693 = DIRECTION('',(0.,0.,1.));
#8694 = DIRECTION('',(0.99949654285,3.17279187772E-02,-0.));
#8695 = ORIENTED_EDGE('',*,*,#8696,.T.);
#8696 = EDGE_CURVE('',#8688,#8678,#8697,.T.);
#8697 = LINE('',#8698,#8699);
#8698 = CARTESIAN_POINT('',(159.997433,-100.317389,1.56));
#8699 = VECTOR('',#8700,1.);
#8700 = DIRECTION('',(7.93083177574E-03,0.999968550459,0.));
#8701 = FACE_BOUND('',#8702,.F.);
#8702 = EDGE_LOOP('',(#8703,#8713,#8721,#8729));
#8703 = ORIENTED_EDGE('',*,*,#8704,.T.);
#8704 = EDGE_CURVE('',#8705,#8707,#8709,.T.);
#8705 = VERTEX_POINT('',#8706);
#8706 = CARTESIAN_POINT('',(136.60562,-106.468177,1.56));
#8707 = VERTEX_POINT('',#8708);
#8708 = CARTESIAN_POINT('',(138.176216,-105.817615,1.56));
#8709 = LINE('',#8710,#8711);
#8710 = CARTESIAN_POINT('',(136.60562,-106.468177,1.56));
#8711 = VECTOR('',#8712,1.);
#8712 = DIRECTION('',(0.923879566662,0.382683349917,0.));
#8713 = ORIENTED_EDGE('',*,*,#8714,.T.);
#8714 = EDGE_CURVE('',#8707,#8715,#8717,.T.);
#8715 = VERTEX_POINT('',#8716);
#8716 = CARTESIAN_POINT('',(137.525654,-104.247019,1.56));
#8717 = LINE('',#8718,#8719);
#8718 = CARTESIAN_POINT('',(138.176216,-105.817615,1.56));
#8719 = VECTOR('',#8720,1.);
#8720 = DIRECTION('',(-0.382683349917,0.923879566662,0.));
#8721 = ORIENTED_EDGE('',*,*,#8722,.T.);
#8722 = EDGE_CURVE('',#8715,#8723,#8725,.T.);
#8723 = VERTEX_POINT('',#8724);
#8724 = CARTESIAN_POINT('',(135.955058,-104.897581,1.56));
#8725 = LINE('',#8726,#8727);
#8726 = CARTESIAN_POINT('',(137.525654,-104.247019,1.56));
#8727 = VECTOR('',#8728,1.);
#8728 = DIRECTION('',(-0.923879566662,-0.382683349917,0.));
#8729 = ORIENTED_EDGE('',*,*,#8730,.T.);
#8730 = EDGE_CURVE('',#8723,#8705,#8731,.T.);
#8731 = LINE('',#8732,#8733);
#8732 = CARTESIAN_POINT('',(135.955058,-104.897581,1.56));
#8733 = VECTOR('',#8734,1.);
#8734 = DIRECTION('',(0.382683349917,-0.923879566662,0.));
#8735 = FACE_BOUND('',#8736,.F.);
#8736 = EDGE_LOOP('',(#8737,#8747,#8755,#8763));
#8737 = ORIENTED_EDGE('',*,*,#8738,.T.);
#8738 = EDGE_CURVE('',#8739,#8741,#8743,.T.);
#8739 = VERTEX_POINT('',#8740);
#8740 = CARTESIAN_POINT('',(163.39428,-106.468177,1.56));
#8741 = VERTEX_POINT('',#8742);
#8742 = CARTESIAN_POINT('',(164.044842,-104.897581,1.56));
#8743 = LINE('',#8744,#8745);
#8744 = CARTESIAN_POINT('',(163.39428,-106.468177,1.56));
#8745 = VECTOR('',#8746,1.);
#8746 = DIRECTION('',(0.382683349917,0.923879566662,0.));
#8747 = ORIENTED_EDGE('',*,*,#8748,.T.);
#8748 = EDGE_CURVE('',#8741,#8749,#8751,.T.);
#8749 = VERTEX_POINT('',#8750);
#8750 = CARTESIAN_POINT('',(162.474246,-104.247019,1.56));
#8751 = LINE('',#8752,#8753);
#8752 = CARTESIAN_POINT('',(164.044842,-104.897581,1.56));
#8753 = VECTOR('',#8754,1.);
#8754 = DIRECTION('',(-0.923879566662,0.382683349917,0.));
#8755 = ORIENTED_EDGE('',*,*,#8756,.T.);
#8756 = EDGE_CURVE('',#8749,#8757,#8759,.T.);
#8757 = VERTEX_POINT('',#8758);
#8758 = CARTESIAN_POINT('',(161.823684,-105.817615,1.56));
#8759 = LINE('',#8760,#8761);
#8760 = CARTESIAN_POINT('',(162.474246,-104.247019,1.56));
#8761 = VECTOR('',#8762,1.);
#8762 = DIRECTION('',(-0.382683349917,-0.923879566662,0.));
#8763 = ORIENTED_EDGE('',*,*,#8764,.T.);
#8764 = EDGE_CURVE('',#8757,#8739,#8765,.T.);
#8765 = LINE('',#8766,#8767);
#8766 = CARTESIAN_POINT('',(161.823684,-105.817615,1.56));
#8767 = VECTOR('',#8768,1.);
#8768 = DIRECTION('',(0.923879566662,-0.382683349917,0.));
#8769 = FACE_BOUND('',#8770,.F.);
#8770 = EDGE_LOOP('',(#8771,#8781,#8789,#8797));
#8771 = ORIENTED_EDGE('',*,*,#8772,.T.);
#8772 = EDGE_CURVE('',#8773,#8775,#8777,.T.);
#8773 = VERTEX_POINT('',#8774);
#8774 = CARTESIAN_POINT('',(137.525654,-95.753041,1.56));
#8775 = VERTEX_POINT('',#8776);
#8776 = CARTESIAN_POINT('',(138.176216,-94.182445,1.56));
#8777 = LINE('',#8778,#8779);
#8778 = CARTESIAN_POINT('',(137.525654,-95.753041,1.56));
#8779 = VECTOR('',#8780,1.);
#8780 = DIRECTION('',(0.382683349917,0.923879566662,0.));
#8781 = ORIENTED_EDGE('',*,*,#8782,.T.);
#8782 = EDGE_CURVE('',#8775,#8783,#8785,.T.);
#8783 = VERTEX_POINT('',#8784);
#8784 = CARTESIAN_POINT('',(136.60562,-93.531883,1.56));
#8785 = LINE('',#8786,#8787);
#8786 = CARTESIAN_POINT('',(138.176216,-94.182445,1.56));
#8787 = VECTOR('',#8788,1.);
#8788 = DIRECTION('',(-0.923879566662,0.382683349917,0.));
#8789 = ORIENTED_EDGE('',*,*,#8790,.T.);
#8790 = EDGE_CURVE('',#8783,#8791,#8793,.T.);
#8791 = VERTEX_POINT('',#8792);
#8792 = CARTESIAN_POINT('',(135.955058,-95.102479,1.56));
#8793 = LINE('',#8794,#8795);
#8794 = CARTESIAN_POINT('',(136.60562,-93.531883,1.56));
#8795 = VECTOR('',#8796,1.);
#8796 = DIRECTION('',(-0.382683349917,-0.923879566662,0.));
#8797 = ORIENTED_EDGE('',*,*,#8798,.T.);
#8798 = EDGE_CURVE('',#8791,#8773,#8799,.T.);
#8799 = LINE('',#8800,#8801);
#8800 = CARTESIAN_POINT('',(135.955058,-95.102479,1.56));
#8801 = VECTOR('',#8802,1.);
#8802 = DIRECTION('',(0.923879566662,-0.382683349917,0.));
#8803 = FACE_BOUND('',#8804,.F.);
#8804 = EDGE_LOOP('',(#8805,#8815,#8823,#8831));
#8805 = ORIENTED_EDGE('',*,*,#8806,.T.);
#8806 = EDGE_CURVE('',#8807,#8809,#8811,.T.);
#8807 = VERTEX_POINT('',#8808);
#8808 = CARTESIAN_POINT('',(162.474246,-95.753041,1.56));
#8809 = VERTEX_POINT('',#8810);
#8810 = CARTESIAN_POINT('',(164.044842,-95.102479,1.56));
#8811 = LINE('',#8812,#8813);
#8812 = CARTESIAN_POINT('',(162.474246,-95.753041,1.56));
#8813 = VECTOR('',#8814,1.);
#8814 = DIRECTION('',(0.923879566662,0.382683349917,0.));
#8815 = ORIENTED_EDGE('',*,*,#8816,.T.);
#8816 = EDGE_CURVE('',#8809,#8817,#8819,.T.);
#8817 = VERTEX_POINT('',#8818);
#8818 = CARTESIAN_POINT('',(163.39428,-93.531883,1.56));
#8819 = LINE('',#8820,#8821);
#8820 = CARTESIAN_POINT('',(164.044842,-95.102479,1.56));
#8821 = VECTOR('',#8822,1.);
#8822 = DIRECTION('',(-0.382683349917,0.923879566662,0.));
#8823 = ORIENTED_EDGE('',*,*,#8824,.T.);
#8824 = EDGE_CURVE('',#8817,#8825,#8827,.T.);
#8825 = VERTEX_POINT('',#8826);
#8826 = CARTESIAN_POINT('',(161.823684,-94.182445,1.56));
#8827 = LINE('',#8828,#8829);
#8828 = CARTESIAN_POINT('',(163.39428,-93.531883,1.56));
#8829 = VECTOR('',#8830,1.);
#8830 = DIRECTION('',(-0.923879566662,-0.382683349917,0.));
#8831 = ORIENTED_EDGE('',*,*,#8832,.T.);
#8832 = EDGE_CURVE('',#8825,#8807,#8833,.T.);
#8833 = LINE('',#8834,#8835);
#8834 = CARTESIAN_POINT('',(161.823684,-94.182445,1.56));
#8835 = VECTOR('',#8836,1.);
#8836 = DIRECTION('',(0.382683349917,-0.923879566662,0.));
#8837 = FACE_BOUND('',#8838,.F.);
#8838 = EDGE_LOOP('',(#8839,#8849,#8857,#8865));
#8839 = ORIENTED_EDGE('',*,*,#8840,.T.);
#8840 = EDGE_CURVE('',#8841,#8843,#8845,.T.);
#8841 = VERTEX_POINT('',#8842);
#8842 = CARTESIAN_POINT('',(144.182365,-88.176296,1.56));
#8843 = VERTEX_POINT('',#8844);
#8844 = CARTESIAN_POINT('',(145.752961,-87.525734,1.56));
#8845 = LINE('',#8846,#8847);
#8846 = CARTESIAN_POINT('',(144.182365,-88.176296,1.56));
#8847 = VECTOR('',#8848,1.);
#8848 = DIRECTION('',(0.923879566662,0.382683349917,0.));
#8849 = ORIENTED_EDGE('',*,*,#8850,.T.);
#8850 = EDGE_CURVE('',#8843,#8851,#8853,.T.);
#8851 = VERTEX_POINT('',#8852);
#8852 = CARTESIAN_POINT('',(145.102399,-85.955138,1.56));
#8853 = LINE('',#8854,#8855);
#8854 = CARTESIAN_POINT('',(145.752961,-87.525734,1.56));
#8855 = VECTOR('',#8856,1.);
#8856 = DIRECTION('',(-0.382683349917,0.923879566662,0.));
#8857 = ORIENTED_EDGE('',*,*,#8858,.T.);
#8858 = EDGE_CURVE('',#8851,#8859,#8861,.T.);
#8859 = VERTEX_POINT('',#8860);
#8860 = CARTESIAN_POINT('',(143.531803,-86.6057,1.56));
#8861 = LINE('',#8862,#8863);
#8862 = CARTESIAN_POINT('',(145.102399,-85.955138,1.56));
#8863 = VECTOR('',#8864,1.);
#8864 = DIRECTION('',(-0.923879566662,-0.382683349917,0.));
#8865 = ORIENTED_EDGE('',*,*,#8866,.T.);
#8866 = EDGE_CURVE('',#8859,#8841,#8867,.T.);
#8867 = LINE('',#8868,#8869);
#8868 = CARTESIAN_POINT('',(143.531803,-86.6057,1.56));
#8869 = VECTOR('',#8870,1.);
#8870 = DIRECTION('',(0.382683349917,-0.923879566662,0.));
#8871 = FACE_BOUND('',#8872,.F.);
#8872 = EDGE_LOOP('',(#8873,#8883,#8891,#8899));
#8873 = ORIENTED_EDGE('',*,*,#8874,.T.);
#8874 = EDGE_CURVE('',#8875,#8877,#8879,.T.);
#8875 = VERTEX_POINT('',#8876);
#8876 = CARTESIAN_POINT('',(155.817535,-88.176296,1.56));
#8877 = VERTEX_POINT('',#8878);
#8878 = CARTESIAN_POINT('',(156.468097,-86.6057,1.56));
#8879 = LINE('',#8880,#8881);
#8880 = CARTESIAN_POINT('',(155.817535,-88.176296,1.56));
#8881 = VECTOR('',#8882,1.);
#8882 = DIRECTION('',(0.382683349917,0.923879566662,0.));
#8883 = ORIENTED_EDGE('',*,*,#8884,.T.);
#8884 = EDGE_CURVE('',#8877,#8885,#8887,.T.);
#8885 = VERTEX_POINT('',#8886);
#8886 = CARTESIAN_POINT('',(154.897501,-85.955138,1.56));
#8887 = LINE('',#8888,#8889);
#8888 = CARTESIAN_POINT('',(156.468097,-86.6057,1.56));
#8889 = VECTOR('',#8890,1.);
#8890 = DIRECTION('',(-0.923879566662,0.382683349917,0.));
#8891 = ORIENTED_EDGE('',*,*,#8892,.T.);
#8892 = EDGE_CURVE('',#8885,#8893,#8895,.T.);
#8893 = VERTEX_POINT('',#8894);
#8894 = CARTESIAN_POINT('',(154.246939,-87.525734,1.56));
#8895 = LINE('',#8896,#8897);
#8896 = CARTESIAN_POINT('',(154.897501,-85.955138,1.56));
#8897 = VECTOR('',#8898,1.);
#8898 = DIRECTION('',(-0.382683349917,-0.923879566662,0.));
#8899 = ORIENTED_EDGE('',*,*,#8900,.T.);
#8900 = EDGE_CURVE('',#8893,#8875,#8901,.T.);
#8901 = LINE('',#8902,#8903);
#8902 = CARTESIAN_POINT('',(154.246939,-87.525734,1.56));
#8903 = VECTOR('',#8904,1.);
#8904 = DIRECTION('',(0.923879566662,-0.382683349917,0.));
#8905 = PLANE('',#8906);
#8906 = AXIS2_PLACEMENT_3D('',#8907,#8908,#8909);
#8907 = CARTESIAN_POINT('',(0.,0.,1.56));
#8908 = DIRECTION('',(0.,0.,1.));
#8909 = DIRECTION('',(1.,0.,-0.));
#8910 = SHELL_BASED_SURFACE_MODEL('',(#8911));
#8911 = OPEN_SHELL('',(#8912));
#8912 = ADVANCED_FACE('',(#8913,#8957,#8991,#9025,#9052,#9086,#9120,
    #9154,#9188,#9222),#9256,.T.);
#8913 = FACE_BOUND('',#8914,.T.);
#8914 = EDGE_LOOP('',(#8915,#8925,#8934,#8942,#8951));
#8915 = ORIENTED_EDGE('',*,*,#8916,.T.);
#8916 = EDGE_CURVE('',#8917,#8919,#8921,.T.);
#8917 = VERTEX_POINT('',#8918);
#8918 = CARTESIAN_POINT('',(165.99995,-100.00003,-5.E-02));
#8919 = VERTEX_POINT('',#8920);
#8920 = CARTESIAN_POINT('',(165.997464,-100.398983,-5.E-02));
#8921 = LINE('',#8922,#8923);
#8922 = CARTESIAN_POINT('',(165.99995,-100.00003,-5.E-02));
#8923 = VECTOR('',#8924,1.);
#8924 = DIRECTION('',(-6.231189480157E-03,-0.99998058595,0.));
#8925 = ORIENTED_EDGE('',*,*,#8926,.T.);
#8926 = EDGE_CURVE('',#8919,#8927,#8929,.T.);
#8927 = VERTEX_POINT('',#8928);
#8928 = CARTESIAN_POINT('',(139.713749,-112.258647,-5.E-02));
#8929 = CIRCLE('',#8930,16.002488315026);
#8930 = AXIS2_PLACEMENT_3D('',#8931,#8932,#8933);
#8931 = CARTESIAN_POINT('',(149.99994956361,-100.0000292052,-5.E-02));
#8932 = DIRECTION('',(-0.,0.,-1.));
#8933 = DIRECTION('',(0.999689180923,-2.493073495122E-02,-0.));
#8934 = ORIENTED_EDGE('',*,*,#8935,.T.);
#8935 = EDGE_CURVE('',#8927,#8936,#8938,.T.);
#8936 = VERTEX_POINT('',#8937);
#8937 = CARTESIAN_POINT('',(139.115494,-111.730683,-5.E-02));
#8938 = LINE('',#8939,#8940);
#8939 = CARTESIAN_POINT('',(139.713749,-112.258647,-5.E-02));
#8940 = VECTOR('',#8941,1.);
#8941 = DIRECTION('',(-0.749780686931,0.661686422337,0.));
#8942 = ORIENTED_EDGE('',*,*,#8943,.T.);
#8943 = EDGE_CURVE('',#8936,#8944,#8946,.T.);
#8944 = VERTEX_POINT('',#8945);
#8945 = CARTESIAN_POINT('',(165.997464,-99.601077,-5.E-02));
#8946 = CIRCLE('',#8947,16.002487855898);
#8947 = AXIS2_PLACEMENT_3D('',#8948,#8949,#8950);
#8948 = CARTESIAN_POINT('',(149.99994998643,-100.0000293328,-5.E-02));
#8949 = DIRECTION('',(0.,0.,-1.));
#8950 = DIRECTION('',(-0.680172738417,-0.73305187123,-0.));
#8951 = ORIENTED_EDGE('',*,*,#8952,.T.);
#8952 = EDGE_CURVE('',#8944,#8917,#8953,.T.);
#8953 = LINE('',#8954,#8955);
#8954 = CARTESIAN_POINT('',(165.997464,-99.601077,-5.E-02));
#8955 = VECTOR('',#8956,1.);
#8956 = DIRECTION('',(6.231189480158E-03,-0.99998058595,0.));
#8957 = FACE_BOUND('',#8958,.T.);
#8958 = EDGE_LOOP('',(#8959,#8969,#8977,#8985));
#8959 = ORIENTED_EDGE('',*,*,#8960,.T.);
#8960 = EDGE_CURVE('',#8961,#8963,#8965,.T.);
#8961 = VERTEX_POINT('',#8962);
#8962 = CARTESIAN_POINT('',(145.102399,-114.044922,-5.E-02));
#8963 = VERTEX_POINT('',#8964);
#8964 = CARTESIAN_POINT('',(145.752961,-112.474326,-5.E-02));
#8965 = LINE('',#8966,#8967);
#8966 = CARTESIAN_POINT('',(145.102399,-114.044922,-5.E-02));
#8967 = VECTOR('',#8968,1.);
#8968 = DIRECTION('',(0.382683349917,0.923879566662,0.));
#8969 = ORIENTED_EDGE('',*,*,#8970,.T.);
#8970 = EDGE_CURVE('',#8963,#8971,#8973,.T.);
#8971 = VERTEX_POINT('',#8972);
#8972 = CARTESIAN_POINT('',(144.182365,-111.823764,-5.E-02));
#8973 = LINE('',#8974,#8975);
#8974 = CARTESIAN_POINT('',(145.752961,-112.474326,-5.E-02));
#8975 = VECTOR('',#8976,1.);
#8976 = DIRECTION('',(-0.923879566662,0.382683349917,0.));
#8977 = ORIENTED_EDGE('',*,*,#8978,.T.);
#8978 = EDGE_CURVE('',#8971,#8979,#8981,.T.);
#8979 = VERTEX_POINT('',#8980);
#8980 = CARTESIAN_POINT('',(143.531803,-113.39436,-5.E-02));
#8981 = LINE('',#8982,#8983);
#8982 = CARTESIAN_POINT('',(144.182365,-111.823764,-5.E-02));
#8983 = VECTOR('',#8984,1.);
#8984 = DIRECTION('',(-0.382683349917,-0.923879566662,0.));
#8985 = ORIENTED_EDGE('',*,*,#8986,.T.);
#8986 = EDGE_CURVE('',#8979,#8961,#8987,.T.);
#8987 = LINE('',#8988,#8989);
#8988 = CARTESIAN_POINT('',(143.531803,-113.39436,-5.E-02));
#8989 = VECTOR('',#8990,1.);
#8990 = DIRECTION('',(0.923879566662,-0.382683349917,0.));
#8991 = FACE_BOUND('',#8992,.T.);
#8992 = EDGE_LOOP('',(#8993,#9003,#9011,#9019));
#8993 = ORIENTED_EDGE('',*,*,#8994,.T.);
#8994 = EDGE_CURVE('',#8995,#8997,#8999,.T.);
#8995 = VERTEX_POINT('',#8996);
#8996 = CARTESIAN_POINT('',(154.897501,-114.044922,-5.E-02));
#8997 = VERTEX_POINT('',#8998);
#8998 = CARTESIAN_POINT('',(156.468097,-113.39436,-5.E-02));
#8999 = LINE('',#9000,#9001);
#9000 = CARTESIAN_POINT('',(154.897501,-114.044922,-5.E-02));
#9001 = VECTOR('',#9002,1.);
#9002 = DIRECTION('',(0.923879566662,0.382683349917,0.));
#9003 = ORIENTED_EDGE('',*,*,#9004,.T.);
#9004 = EDGE_CURVE('',#8997,#9005,#9007,.T.);
#9005 = VERTEX_POINT('',#9006);
#9006 = CARTESIAN_POINT('',(155.817535,-111.823764,-5.E-02));
#9007 = LINE('',#9008,#9009);
#9008 = CARTESIAN_POINT('',(156.468097,-113.39436,-5.E-02));
#9009 = VECTOR('',#9010,1.);
#9010 = DIRECTION('',(-0.382683349917,0.923879566662,0.));
#9011 = ORIENTED_EDGE('',*,*,#9012,.T.);
#9012 = EDGE_CURVE('',#9005,#9013,#9015,.T.);
#9013 = VERTEX_POINT('',#9014);
#9014 = CARTESIAN_POINT('',(154.246939,-112.474326,-5.E-02));
#9015 = LINE('',#9016,#9017);
#9016 = CARTESIAN_POINT('',(155.817535,-111.823764,-5.E-02));
#9017 = VECTOR('',#9018,1.);
#9018 = DIRECTION('',(-0.923879566662,-0.382683349917,0.));
#9019 = ORIENTED_EDGE('',*,*,#9020,.T.);
#9020 = EDGE_CURVE('',#9013,#8995,#9021,.T.);
#9021 = LINE('',#9022,#9023);
#9022 = CARTESIAN_POINT('',(154.246939,-112.474326,-5.E-02));
#9023 = VECTOR('',#9024,1.);
#9024 = DIRECTION('',(0.382683349917,-0.923879566662,0.));
#9025 = FACE_BOUND('',#9026,.T.);
#9026 = EDGE_LOOP('',(#9027,#9037,#9046));
#9027 = ORIENTED_EDGE('',*,*,#9028,.T.);
#9028 = EDGE_CURVE('',#9029,#9031,#9033,.T.);
#9029 = VERTEX_POINT('',#9030);
#9030 = CARTESIAN_POINT('',(159.99995,-100.00003,-5.E-02));
#9031 = VERTEX_POINT('',#9032);
#9032 = CARTESIAN_POINT('',(159.997433,-99.682671,-5.E-02));
#9033 = LINE('',#9034,#9035);
#9034 = CARTESIAN_POINT('',(159.99995,-100.00003,-5.E-02));
#9035 = VECTOR('',#9036,1.);
#9036 = DIRECTION('',(-7.930831775741E-03,0.999968550459,0.));
#9037 = ORIENTED_EDGE('',*,*,#9038,.T.);
#9038 = EDGE_CURVE('',#9031,#9039,#9041,.T.);
#9039 = VERTEX_POINT('',#9040);
#9040 = CARTESIAN_POINT('',(159.997433,-100.317389,-5.E-02));
#9041 = CIRCLE('',#9042,10.00251552045);
#9042 = AXIS2_PLACEMENT_3D('',#9043,#9044,#9045);
#9043 = CARTESIAN_POINT('',(149.9999533175,-100.00003,-5.E-02));
#9044 = DIRECTION('',(0.,0.,1.));
#9045 = DIRECTION('',(0.99949654285,3.17279187772E-02,-0.));
#9046 = ORIENTED_EDGE('',*,*,#9047,.T.);
#9047 = EDGE_CURVE('',#9039,#9029,#9048,.T.);
#9048 = LINE('',#9049,#9050);
#9049 = CARTESIAN_POINT('',(159.997433,-100.317389,-5.E-02));
#9050 = VECTOR('',#9051,1.);
#9051 = DIRECTION('',(7.93083177574E-03,0.999968550459,0.));
#9052 = FACE_BOUND('',#9053,.T.);
#9053 = EDGE_LOOP('',(#9054,#9064,#9072,#9080));
#9054 = ORIENTED_EDGE('',*,*,#9055,.T.);
#9055 = EDGE_CURVE('',#9056,#9058,#9060,.T.);
#9056 = VERTEX_POINT('',#9057);
#9057 = CARTESIAN_POINT('',(136.60562,-106.468177,-5.E-02));
#9058 = VERTEX_POINT('',#9059);
#9059 = CARTESIAN_POINT('',(138.176216,-105.817615,-5.E-02));
#9060 = LINE('',#9061,#9062);
#9061 = CARTESIAN_POINT('',(136.60562,-106.468177,-5.E-02));
#9062 = VECTOR('',#9063,1.);
#9063 = DIRECTION('',(0.923879566662,0.382683349917,0.));
#9064 = ORIENTED_EDGE('',*,*,#9065,.T.);
#9065 = EDGE_CURVE('',#9058,#9066,#9068,.T.);
#9066 = VERTEX_POINT('',#9067);
#9067 = CARTESIAN_POINT('',(137.525654,-104.247019,-5.E-02));
#9068 = LINE('',#9069,#9070);
#9069 = CARTESIAN_POINT('',(138.176216,-105.817615,-5.E-02));
#9070 = VECTOR('',#9071,1.);
#9071 = DIRECTION('',(-0.382683349917,0.923879566662,0.));
#9072 = ORIENTED_EDGE('',*,*,#9073,.T.);
#9073 = EDGE_CURVE('',#9066,#9074,#9076,.T.);
#9074 = VERTEX_POINT('',#9075);
#9075 = CARTESIAN_POINT('',(135.955058,-104.897581,-5.E-02));
#9076 = LINE('',#9077,#9078);
#9077 = CARTESIAN_POINT('',(137.525654,-104.247019,-5.E-02));
#9078 = VECTOR('',#9079,1.);
#9079 = DIRECTION('',(-0.923879566662,-0.382683349917,0.));
#9080 = ORIENTED_EDGE('',*,*,#9081,.T.);
#9081 = EDGE_CURVE('',#9074,#9056,#9082,.T.);
#9082 = LINE('',#9083,#9084);
#9083 = CARTESIAN_POINT('',(135.955058,-104.897581,-5.E-02));
#9084 = VECTOR('',#9085,1.);
#9085 = DIRECTION('',(0.382683349917,-0.923879566662,0.));
#9086 = FACE_BOUND('',#9087,.T.);
#9087 = EDGE_LOOP('',(#9088,#9098,#9106,#9114));
#9088 = ORIENTED_EDGE('',*,*,#9089,.T.);
#9089 = EDGE_CURVE('',#9090,#9092,#9094,.T.);
#9090 = VERTEX_POINT('',#9091);
#9091 = CARTESIAN_POINT('',(163.39428,-106.468177,-5.E-02));
#9092 = VERTEX_POINT('',#9093);
#9093 = CARTESIAN_POINT('',(164.044842,-104.897581,-5.E-02));
#9094 = LINE('',#9095,#9096);
#9095 = CARTESIAN_POINT('',(163.39428,-106.468177,-5.E-02));
#9096 = VECTOR('',#9097,1.);
#9097 = DIRECTION('',(0.382683349917,0.923879566662,0.));
#9098 = ORIENTED_EDGE('',*,*,#9099,.T.);
#9099 = EDGE_CURVE('',#9092,#9100,#9102,.T.);
#9100 = VERTEX_POINT('',#9101);
#9101 = CARTESIAN_POINT('',(162.474246,-104.247019,-5.E-02));
#9102 = LINE('',#9103,#9104);
#9103 = CARTESIAN_POINT('',(164.044842,-104.897581,-5.E-02));
#9104 = VECTOR('',#9105,1.);
#9105 = DIRECTION('',(-0.923879566662,0.382683349917,0.));
#9106 = ORIENTED_EDGE('',*,*,#9107,.T.);
#9107 = EDGE_CURVE('',#9100,#9108,#9110,.T.);
#9108 = VERTEX_POINT('',#9109);
#9109 = CARTESIAN_POINT('',(161.823684,-105.817615,-5.E-02));
#9110 = LINE('',#9111,#9112);
#9111 = CARTESIAN_POINT('',(162.474246,-104.247019,-5.E-02));
#9112 = VECTOR('',#9113,1.);
#9113 = DIRECTION('',(-0.382683349917,-0.923879566662,0.));
#9114 = ORIENTED_EDGE('',*,*,#9115,.T.);
#9115 = EDGE_CURVE('',#9108,#9090,#9116,.T.);
#9116 = LINE('',#9117,#9118);
#9117 = CARTESIAN_POINT('',(161.823684,-105.817615,-5.E-02));
#9118 = VECTOR('',#9119,1.);
#9119 = DIRECTION('',(0.923879566662,-0.382683349917,0.));
#9120 = FACE_BOUND('',#9121,.T.);
#9121 = EDGE_LOOP('',(#9122,#9132,#9140,#9148));
#9122 = ORIENTED_EDGE('',*,*,#9123,.T.);
#9123 = EDGE_CURVE('',#9124,#9126,#9128,.T.);
#9124 = VERTEX_POINT('',#9125);
#9125 = CARTESIAN_POINT('',(137.525654,-95.753041,-5.E-02));
#9126 = VERTEX_POINT('',#9127);
#9127 = CARTESIAN_POINT('',(138.176216,-94.182445,-5.E-02));
#9128 = LINE('',#9129,#9130);
#9129 = CARTESIAN_POINT('',(137.525654,-95.753041,-5.E-02));
#9130 = VECTOR('',#9131,1.);
#9131 = DIRECTION('',(0.382683349917,0.923879566662,0.));
#9132 = ORIENTED_EDGE('',*,*,#9133,.T.);
#9133 = EDGE_CURVE('',#9126,#9134,#9136,.T.);
#9134 = VERTEX_POINT('',#9135);
#9135 = CARTESIAN_POINT('',(136.60562,-93.531883,-5.E-02));
#9136 = LINE('',#9137,#9138);
#9137 = CARTESIAN_POINT('',(138.176216,-94.182445,-5.E-02));
#9138 = VECTOR('',#9139,1.);
#9139 = DIRECTION('',(-0.923879566662,0.382683349917,0.));
#9140 = ORIENTED_EDGE('',*,*,#9141,.T.);
#9141 = EDGE_CURVE('',#9134,#9142,#9144,.T.);
#9142 = VERTEX_POINT('',#9143);
#9143 = CARTESIAN_POINT('',(135.955058,-95.102479,-5.E-02));
#9144 = LINE('',#9145,#9146);
#9145 = CARTESIAN_POINT('',(136.60562,-93.531883,-5.E-02));
#9146 = VECTOR('',#9147,1.);
#9147 = DIRECTION('',(-0.382683349917,-0.923879566662,0.));
#9148 = ORIENTED_EDGE('',*,*,#9149,.T.);
#9149 = EDGE_CURVE('',#9142,#9124,#9150,.T.);
#9150 = LINE('',#9151,#9152);
#9151 = CARTESIAN_POINT('',(135.955058,-95.102479,-5.E-02));
#9152 = VECTOR('',#9153,1.);
#9153 = DIRECTION('',(0.923879566662,-0.382683349917,0.));
#9154 = FACE_BOUND('',#9155,.T.);
#9155 = EDGE_LOOP('',(#9156,#9166,#9174,#9182));
#9156 = ORIENTED_EDGE('',*,*,#9157,.T.);
#9157 = EDGE_CURVE('',#9158,#9160,#9162,.T.);
#9158 = VERTEX_POINT('',#9159);
#9159 = CARTESIAN_POINT('',(162.474246,-95.753041,-5.E-02));
#9160 = VERTEX_POINT('',#9161);
#9161 = CARTESIAN_POINT('',(164.044842,-95.102479,-5.E-02));
#9162 = LINE('',#9163,#9164);
#9163 = CARTESIAN_POINT('',(162.474246,-95.753041,-5.E-02));
#9164 = VECTOR('',#9165,1.);
#9165 = DIRECTION('',(0.923879566662,0.382683349917,0.));
#9166 = ORIENTED_EDGE('',*,*,#9167,.T.);
#9167 = EDGE_CURVE('',#9160,#9168,#9170,.T.);
#9168 = VERTEX_POINT('',#9169);
#9169 = CARTESIAN_POINT('',(163.39428,-93.531883,-5.E-02));
#9170 = LINE('',#9171,#9172);
#9171 = CARTESIAN_POINT('',(164.044842,-95.102479,-5.E-02));
#9172 = VECTOR('',#9173,1.);
#9173 = DIRECTION('',(-0.382683349917,0.923879566662,0.));
#9174 = ORIENTED_EDGE('',*,*,#9175,.T.);
#9175 = EDGE_CURVE('',#9168,#9176,#9178,.T.);
#9176 = VERTEX_POINT('',#9177);
#9177 = CARTESIAN_POINT('',(161.823684,-94.182445,-5.E-02));
#9178 = LINE('',#9179,#9180);
#9179 = CARTESIAN_POINT('',(163.39428,-93.531883,-5.E-02));
#9180 = VECTOR('',#9181,1.);
#9181 = DIRECTION('',(-0.923879566662,-0.382683349917,0.));
#9182 = ORIENTED_EDGE('',*,*,#9183,.T.);
#9183 = EDGE_CURVE('',#9176,#9158,#9184,.T.);
#9184 = LINE('',#9185,#9186);
#9185 = CARTESIAN_POINT('',(161.823684,-94.182445,-5.E-02));
#9186 = VECTOR('',#9187,1.);
#9187 = DIRECTION('',(0.382683349917,-0.923879566662,0.));
#9188 = FACE_BOUND('',#9189,.T.);
#9189 = EDGE_LOOP('',(#9190,#9200,#9208,#9216));
#9190 = ORIENTED_EDGE('',*,*,#9191,.T.);
#9191 = EDGE_CURVE('',#9192,#9194,#9196,.T.);
#9192 = VERTEX_POINT('',#9193);
#9193 = CARTESIAN_POINT('',(144.182365,-88.176296,-5.E-02));
#9194 = VERTEX_POINT('',#9195);
#9195 = CARTESIAN_POINT('',(145.752961,-87.525734,-5.E-02));
#9196 = LINE('',#9197,#9198);
#9197 = CARTESIAN_POINT('',(144.182365,-88.176296,-5.E-02));
#9198 = VECTOR('',#9199,1.);
#9199 = DIRECTION('',(0.923879566662,0.382683349917,0.));
#9200 = ORIENTED_EDGE('',*,*,#9201,.T.);
#9201 = EDGE_CURVE('',#9194,#9202,#9204,.T.);
#9202 = VERTEX_POINT('',#9203);
#9203 = CARTESIAN_POINT('',(145.102399,-85.955138,-5.E-02));
#9204 = LINE('',#9205,#9206);
#9205 = CARTESIAN_POINT('',(145.752961,-87.525734,-5.E-02));
#9206 = VECTOR('',#9207,1.);
#9207 = DIRECTION('',(-0.382683349917,0.923879566662,0.));
#9208 = ORIENTED_EDGE('',*,*,#9209,.T.);
#9209 = EDGE_CURVE('',#9202,#9210,#9212,.T.);
#9210 = VERTEX_POINT('',#9211);
#9211 = CARTESIAN_POINT('',(143.531803,-86.6057,-5.E-02));
#9212 = LINE('',#9213,#9214);
#9213 = CARTESIAN_POINT('',(145.102399,-85.955138,-5.E-02));
#9214 = VECTOR('',#9215,1.);
#9215 = DIRECTION('',(-0.923879566662,-0.382683349917,0.));
#9216 = ORIENTED_EDGE('',*,*,#9217,.T.);
#9217 = EDGE_CURVE('',#9210,#9192,#9218,.T.);
#9218 = LINE('',#9219,#9220);
#9219 = CARTESIAN_POINT('',(143.531803,-86.6057,-5.E-02));
#9220 = VECTOR('',#9221,1.);
#9221 = DIRECTION('',(0.382683349917,-0.923879566662,0.));
#9222 = FACE_BOUND('',#9223,.T.);
#9223 = EDGE_LOOP('',(#9224,#9234,#9242,#9250));
#9224 = ORIENTED_EDGE('',*,*,#9225,.T.);
#9225 = EDGE_CURVE('',#9226,#9228,#9230,.T.);
#9226 = VERTEX_POINT('',#9227);
#9227 = CARTESIAN_POINT('',(155.817535,-88.176296,-5.E-02));
#9228 = VERTEX_POINT('',#9229);
#9229 = CARTESIAN_POINT('',(156.468097,-86.6057,-5.E-02));
#9230 = LINE('',#9231,#9232);
#9231 = CARTESIAN_POINT('',(155.817535,-88.176296,-5.E-02));
#9232 = VECTOR('',#9233,1.);
#9233 = DIRECTION('',(0.382683349917,0.923879566662,0.));
#9234 = ORIENTED_EDGE('',*,*,#9235,.T.);
#9235 = EDGE_CURVE('',#9228,#9236,#9238,.T.);
#9236 = VERTEX_POINT('',#9237);
#9237 = CARTESIAN_POINT('',(154.897501,-85.955138,-5.E-02));
#9238 = LINE('',#9239,#9240);
#9239 = CARTESIAN_POINT('',(156.468097,-86.6057,-5.E-02));
#9240 = VECTOR('',#9241,1.);
#9241 = DIRECTION('',(-0.923879566662,0.382683349917,0.));
#9242 = ORIENTED_EDGE('',*,*,#9243,.T.);
#9243 = EDGE_CURVE('',#9236,#9244,#9246,.T.);
#9244 = VERTEX_POINT('',#9245);
#9245 = CARTESIAN_POINT('',(154.246939,-87.525734,-5.E-02));
#9246 = LINE('',#9247,#9248);
#9247 = CARTESIAN_POINT('',(154.897501,-85.955138,-5.E-02));
#9248 = VECTOR('',#9249,1.);
#9249 = DIRECTION('',(-0.382683349917,-0.923879566662,0.));
#9250 = ORIENTED_EDGE('',*,*,#9251,.T.);
#9251 = EDGE_CURVE('',#9244,#9226,#9252,.T.);
#9252 = LINE('',#9253,#9254);
#9253 = CARTESIAN_POINT('',(154.246939,-87.525734,-5.E-02));
#9254 = VECTOR('',#9255,1.);
#9255 = DIRECTION('',(0.923879566662,-0.382683349917,0.));
#9256 = PLANE('',#9257);
#9257 = AXIS2_PLACEMENT_3D('',#9258,#9259,#9260);
#9258 = CARTESIAN_POINT('',(0.,0.,-5.E-02));
#9259 = DIRECTION('',(-0.,-0.,-1.));
#9260 = DIRECTION('',(-1.,0.,0.));
#9261 = ( GEOMETRIC_REPRESENTATION_CONTEXT(3) 
GLOBAL_UNCERTAINTY_ASSIGNED_CONTEXT((#9265)) 
GLOBAL_UNIT_ASSIGNED_CONTEXT((#9262,#9263,#9264)) REPRESENTATION_CONTEXT
('Context #1','3D Context with UNIT and UNCERTAINTY') );
#9262 = ( LENGTH_UNIT() NAMED_UNIT(*) SI_UNIT(.MILLI.,.METRE.) );
#9263 = ( NAMED_UNIT(*) PLANE_ANGLE_UNIT() SI_UNIT($,.RADIAN.) );
#9264 = ( NAMED_UNIT(*) SI_UNIT($,.STERADIAN.) SOLID_ANGLE_UNIT() );
#9265 = UNCERTAINTY_MEASURE_WITH_UNIT(LENGTH_MEASURE(1.E-07),#9262,
  'distance_accuracy_value','confusion accuracy');
#9266 = SHAPE_DEFINITION_REPRESENTATION(#9267,#8558);
#9267 = PRODUCT_DEFINITION_SHAPE('','',#9268);
#9268 = PRODUCT_DEFINITION('design','',#9269,#9272);
#9269 = PRODUCT_DEFINITION_FORMATION('','',#9270);
#9270 = PRODUCT('mounted_cap_sense_v2_25mm_soldermask',
  'mounted_cap_sense_v2_25mm_soldermask','',(#9271));
#9271 = PRODUCT_CONTEXT('',#2,'mechanical');
#9272 = PRODUCT_DEFINITION_CONTEXT('part definition',#2,'design');
#9273 = CONTEXT_DEPENDENT_SHAPE_REPRESENTATION(#9274,#9276);
#9274 = ( REPRESENTATION_RELATIONSHIP('','',#8558,#10) 
REPRESENTATION_RELATIONSHIP_WITH_TRANSFORMATION(#9275) 
SHAPE_REPRESENTATION_RELATIONSHIP() );
#9275 = ITEM_DEFINED_TRANSFORMATION('','',#11,#55);
#9276 = PRODUCT_DEFINITION_SHAPE('Placement','Placement of an item',
  #9277);
#9277 = NEXT_ASSEMBLY_USAGE_OCCURRENCE('11','','',#5,#9268,$);
#9278 = PRODUCT_RELATED_PRODUCT_CATEGORY('part',$,(#9270));
#9279 = ADVANCED_BREP_SHAPE_REPRESENTATION('',(#11,#9280),#9684);
#9280 = MANIFOLD_SOLID_BREP('',#9281);
#9281 = CLOSED_SHELL('',(#9282,#9315,#9423,#9531,#9548,#9565,#9582,#9599
    ,#9616,#9633,#9650,#9667));
#9282 = ADVANCED_FACE('',(#9283),#9310,.T.);
#9283 = FACE_BOUND('',#9284,.F.);
#9284 = EDGE_LOOP('',(#9285,#9295,#9302,#9303));
#9285 = ORIENTED_EDGE('',*,*,#9286,.T.);
#9286 = EDGE_CURVE('',#9287,#9289,#9291,.T.);
#9287 = VERTEX_POINT('',#9288);
#9288 = CARTESIAN_POINT('',(165.99995,-100.00003,0.));
#9289 = VERTEX_POINT('',#9290);
#9290 = CARTESIAN_POINT('',(165.99995,-100.00003,1.51));
#9291 = LINE('',#9292,#9293);
#9292 = CARTESIAN_POINT('',(165.99995,-100.00003,0.));
#9293 = VECTOR('',#9294,1.);
#9294 = DIRECTION('',(0.,0.,1.));
#9295 = ORIENTED_EDGE('',*,*,#9296,.T.);
#9296 = EDGE_CURVE('',#9289,#9289,#9297,.T.);
#9297 = CIRCLE('',#9298,16.);
#9298 = AXIS2_PLACEMENT_3D('',#9299,#9300,#9301);
#9299 = CARTESIAN_POINT('',(149.99995,-100.00003,1.51));
#9300 = DIRECTION('',(0.,0.,1.));
#9301 = DIRECTION('',(1.,0.,-0.));
#9302 = ORIENTED_EDGE('',*,*,#9286,.F.);
#9303 = ORIENTED_EDGE('',*,*,#9304,.F.);
#9304 = EDGE_CURVE('',#9287,#9287,#9305,.T.);
#9305 = CIRCLE('',#9306,16.);
#9306 = AXIS2_PLACEMENT_3D('',#9307,#9308,#9309);
#9307 = CARTESIAN_POINT('',(149.99995,-100.00003,0.));
#9308 = DIRECTION('',(0.,0.,1.));
#9309 = DIRECTION('',(1.,0.,-0.));
#9310 = CYLINDRICAL_SURFACE('',#9311,16.);
#9311 = AXIS2_PLACEMENT_3D('',#9312,#9313,#9314);
#9312 = CARTESIAN_POINT('',(149.99995,-100.00003,0.));
#9313 = DIRECTION('',(-0.,-0.,-1.));
#9314 = DIRECTION('',(1.,0.,-0.));
#9315 = ADVANCED_FACE('',(#9316,#9319,#9330,#9341,#9352,#9363,#9374,
    #9385,#9396,#9407),#9418,.F.);
#9316 = FACE_BOUND('',#9317,.F.);
#9317 = EDGE_LOOP('',(#9318));
#9318 = ORIENTED_EDGE('',*,*,#9304,.T.);
#9319 = FACE_BOUND('',#9320,.F.);
#9320 = EDGE_LOOP('',(#9321));
#9321 = ORIENTED_EDGE('',*,*,#9322,.T.);
#9322 = EDGE_CURVE('',#9323,#9323,#9325,.T.);
#9323 = VERTEX_POINT('',#9324);
#9324 = CARTESIAN_POINT('',(144.642382,-113.434343,0.));
#9325 = CIRCLE('',#9326,0.5);
#9326 = AXIS2_PLACEMENT_3D('',#9327,#9328,#9329);
#9327 = CARTESIAN_POINT('',(144.642382,-112.934343,0.));
#9328 = DIRECTION('',(-0.,0.,-1.));
#9329 = DIRECTION('',(-0.,-1.,0.));
#9330 = FACE_BOUND('',#9331,.F.);
#9331 = EDGE_LOOP('',(#9332));
#9332 = ORIENTED_EDGE('',*,*,#9333,.T.);
#9333 = EDGE_CURVE('',#9334,#9334,#9336,.T.);
#9334 = VERTEX_POINT('',#9335);
#9335 = CARTESIAN_POINT('',(137.065637,-105.857598,0.));
#9336 = CIRCLE('',#9337,0.5);
#9337 = AXIS2_PLACEMENT_3D('',#9338,#9339,#9340);
#9338 = CARTESIAN_POINT('',(137.065637,-105.357598,0.));
#9339 = DIRECTION('',(-0.,0.,-1.));
#9340 = DIRECTION('',(-0.,-1.,0.));
#9341 = FACE_BOUND('',#9342,.F.);
#9342 = EDGE_LOOP('',(#9343));
#9343 = ORIENTED_EDGE('',*,*,#9344,.T.);
#9344 = EDGE_CURVE('',#9345,#9345,#9347,.T.);
#9345 = VERTEX_POINT('',#9346);
#9346 = CARTESIAN_POINT('',(155.357518,-113.434343,0.));
#9347 = CIRCLE('',#9348,0.5);
#9348 = AXIS2_PLACEMENT_3D('',#9349,#9350,#9351);
#9349 = CARTESIAN_POINT('',(155.357518,-112.934343,0.));
#9350 = DIRECTION('',(-0.,0.,-1.));
#9351 = DIRECTION('',(-0.,-1.,0.));
#9352 = FACE_BOUND('',#9353,.F.);
#9353 = EDGE_LOOP('',(#9354));
#9354 = ORIENTED_EDGE('',*,*,#9355,.T.);
#9355 = EDGE_CURVE('',#9356,#9356,#9358,.T.);
#9356 = VERTEX_POINT('',#9357);
#9357 = CARTESIAN_POINT('',(162.934263,-105.857598,0.));
#9358 = CIRCLE('',#9359,0.5);
#9359 = AXIS2_PLACEMENT_3D('',#9360,#9361,#9362);
#9360 = CARTESIAN_POINT('',(162.934263,-105.357598,0.));
#9361 = DIRECTION('',(-0.,0.,-1.));
#9362 = DIRECTION('',(-0.,-1.,0.));
#9363 = FACE_BOUND('',#9364,.F.);
#9364 = EDGE_LOOP('',(#9365));
#9365 = ORIENTED_EDGE('',*,*,#9366,.T.);
#9366 = EDGE_CURVE('',#9367,#9367,#9369,.T.);
#9367 = VERTEX_POINT('',#9368);
#9368 = CARTESIAN_POINT('',(137.065637,-95.142462,0.));
#9369 = CIRCLE('',#9370,0.5);
#9370 = AXIS2_PLACEMENT_3D('',#9371,#9372,#9373);
#9371 = CARTESIAN_POINT('',(137.065637,-94.642462,0.));
#9372 = DIRECTION('',(-0.,0.,-1.));
#9373 = DIRECTION('',(-0.,-1.,0.));
#9374 = FACE_BOUND('',#9375,.F.);
#9375 = EDGE_LOOP('',(#9376));
#9376 = ORIENTED_EDGE('',*,*,#9377,.T.);
#9377 = EDGE_CURVE('',#9378,#9378,#9380,.T.);
#9378 = VERTEX_POINT('',#9379);
#9379 = CARTESIAN_POINT('',(144.642382,-87.565717,0.));
#9380 = CIRCLE('',#9381,0.5);
#9381 = AXIS2_PLACEMENT_3D('',#9382,#9383,#9384);
#9382 = CARTESIAN_POINT('',(144.642382,-87.065717,0.));
#9383 = DIRECTION('',(-0.,0.,-1.));
#9384 = DIRECTION('',(-0.,-1.,0.));
#9385 = FACE_BOUND('',#9386,.F.);
#9386 = EDGE_LOOP('',(#9387));
#9387 = ORIENTED_EDGE('',*,*,#9388,.F.);
#9388 = EDGE_CURVE('',#9389,#9389,#9391,.T.);
#9389 = VERTEX_POINT('',#9390);
#9390 = CARTESIAN_POINT('',(159.99995,-100.00003,0.));
#9391 = CIRCLE('',#9392,10.);
#9392 = AXIS2_PLACEMENT_3D('',#9393,#9394,#9395);
#9393 = CARTESIAN_POINT('',(149.99995,-100.00003,0.));
#9394 = DIRECTION('',(0.,0.,1.));
#9395 = DIRECTION('',(1.,0.,-0.));
#9396 = FACE_BOUND('',#9397,.F.);
#9397 = EDGE_LOOP('',(#9398));
#9398 = ORIENTED_EDGE('',*,*,#9399,.T.);
#9399 = EDGE_CURVE('',#9400,#9400,#9402,.T.);
#9400 = VERTEX_POINT('',#9401);
#9401 = CARTESIAN_POINT('',(162.934263,-95.142462,0.));
#9402 = CIRCLE('',#9403,0.5);
#9403 = AXIS2_PLACEMENT_3D('',#9404,#9405,#9406);
#9404 = CARTESIAN_POINT('',(162.934263,-94.642462,0.));
#9405 = DIRECTION('',(-0.,0.,-1.));
#9406 = DIRECTION('',(-0.,-1.,0.));
#9407 = FACE_BOUND('',#9408,.F.);
#9408 = EDGE_LOOP('',(#9409));
#9409 = ORIENTED_EDGE('',*,*,#9410,.T.);
#9410 = EDGE_CURVE('',#9411,#9411,#9413,.T.);
#9411 = VERTEX_POINT('',#9412);
#9412 = CARTESIAN_POINT('',(155.357518,-87.565717,0.));
#9413 = CIRCLE('',#9414,0.5);
#9414 = AXIS2_PLACEMENT_3D('',#9415,#9416,#9417);
#9415 = CARTESIAN_POINT('',(155.357518,-87.065717,0.));
#9416 = DIRECTION('',(-0.,0.,-1.));
#9417 = DIRECTION('',(-0.,-1.,0.));
#9418 = PLANE('',#9419);
#9419 = AXIS2_PLACEMENT_3D('',#9420,#9421,#9422);
#9420 = CARTESIAN_POINT('',(0.,0.,0.));
#9421 = DIRECTION('',(0.,0.,1.));
#9422 = DIRECTION('',(1.,0.,-0.));
#9423 = ADVANCED_FACE('',(#9424,#9427,#9438,#9449,#9460,#9471,#9482,
    #9493,#9504,#9515),#9526,.T.);
#9424 = FACE_BOUND('',#9425,.T.);
#9425 = EDGE_LOOP('',(#9426));
#9426 = ORIENTED_EDGE('',*,*,#9296,.T.);
#9427 = FACE_BOUND('',#9428,.T.);
#9428 = EDGE_LOOP('',(#9429));
#9429 = ORIENTED_EDGE('',*,*,#9430,.T.);
#9430 = EDGE_CURVE('',#9431,#9431,#9433,.T.);
#9431 = VERTEX_POINT('',#9432);
#9432 = CARTESIAN_POINT('',(144.642382,-113.434343,1.51));
#9433 = CIRCLE('',#9434,0.5);
#9434 = AXIS2_PLACEMENT_3D('',#9435,#9436,#9437);
#9435 = CARTESIAN_POINT('',(144.642382,-112.934343,1.51));
#9436 = DIRECTION('',(-0.,0.,-1.));
#9437 = DIRECTION('',(-0.,-1.,0.));
#9438 = FACE_BOUND('',#9439,.T.);
#9439 = EDGE_LOOP('',(#9440));
#9440 = ORIENTED_EDGE('',*,*,#9441,.T.);
#9441 = EDGE_CURVE('',#9442,#9442,#9444,.T.);
#9442 = VERTEX_POINT('',#9443);
#9443 = CARTESIAN_POINT('',(137.065637,-105.857598,1.51));
#9444 = CIRCLE('',#9445,0.5);
#9445 = AXIS2_PLACEMENT_3D('',#9446,#9447,#9448);
#9446 = CARTESIAN_POINT('',(137.065637,-105.357598,1.51));
#9447 = DIRECTION('',(-0.,0.,-1.));
#9448 = DIRECTION('',(-0.,-1.,0.));
#9449 = FACE_BOUND('',#9450,.T.);
#9450 = EDGE_LOOP('',(#9451));
#9451 = ORIENTED_EDGE('',*,*,#9452,.T.);
#9452 = EDGE_CURVE('',#9453,#9453,#9455,.T.);
#9453 = VERTEX_POINT('',#9454);
#9454 = CARTESIAN_POINT('',(155.357518,-113.434343,1.51));
#9455 = CIRCLE('',#9456,0.5);
#9456 = AXIS2_PLACEMENT_3D('',#9457,#9458,#9459);
#9457 = CARTESIAN_POINT('',(155.357518,-112.934343,1.51));
#9458 = DIRECTION('',(-0.,0.,-1.));
#9459 = DIRECTION('',(-0.,-1.,0.));
#9460 = FACE_BOUND('',#9461,.T.);
#9461 = EDGE_LOOP('',(#9462));
#9462 = ORIENTED_EDGE('',*,*,#9463,.T.);
#9463 = EDGE_CURVE('',#9464,#9464,#9466,.T.);
#9464 = VERTEX_POINT('',#9465);
#9465 = CARTESIAN_POINT('',(162.934263,-105.857598,1.51));
#9466 = CIRCLE('',#9467,0.5);
#9467 = AXIS2_PLACEMENT_3D('',#9468,#9469,#9470);
#9468 = CARTESIAN_POINT('',(162.934263,-105.357598,1.51));
#9469 = DIRECTION('',(-0.,0.,-1.));
#9470 = DIRECTION('',(-0.,-1.,0.));
#9471 = FACE_BOUND('',#9472,.T.);
#9472 = EDGE_LOOP('',(#9473));
#9473 = ORIENTED_EDGE('',*,*,#9474,.T.);
#9474 = EDGE_CURVE('',#9475,#9475,#9477,.T.);
#9475 = VERTEX_POINT('',#9476);
#9476 = CARTESIAN_POINT('',(137.065637,-95.142462,1.51));
#9477 = CIRCLE('',#9478,0.5);
#9478 = AXIS2_PLACEMENT_3D('',#9479,#9480,#9481);
#9479 = CARTESIAN_POINT('',(137.065637,-94.642462,1.51));
#9480 = DIRECTION('',(-0.,0.,-1.));
#9481 = DIRECTION('',(-0.,-1.,0.));
#9482 = FACE_BOUND('',#9483,.T.);
#9483 = EDGE_LOOP('',(#9484));
#9484 = ORIENTED_EDGE('',*,*,#9485,.T.);
#9485 = EDGE_CURVE('',#9486,#9486,#9488,.T.);
#9486 = VERTEX_POINT('',#9487);
#9487 = CARTESIAN_POINT('',(144.642382,-87.565717,1.51));
#9488 = CIRCLE('',#9489,0.5);
#9489 = AXIS2_PLACEMENT_3D('',#9490,#9491,#9492);
#9490 = CARTESIAN_POINT('',(144.642382,-87.065717,1.51));
#9491 = DIRECTION('',(-0.,0.,-1.));
#9492 = DIRECTION('',(-0.,-1.,0.));
#9493 = FACE_BOUND('',#9494,.T.);
#9494 = EDGE_LOOP('',(#9495));
#9495 = ORIENTED_EDGE('',*,*,#9496,.F.);
#9496 = EDGE_CURVE('',#9497,#9497,#9499,.T.);
#9497 = VERTEX_POINT('',#9498);
#9498 = CARTESIAN_POINT('',(159.99995,-100.00003,1.51));
#9499 = CIRCLE('',#9500,10.);
#9500 = AXIS2_PLACEMENT_3D('',#9501,#9502,#9503);
#9501 = CARTESIAN_POINT('',(149.99995,-100.00003,1.51));
#9502 = DIRECTION('',(0.,0.,1.));
#9503 = DIRECTION('',(1.,0.,-0.));
#9504 = FACE_BOUND('',#9505,.T.);
#9505 = EDGE_LOOP('',(#9506));
#9506 = ORIENTED_EDGE('',*,*,#9507,.T.);
#9507 = EDGE_CURVE('',#9508,#9508,#9510,.T.);
#9508 = VERTEX_POINT('',#9509);
#9509 = CARTESIAN_POINT('',(162.934263,-95.142462,1.51));
#9510 = CIRCLE('',#9511,0.5);
#9511 = AXIS2_PLACEMENT_3D('',#9512,#9513,#9514);
#9512 = CARTESIAN_POINT('',(162.934263,-94.642462,1.51));
#9513 = DIRECTION('',(-0.,0.,-1.));
#9514 = DIRECTION('',(-0.,-1.,0.));
#9515 = FACE_BOUND('',#9516,.T.);
#9516 = EDGE_LOOP('',(#9517));
#9517 = ORIENTED_EDGE('',*,*,#9518,.T.);
#9518 = EDGE_CURVE('',#9519,#9519,#9521,.T.);
#9519 = VERTEX_POINT('',#9520);
#9520 = CARTESIAN_POINT('',(155.357518,-87.565717,1.51));
#9521 = CIRCLE('',#9522,0.5);
#9522 = AXIS2_PLACEMENT_3D('',#9523,#9524,#9525);
#9523 = CARTESIAN_POINT('',(155.357518,-87.065717,1.51));
#9524 = DIRECTION('',(-0.,0.,-1.));
#9525 = DIRECTION('',(-0.,-1.,0.));
#9526 = PLANE('',#9527);
#9527 = AXIS2_PLACEMENT_3D('',#9528,#9529,#9530);
#9528 = CARTESIAN_POINT('',(0.,0.,1.51));
#9529 = DIRECTION('',(0.,0.,1.));
#9530 = DIRECTION('',(1.,0.,-0.));
#9531 = ADVANCED_FACE('',(#9532),#9543,.F.);
#9532 = FACE_BOUND('',#9533,.T.);
#9533 = EDGE_LOOP('',(#9534,#9535,#9541,#9542));
#9534 = ORIENTED_EDGE('',*,*,#9322,.T.);
#9535 = ORIENTED_EDGE('',*,*,#9536,.T.);
#9536 = EDGE_CURVE('',#9323,#9431,#9537,.T.);
#9537 = LINE('',#9538,#9539);
#9538 = CARTESIAN_POINT('',(144.642382,-113.434343,-4.6E-02));
#9539 = VECTOR('',#9540,1.);
#9540 = DIRECTION('',(0.,0.,1.));
#9541 = ORIENTED_EDGE('',*,*,#9430,.F.);
#9542 = ORIENTED_EDGE('',*,*,#9536,.F.);
#9543 = CYLINDRICAL_SURFACE('',#9544,0.5);
#9544 = AXIS2_PLACEMENT_3D('',#9545,#9546,#9547);
#9545 = CARTESIAN_POINT('',(144.642382,-112.934343,-4.6E-02));
#9546 = DIRECTION('',(-0.,-0.,-1.));
#9547 = DIRECTION('',(-0.,-1.,0.));
#9548 = ADVANCED_FACE('',(#9549),#9560,.F.);
#9549 = FACE_BOUND('',#9550,.T.);
#9550 = EDGE_LOOP('',(#9551,#9552,#9558,#9559));
#9551 = ORIENTED_EDGE('',*,*,#9333,.T.);
#9552 = ORIENTED_EDGE('',*,*,#9553,.T.);
#9553 = EDGE_CURVE('',#9334,#9442,#9554,.T.);
#9554 = LINE('',#9555,#9556);
#9555 = CARTESIAN_POINT('',(137.065637,-105.857598,-4.6E-02));
#9556 = VECTOR('',#9557,1.);
#9557 = DIRECTION('',(0.,0.,1.));
#9558 = ORIENTED_EDGE('',*,*,#9441,.F.);
#9559 = ORIENTED_EDGE('',*,*,#9553,.F.);
#9560 = CYLINDRICAL_SURFACE('',#9561,0.5);
#9561 = AXIS2_PLACEMENT_3D('',#9562,#9563,#9564);
#9562 = CARTESIAN_POINT('',(137.065637,-105.357598,-4.6E-02));
#9563 = DIRECTION('',(-0.,-0.,-1.));
#9564 = DIRECTION('',(-0.,-1.,0.));
#9565 = ADVANCED_FACE('',(#9566),#9577,.F.);
#9566 = FACE_BOUND('',#9567,.T.);
#9567 = EDGE_LOOP('',(#9568,#9569,#9575,#9576));
#9568 = ORIENTED_EDGE('',*,*,#9344,.T.);
#9569 = ORIENTED_EDGE('',*,*,#9570,.T.);
#9570 = EDGE_CURVE('',#9345,#9453,#9571,.T.);
#9571 = LINE('',#9572,#9573);
#9572 = CARTESIAN_POINT('',(155.357518,-113.434343,-4.6E-02));
#9573 = VECTOR('',#9574,1.);
#9574 = DIRECTION('',(0.,0.,1.));
#9575 = ORIENTED_EDGE('',*,*,#9452,.F.);
#9576 = ORIENTED_EDGE('',*,*,#9570,.F.);
#9577 = CYLINDRICAL_SURFACE('',#9578,0.5);
#9578 = AXIS2_PLACEMENT_3D('',#9579,#9580,#9581);
#9579 = CARTESIAN_POINT('',(155.357518,-112.934343,-4.6E-02));
#9580 = DIRECTION('',(-0.,-0.,-1.));
#9581 = DIRECTION('',(-0.,-1.,0.));
#9582 = ADVANCED_FACE('',(#9583),#9594,.F.);
#9583 = FACE_BOUND('',#9584,.T.);
#9584 = EDGE_LOOP('',(#9585,#9586,#9592,#9593));
#9585 = ORIENTED_EDGE('',*,*,#9355,.T.);
#9586 = ORIENTED_EDGE('',*,*,#9587,.T.);
#9587 = EDGE_CURVE('',#9356,#9464,#9588,.T.);
#9588 = LINE('',#9589,#9590);
#9589 = CARTESIAN_POINT('',(162.934263,-105.857598,-4.6E-02));
#9590 = VECTOR('',#9591,1.);
#9591 = DIRECTION('',(0.,0.,1.));
#9592 = ORIENTED_EDGE('',*,*,#9463,.F.);
#9593 = ORIENTED_EDGE('',*,*,#9587,.F.);
#9594 = CYLINDRICAL_SURFACE('',#9595,0.5);
#9595 = AXIS2_PLACEMENT_3D('',#9596,#9597,#9598);
#9596 = CARTESIAN_POINT('',(162.934263,-105.357598,-4.6E-02));
#9597 = DIRECTION('',(-0.,-0.,-1.));
#9598 = DIRECTION('',(-0.,-1.,0.));
#9599 = ADVANCED_FACE('',(#9600),#9611,.F.);
#9600 = FACE_BOUND('',#9601,.T.);
#9601 = EDGE_LOOP('',(#9602,#9603,#9609,#9610));
#9602 = ORIENTED_EDGE('',*,*,#9366,.T.);
#9603 = ORIENTED_EDGE('',*,*,#9604,.T.);
#9604 = EDGE_CURVE('',#9367,#9475,#9605,.T.);
#9605 = LINE('',#9606,#9607);
#9606 = CARTESIAN_POINT('',(137.065637,-95.142462,-4.6E-02));
#9607 = VECTOR('',#9608,1.);
#9608 = DIRECTION('',(0.,0.,1.));
#9609 = ORIENTED_EDGE('',*,*,#9474,.F.);
#9610 = ORIENTED_EDGE('',*,*,#9604,.F.);
#9611 = CYLINDRICAL_SURFACE('',#9612,0.5);
#9612 = AXIS2_PLACEMENT_3D('',#9613,#9614,#9615);
#9613 = CARTESIAN_POINT('',(137.065637,-94.642462,-4.6E-02));
#9614 = DIRECTION('',(-0.,-0.,-1.));
#9615 = DIRECTION('',(-0.,-1.,0.));
#9616 = ADVANCED_FACE('',(#9617),#9628,.F.);
#9617 = FACE_BOUND('',#9618,.T.);
#9618 = EDGE_LOOP('',(#9619,#9620,#9626,#9627));
#9619 = ORIENTED_EDGE('',*,*,#9377,.T.);
#9620 = ORIENTED_EDGE('',*,*,#9621,.T.);
#9621 = EDGE_CURVE('',#9378,#9486,#9622,.T.);
#9622 = LINE('',#9623,#9624);
#9623 = CARTESIAN_POINT('',(144.642382,-87.565717,-4.6E-02));
#9624 = VECTOR('',#9625,1.);
#9625 = DIRECTION('',(0.,0.,1.));
#9626 = ORIENTED_EDGE('',*,*,#9485,.F.);
#9627 = ORIENTED_EDGE('',*,*,#9621,.F.);
#9628 = CYLINDRICAL_SURFACE('',#9629,0.5);
#9629 = AXIS2_PLACEMENT_3D('',#9630,#9631,#9632);
#9630 = CARTESIAN_POINT('',(144.642382,-87.065717,-4.6E-02));
#9631 = DIRECTION('',(-0.,-0.,-1.));
#9632 = DIRECTION('',(-0.,-1.,0.));
#9633 = ADVANCED_FACE('',(#9634),#9645,.F.);
#9634 = FACE_BOUND('',#9635,.T.);
#9635 = EDGE_LOOP('',(#9636,#9642,#9643,#9644));
#9636 = ORIENTED_EDGE('',*,*,#9637,.T.);
#9637 = EDGE_CURVE('',#9389,#9497,#9638,.T.);
#9638 = LINE('',#9639,#9640);
#9639 = CARTESIAN_POINT('',(159.99995,-100.00003,0.));
#9640 = VECTOR('',#9641,1.);
#9641 = DIRECTION('',(0.,0.,1.));
#9642 = ORIENTED_EDGE('',*,*,#9496,.T.);
#9643 = ORIENTED_EDGE('',*,*,#9637,.F.);
#9644 = ORIENTED_EDGE('',*,*,#9388,.F.);
#9645 = CYLINDRICAL_SURFACE('',#9646,10.);
#9646 = AXIS2_PLACEMENT_3D('',#9647,#9648,#9649);
#9647 = CARTESIAN_POINT('',(149.99995,-100.00003,0.));
#9648 = DIRECTION('',(-0.,-0.,-1.));
#9649 = DIRECTION('',(1.,0.,-0.));
#9650 = ADVANCED_FACE('',(#9651),#9662,.F.);
#9651 = FACE_BOUND('',#9652,.T.);
#9652 = EDGE_LOOP('',(#9653,#9654,#9660,#9661));
#9653 = ORIENTED_EDGE('',*,*,#9399,.T.);
#9654 = ORIENTED_EDGE('',*,*,#9655,.T.);
#9655 = EDGE_CURVE('',#9400,#9508,#9656,.T.);
#9656 = LINE('',#9657,#9658);
#9657 = CARTESIAN_POINT('',(162.934263,-95.142462,-4.6E-02));
#9658 = VECTOR('',#9659,1.);
#9659 = DIRECTION('',(0.,0.,1.));
#9660 = ORIENTED_EDGE('',*,*,#9507,.F.);
#9661 = ORIENTED_EDGE('',*,*,#9655,.F.);
#9662 = CYLINDRICAL_SURFACE('',#9663,0.5);
#9663 = AXIS2_PLACEMENT_3D('',#9664,#9665,#9666);
#9664 = CARTESIAN_POINT('',(162.934263,-94.642462,-4.6E-02));
#9665 = DIRECTION('',(-0.,-0.,-1.));
#9666 = DIRECTION('',(-0.,-1.,0.));
#9667 = ADVANCED_FACE('',(#9668),#9679,.F.);
#9668 = FACE_BOUND('',#9669,.T.);
#9669 = EDGE_LOOP('',(#9670,#9671,#9677,#9678));
#9670 = ORIENTED_EDGE('',*,*,#9410,.T.);
#9671 = ORIENTED_EDGE('',*,*,#9672,.T.);
#9672 = EDGE_CURVE('',#9411,#9519,#9673,.T.);
#9673 = LINE('',#9674,#9675);
#9674 = CARTESIAN_POINT('',(155.357518,-87.565717,-4.6E-02));
#9675 = VECTOR('',#9676,1.);
#9676 = DIRECTION('',(0.,0.,1.));
#9677 = ORIENTED_EDGE('',*,*,#9518,.F.);
#9678 = ORIENTED_EDGE('',*,*,#9672,.F.);
#9679 = CYLINDRICAL_SURFACE('',#9680,0.5);
#9680 = AXIS2_PLACEMENT_3D('',#9681,#9682,#9683);
#9681 = CARTESIAN_POINT('',(155.357518,-87.065717,-4.6E-02));
#9682 = DIRECTION('',(-0.,-0.,-1.));
#9683 = DIRECTION('',(-0.,-1.,0.));
#9684 = ( GEOMETRIC_REPRESENTATION_CONTEXT(3) 
GLOBAL_UNCERTAINTY_ASSIGNED_CONTEXT((#9688)) 
GLOBAL_UNIT_ASSIGNED_CONTEXT((#9685,#9686,#9687)) REPRESENTATION_CONTEXT
('Context #1','3D Context with UNIT and UNCERTAINTY') );
#9685 = ( LENGTH_UNIT() NAMED_UNIT(*) SI_UNIT(.MILLI.,.METRE.) );
#9686 = ( NAMED_UNIT(*) PLANE_ANGLE_UNIT() SI_UNIT($,.RADIAN.) );
#9687 = ( NAMED_UNIT(*) SI_UNIT($,.STERADIAN.) SOLID_ANGLE_UNIT() );
#9688 = UNCERTAINTY_MEASURE_WITH_UNIT(LENGTH_MEASURE(1.E-07),#9685,
  'distance_accuracy_value','confusion accuracy');
#9689 = SHAPE_DEFINITION_REPRESENTATION(#9690,#9279);
#9690 = PRODUCT_DEFINITION_SHAPE('','',#9691);
#9691 = PRODUCT_DEFINITION('design','',#9692,#9695);
#9692 = PRODUCT_DEFINITION_FORMATION('','',#9693);
#9693 = PRODUCT('mounted_cap_sense_v2_25mm_PCB',
  'mounted_cap_sense_v2_25mm_PCB','',(#9694));
#9694 = PRODUCT_CONTEXT('',#2,'mechanical');
#9695 = PRODUCT_DEFINITION_CONTEXT('part definition',#2,'design');
#9696 = CONTEXT_DEPENDENT_SHAPE_REPRESENTATION(#9697,#9699);
#9697 = ( REPRESENTATION_RELATIONSHIP('','',#9279,#10) 
REPRESENTATION_RELATIONSHIP_WITH_TRANSFORMATION(#9698) 
SHAPE_REPRESENTATION_RELATIONSHIP() );
#9698 = ITEM_DEFINED_TRANSFORMATION('','',#11,#59);
#9699 = PRODUCT_DEFINITION_SHAPE('Placement','Placement of an item',
  #9700);
#9700 = NEXT_ASSEMBLY_USAGE_OCCURRENCE('12','','',#5,#9691,$);
#9701 = PRODUCT_RELATED_PRODUCT_CATEGORY('part',$,(#9693));
ENDSEC;
END-ISO-10303-21;
